replication,Flat table K0,AI typed lift Ktheta,AI plus source/availability audit Ktheta+E,Post-index source certificate Kpost,Prospective reference KP
1,0.14217262383427143,0.3351695156985819,0.21499378372862088,0.14217262383427143,0.2765260998472867
2,0.18080769230769228,0.3963141761063424,0.2830129675973002,0.18080769230769228,0.2879178283590048
3,0.17800000000000007,0.3969865731927588,0.2899731463855175,0.17800000000000007,0.2242617655249234
4,0.13964247311827954,0.3370067789677906,0.22172861169902203,0.13964247311827954,0.2923338779956427
5,0.14884045641076968,0.38489745040130796,0.3021139879810766,0.14884045641076968,0.26729968621104966
6,0.1608476628966071,0.384452938754419,0.285210551715624,0.1608476628966071,0.20558857689417231
7,0.14682857182903428,0.3514005477523968,0.238143951846725,0.14682857182903428,0.22509022556390973
8,0.14216833751044283,0.31810196508505395,0.18486725514922236,0.14216833751044283,0.1199559190809191
9,0.1385569184415752,0.3479074969611837,0.2457011570392172,0.1385569184415752,0.2190758002692701
10,0.16920298481193918,0.395580641612037,0.29875531360019547,0.16920298481193918,0.3024847830166192
11,0.14059262933862487,0.35272341551036834,0.25226157234348706,0.14059262933862487,0.30348504802934584
12,0.14829058951825008,0.37262682901985067,0.28467247900320114,0.14829058951825008,0.23185864498644984
13,0.17008383057399779,0.3699385927085112,0.24470952426902684,0.17008383057399779,0.2450272648077352
14,0.19760399462262335,0.44970462827650126,0.3682012673077558,0.19760399462262335,0.23911530477607174
15,0.16951536339726733,0.3707094259830802,0.2523881251716258,0.16951536339726733,0.22706382978723402
16,0.14800000000000005,0.36089126208306044,0.25778252416612074,0.14800000000000005,0.34325089363829514
17,0.12563738037726485,0.32793554183770557,0.2245963229208815,0.12563738037726485,0.2353175950629261
18,0.12304951404254985,0.34217230439916213,0.2552455807132245,0.12304951404254985,0.1950258596423075
19,0.14199999999999988,0.33654171121738563,0.21708342243477147,0.14199999999999988,0.15136884942656312
20,0.14897938672300118,0.3629426603783219,0.2619265473106415,0.14897938672300118,0.1886268693610184
21,0.1596038336613385,0.38905677612066714,0.2989058849186572,0.1596038336613385,0.29844531515754724
22,0.11476394259533648,0.32202023752874986,0.21951258986682676,0.11476394259533648,0.3258813252275214
23,0.13916074211160917,0.3565745647439642,0.2578276452647102,0.13916074211160917,0.20615324635473278
24,0.14098767334360546,0.3479869653826747,0.2369985840781385,0.14098767334360546,0.14319576036866363
25,0.15581383915497582,0.37919894743731775,0.2797702165646838,0.15581383915497582,0.25789430408915703
26,0.10840638967025325,0.31402011161554017,0.21822744389057383,0.10840638967025325,0.27527400513924577
27,0.13097752977679913,0.30917794030741597,0.17940082106123362,0.13097752977679913,0.16102829108426123
28,0.10365382183827565,0.28239339210646336,0.1584791405363755,0.10365382183827565,0.19973002179116206
29,0.16874442877969847,0.3887744638177223,0.28306007007604767,0.16874442877969847,0.26821841611614056
30,0.11611111111111114,0.31141142566335744,0.2006006291044926,0.11611111111111114,0.2666816933066933
31,0.11629284317137263,0.3416951262717612,0.2618045662007771,0.11629284317137263,0.278895295199643
32,0.1723795518207282,0.38464544163336434,0.27153177962527225,0.1723795518207282,0.14159666129940518
33,0.16852814848043057,0.3759999211078786,0.257943545254896,0.16852814848043057,0.217004029352518
34,0.11974594014011126,0.31947761943648734,0.21546335859275217,0.11974594014011126,0.18019513459304354
35,0.17430697505110185,0.3794536525226619,0.26029335494312006,0.17430697505110185,0.3226746914982209
36,0.12361643270851094,0.33816846312934656,0.24310406084167124,0.12361643270851094,0.17645464025026064
37,0.13364925970388145,0.34263114999320243,0.23896378057864182,0.13364925970388145,0.21234243061246305
38,0.1780602246723528,0.3998219488736014,0.2965234484024972,0.1780602246723528,0.20043055172625068
39,0.12994701161427644,0.31051622022555603,0.18213841722255913,0.12994701161427644,0.28521100632020174
40,0.16686095480850927,0.3837744542411301,0.2748269988652416,0.16686095480850927,0.29900354191263284
41,0.1157755699205172,0.30472260801504103,0.1888940761890477,0.1157755699205172,0.17004687069203195
42,0.09532117379246231,0.276934136561801,0.1642259255386775,0.09532117379246231,0.22876922236509253
43,0.11242079207920798,0.33419943203269475,0.25255727990697363,0.11242079207920798,0.232781183389879
44,0.1636092554266737,0.3536576532417088,0.22709679563007013,0.1636092554266737,0.2767077479778629
45,0.14948776360166588,0.3715443418426408,0.2761131564819498,0.14948776360166588,0.2492985592457227
46,0.15333975346687215,0.3295695440957638,0.19245958125778329,0.15333975346687215,0.14428402670775553
47,0.120688573903836,0.3351920887286164,0.23800702964956075,0.120688573903836,0.3176632689944336
48,0.18091687471992834,0.3940054040734938,0.2811770587071309,0.18091687471992834,0.2854270164417143
49,0.19160907937955834,0.41480546425363624,0.30839276974815577,0.19160907937955834,0.1422391750653229
50,0.13892834382155622,0.3326556745453322,0.21545466144755201,0.13892834382155622,0.17716016927922806
51,0.1757200460829493,0.39160298023968027,0.28176586831346195,0.1757200460829493,0.33289190548014086
52,0.18889215027440434,0.4209186373757492,0.3230529742026896,0.18889215027440434,0.35332604544380575
53,0.12172171018945212,0.2988815023573873,0.1693195843358703,0.12172171018945212,0.14867418457047815
54,0.1099690292782779,0.29879132721272805,0.18064459586890036,0.1099690292782779,0.3827503327799464
55,0.16150000000000006,0.3857822835798437,0.2895645671596873,0.16150000000000006,0.21730559058427912
56,0.14545968735499765,0.3659837817016692,0.271048188693343,0.14545968735499765,0.24614309739202409
57,0.13482599665273984,0.3447273356070111,0.2388026779085426,0.13482599665273984,0.32836625878421544
58,0.12463779896076266,0.3178095677256806,0.20234353752983597,0.12463779896076266,0.24769841269841264
59,0.11504602850014667,0.31624799325563924,0.20640392951098513,0.11504602850014667,0.2479609207776183
60,0.159071300563236,0.3732566764608022,0.26837075179513237,0.159071300563236,0.29397434883230344
61,0.15122600629723432,0.37910083796465877,0.28874966333484886,0.15122600629723432,0.15680456080913746
62,0.16857992927886847,0.3725337365811194,0.25390761460450184,0.16857992927886847,0.32432660590663326
63,0.143811324529812,0.3577782875466151,0.2589339260336062,0.143811324529812,0.15972825939492608
64,0.17313925570228084,0.3836293603132895,0.27098020922201727,0.17313925570228084,0.2602346771550311
65,0.1660637384927446,0.39324541079049635,0.2993633445955035,0.1660637384927446,0.28749459452584447
66,0.15723601232574258,0.36541018171725925,0.2523483387830333,0.15723601232574258,0.2985951653581867
67,0.12801409034646033,0.33410801790094863,0.23318785510897663,0.12801409034646033,0.11164244851258583
68,0.16357873283438196,0.3894697286702563,0.2937819916717487,0.16357873283438196,0.3651162063108966
69,0.1495637923308366,0.35715663277913245,0.24718568089659168,0.1495637923308366,0.4101741068709443
70,0.16299999999999998,0.39465419092865694,0.30530838185731396,0.16299999999999998,0.30430295972331367
71,0.18824210998015486,0.4096823182530102,0.30288041654571063,0.18824210998015486,0.38355996326905417
72,0.15552035799016609,0.3537178957935802,0.2343950756068283,0.15552035799016609,0.09426886821370227
73,0.13429356953962984,0.3334504355566401,0.2223137320340206,0.13429356953962984,0.2419478073715362
74,0.17159141601892525,0.4031731788937638,0.3051635257496771,0.17159141601892525,0.17022144587387536
75,0.1755426908590206,0.3672553313737774,0.23542528102951352,0.1755426908590206,0.20373937532002045
76,0.15407012776735768,0.36879586586841784,0.2684514762021204,0.15407012776735768,0.31505348821533274
77,0.16654387523561404,0.39129736361185946,0.2955069767524908,0.16654387523561404,0.3206454480286739
78,0.14918071290411714,0.3727044578567374,0.27704748990524053,0.14918071290411714,0.23663022587805202
79,0.13962261034931445,0.35638883109062236,0.26253244148261584,0.13962261034931445,0.2802918685285456
80,0.13720262193946403,0.3463986675800957,0.23839209128126326,0.13720262193946403,0.20694308892613972
81,0.15051150356772677,0.35878493222121677,0.24854685730698006,0.15051150356772677,0.2552448379705151
82,0.10640597692270554,0.2929154960604832,0.17101903827555534,0.10640597692270554,0.2572573178569087
83,0.1493364165768733,0.33320339258976117,0.2077339520257758,0.1493364165768733,0.41114655290456925
84,0.16865689455573843,0.3869470735502899,0.27958035798910286,0.16865689455573843,0.2849561044284365
85,0.1366028454193197,0.3471873977301071,0.24216910462157487,0.1366028454193197,0.35466407258905863
86,0.1679879278068449,0.36676481802748834,0.2425537804412868,0.1679879278068449,0.27641264464123194
87,0.1408783837874404,0.35820821283681625,0.25965965809875186,0.1408783837874404,0.19942714299064168
88,0.1669730472673146,0.3725313906137228,0.2571166866928164,0.1669730472673146,0.2179009880429318
89,0.15182470277569632,0.37188833844146857,0.27812727133154447,0.15182470277569632,0.28655743010604595
90,0.13713439811525968,0.35715552806603335,0.2610422599015473,0.13713439811525968,0.3228902937477542
91,0.14788743190396703,0.3763691605997438,0.2869634573915535,0.14788743190396703,0.2759717803699776
92,0.14137818561468213,0.330712387857283,0.2066684044852018,0.14137818561468213,0.21991848484848486
93,0.1428062952396577,0.33553309199997805,0.21245359352064075,0.1428062952396577,0.2824763244989478
94,0.15141975071601152,0.3754994047384759,0.28215930804492867,0.15141975071601152,0.21110441551629594
95,0.14486898053278685,0.36818763181559067,0.2746373025656076,0.14486898053278685,0.21171968893601978
96,0.13727289909159643,0.32717404643907566,0.20480229469495856,0.13727289909159643,0.24637587963903756
97,0.14407254350409532,0.3498901333766471,0.23963517974510357,0.14407254350409532,0.29508078789608905
98,0.12176371349368584,0.35229824504301166,0.2760690630986517,0.12176371349368584,0.29610488084618325
99,0.18276502106008433,0.40427094077650866,0.2980118394328487,0.18276502106008433,0.18584025950100008
100,0.1580198163170611,0.3901717699626443,0.3033039072911664,0.1580198163170611,0.27115439757375237
101,0.16449999999999998,0.3681924016856233,0.2503848033712466,0.16449999999999998,0.13595457498966274
102,0.12952768398649392,0.32705213117889287,0.2140488943847978,0.12952768398649392,0.23559980586959003
103,0.12679143396649117,0.3174258193962917,0.19826877085960104,0.12679143396649117,0.3175280808080808
104,0.16516756272401434,0.37555774630813177,0.26478036716823483,0.16516756272401434,0.3035323559278021
105,0.13899999999999996,0.3364609296030973,0.22092185920619464,0.13899999999999996,0.24242967515288943
106,0.12247088380726831,0.3130644168098944,0.1971870660052522,0.12247088380726831,0.21514808362369342
107,0.13740217882705008,0.3216997724128472,0.19259518717159413,0.13740217882705008,0.26525556908579684
108,0.11618241026707851,0.30405797104073473,0.18575112154731244,0.11618241026707851,0.3507044679087691
109,0.17963171181551577,0.4051161998030955,0.30296897597515937,0.17963171181551577,0.2866384863123994
110,0.1588287836210357,0.35651427783172385,0.23037098842137627,0.1588287836210357,0.25646363636363634
111,0.17979190132529582,0.40546852633549035,0.3023532500203891,0.17979190132529582,0.1504378891084659
112,0.0971107317034139,0.2930973231150855,0.1909731828233433,0.0971107317034139,0.27076761286834283
113,0.16063089139344255,0.3879580272468309,0.29365427170677666,0.16063089139344255,0.26448683484973806
114,0.15017127999967952,0.3617387019058864,0.2541348438124137,0.15017127999967952,0.287805254894991
115,0.11785762209393039,0.30595279034006195,0.18719033649226308,0.11785762209393039,0.3067658675028778
116,0.15717436714462737,0.3643612907361495,0.25837384718304424,0.15717436714462737,0.32132080481128095
117,0.12198566831177875,0.3310198259652207,0.23106831530688404,0.12198566831177875,0.25499355385676975
118,0.13905640505539094,0.3502465792680076,0.24738034842523332,0.13905640505539094,0.25302988110666186
119,0.16238477479966834,0.40178352754974717,0.31779750550015756,0.16238477479966834,0.28548722232932755
120,0.1621354326676907,0.38600101907948625,0.289731172823591,0.1621354326676907,0.1819483348895114
121,0.16357957799215886,0.3722612470215433,0.2573633380587687,0.16357957799215886,0.1964571943486184
122,0.11873218440517248,0.3199493741598622,0.21743437950937952,0.11873218440517248,0.09483826110149046
123,0.16036091516149326,0.3710633931585491,0.26440495599411173,0.16036091516149326,0.27033730158730157
124,0.14359291738010274,0.36938204309579914,0.28157825143139287,0.14359291738010274,0.20570288970288966
125,0.17150053713658103,0.3855666250324852,0.27913217579180827,0.17150053713658103,0.2886698157522303
126,0.14753301320528214,0.36537248932699284,0.2656789522434214,0.14753301320528214,0.2564677079871497
127,0.15719798655017128,0.3637778898164281,0.25615980653251375,0.15719798655017128,0.3020883661792753
128,0.16327072424781017,0.39969691002162533,0.31285237154763024,0.16327072424781017,0.3315790891388586
129,0.12417146789578136,0.34652098921824726,0.2596990426449318,0.12417146789578136,0.21965374947633004
130,0.16796567622950814,0.3914510648551528,0.2909707772512893,0.16796567622950814,0.2458255490141108
131,0.16737933462418578,0.38888482584180295,0.28701098243523426,0.16737933462418578,0.22971319053756953
132,0.13067394426199352,0.35647063462415185,0.2715933807243167,0.13067394426199352,0.23676777289084366
133,0.15241572425191866,0.37367541898210266,0.28251938946036814,0.15241572425191866,0.20110555974526562
134,0.13521605377793605,0.3279197385603134,0.2084073695647548,0.13521605377793605,0.22409070964138977
135,0.16428260869565214,0.38488422807360395,0.2752032387559036,0.16428260869565214,0.19157992775618227
136,0.15641699614242965,0.35741276245341336,0.2369915326219674,0.15641699614242965,0.3232642706131078
137,0.1697325902892703,0.37923059796876024,0.2679960153589799,0.1697325902892703,0.23785510525280346
138,0.13139242045963773,0.350735610622237,0.2606863803251987,0.13139242045963773,0.27637547330875134
139,0.12112499999999995,0.30997188983229856,0.18869377966459716,0.12112499999999995,0.26893460211280046
140,0.17851909068726474,0.4071782231824829,0.30931826499043635,0.17851909068726474,0.18226155597722965
141,0.1396063796537092,0.3281620858067555,0.20011141230609264,0.1396063796537092,0.3948848025644366
142,0.1507257122395989,0.35280080227028066,0.23915018006136352,0.1507257122395989,0.1515394517412857
143,0.1636682469485938,0.3838164525717994,0.28529641124641125,0.1636682469485938,0.26390376771911817
144,0.14841146331411376,0.3684342585822151,0.27104559053620275,0.14841146331411376,0.3914449260651125
145,0.1461852906818581,0.338472681684601,0.21457478200548566,0.1461852906818581,0.16332514619883043
146,0.14821248499399758,0.3831724543578974,0.30391993872779954,0.14821248499399758,0.25694269416881566
147,0.16630159401183678,0.39339726136514414,0.2951913347066146,0.16630159401183678,0.3044041527623286
148,0.14735483870967744,0.3320222498145083,0.2003348222096617,0.14735483870967744,0.3023052392681348
149,0.14618891683621973,0.33649162657410137,0.20860541947576328,0.14618891683621973,0.28471739729804246
150,0.14034506252902282,0.3528316173714058,0.25397310968476594,0.14034506252902282,0.0868170426065163
151,0.15715422220799793,0.34483180350110576,0.21435516258621565,0.15715422220799793,0.15933172925732253
152,0.17702830430327873,0.39817172063563006,0.2952868326647027,0.17702830430327873,0.24363257338867095
153,0.13639757377888742,0.36296200645237653,0.2761288653469782,0.13639757377888742,0.1993723755918878
154,0.1778203380065296,0.4092512063564835,0.3158617366999077,0.1778203380065296,0.44668879117517823
155,0.192566206620662,0.4171186582414265,0.31010490324152895,0.192566206620662,0.17180832289264863
156,0.15121301624678124,0.35513453867909395,0.24484304486462538,0.15121301624678124,0.41617822996967385
157,0.1442221366204418,0.3348505427227422,0.2142568122046008,0.1442221366204418,0.18072891072891073
158,0.14087511162904318,0.3716436373359493,0.29153705141381225,0.14087511162904318,0.31874713970258073
159,0.10361781017049533,0.3149860564829867,0.2237364926249828,0.10361781017049533,0.3176419404689915
160,0.14991588246591137,0.36458588678880205,0.26134000864578144,0.14991588246591137,0.08029505484820129
161,0.1363699479791916,0.33932419008577996,0.22890848421317667,0.1363699479791916,0.022349371939535817
162,0.12196618647458987,0.3363322790294996,0.24173218510981948,0.12196618647458987,0.30588460102501447
163,0.13474756782282626,0.3226154224440371,0.20073570924242168,0.13474756782282626,0.2842364864864865
164,0.15454786202918977,0.36175714379405877,0.24841856352973796,0.15454786202918977,0.22130386433138718
165,0.17094899783456746,0.39095349563220716,0.29200899559527943,0.17094899783456746,0.21991249392318912
166,0.16494003915417355,0.3857869466888576,0.28869381506936803,0.16494003915417355,0.2716194165838378
167,0.14316315696797258,0.35679967828295844,0.2542730426299717,0.14316315696797258,0.2409674568099639
168,0.13783576782625406,0.3403769253584493,0.22808231506439053,0.13783576782625406,0.22239358887646604
169,0.1379702654640415,0.3406465352406717,0.23335253955326046,0.1379702654640415,0.18038992441600987
170,0.1042277703091992,0.3075275320897061,0.21059952356101386,0.1042277703091992,0.2612768057833667
171,0.11043046037023267,0.291273220380048,0.16968552001963066,0.11043046037023267,0.3825403539175649
172,0.12100000000000002,0.3337960895058696,0.23959217901173907,0.12100000000000002,0.22146313364055303
173,0.11182599179864589,0.3057853228178824,0.191918662038473,0.11182599179864589,0.17274905741945537
174,0.17618759512327972,0.3935720653602509,0.28776894047394236,0.17618759512327972,0.1733658044909469
175,0.1586607775123925,0.36226260588031867,0.24720365673585237,0.1586607775123925,0.29400733695652165
176,0.1003399839983999,0.2960682724081034,0.19245657681940703,0.1003399839983999,0.26710599831330384
177,0.13832993197278914,0.3281427807240282,0.20662569750247806,0.13832993197278914,0.24735766126985745
178,0.1774580489763148,0.39021488247864333,0.28151366700465713,0.1774580489763148,0.19746644329168594
179,0.1447476759628155,0.3461005500646586,0.23270574820368636,0.1447476759628155,0.29371189716068963
180,0.14474515530236354,0.34404736674789094,0.22760442289105481,0.14474515530236354,0.25987797819356573
181,0.127707736963267,0.3281125011383901,0.2168095283502462,0.127707736963267,0.2620192245030955
182,0.13523675446746386,0.3306230647030824,0.21977262047123708,0.13523675446746386,0.17377123631124142
183,0.14940600310256494,0.3885385980587112,0.3082651899122925,0.14940600310256494,0.18740014109347444
184,0.1525506816834618,0.37808581161336585,0.2890702598598081,0.1525506816834618,0.18433130363683833
185,0.14510082158637072,0.33845544192112526,0.218709240669509,0.14510082158637072,0.23182116434548333
186,0.16720651686831825,0.39770401452284787,0.30699499530905916,0.16720651686831825,0.11984195072900951
187,0.15827139172367377,0.3698291340179346,0.2591154845885217,0.15827139172367377,0.14533166433951886
188,0.10624681698726796,0.3036504085714529,0.1988071831683699,0.10624681698726796,0.22017748917748917
189,0.14120419735110473,0.33886418747347635,0.2223199802447433,0.14120419735110473,0.26003375433726583
190,0.1664679114865837,0.39225332697927734,0.2955708309853872,0.1664679114865837,0.31881469784695593
191,0.11779884719538876,0.3334167508850064,0.24323580737923522,0.11779884719538876,0.394499447108636
192,0.14300365605849694,0.3525662024905595,0.2481250928641251,0.14300365605849694,0.3367110160766612
193,0.17549065568324188,0.3723420945388412,0.24570287771119861,0.17549065568324188,0.2638741277509393
194,0.14823492893971574,0.37613586331910265,0.2878018687587738,0.14823492893971574,0.24622617339618774
195,0.1397385224263837,0.3487286319039147,0.247980218955062,0.1397385224263837,0.16934782910015111
196,0.15081774175481255,0.3567015415746827,0.24476759963974026,0.15081774175481255,0.2981693414499171
197,0.14222797834151737,0.3482493932238858,0.24204282976473696,0.14222797834151737,0.27601289542492613
198,0.14936348505217345,0.36176265928895956,0.2587983484735723,0.14936348505217345,0.2638599757205259
199,0.13355174549346424,0.31483577365017157,0.18756805631341472,0.13355174549346424,0.24456115779645193
200,0.16445175860080719,0.37000095546285117,0.256098393724088,0.16445175860080719,0.25125557732325027
201,0.145698305138985,0.3537759442146269,0.24615527815128382,0.145698305138985,0.32530840438918374
202,0.1324021902190218,0.3370668239193245,0.23032926740060533,0.1324021902190218,0.3538807102032909
203,0.16234643954918043,0.37011858948408105,0.2595442998698013,0.16234643954918043,0.18002590909090915
204,0.15465832412611485,0.3769758500776541,0.27863505190307847,0.15465832412611485,0.11625398036153183
205,0.1455010570824524,0.3516307974897992,0.24025948081469356,0.1455010570824524,0.2003648651864544
206,0.12784786052297892,0.33121814343414435,0.22574056582233096,0.12784786052297892,0.40223263362577133
207,0.1636715309779826,0.36940317171390014,0.25346328147183517,0.1636715309779826,0.3005728962002405
208,0.15812733038631557,0.3815548294141773,0.28785499805572345,0.15812733038631557,0.3071809774696254
209,0.1687802709331028,0.37727738749004164,0.2619942331138776,0.1687802709331028,0.30366734666122674
210,0.16403921933755428,0.38220891009183744,0.2813393815085663,0.16403921933755428,0.2955508474576271
211,0.1427264855252408,0.35093814778360516,0.24742332451672877,0.1427264855252408,0.22558720151971495
212,0.15504247776279512,0.3752756807197868,0.2784664059139833,0.15504247776279512,0.27000312395849924
213,0.13171821951639318,0.36789091129180507,0.29134538355082384,0.13171821951639318,0.3322628894403088
214,0.13392755920641783,0.3523442030899152,0.2568332877669947,0.13392755920641783,0.17382852063158966
215,0.15445178322853165,0.3647958463579329,0.25668812625880244,0.15445178322853165,0.2868222844693432
216,0.08723689475790318,0.2950258505349911,0.20557791155417587,0.08723689475790318,0.3375667010104797
217,0.1311363549068562,0.3365540687874547,0.232835427761197,0.1311363549068562,0.23006141438306
218,0.13973416242984746,0.3296790409110678,0.20588975696244072,0.13973416242984746,0.2907224418093983
219,0.15233006912672972,0.3728410321500341,0.2780219260466088,0.15233006912672972,0.28146996060591734
220,0.15160204183765377,0.3544752351534127,0.2377463866315178,0.15160204183765377,0.286092175063483
221,0.1344480325166824,0.3569692147851795,0.2690423645369943,0.1344480325166824,0.21680983887044492
222,0.17083504098360655,0.39582670702826594,0.29498333208931876,0.17083504098360655,0.17722867580875729
223,0.1484231923192319,0.3484358310127778,0.23302527738709178,0.1484231923192319,0.3630605616666253
224,0.13987852022529443,0.34088237893354156,0.2280077174164943,0.13987852022529443,0.18322680677358766
225,0.11805746526319165,0.30571021288452555,0.18830549524266788,0.11805746526319165,0.21768214879565345
226,0.14681934575251265,0.36639180234662116,0.26914491318821704,0.14681934575251265,0.26687982387982384
227,0.14060241407315843,0.3592758472157962,0.2653468662852756,0.14060241407315843,0.22972219146108758
228,0.15781635141422412,0.3796108994513244,0.28558909607420063,0.15781635141422412,0.27259290631537714
229,0.15495360500562805,0.3726633892326918,0.2694195684541275,0.15495360500562805,0.3291935046871526
230,0.17137790346274073,0.41237926921048057,0.32800273149547965,0.17137790346274073,0.16653226328012463
231,0.1467132227040694,0.3492313259992384,0.23703620659033797,0.1467132227040694,0.2902006666322724
232,0.14665930478202419,0.3551900610858172,0.24706151260758602,0.14665930478202419,0.2504985067153102
233,0.16050892814169515,0.36305908335805465,0.24910031043271896,0.16050892814169515,0.24392841978712243
234,0.13699679487179492,0.3482855655828276,0.25057754142206534,0.13699679487179492,0.25749774867075165
235,0.18379761218872026,0.40093103643442374,0.28926684849140694,0.18379761218872026,0.27405538147444625
236,0.1265874813997025,0.3423520637226015,0.24952916464579816,0.1265874813997025,0.15655453582955683
237,0.1594561824729892,0.36599198501497987,0.25107160508398124,0.1594561824729892,0.2923915518824609
238,0.16072756410256406,0.37554762413674736,0.2666401200683666,0.16072756410256406,0.24281233832539145
239,0.12880750828119253,0.3152804178572487,0.19294581915211234,0.12880750828119253,0.2776249193598275
240,0.13147007131992022,0.3404874149340551,0.23503468722826976,0.13147007131992022,0.17831210282507992
241,0.14578673835125439,0.3632788805918774,0.265984284481246,0.14578673835125439,0.15193903318903318
242,0.15154252049180333,0.35035348307324166,0.23362192516287672,0.15154252049180333,0.2680758599404001
243,0.12722335216271152,0.33315398614161673,0.23086126795781048,0.12722335216271152,0.19398675439552454
244,0.1618140814081408,0.37288217037224536,0.2641361779282091,0.1618140814081408,0.18763399362725092
245,0.1253342508257432,0.30245780468697914,0.17324710772247193,0.1253342508257432,0.18458654144861042
246,0.10891949152542378,0.305133707720952,0.20242843239105646,0.10891949152542378,0.36276309058301237
247,0.15700963468486556,0.363418178692841,0.25481708801595077,0.15700963468486556,0.13164399714564184
248,0.12744179417941798,0.33645199289485134,0.23702039743086672,0.12744179417941798,0.20292914337293266
249,0.1570385459951353,0.388070793291394,0.29706449459251727,0.1570385459951353,0.2603979435468614
250,0.16250287653016549,0.38381974075512043,0.27963372844990997,0.16250287653016549,0.32468115218115223
251,0.13953790983606562,0.32862700203261797,0.20617818439310476,0.13953790983606562,0.22139743589743593
252,0.14443825977735192,0.3628795529175412,0.2668825862803785,0.14443825977735192,0.3033046166310784
253,0.12998889000100083,0.3598375233937519,0.2776972667855021,0.12998889000100083,0.219232012352033
254,0.12850000000000003,0.3374629121380176,0.23692582427603515,0.12850000000000003,0.3630265686040023
255,0.1513335203574776,0.3727210799021733,0.28177511908939146,0.1513335203574776,0.2059688383858846
256,0.16054166666666672,0.3745867329731647,0.27209013261299597,0.16054166666666672,0.22292859634390538
257,0.15199103942652328,0.351135569161504,0.23228905946996142,0.15199103942652328,0.28362307489725486
258,0.15743571760260047,0.3868800793675663,0.2948887235299317,0.15743571760260047,0.14252948146807326
259,0.1322086303849789,0.3490666135782562,0.25271596638655464,0.1322086303849789,0.2431752980625932
260,0.17239953077228234,0.3948988347239068,0.29599860790324894,0.17239953077228234,0.29962822011039336
261,0.16197659468731473,0.3829816788490786,0.28601016832352777,0.16197659468731473,0.20724461587913853
262,0.15627521761392732,0.35956315900728597,0.24357588278671732,0.15627521761392732,0.28341694830105957
263,0.15026297487542115,0.36048606309086584,0.25844617643088946,0.15026297487542115,0.2681160304342123
264,0.1614999999999999,0.36891816490515916,0.2558363298103184,0.1614999999999999,0.27082212568256553
265,0.15489495798319317,0.37037131615103613,0.26595271633568585,0.15489495798319317,0.20353113553113553
266,0.1615198666874968,0.374750802987513,0.2704618726000324,0.1615198666874968,0.27521609206932585
267,0.19165905586858403,0.43792651634970386,0.3515349209622396,0.19165905586858403,0.3505386554621848
268,0.148503107181754,0.36466870989626976,0.2623312054290315,0.148503107181754,0.1438465608465609
269,0.1725967073331759,0.40730323083131764,0.3164130469962835,0.1725967073331759,0.15902347433843503
270,0.1680007034468898,0.37761873585160644,0.2692360648094333,0.1680007034468898,0.3290798214705192
271,0.10574403047180085,0.28599965496190194,0.16551124898020214,0.10574403047180085,0.3141158332576514
272,0.12571167116711676,0.3087910379802786,0.18415873362632373,0.12571167116711676,0.2705258357203438
273,0.15591579865277844,0.37669059629610957,0.27854959528666223,0.15591579865277844,0.26839854109145445
274,0.15615721711507918,0.3625771048981702,0.253839775566182,0.15615721711507918,0.1701118502094112
275,0.13301282051282054,0.3139702835338874,0.18691492604213364,0.13301282051282054,0.2766018357411508
276,0.15777124935995906,0.3581627021859291,0.23978290565194005,0.15777124935995906,0.278692396313364
277,0.15146339633963396,0.35995334409097435,0.25197989550268074,0.15146339633963396,0.18217355819029296
278,0.14501430665881537,0.3540310002424512,0.24503338716727174,0.14501430665881537,0.22546086171892615
279,0.16207056864754102,0.37654070919266314,0.2719402810902442,0.16207056864754102,0.11717216117216114
280,0.08938506017129848,0.2760001507041595,0.16123018106572212,0.08938506017129848,0.23005152224824357
281,0.12011763952892991,0.31240630195480457,0.19857732485174936,0.12011763952892991,0.2627396201738874
282,0.172600813574802,0.40069264637180907,0.3071836655940141,0.172600813574802,0.28383455882352937
283,0.1802463292233441,0.40249847355831453,0.29950428866994083,0.1802463292233441,0.22790426742468906
284,0.12339591048269445,0.31498163713425764,0.1961714533031263,0.12339591048269445,0.3268134344671437
285,0.17532498249824977,0.39716121836996837,0.29467247174343714,0.17532498249824977,0.20339285714285715
286,0.14801533496852975,0.35378912837279763,0.24254758680853566,0.14801533496852975,0.20853017755191666
287,0.16306685450819677,0.3756328763803802,0.26913204374436683,0.16306685450819677,0.26473206293148904
288,0.15841557858985236,0.39090614246835564,0.3009811277570066,0.15841557858985236,0.2586404421479048
289,0.12662048531259149,0.3176858683356748,0.19513076604616653,0.12662048531259149,0.1693347342076993
290,0.14434214485493302,0.33482800953462255,0.21197172935937914,0.14434214485493302,0.20393187277266508
291,0.12972829131652652,0.35123136186846776,0.2610061411038824,0.12972829131652652,0.33674183948125835
292,0.1294789959016393,0.34732510832665475,0.2536922248500309,0.1294789959016393,0.3034709956631975
293,0.1323899700389214,0.34334524186108895,0.24391054364433518,0.1323899700389214,0.29729806499543343
294,0.15334335839598986,0.3758808222304984,0.277074927669017,0.15334335839598986,0.2830591969356093
295,0.15999999999999998,0.38996392700295557,0.29992785400591115,0.15999999999999998,0.2595618955240666
296,0.1777856045081967,0.40246120268946767,0.2993511963625419,0.1777856045081967,0.3071300639658849
297,0.15528629025793939,0.3884234073568207,0.29927423419776256,0.15528629025793939,0.2242740582920057
298,0.10573081492325972,0.2979615857113611,0.18846154157620276,0.10573081492325972,0.17702208803432387
299,0.1015,0.29216143148508716,0.18232286297017433,0.1015,0.31178311713573426
300,0.12520933977455703,0.3514985827487861,0.26257848594845795,0.12520933977455703,0.30150340355499883
301,0.15505178482855728,0.37879697804506673,0.28449038643301894,0.15505178482855728,0.14149286981145387
302,0.1685732567836294,0.3993198906106309,0.304493267654003,0.1685732567836294,0.17052108377222036
303,0.15885982975727608,0.36090658300402934,0.24309350649350647,0.15885982975727608,0.24182146943965122
304,0.1635096166544608,0.3775174907762858,0.2690157482436501,0.1635096166544608,0.29283262552332756
305,0.12187775217613932,0.3403625926871663,0.25096968102205397,0.12187775217613932,0.22622492965971225
306,0.15189120334241774,0.36176685325394375,0.2557512998230521,0.15189120334241774,0.22792076378283277
307,0.12478391398813223,0.3247348588902628,0.21790188980426123,0.12478391398813223,0.24089824879227062
308,0.1604723934257832,0.38331434537124676,0.2816839038909271,0.1604723934257832,0.36326765188834154
309,0.13767331988278814,0.37056139311820224,0.2887761464708283,0.13767331988278814,0.36073778567579956
310,0.1229474471591546,0.30597463639756894,0.18105437847682876,0.1229474471591546,0.4067307692307693
311,0.13056811587232886,0.32190425910717463,0.20567228646969155,0.13056811587232886,0.21512595964006623
312,0.10751978148914663,0.3076152493895331,0.20119093580077296,0.10751978148914663,0.35303163017031636
313,0.14997173554776874,0.3504225192083885,0.23390156732123946,0.14997173554776874,0.31559996345837055
314,0.11632426423755908,0.31600274257947963,0.21335695668384116,0.11632426423755908,0.20295026673732552
315,0.12494490880850594,0.313555548384636,0.19622127915226018,0.12494490880850594,0.22898682461061923
316,0.16070464736730528,0.3781933847086145,0.27597747468261846,0.16070464736730528,0.24869982316534034
317,0.1285087258987076,0.33439189717245554,0.2287663425474959,0.1285087258987076,0.36032713944455586
318,0.11226797129079295,0.3133669488175435,0.21319795505350114,0.11226797129079295,0.08861980460341118
319,0.12094203063800503,0.3446639440248544,0.2604438267736987,0.12094203063800503,0.13486694107675995
320,0.12139060092449924,0.34638004713424825,0.259978892419498,0.12139060092449924,0.15585022801391088
321,0.1492729310917244,0.359941865514373,0.25433786884529724,0.1492729310917244,0.22858070162988195
322,0.11757938527016441,0.3155264501438301,0.20789412974733143,0.11757938527016441,0.4486105784536367
323,0.15111558613622814,0.35372473094690804,0.24121828962135983,0.15111558613622814,0.16573234581222107
324,0.139530212084834,0.358263546753876,0.26546666933808405,0.139530212084834,0.2706191331191331
325,0.13322217221722174,0.33619492862747813,0.22894551282051281,0.13322217221722174,0.260860120330876
326,0.16338117367340324,0.38356768851494194,0.2843730296830774,0.16338117367340324,0.2752810785705522
327,0.1513984375000001,0.353928142043618,0.24105940908723583,0.1513984375000001,0.35229581662373394
328,0.17834003744059898,0.41419853291160824,0.32371699094201845,0.17834003744059898,0.2381818444624948
329,0.14194201521292893,0.33939492682176503,0.22190582321767216,0.14194201521292893,0.342044457044457
330,0.1184373749019231,0.33287000444963455,0.24386525909542295,0.1184373749019231,0.34450337665647296
331,0.11333093309330936,0.3102370788916151,0.20181229159661146,0.11333093309330936,0.3853099610232762
332,0.19666606642657056,0.436984936361619,0.3436377398700968,0.19666606642657056,0.4261441384286212
333,0.15542604535053053,0.36933867748933624,0.26582526427761144,0.15542604535053053,0.23886634460547507
334,0.11164160162904704,0.31365484217261363,0.2080264810871332,0.11164160162904704,0.21732246468484664
335,0.13673409042725548,0.34125667152821176,0.23304516220191263,0.13673409042725548,0.20102954698955972
336,0.14401562499999992,0.36498588715420216,0.27294052430840443,0.14401562499999992,0.24382721965886267
337,0.13473289293157173,0.34175807057254803,0.23705035528195262,0.13473289293157173,0.313444585427344
338,0.180141656662665,0.3872856055738878,0.26628789782244555,0.180141656662665,0.2474142866967295
339,0.17420498937961768,0.4093667759630379,0.31932357316684046,0.17420498937961768,0.2911111111111111
340,0.14731234524442888,0.3555369679186431,0.24744924534842844,0.14731234524442888,0.22314824665621233
341,0.13114583258282592,0.33070112150751124,0.2181105778493706,0.13114583258282592,0.3479746981451508
342,0.15912585373279015,0.34167588167309654,0.20710005588061275,0.15912585373279015,0.23936807974316088
343,0.16282674406966274,0.36427432589453346,0.2468951636497414,0.16282674406966274,0.29440691955290493
344,0.13090753073770484,0.33415168368431203,0.2254883058932144,0.13090753073770484,0.24356405585913787
345,0.15650270931130666,0.3401265895338524,0.2062477604450914,0.15650270931130666,0.28937448253022025
346,0.15735802298519072,0.3700167055555754,0.2663173651407694,0.15735802298519072,0.2098499543419347
347,0.1295665021868342,0.3395721932161405,0.23701138205861272,0.1295665021868342,0.36080003930036963
348,0.09752317637082195,0.2884950613983807,0.1799437700551175,0.09752317637082195,0.1957942698840855
349,0.17325989342465314,0.3915349467397553,0.28455010663020425,0.17325989342465314,0.2973323514923211
350,0.12213512733337611,0.30951897275624596,0.18576769084573963,0.12213512733337611,0.26040703131598536
351,0.14288233787849694,0.3634172364811339,0.27106979720527385,0.14288233787849694,0.23623611508126638
352,0.15044048286579406,0.3613991132497658,0.2529172607679435,0.15044048286579406,0.2803717282951154
353,0.10478016772293715,0.2805888553181876,0.15361737519050103,0.10478016772293715,0.23082517482517476
354,0.15725023603398894,0.3522971487815679,0.229093825495158,0.15725023603398894,0.26694217749594096
355,0.15976753613537076,0.3493698173462801,0.2162045624218187,0.15976753613537076,0.27550355346407973
356,0.12692659958720318,0.3538389907238222,0.26382478227323786,0.12692659958720318,0.19364565779125945
357,0.16852556154915083,0.3934149562635584,0.2927787894288151,0.16852556154915083,0.24422073623059626
358,0.1600031386151685,0.39333342669453913,0.3056605761587412,0.1600031386151685,0.24878909288442758
359,0.13543054703753146,0.3278305036354594,0.21279991319585592,0.13543054703753146,0.2388943016879086
360,0.12871638245626682,0.34684805006459374,0.25826333521665373,0.12871638245626682,0.19145306013124413
361,0.13486757388118198,0.3447159946494964,0.24269684153662874,0.13486757388118198,0.21549085353149525
362,0.1491835079675617,0.3693272204162924,0.2742874248974615,0.1491835079675617,0.31734716256889206
363,0.1532464688728795,0.36568216070194604,0.26087138365813317,0.1532464688728795,0.2753466363592397
364,0.16620697682790733,0.39523089315316107,0.30204783265050744,0.16620697682790733,0.26572256583089515
365,0.17246479647964788,0.38435662440430846,0.27278365584932107,0.17246479647964788,0.3205399125341837
366,0.10083323196715738,0.2783634008860866,0.1540603378378584,0.10083323196715738,0.22110880341880343
367,0.15263976191622147,0.34746003659819835,0.22764054936395367,0.15263976191622147,0.18094234295415956
368,0.15763475458562173,0.37904569385316744,0.2778218785350915,0.15763475458562173,0.3705728493402741
369,0.1482531012404961,0.3505481845537055,0.2355901666264187,0.1482531012404961,0.2947098452077742
370,0.12196332411701398,0.322163902504028,0.21640115677402805,0.12196332411701398,0.2366443842974783
371,0.17789727386567777,0.4018361961489568,0.3008778445665582,0.17789727386567777,0.1964285714285714
372,0.17542499249924984,0.4058557392641321,0.3118614935297645,0.17542499249924984,0.29378382924311147
373,0.16245864661654127,0.39233886372557664,0.29776043421807064,0.16245864661654127,0.23330470992664
374,0.13435233523352338,0.36159914324272907,0.2764936160184114,0.13435233523352338,0.2845157300651163
375,0.10701215004545254,0.310021098237888,0.20801789638487084,0.10701215004545254,0.16210526315789472
376,0.13378225806451613,0.3333484887551177,0.22113246138120313,0.13378225806451613,0.25881328957424804
377,0.1670387008516836,0.3639062114323284,0.24173502116128967,0.1670387008516836,0.30738351616304377
378,0.1210833963759502,0.31838095594302784,0.2065951191341553,0.1210833963759502,0.32137083817266743
379,0.15264178841753215,0.361217135284992,0.2531506937349198,0.15264178841753215,0.17999396775221085
380,0.15913605442176856,0.36959988085407375,0.2589276528646103,0.15913605442176856,0.23995825771324863
381,0.15117764958153973,0.3611760793482902,0.25499685953350093,0.15117764958153973,0.3376426526996241
382,0.16521546993438124,0.3793621154773211,0.2752932910858799,0.16521546993438124,0.25080479262672806
383,0.13403230323032292,0.3493348433691925,0.25260508027773904,0.13403230323032292,0.2286549707602339
384,0.1680978806614869,0.3930169637785045,0.2918381662340352,0.1680978806614869,0.2243719050838726
385,0.10669736910528785,0.2783944430875907,0.14739414796460576,0.10669736910528785,0.3538461538461538
386,0.11633064758282455,0.3335552488008826,0.24344920243611615,0.11633064758282455,0.2388968990789011
387,0.15200581788499481,0.36589059606977303,0.2637695563695564,0.15200581788499481,0.2135368140216492
388,0.1492777924939496,0.3572697179597881,0.244983850931677,0.1492777924939496,0.16347185469156558
389,0.1399109887295082,0.3422649697696375,0.22970796208025857,0.1399109887295082,0.2891443867020492
390,0.16534915882006315,0.40201796600779116,0.31333761437545604,0.16534915882006315,0.0935216325143852
391,0.16435761637123514,0.3726587360403457,0.2616022393382212,0.16435761637123514,0.1658274495231017
392,0.11791437808078868,0.31918493368003864,0.2135411111985,0.11791437808078868,0.16815136597281538
393,0.12014369117288229,0.32576233838217533,0.22423729441858614,0.12014369117288229,0.2606203457101875
394,0.15833301325139235,0.38780765405942375,0.2989492816160628,0.15833301325139235,0.22333121457704325
395,0.17910804172866757,0.3973214557755382,0.2894268280937412,0.17910804172866757,0.25038315485683904
396,0.1452149208596835,0.34833852369699003,0.23624720567461313,0.1452149208596835,0.22925116713352
397,0.16997469746974697,0.37930963441483523,0.2646698738901765,0.16997469746974697,0.1958862261089273
398,0.1311521152115212,0.32584915874628406,0.2093940870695257,0.1311521152115212,0.3667725581820156
399,0.1591478078897562,0.36705217668052575,0.2538087375815391,0.1591478078897562,0.17016161616161618
400,0.17472380129313095,0.3908786005938973,0.2833095986015326,0.17472380129313095,0.26658850574712645
401,0.14577250900360142,0.35869411763370157,0.25484321726020026,0.14577250900360142,0.2236653889230672
402,0.14368289538998585,0.37387900835973015,0.29139222593948866,0.14368289538998585,0.2601635352238689
403,0.12120612734208334,0.30490757033155835,0.18340288597895,0.12120612734208334,0.2537436868686868
404,0.16312099779450906,0.3975537139213469,0.3128654322536757,0.16312099779450906,0.22128362813656927
405,0.18278438721250556,0.40549006484524797,0.3024113552654848,0.18278438721250556,0.26615079365079364
406,0.17289915966386554,0.3788297206792049,0.2618611220306787,0.17289915966386554,0.28716376306620206
407,0.1502741415857572,0.3689501783560366,0.2683520735405588,0.1502741415857572,0.28507816257816254
408,0.13279088716354864,0.34933620826859973,0.2550906422101022,0.13279088716354864,0.2076180571735529
409,0.14964092726683248,0.36888349084108296,0.27348512714850104,0.14964092726683248,0.19154109668993993
410,0.14154188827392455,0.3376762126690246,0.22126864879019997,0.14154188827392455,0.28798546868741026
411,0.13097952767244284,0.331495774060795,0.22203249277670445,0.13097952767244284,0.39296213437847294
412,0.14595309530953093,0.352393109882264,0.2428800291454662,0.14595309530953093,0.3030563888526586
413,0.11624815433485954,0.3445944145248745,0.2706925203800299,0.11624815433485954,0.331307932066632
414,0.1323899700389214,0.32205923187653757,0.20133852367523233,0.1323899700389214,0.23076818768684798
415,0.14702883443453718,0.34894033345905445,0.23882299804903453,0.14702883443453718,0.18799611202235586
416,0.11829694621057227,0.3140160548047096,0.20243821718827476,0.11829694621057227,0.2778508185274918
417,0.15389413725090118,0.36968437154850375,0.2685804685952051,0.15389413725090118,0.2749792679835653
418,0.11277757505921521,0.3047675797800733,0.19098000944171623,0.11277757505921521,0.29722584215506004
419,0.13480655876966965,0.3353569025909631,0.22110068764258686,0.13480655876966965,0.24607278505782898
420,0.15543981147501568,0.3536555289383099,0.23643143492658852,0.15543981147501568,0.2189748781654538
421,0.17652813520261182,0.4110639263586183,0.32107158231201294,0.17652813520261182,0.2428784428540447
422,0.12497975819048421,0.33665379138228985,0.23534806638361128,0.12497975819048421,0.2620300837028574
423,0.11081083504098367,0.3014716271841445,0.19032158428632173,0.11081083504098367,0.31253511168631964
424,0.17643593877845692,0.38483901722303704,0.26380615688916026,0.17643593877845692,0.291426961926962
425,0.1458011743219213,0.3659024309653779,0.2732025132869132,0.1458011743219213,0.2756053262683791
426,0.1598867981183065,0.3906547271984041,0.29953585816019523,0.1598867981183065,0.31954537998906507
427,0.15589714221683287,0.381762601894768,0.28773091935587025,0.15589714221683287,0.17035590277777782
428,0.14971078971073956,0.35889175903535064,0.24936193864922204,0.14971078971073956,0.06684830278219443
429,0.18130448717948716,0.39589534720090436,0.28618172004283443,0.18130448717948716,0.2289091252587992
430,0.12629824561403508,0.3233345584981702,0.2080726257682703,0.12629824561403508,0.2617435746228316
431,0.16359765926708525,0.3568175527367999,0.2274397869394292,0.16359765926708525,0.1812832557818022
432,0.16164265254196605,0.3888065242610984,0.29632774343826473,0.16164265254196605,0.14913068018814923
433,0.1317432308950127,0.3327820917322658,0.22007772167450623,0.1317432308950127,0.3943052260464885
434,0.10794339803959246,0.2906320455604565,0.168377295041728,0.10794339803959246,0.3979759309135991
435,0.11439347673004291,0.30103285695674065,0.18427876045339547,0.11439347673004291,0.1257445309603263
436,0.15930509816275507,0.3816504458098852,0.27869069529426027,0.15930509816275507,0.32701120857699806
437,0.17111858974358965,0.4242030890082613,0.3501689985293432,0.17111858974358965,0.2291478417336541
438,0.14693323347057785,0.369423276587301,0.2739800862334463,0.14693323347057785,0.30705453829213286
439,0.1630501253132833,0.36557436720325864,0.25104848377995065,0.1630501253132833,0.2379349239521653
440,0.15052610673329492,0.3613515657831759,0.2576509180997619,0.15052610673329492,0.19269663177670418
441,0.13156071954420323,0.3325216099133617,0.22192178073831692,0.13156071954420323,0.2103053322302862
442,0.14697154822934308,0.3689695336429659,0.2769959708272457,0.14697154822934308,0.22782296650717707
443,0.17102793260298552,0.41079768575966025,0.3295395063133495,0.17102793260298552,0.34747248394307206
444,0.17556400921732723,0.3865913560309151,0.27305469362717577,0.17556400921732723,0.3294682707786156
445,0.14704833574008658,0.3606111842865763,0.2581256970929794,0.14704833574008658,0.17122119720308385
446,0.16206061822561227,0.37543702312107374,0.27275280979092303,0.16206061822561227,0.26472174738841403
447,0.15539960919982054,0.3763463624465738,0.2768935064935065,0.15539960919982054,0.2720722086908558
448,0.13000000000000003,0.33381024123401026,0.22762048246802047,0.13000000000000003,0.11164968053607605
449,0.11176283105132427,0.3140081156725884,0.21249056924252835,0.11176283105132427,0.1261881151918947
450,0.1377409009636039,0.3544875092827823,0.2584932166383567,0.1377409009636039,0.32575186527210265
451,0.1288179164795689,0.3307363961557136,0.21883695935228942,0.1288179164795689,0.2195102459016394
452,0.15206807334237504,0.36783135258715494,0.2655265584895598,0.15206807334237504,0.2925182087045242
453,0.13918690474761886,0.35910943000014417,0.26584505050505053,0.13918690474761886,0.21054829866150615
454,0.18023220686123906,0.4052247592622704,0.3039851048020626,0.18023220686123906,0.1981547619047619
455,0.13117377170091926,0.33900169372365585,0.2396558440454733,0.13117377170091926,0.36343988225143375
456,0.16400329937856364,0.3906016829830403,0.2981967672089534,0.16400329937856364,0.3215309928435989
457,0.1367485701469103,0.3576113729757675,0.2637256056577144,0.1367485701469103,0.2697848200761192
458,0.13411092959190218,0.3441524426798248,0.24508302617584535,0.13411092959190218,0.36565919992737517
459,0.10926065162907271,0.319377949740893,0.23023459622364065,0.10926065162907271,0.29116073916699503
460,0.15629454260353368,0.3709416799072729,0.26729427460747845,0.15629454260353368,0.2482195303072496
461,0.13901002506265667,0.3478896970822205,0.24775934403912764,0.13901002506265667,0.23225722425722434
462,0.1575231820439289,0.37547742737582257,0.2769084906637873,0.1575231820439289,0.30148707766859606
463,0.12623983863419086,0.34593637833205215,0.25639307939572265,0.12623983863419086,0.258349618559074
464,0.1327348869395478,0.3392006053427448,0.2349314368063941,0.1327348869395478,0.2584344837144837
465,0.12433150886626981,0.3316593820383005,0.2296557463440614,0.12433150886626981,0.2620061347512328
466,0.12709107207888623,0.31284048389897623,0.1914988236401801,0.12709107207888623,0.3614572776159774
467,0.17913075728652658,0.40963315885748464,0.31200480314191603,0.17913075728652658,0.09010599333565841
468,0.14841739610503918,0.35245383096511673,0.24107286972015513,0.14841739610503918,0.2540790697674419
469,0.09719094342491134,0.29165135735354625,0.18592082785726982,0.09719094342491134,0.343446251570571
470,0.12852912743728961,0.3213035156680932,0.2035487764616071,0.12852912743728961,0.15439428755998522
471,0.11507829337892676,0.3247721911847835,0.2343877956117135,0.11507829337892676,0.23920516275701487
472,0.16304561446391422,0.38671256729707704,0.2863339056663255,0.16304561446391422,0.24853113128936602
473,0.15008629175326682,0.339280470752073,0.21438835799761238,0.15008629175326682,0.12841529276311883
474,0.13682716079149979,0.3314956881545713,0.20833705472614292,0.13682716079149979,0.27163571679082626
475,0.1225506072874495,0.33533836609384904,0.24557551761279922,0.1225506072874495,0.28755033186585355
476,0.1260075248659064,0.3265340035402319,0.21605295734865104,0.1260075248659064,0.1618302954460131
477,0.14155032248237281,0.3550474760729863,0.25799430718122707,0.14155032248237281,0.21726715686274511
478,0.1584144361632531,0.3778213291503564,0.27381378597420647,0.1584144361632531,0.21278131588803523
479,0.15573294893179568,0.36571242662105774,0.2569589553785241,0.15573294893179568,0.3978775451471329
480,0.1317326624073274,0.3278163575853694,0.21516739035608412,0.1317326624073274,0.39148494915936777
481,0.15001105995395844,0.3817537042284629,0.2944852885490088,0.15001105995395844,0.38399838748059834
482,0.16787592601481613,0.3856129646907831,0.2804740773519338,0.16787592601481613,0.2766815429589152
483,0.154241469289442,0.3460694100134703,0.22465588144805662,0.154241469289442,0.17176342448419823
484,0.15720222912099344,0.36780717580033034,0.26020989335867384,0.15720222912099344,0.23378805885681941
485,0.11973146847268763,0.318825033510772,0.2131871300761688,0.11973146847268763,0.31541965392435867
486,0.133544520383116,0.3542071281337955,0.25832521550135906,0.133544520383116,0.15906037536131584
487,0.1462081467430236,0.34178790032277717,0.22015950715950716,0.1462081467430236,0.2139449068360833
488,0.16496901325514043,0.3911700554073723,0.29340208430446374,0.16496901325514043,0.2743923611111111
489,0.16301414458913333,0.3991563964262414,0.3172845036742161,0.16301414458913333,0.24789235329703568
490,0.1389443830990873,0.3489106199549762,0.24493247371177768,0.1389443830990873,0.2011240425844845
491,0.13997015881147545,0.3359729438579514,0.22000557009295196,0.13997015881147545,0.2813320355951057
492,0.14245579407241443,0.35568379236459136,0.24945599658435397,0.14245579407241443,0.2775066093381525
493,0.1535349587203301,0.4063161269395602,0.33356233643846017,0.1535349587203301,0.25031684981684976
494,0.1417589110356442,0.3619212948075141,0.26832476754373996,0.1417589110356442,0.2357142857142857
495,0.1651195596518176,0.3905482267991375,0.2948573342946397,0.1651195596518176,0.20596610176470104
496,0.11270252802356352,0.31039808816639697,0.205391120285667,0.11270252802356352,0.2835529938471115
497,0.1684517409114182,0.3912557854070096,0.29060808899118273,0.1684517409114182,0.22508410542709323
498,0.16820318047426297,0.37970050351043694,0.27299464607234797,0.16820318047426297,0.25388855866485605
499,0.14044135561611826,0.3485841606574919,0.2452856100827474,0.14044135561611826,0.32613999941586147
500,0.12661148178370862,0.3291371068037692,0.22305125004012116,0.12661148178370862,0.23097449798384379
501,0.1410683850983876,0.34797923454784674,0.2398216988989183,0.1410683850983876,0.20365572196620582
502,0.10353173114309876,0.3369058429368115,0.26574822358742545,0.10353173114309876,0.2966518302894136
503,0.1778174268462982,0.37615629759117947,0.24967774148976252,0.1778174268462982,0.29970502209381644
504,0.11634722805669918,0.3091105117575875,0.1975265674017767,0.11634722805669918,0.21095649379859904
505,0.1717720948853969,0.3875813700427063,0.2816185503146188,0.1717720948853969,0.29512987509456434
506,0.12109874487704926,0.3022198472233275,0.17824220469255664,0.12109874487704926,0.19851564414287065
507,0.1706954100249663,0.40842654337327955,0.3214622666966264,0.1706954100249663,0.32256650749308957
508,0.14253059395801335,0.33968545128900546,0.2233097146619842,0.14253059395801335,0.21734608634608635
509,0.12091987179487186,0.31969456997935286,0.21454939636896198,0.12091987179487186,0.2833060288335518
510,0.15602543594177842,0.3903621359092898,0.30767339993502285,0.15602543594177842,0.2927713868933581
511,0.16344283976892665,0.3686918747300417,0.25349806992223006,0.16344283976892665,0.22209443686557578
512,0.15137653520359953,0.352936655364024,0.2351202403208489,0.15137653520359953,0.2925155186937083
513,0.14245317491812684,0.34890761521153935,0.24490888058682503,0.14245317491812684,0.258429699019863
514,0.14297004117336068,0.35474436400088116,0.24954864565504092,0.14297004117336068,0.3061210202979318
515,0.19090396158463377,0.41852564389645386,0.3172433646236401,0.19090396158463377,0.30326704190118825
516,0.14350000000000004,0.35825142002365307,0.2585028400473061,0.14350000000000004,0.33990087601992364
517,0.1259758018052621,0.30926106518699176,0.18257052676345933,0.1259758018052621,0.26870632778527515
518,0.1807950151800607,0.4253891175619242,0.34318820476372697,0.1807950151800607,0.18563600754905102
519,0.1390029558307567,0.3572830178551072,0.26556012404870105,0.1390029558307567,0.29742710399186373
520,0.14139182522903465,0.3536475787613508,0.2545115070646323,0.14139182522903465,0.24419092389092395
521,0.15262832085013764,0.3686069314875692,0.26595722127486315,0.15262832085013764,0.3088919294063741
522,0.12041041101396838,0.34492018968021193,0.25701955733248705,0.12041041101396838,0.2078111111111111
523,0.1403619486588567,0.34349954634416885,0.2342751953706243,0.1403619486588567,0.226831884057971
524,0.11022882691530769,0.30832848111413685,0.20319930839765837,0.11022882691530769,0.2943608213280344
525,0.15341680324091694,0.3744318473593499,0.2740300882368659,0.15341680324091694,0.22699041474654377
526,0.15081093524374095,0.37383207352133085,0.2800422765551797,0.15081093524374095,0.23275618898497086
527,0.13729289917159676,0.35417772671378833,0.25876965508438315,0.13729289917159676,0.2285180240320427
528,0.15806781708507336,0.3728556469400282,0.2685756597099097,0.15806781708507336,0.23018691326888052
529,0.12790705128205138,0.3459680123214862,0.2581219220788697,0.12790705128205138,0.32945469734943417
530,0.12959098547929537,0.31928331832416024,0.20038466568972982,0.12959098547929537,0.09444677661169419
531,0.11277549791792511,0.29420857431537195,0.1718661527948937,0.11277549791792511,0.2819219108542947
532,0.12267136270491814,0.3366802593941427,0.24501779337844914,0.12267136270491814,0.21857640246880122
533,0.12795801331285206,0.32388874389146494,0.2098614611572257,0.12795801331285206,0.2563723698417296
534,0.17427995391705062,0.39920147481423984,0.29984304179437843,0.17427995391705062,0.3431838874469575
535,0.13795338869327317,0.3325597451853033,0.21721271298406025,0.13795338869327317,0.2032925578373151
536,0.15325390156062432,0.3854389868033957,0.3013701704855429,0.15325390156062432,0.2564635991323284
537,0.14740930694103524,0.3618954002162101,0.26497218655034976,0.14740930694103524,0.23992389092389088
538,0.11592336677386844,0.3195217481385487,0.21819676272936064,0.11592336677386844,0.23263886078980425
539,0.13766562446136027,0.33477815225982116,0.21622505559692184,0.13766562446136027,0.2273881745426368
540,0.11185173976397492,0.2907646895517334,0.16382589957551702,0.11185173976397492,0.2954470655319802
541,0.1535921835990014,0.36789068271869024,0.2655969982393777,0.1535921835990014,0.14593350041771097
542,0.1396115288220552,0.354465685419981,0.25970831319585164,0.1396115288220552,0.22371380471380461
543,0.12851682929854258,0.3288570810236422,0.2206805034501993,0.12851682929854258,0.3193183200197217
544,0.17177891156462588,0.3785125817392315,0.2624673403492112,0.17177891156462588,0.20717584168121805
545,0.13121799400106532,0.3431011920986149,0.24676639619509924,0.13121799400106532,0.20744690604901123
546,0.16058595960444855,0.37814263418478533,0.2771133491606735,0.16058595960444855,0.26082258300424166
547,0.15784484556968126,0.36476057242205784,0.24883145370475318,0.15784484556968126,0.12604700854700848
548,0.11692266294279352,0.31475454526925833,0.20566376465292968,0.11692266294279352,0.12294487194786297
549,0.1610369038614689,0.36895687373195674,0.25483993974097563,0.1610369038614689,0.305698163848289
550,0.15691015126225336,0.36356853054734406,0.25331675857018143,0.15691015126225336,0.30850517703939445
551,0.11051067209172995,0.29122161256794976,0.16742188095243965,0.11051067209172995,0.2573354244625431
552,0.13393802576892772,0.350936382408939,0.2559967132800226,0.13393802576892772,0.27095173832901354
553,0.13924290497161992,0.3250832067233141,0.19768060350338834,0.13924290497161992,0.3893648018648018
554,0.13453189036885255,0.309057263455907,0.17405074617410896,0.13453189036885255,0.2524454187896666
555,0.15618055650003398,0.3595961463317251,0.24383117966338225,0.15618055650003398,0.3178083538083538
556,0.1600071303114777,0.3851900910666085,0.2853659215102616,0.1600071303114777,0.21368697016321234
557,0.1551317861085777,0.36426464380997925,0.255265715402803,0.1551317861085777,0.30425980084291515
558,0.12146513165010274,0.32122146490353565,0.21151266650686576,0.12146513165010274,0.22846172146172145
559,0.15162707550454424,0.3699795484374422,0.27270494586579586,0.15162707550454424,0.28367235345581804
560,0.15835015368852456,0.37231572394197565,0.2649311405069021,0.15835015368852456,0.23876026475802306
561,0.1715920809869889,0.378887957270231,0.26659175256648426,0.1715920809869889,0.2527345239527572
562,0.15370362036203616,0.35410188766573325,0.2357965346073942,0.15370362036203616,0.17792670866355076
563,0.14763757381643483,0.3422988434797515,0.22332253932663335,0.14763757381643483,0.08190108038457733
564,0.14816019604074573,0.3754088712330479,0.2894973503846043,0.14816019604074573,0.26990988372093017
565,0.17489113064642683,0.39956087272813473,0.30133948416341577,0.17489113064642683,0.2054928202317569
566,0.13462794569672137,0.32212970113261485,0.20000351087178703,0.13462794569672137,0.22082486546613356
567,0.18158026113671277,0.3971457775685904,0.2861310328637552,0.18158026113671277,0.2995481392171047
568,0.16517987275882018,0.3601409672294184,0.2379221889411965,0.16517987275882018,0.3254413521261348
569,0.12549891114633877,0.34269722089476645,0.24939661949685538,0.12549891114633877,0.2152130280802581
570,0.09096532305868411,0.2954148707093094,0.19989909530125055,0.09096532305868411,0.28090482676238493
571,0.17542218134288623,0.3874151483676965,0.2799859340496205,0.17542218134288623,0.24781355257645582
572,0.13686591478696744,0.3506628519887355,0.24859387440353606,0.13686591478696744,0.2942937846334186
573,0.15817297228090393,0.3743883301464185,0.27243071573102906,0.15817297228090393,0.262140873015873
574,0.14009232152028767,0.34801885027253754,0.2468530575044998,0.14009232152028767,0.23087286174199956
575,0.20333680020544434,0.427207679944904,0.32074175947891936,0.20333680020544434,0.3234446333393701
576,0.1745559928958863,0.40410393720846816,0.30909588862516363,0.1745559928958863,0.1607866889445837
577,0.1438983973165861,0.36398501847588055,0.27117324231858897,0.1438983973165861,0.242115610880205
578,0.1439476711627386,0.3438279024613432,0.22876046259720917,0.1439476711627386,0.28758350033918223
579,0.13179207920792083,0.33695702764471125,0.23232989687358085,0.13179207920792083,0.3717730455357574
580,0.14227332013672117,0.36941641204823716,0.27928618382303205,0.14227332013672117,0.31843308775214296
581,0.13062364406067573,0.33766080021838696,0.23307431231542258,0.13062364406067573,0.35253960836671105
582,0.17473201210190054,0.4103446577327884,0.3262252912617757,0.17473201210190054,0.31532929754748396
583,0.15327807272624894,0.36221947205311905,0.2488827986537402,0.15327807272624894,0.22139761095872476
584,0.13425289101156407,0.32310582814727207,0.20070587427141612,0.13425289101156407,0.26979655966116123
585,0.12250000000000003,0.3347240263774823,0.2394480527549645,0.12250000000000003,0.2759338336783989
586,0.13115553048848783,0.3250658183049049,0.20882057563283413,0.13115553048848783,0.2986457671957672
587,0.0832065076338936,0.26726660390296847,0.15412019253814976,0.0832065076338936,0.32259544648925176
588,0.14166541353383463,0.35961030668195365,0.26688978629623805,0.14166541353383463,0.283523172043686
589,0.14018328338381647,0.3360143767212808,0.21966218667492876,0.14018328338381647,0.23272318272228415
590,0.15644768747193535,0.3462506019721276,0.21360582900038452,0.15644768747193535,0.23624484339190227
591,0.15297105532786884,0.36455288825200405,0.2601636658482705,0.15297105532786884,0.25150980220587876
592,0.13966722293590106,0.3405167757658495,0.22969910565989698,0.13966722293590106,0.18442744656917887
593,0.11254022850415075,0.3002843411252397,0.1814882252421779,0.11254022850415075,0.3022366263679822
594,0.1364615901670828,0.3527738893171638,0.25562459830016204,0.1364615901670828,0.18905340760157271
595,0.14685256410256403,0.3730103065530139,0.28031548490089975,0.14685256410256403,0.19295521994635073
596,0.15232012274405782,0.34908418956074827,0.22752813363338092,0.15232012274405782,0.23275876009609955
597,0.16386072498609944,0.38881730993592856,0.29291316989965815,0.16386072498609944,0.3019844243951234
598,0.09506880917669303,0.30205235259405994,0.21396708683473392,0.09506880917669303,0.34561648167985204
599,0.1432281224079275,0.3620534854938551,0.263650726171855,0.1432281224079275,0.29854271870755655
600,0.14841971871549942,0.3589180141831749,0.25299659093535104,0.14841971871549942,0.35794704653505527
601,0.11418506659836065,0.3114866728530532,0.202603212509385,0.11418506659836065,0.2247177952188364
602,0.15676295105180427,0.368767660150195,0.2620094181967816,0.15676295105180427,0.2202581018352756
603,0.1570625622622034,0.36898383736914553,0.26284255021388436,0.1570625622622034,0.23654116076861176
604,0.1305037168169948,0.3485092205023241,0.25301100737065857,0.1305037168169948,0.2535735576923077
605,0.1509414473025723,0.36959793584955325,0.2693129770939618,0.1509414473025723,0.3315540807776102
606,0.14395917304587835,0.36706573068005577,0.27821311526835496,0.14395917304587835,0.36840066494066187
607,0.13763782051282053,0.3199193868614891,0.19256313269733702,0.13763782051282053,0.23656138059804793
608,0.1670759132146115,0.3869687133464945,0.2847856002637661,0.1670759132146115,0.12618925518925522
609,0.15517446978791521,0.35846758065365764,0.24458622173148484,0.15517446978791521,0.3041665660225443
610,0.15564363309597296,0.3877968601302232,0.30330645406850054,0.15564363309597296,0.27727511138649297
611,0.15703075202739727,0.3889821655228217,0.30090282699084875,0.15703075202739727,0.32622413422751745
612,0.17245279474777067,0.4057466645039276,0.313587739512314,0.17245279474777067,0.2936888139945434
613,0.1502937174869947,0.3756491386057658,0.28271084223754217,0.1502937174869947,0.16731857792034213
614,0.16265086972524045,0.37569366496347745,0.26708559047647396,0.16265086972524045,0.21661485492073412
615,0.16449906386519667,0.3829918620754683,0.2789855964205433,0.16449906386519667,0.32864453343966527
616,0.15120747950819677,0.3762774472595143,0.28213993550263505,0.15120747950819677,0.38687565679852437
617,0.14413145258103247,0.3672597162904867,0.27725652741890855,0.14413145258103247,0.1938123062558357
618,0.1338546671791916,0.32665498832558526,0.2106006422927874,0.1338546671791916,0.45661058528891474
619,0.11973681850214624,0.3352172247815968,0.24696081255890118,0.11973681850214624,0.18814061422433315
620,0.16100124927926196,0.36042864665200414,0.24185479474548438,0.16100124927926196,0.3121550024050023
621,0.1393425842584259,0.3423717600576521,0.23305835159845234,0.1393425842584259,0.06379158015703403
622,0.12581659836065584,0.3199765186624762,0.20731984060364073,0.12581659836065584,0.29983323577144455
623,0.14291289128912887,0.3542480914866242,0.25067040039499056,0.14291289128912887,0.13760321670814427
624,0.15301241917931002,0.3883172714831814,0.3046097046077429,0.15301241917931002,0.2238014571948998
625,0.12210176651305685,0.31090609371220773,0.1916086543983018,0.12210176651305685,0.24403435940278045
626,0.14149079631852746,0.34243287485828566,0.23088415707951648,0.14149079631852746,0.15156092913590904
627,0.14050000000000004,0.37435815922566673,0.29471631845133334,0.14050000000000004,0.2010965719063545
628,0.16324696898787602,0.39651206114104753,0.30853018430634305,0.16324696898787602,0.3176458901599968
629,0.13110887949260053,0.34005523599314474,0.2408927130010885,0.13110887949260053,0.28167807250316035
630,0.17018759501368189,0.38363890880945617,0.2729026275915485,0.17018759501368189,0.1923012459371614
631,0.09561859035913199,0.3024512077078043,0.20966523469734477,0.09561859035913199,0.17035470085470086
632,0.12690184018401843,0.33657249365526376,0.23634130694249067,0.12690184018401843,0.21844444444444439
633,0.17836117023621986,0.4003757508474599,0.2930291612224802,0.17836117023621986,0.2524739887352791
634,0.17289915966386554,0.376741594032067,0.25768486873640284,0.17289915966386554,0.22142229442745492
635,0.1508636740182248,0.3843120225375599,0.29889669703867017,0.1508636740182248,0.31760424259361464
636,0.12835413524459943,0.3363217512837479,0.229935232078297,0.12835413524459943,0.22853208812260534
637,0.1890676413192872,0.41030348236566927,0.29947168209276404,0.1890676413192872,0.3291269816006932
638,0.11868101525363318,0.3116848260853757,0.19600762166348495,0.11868101525363318,0.17137952086227942
639,0.16875898303593223,0.3989868695654611,0.3064557730590578,0.16875898303593223,0.26832730932189813
640,0.13871847514378627,0.3584683985332611,0.26249984677894966,0.13871847514378627,0.24357713137665965
641,0.16617097668390676,0.37929123835233947,0.27024052333686543,0.16617097668390676,0.16298075874347062
642,0.14325701300987337,0.3579371934719321,0.25736036092411746,0.14325701300987337,0.2559401288391463
643,0.11236593269430802,0.2987398780196452,0.18174789065067434,0.11236593269430802,0.2649527011351751
644,0.16674824882719624,0.37829705338894865,0.27209760912350484,0.16674824882719624,0.3309868711712327
645,0.16645583262298952,0.3781491442837641,0.2693866233215491,0.16645583262298952,0.2923447942990441
646,0.11373271830354291,0.30891625000262335,0.20236706339816096,0.11373271830354291,0.28144772058415235
647,0.18029389499781354,0.40848411403833307,0.305380438081039,0.18029389499781354,0.2633041559100129
648,0.14211620458412566,0.3635460835393826,0.26885975791051386,0.14211620458412566,0.18430933692817453
649,0.13445238095238102,0.3296530651127499,0.21740136832073773,0.13445238095238102,0.31539255489656803
650,0.17223899295597178,0.3763645143018909,0.25625104269183824,0.17223899295597178,0.2502993622309625
651,0.15907651886698032,0.38313426892473035,0.28511550011550013,0.15907651886698032,0.3502415718470765
652,0.13265261506945786,0.33686351638530626,0.2314218026316968,0.13265261506945786,0.26722571709190795
653,0.13868344543632133,0.374554298010992,0.2957417051493413,0.13868344543632133,0.19621655402950366
654,0.13989122818999566,0.3537882524838944,0.24879404858779747,0.13989122818999566,0.26056223860510447
655,0.1928998680151322,0.4162807206167555,0.31276170520324653,0.1928998680151322,0.4062952337583485
656,0.119230330964727,0.33288347436764676,0.2413062868058395,0.119230330964727,0.23774146943965124
657,0.1637974987859158,0.3647861719021539,0.23997734623247616,0.1637974987859158,0.17474093364197535
658,0.134193447894684,0.3463495106341793,0.24231212547899064,0.134193447894684,0.24886158266720865
659,0.14012499999999986,0.34472829386392506,0.2332065877278503,0.14012499999999986,0.3036405529953917
660,0.1539743489723985,0.386464188900733,0.2999796798566688,0.1539743489723985,0.31321774244144507
661,0.13545004420159118,0.33758810313149334,0.22827611785980434,0.13545004420159118,0.25715361004682846
662,0.1341471854973963,0.3371406976687311,0.22698702434266976,0.1341471854973963,0.24772010082165674
663,0.18115652653982176,0.4043019276047452,0.30129080212984694,0.18115652653982176,0.1255849320020443
664,0.12827687510750052,0.32277703175149375,0.20800031328798657,0.12827687510750052,0.3358545519453746
665,0.12209943359093746,0.3202600323390362,0.21132119749619752,0.12209943359093746,0.1595628717697098
666,0.12447516726711261,0.31848356419717416,0.199016793860123,0.12447516726711261,0.2724066319005478
667,0.13011504454873168,0.32741697636580847,0.21560386363415368,0.13011504454873168,0.28484596563594466
668,0.14606535163018902,0.35278808723216565,0.24544547120395327,0.14606535163018902,0.32944632295476195
669,0.1531935273823023,0.3762321323845781,0.27907721000455155,0.1531935273823023,0.2829464285714286
670,0.1419909987827536,0.37257836398232086,0.28617473039913455,0.1419909987827536,0.19667074788286903
671,0.11438953802336892,0.3104047139111435,0.2020303517755492,0.11438953802336892,0.2810046288310045
672,0.14649999999999996,0.35561748673717575,0.2492349734743515,0.14649999999999996,0.20778132016165252
673,0.1572731259202356,0.3632068843361432,0.2488675168318152,0.1572731259202356,0.28549989494827255
674,0.1430942561058169,0.35359340878180767,0.2469983053519817,0.1430942561058169,0.18512891594292802
675,0.14836197919793187,0.3540167216237064,0.2453094848515491,0.14836197919793187,0.2650611142257643
676,0.1584999999999999,0.3569797955930483,0.23595959118609677,0.1584999999999999,0.136761828475441
677,0.12360256410256419,0.31636333028073793,0.20452153235634746,0.12360256410256419,0.21401871648819026
678,0.10787933243641494,0.3152947954005141,0.21783092592819828,0.10787933243641494,0.2764199120508418
679,0.12368269230769233,0.34768935386554733,0.26701332311570997,0.12368269230769233,0.29602169059011163
680,0.12203776241679468,0.31606982127195604,0.20206411771032268,0.12203776241679468,0.21816554867561058
681,0.17261187916026627,0.4047324895132769,0.3132412207060212,0.17261187916026627,0.1857077189034424
682,0.1450202528379773,0.36869014327342425,0.26933978087089394,0.1450202528379773,0.30373076923076925
683,0.1534597673562778,0.3721426416907143,0.27336574866887314,0.1534597673562778,0.2539011802297806
684,0.19334266764332692,0.4141803870201355,0.3056754387536171,0.19334266764332692,0.3198640710382514
685,0.15677687770837745,0.3654206059335573,0.2562874564503597,0.15677687770837745,0.28794907102129474
686,0.15745112781954884,0.38750821532321966,0.29411417500734166,0.15745112781954884,0.1928018564470177
687,0.1594597610184366,0.376455492296952,0.27699146255703094,0.1594597610184366,0.12242614252449198
688,0.1669400669924243,0.39523632827326827,0.302592522561688,0.1669400669924243,0.17594932844932848
689,0.1450300751879699,0.33132085680433904,0.19858156323273823,0.1450300751879699,0.19827789502261134
690,0.1288588013002194,0.33051896540244696,0.22532032820445516,0.1288588013002194,0.25824299858658284
691,0.11778446115288235,0.3223809453392657,0.2171929683727668,0.11778446115288235,0.33820938132651085
692,0.14348211591035548,0.32915135646041094,0.202338481100111,0.14348211591035548,0.3188782739772483
693,0.11885489241803278,0.3339855966327435,0.2412614084294214,0.11885489241803278,0.19157921253136562
694,0.14719317876734567,0.3498273024076173,0.24026824728054336,0.14719317876734567,0.315144339203938
695,0.15701767418032778,0.37361948521546046,0.26920362207026527,0.15701767418032778,0.22519074519914314
696,0.11281751743062757,0.27661020637598643,0.13558537789071773,0.11281751743062757,0.23330725752826062
697,0.1577937625835065,0.36970659500650926,0.2608256648460056,0.1577937625835065,0.23022112502330655
698,0.18465081995428917,0.3858405172466587,0.260379394584739,0.18465081995428917,0.3580506390161563
699,0.14125070028011213,0.3478121864998073,0.24212297243939035,0.14125070028011213,0.30882395950506186
700,0.1323359860954995,0.33603885408083917,0.22840573597067937,0.1323359860954995,0.3530138271820483
701,0.15235133945012885,0.3357940679659601,0.20388545703166244,0.15235133945012885,0.3110780423280423
702,0.12059541752668047,0.3019785844418937,0.17676633383042645,0.12059541752668047,0.3341631701631702
703,0.17602000832013312,0.37857064255304074,0.2561012684658152,0.17602000832013312,0.1573477925912003
704,0.15730030880082338,0.38608969665016774,0.2905787756986886,0.15730030880082338,0.17716000195039833
705,0.14714516646353198,0.3525000736101698,0.23870981429327554,0.14714516646353198,0.2722952723551393
706,0.18128013962946946,0.41202514704305493,0.3134900148271708,0.18128013962946946,0.19405738590562555
707,0.1464011777695989,0.35269458223664885,0.24458680893409995,0.1464011777695989,0.26393270031650834
708,0.16560526315789476,0.3788772035100813,0.2735438807043731,0.16560526315789476,0.3116144505727481
709,0.17627700310801236,0.4021147596542538,0.30267551309248286,0.17627700310801236,0.2795678824679586
710,0.12436158615861594,0.3328421498144361,0.2339611273116404,0.12436158615861594,0.16164669897791828
711,0.17725153224222456,0.38101426703783403,0.26152546959121886,0.17725153224222456,0.2754898294788001
712,0.13187149443796842,0.36331409386516017,0.28688519885438346,0.13187149443796842,0.13631298865069358
713,0.1474859118852458,0.34844635181237094,0.23192087985425025,0.1474859118852458,0.23894854846467753
714,0.18074129478667672,0.4114681674978352,0.31345374542231697,0.18074129478667672,0.23729926379790267
715,0.17283488348834877,0.39335211530533787,0.28903446363397817,0.17283488348834877,0.2771207087486157
716,0.1527695169670921,0.3695583693518208,0.2655777047694573,0.1527695169670921,0.21395211249157003
717,0.17548721344451612,0.3844512352959758,0.27092804370291934,0.17548721344451612,0.24078764946838951
718,0.17092355889724312,0.3977563333963017,0.2966655489981171,0.17092355889724312,0.3062731768679349
719,0.1478121321774295,0.3614229095458738,0.26322155473688874,0.1478121321774295,0.22012474478190375
720,0.12452355803085596,0.32269769322682196,0.211348270391932,0.12452355803085596,0.2717973253817656
721,0.14622967606603576,0.3433462675083042,0.22323318288453692,0.14622967606603576,0.33993188990376616
722,0.16827082974987095,0.38602855274514425,0.2815154459905465,0.16827082974987095,0.2149889629049112
723,0.1701210589530578,0.38829815183154404,0.2853541857569725,0.1701210589530578,0.2919818750481918
724,0.1590006220223928,0.39284636381594973,0.3066914835871139,0.1590006220223928,0.2903732680375517
725,0.118340621758753,0.3208010451884206,0.21492084685933513,0.118340621758753,0.2923571428571428
726,0.13504901960784318,0.3316917036089816,0.21828536800227685,0.13504901960784318,0.27440402476780185
727,0.1859831932773109,0.39948594637836643,0.283005506202111,0.1859831932773109,0.29939320641407924
728,0.13449999999999995,0.31954871568903326,0.19309743137806656,0.13449999999999995,0.23261199520191922
729,0.16510964949130036,0.3757074240744924,0.26519554916638416,0.16510964949130036,0.10982716049382715
730,0.15985397314337968,0.37172740106266927,0.25974685583857915,0.15985397314337968,0.25117937617937625
731,0.14174691098764403,0.357720812535764,0.25994780309624,0.14174691098764403,0.1699784487715977
732,0.14969267730232888,0.36227572540334935,0.2531660962020409,0.14969267730232888,0.28569217184413265
733,0.17627105312641278,0.3955226337648743,0.29050316127692305,0.17627105312641278,0.2544067440711463
734,0.13568241824182414,0.3328433310040214,0.2173218255243945,0.13568241824182414,0.33402316139604277
735,0.1778374581417958,0.39732544324407143,0.28997597020455124,0.1778374581417958,0.17376615435152015
736,0.14988884749578393,0.37089747692580627,0.2780172588600447,0.14988884749578393,0.2567077034959223
737,0.15078693514774055,0.36627536308062203,0.26497685586576286,0.15078693514774055,0.12241052379130923
738,0.146113111311131,0.34997161409804517,0.23771700557382824,0.146113111311131,0.1777005588151099
739,0.21256284943127043,0.451498605424354,0.34887151198616706,0.21256284943127043,0.28034475989609725
740,0.16245406911839433,0.39730417195391965,0.31270020567105067,0.16245406911839433,0.3364160434464357
741,0.17953359433796096,0.39814669031507,0.29222619195421806,0.17953359433796096,0.24875794528725947
742,0.15661484593837538,0.35960664826009736,0.24498360464344388,0.15661484593837538,0.2394055388766515
743,0.18596658330527907,0.39711195878145367,0.28329075095234924,0.18596658330527907,0.1606048372431351
744,0.1576030314689239,0.3667551575133058,0.25930425208876384,0.1576030314689239,0.31229716200315116
745,0.18067267112712307,0.3712393544466208,0.2391333666389956,0.18067267112712307,0.2970090916080421
746,0.14358337602459026,0.3457017163734505,0.23523668069772047,0.14358337602459026,0.21044438905505702
747,0.13449262347273452,0.3354808825820463,0.2269765182186235,0.13449262347273452,0.2503818369453044
748,0.1933269942948654,0.42677628359501646,0.32689857860030214,0.1933269942948654,0.21157968470658994
749,0.1615823061119671,0.3800085334285539,0.2738524546331736,0.1615823061119671,0.19902028782028788
750,0.11524284097136386,0.30964390202221126,0.1988021221016947,0.11524284097136386,0.24649168399168397
751,0.17098520263260147,0.3754502916963838,0.2589301781275645,0.17098520263260147,0.321174370594507
752,0.14476291905167626,0.35633865312211455,0.25315146814087663,0.14476291905167626,0.13153743024652118
753,0.1746119937919007,0.3930537457026612,0.28688350382152106,0.1746119937919007,0.17416127039885732
754,0.14327502118142135,0.3774315048223714,0.29231296728190015,0.14327502118142135,0.18887179487179487
755,0.13862319728136221,0.34597587331576996,0.2387053520688155,0.13862319728136221,0.28236217114856255
756,0.15474652287482354,0.36963544239737134,0.2657778390450957,0.15474652287482354,0.16943392168322619
757,0.15781155577628614,0.37316753936472513,0.27171196717687807,0.15781155577628614,0.15177457791250898
758,0.13551782651212757,0.34770265357535,0.2513696541264449,0.13551782651212757,0.3109176432150905
759,0.16857673070069001,0.4010764330816424,0.3129994047619048,0.16857673070069001,0.30583924349881797
760,0.15472080511120717,0.3592444793559334,0.24704734848945245,0.15472080511120717,0.23816900093370683
761,0.18859398496240595,0.40949191065035584,0.30379585137589965,0.18859398496240595,0.2780124019875918
762,0.1319768260674733,0.3445421940328412,0.24513073593073587,0.1319768260674733,0.32663225806451623
763,0.13451380870650648,0.34338925870819437,0.2397509000033758,0.13451380870650648,0.2283676926054974
764,0.126311619294955,0.3060867644642162,0.17455029033852235,0.126311619294955,0.1707824945581905
765,0.1533184714649727,0.38757988604183136,0.3045228291537173,0.1533184714649727,0.28222967741935484
766,0.13662494048071572,0.364187948478705,0.2781260159959785,0.13662494048071572,0.2424527492566541
767,0.10820248099239695,0.3129088036531583,0.21341264532152276,0.10820248099239695,0.1851975672758116
768,0.15788458184494641,0.35992471355758865,0.24308026342528447,0.15788458184494641,0.16552545894651158
769,0.15648936987704906,0.36951913695966787,0.26205953416523753,0.15648936987704906,0.3679266136162688
770,0.09902719243507899,0.30373965427879085,0.20842492368742369,0.09902719243507899,0.19293810904685302
771,0.12343878237267394,0.342320860602095,0.2477641564588422,0.12343878237267394,0.29733204050851103
772,0.1477589270357082,0.3597104308581253,0.2559030076448343,0.1477589270357082,0.21937318674606815
773,0.15207802994711678,0.36270854013755716,0.2602610203808807,0.15207802994711678,0.15796970293133974
774,0.1452429742974298,0.3426844351858054,0.22588292177675115,0.1452429742974298,0.32130331981573
775,0.13768603846353888,0.3363950412452651,0.22341800556345237,0.13768603846353888,0.29472265696136524
776,0.10877711212226726,0.28237506388090916,0.1551959035172838,0.10877711212226726,0.2106956115779645
777,0.13551585623678647,0.3175822058501373,0.1901326992267016,0.13551585623678647,0.21320448379816706
778,0.18127654382231043,0.3984062462603742,0.28925940487612756,0.18127654382231043,0.35833839873662876
779,0.15362361236123617,0.3897085585977953,0.3071698924731183,0.15362361236123617,0.17268332228781036
780,0.16308754715924317,0.37155106071928345,0.2579270271200805,0.16308754715924317,0.2238615326791376
781,0.14806224385245906,0.37118724385245905,0.27625000000000005,0.14806224385245906,0.16551446477533435
782,0.1631650734175593,0.3846182911087192,0.28690643538231975,0.1631650734175593,0.19256474519632413
783,0.14738782051282054,0.3535498860471117,0.2473241310685823,0.14738782051282054,0.14500872449347457
784,0.16793837535013997,0.3908072455373091,0.2897377403743382,0.16793837535013997,0.330006236425275
785,0.15473568032238558,0.37928328830004315,0.2880952159553152,0.15473568032238558,0.18056798381436065
786,0.1235123623569533,0.33723640773699853,0.2414480907600905,0.1235123623569533,0.231803810057805
787,0.17244488337321776,0.38983630094096944,0.27978283513550345,0.17244488337321776,0.22635292300086518
788,0.14135418475065098,0.33279525583599995,0.21088214217069787,0.14135418475065098,0.35273638987275346
789,0.16317096868387476,0.3884430749661467,0.2925442125645439,0.16317096868387476,0.2729439433802343
790,0.1583009552038208,0.3681757255759158,0.2587495407441901,0.1583009552038208,0.1932798579616323
791,0.1499909114183308,0.3632747575721769,0.2605676923076923,0.1499909114183308,0.08894128868436962
792,0.14708165970969547,0.36189646503756434,0.25562961065573775,0.14708165970969547,0.21130603177650076
793,0.15042346095510215,0.37244746093078446,0.27604799995136453,0.15042346095510215,0.18683833549962586
794,0.11973146847268763,0.3246465138391485,0.22483009073292176,0.11973146847268763,0.28801356133396044
795,0.16150320512820518,0.3759248058542414,0.2728432014520724,0.16150320512820518,0.4218392664246323
796,0.11973285293141178,0.3133888665652841,0.20031202726774455,0.11973285293141178,0.22067925012840264
797,0.14858748938624455,0.37196850263654824,0.28176202650060733,0.14858748938624455,0.17346812159106684
798,0.15406454918032778,0.36991581033397525,0.2657025223072948,0.15406454918032778,0.38158660135266775
799,0.17351451870406004,0.3973388439835761,0.29764865055903206,0.17351451870406004,0.11492149420154532
800,0.15029311724689876,0.3685519514812622,0.2715176684687269,0.15029311724689876,0.19540443213764686
801,0.13884280828637913,0.34388391017525605,0.2330822037777539,0.13884280828637913,0.2464271502907866
802,0.13456819381991011,0.3633072803936445,0.2794781731474688,0.13456819381991011,0.2629547542735043
803,0.10549535524376967,0.2904108396564338,0.17583096882532825,0.10549535524376967,0.3702532528378668
804,0.1471323387641955,0.35784263134173266,0.25242058515507426,0.1471323387641955,0.20073694207027537
805,0.11453135250164011,0.3215940887058625,0.22412547240844477,0.11453135250164011,0.2856127482127684
806,0.16776923076923084,0.40155400827980237,0.31656955502114303,0.16776923076923084,0.19256479923797792
807,0.12172609043617445,0.3230327039648259,0.2156132270573029,0.12172609043617445,0.22720890652810927
808,0.16346635665313616,0.3800682209770275,0.27220372864778275,0.16346635665313616,0.25007907647907646
809,0.15079373829831486,0.3766579199605916,0.2847283633245535,0.15079373829831486,0.1773446833930705
810,0.11256284255332867,0.3012871708851128,0.19244865666356836,0.11256284255332867,0.3478429194146096
811,0.10904909562793384,0.29660339018395254,0.18410858911203737,0.10904909562793384,0.22686227661227656
812,0.14429607258025695,0.3501582015672483,0.2387242579739826,0.14429607258025695,0.29766461608566874
813,0.1785876737779485,0.4082642332354529,0.30935311891500866,0.1785876737779485,0.24208160703075954
814,0.15732362972570496,0.35774195055739716,0.23683664166338442,0.15732362972570496,0.24028417135415112
815,0.16977666362076968,0.3986301242189483,0.30070692119635717,0.16977666362076968,0.12447786131996662
816,0.15425550717213127,0.3482039366785651,0.22589685901286766,0.15425550717213127,0.2017460213368142
817,0.12313435835594416,0.327362771337881,0.22845682596387365,0.12313435835594416,0.2563602642276423
818,0.12802201740911426,0.35103838552935723,0.26403273624048595,0.12802201740911426,0.3146923579033897
819,0.12753329918032796,0.3272801249162841,0.2194936514719124,0.12753329918032796,0.31219481981981984
820,0.11568948743573373,0.34001434932302305,0.25464972377457856,0.11568948743573373,0.2760955205885889
821,0.15637854562764258,0.3520937070928538,0.22943032293042237,0.15637854562764258,0.1949957956090031
822,0.16464727065883147,0.37389370986194564,0.2584928784062285,0.16464727065883147,0.21515980696988346
823,0.16433403751360345,0.4069261072795862,0.32918413953196557,0.16433403751360345,0.15428852829803905
824,0.1364295819729851,0.3377232300804519,0.22558729621493373,0.1364295819729851,0.3415234791391441
825,0.1566428768748273,0.38477237433871375,0.28425899492777285,0.1566428768748273,0.17924041190201628
826,0.16174496497986,0.38737646608170084,0.2922630022036818,0.16174496497986,0.23988651218062979
827,0.15294185002245173,0.3636515115089781,0.2604193229730527,0.15294185002245173,0.3413321079939297
828,0.14702278545826938,0.35851294978197756,0.25498032864741643,0.14702278545826938,0.14507359307359305
829,0.12533709273182964,0.33109037698765686,0.23250656851165447,0.12533709273182964,0.3116711065086648
830,0.14075430510210615,0.3432418790219244,0.23097514783963646,0.14075430510210615,0.24618925518925516
831,0.10297583381345625,0.31073090136654724,0.21651013510618194,0.10297583381345625,0.17463898456435772
832,0.1902230408921635,0.40990542479284564,0.2993647678013642,0.1902230408921635,0.2908561450496934
833,0.14474515530236345,0.35753232589897993,0.25457434119323286,0.14474515530236345,0.3107011453113815
834,0.13453848867791393,0.352132872979697,0.2541887686035661,0.13453848867791393,0.2859563492063492
835,0.12912820512820514,0.3231111595674033,0.21096590887839645,0.12912820512820514,0.3529465519987258
836,0.15156587057010776,0.3711814245211723,0.269231107902129,0.15156587057010776,0.1787943696450428
837,0.17823433583959902,0.3701275552662471,0.23278643885329606,0.17823433583959902,0.3167868628341355
838,0.17044564907504448,0.3754616321925672,0.2620319662350454,0.17044564907504448,0.2203935759580921
839,0.14734013572700588,0.35380515230886267,0.24893003316371365,0.14734013572700588,0.20823268710112475
840,0.1584264774127474,0.3914939473079069,0.30413493979031886,0.1584264774127474,0.12268081002892955
841,0.13944053543710294,0.341298884464096,0.23071669805398617,0.13944053543710294,0.2520082551594748
842,0.14310425204918023,0.37889104378595984,0.2985735834735591,0.14310425204918023,0.27562277777777777
843,0.17369181162087338,0.3849854972654889,0.27258737128923105,0.17369181162087338,0.13120646474925102
844,0.14028490713962866,0.3649020004068878,0.27623418653451837,0.14028490713962866,0.2741038961038962
845,0.15817390651586427,0.3824209874885224,0.28949416194531624,0.15817390651586427,0.3179021329606223
846,0.1495776942355891,0.3399236703722197,0.21769195227326135,0.1495776942355891,0.21661531545221988
847,0.13893910256410252,0.3624118140713556,0.2759454230145061,0.13893910256410252,0.22065180818470292
848,0.16322111735600708,0.36533777833162023,0.24823332195122627,0.16322111735600708,0.24714017094017088
849,0.15243677238057013,0.36684539748122347,0.26881725020130665,0.15243677238057013,0.1715538866930171
850,0.16780515028159043,0.3670412961272,0.2454722916912192,0.16780515028159043,0.2487868687248524
851,0.1596355122201553,0.3837499049551943,0.292228785470078,0.1596355122201553,0.3323179271708684
852,0.108027288436615,0.31057997118469255,0.21010536549615508,0.108027288436615,0.30409621365602224
853,0.1604963985594237,0.3986757764939469,0.31535875586904644,0.1604963985594237,0.23912798994552228
854,0.17559600614439316,0.39542200205324424,0.29065199181770207,0.17559600614439316,0.24458180708180705
855,0.1443061331871527,0.37168858869829646,0.28576491102228757,0.1443061331871527,0.215226406878787
856,0.11833048460405872,0.3227947650185887,0.21992856082906015,0.11833048460405872,0.2328259172521468
857,0.14559110477770956,0.3492877435370156,0.234393277518612,0.14559110477770956,0.34957850826342945
858,0.14411528564076165,0.36290961529400856,0.2615886593064937,0.14411528564076165,0.227114864636087
859,0.09572154311988343,0.2924876606340983,0.1875322350284298,0.09572154311988343,0.30965241117814646
860,0.14183275321963093,0.3477000089980564,0.23873451155685088,0.14183275321963093,0.18541829527426568
861,0.10368983350605605,0.30474453986298655,0.20310941271386102,0.10368983350605605,0.2064882696469995
862,0.15798484102884158,0.3560172031549841,0.23406472425228494,0.15798484102884158,0.2543728465818983
863,0.1587506842069409,0.3628344860358746,0.24416760365786724,0.1587506842069409,0.2740495391705069
864,0.15481486039242992,0.3663785525593645,0.25812738433386917,0.15481486039242992,0.24123812446061105
865,0.11010725051211581,0.306423502494295,0.1936325039643585,0.11010725051211581,0.20525693663588407
866,0.11945583734411942,0.3343776131528048,0.2418435516173707,0.11945583734411942,0.30782015064939006
867,0.11390973689264455,0.30698018180112824,0.19414088981696742,0.11390973689264455,0.23169184678324461
868,0.14778031904670386,0.34425807560920474,0.22695551312500173,0.14778031904670386,0.2458169934640524
869,0.15748904312062206,0.3631067416801569,0.24523539711906966,0.15748904312062206,0.24989102331332336
870,0.14222691290765163,0.3612922257253218,0.2661306256353403,0.14222691290765163,0.20605658709106986
871,0.16559438514167724,0.36748730635429594,0.25178584242523744,0.16559438514167724,0.28941417416524134
872,0.11386596756678785,0.3154528827115951,0.20917383028961445,0.11386596756678785,0.31982982982982977
873,0.10083323196715738,0.30811265695314316,0.2135588499719716,0.10083323196715738,0.28801233609385785
874,0.14556272401433698,0.3510826075342205,0.24203976703976707,0.14556272401433698,0.1712255667038276
875,0.13150577812018482,0.3306680384312961,0.21632452062222254,0.13150577812018482,0.3607511680238953
876,0.15616855606801847,0.3582317650256968,0.2411264179153567,0.15616855606801847,0.2815229166666666
877,0.16226238568988047,0.36436948960343657,0.25021420782711223,0.16226238568988047,0.24636788048552755
878,0.12606124671663782,0.3181976062390325,0.20427271904478927,0.12606124671663782,0.18440399683390338
879,0.16883214893404055,0.38663107019849347,0.27959784252890574,0.16883214893404055,0.2829361054766734
880,0.1384636083864591,0.3369291983970432,0.2209311800211683,0.1384636083864591,0.279742481200032
881,0.15569284936943859,0.3991133040529543,0.3228409093670315,0.15569284936943859,0.18766659321498028
882,0.17474803571714326,0.382104761459623,0.26371345148495945,0.17474803571714326,0.17283818697245987
883,0.16610230058155362,0.38316086955211953,0.2751171379411318,0.16610230058155362,0.30418302914476836
884,0.1289992312127619,0.31988428064708724,0.2037700988686507,0.1289992312127619,0.2961063258636788
885,0.14999640472521833,0.3456887793291017,0.22938474920776675,0.14999640472521833,0.2479493586540063
886,0.17311491149114902,0.39472513776922746,0.2912204525561568,0.17311491149114902,0.2351135043817971
887,0.11511858974358981,0.3336333753608277,0.24402957123447583,0.11511858974358981,0.2083722373810804
888,0.16419431943194318,0.3800703126458761,0.2737519864278658,0.16419431943194318,0.28816664853439006
889,0.13163472765959153,0.34487425867431,0.24447906202943695,0.13163472765959153,0.26976459241103845
890,0.11902006224831942,0.3395221370917994,0.25000414968695994,0.11902006224831942,0.19281125356125356
891,0.13900000000000004,0.3627521928104657,0.2735043856209314,0.13900000000000004,0.2793926553672317
892,0.13860902255639104,0.3416117182441425,0.23600539137550286,0.13860902255639104,0.24396901685738895
893,0.16110252487223448,0.3818450689552223,0.2844850881659758,0.16110252487223448,0.29308351888544976
894,0.13984216631798752,0.37283193115234176,0.29197952966870855,0.13984216631798752,0.25452313001924737
895,0.1760114997757704,0.387033090035356,0.2750431805191712,0.1760114997757704,0.2610140306727432
896,0.13914423076923071,0.3490420861632978,0.24279571078813408,0.13914423076923071,0.18698955730668207
897,0.15373145196174232,0.3715550364720534,0.26864716902062213,0.15373145196174232,0.1843980921987085
898,0.12888964195248864,0.3297286622052302,0.22767804050548324,0.12888964195248864,0.3762254341086877
899,0.12688744779248215,0.3402770407065404,0.24377918582811658,0.12688744779248215,0.3202077339047036
900,0.1423890652302858,0.3589117573699504,0.25804538427932916,0.1423890652302858,0.2852091503267974
901,0.13652359237747805,0.34632150967029895,0.24359583458564185,0.13652359237747805,0.2655287208366855
902,0.1569230769230768,0.387974324450826,0.2971024950554983,0.1569230769230768,0.22780796187272218
903,0.1397385224263837,0.34793959274713904,0.24640214064151073,0.1397385224263837,0.30842725404094407
904,0.11328201474319663,0.31489326282502605,0.20822249616365895,0.11328201474319663,0.18071125223930337
905,0.10428262540841825,0.2889613303516075,0.17435740988637846,0.10428262540841825,0.1902843915343915
906,0.15767531058962736,0.3806036191387717,0.27885661709828885,0.15767531058962736,0.30664952735380946
907,0.14605310531053092,0.35535655495125684,0.2486068992814517,0.14605310531053092,0.17208756481367854
908,0.1562052913610186,0.37569833191792984,0.2749860811138224,0.1562052913610186,0.3035958485958486
909,0.15650627290329805,0.3555235916434506,0.235034637480305,0.15650627290329805,0.16379379208033773
910,0.19074881907415406,0.40774338053518416,0.29298912292206014,0.19074881907415406,0.2842750239128783
911,0.17666514863377045,0.3996468055984984,0.29896331392945596,0.17666514863377045,0.35855032381581053
912,0.13814511174918215,0.34372758076487564,0.2391649380313871,0.13814511174918215,0.25255137886130313
913,0.13471957243096339,0.3526146052143878,0.2567900655668489,0.13471957243096339,0.23367828118539694
914,0.12295095293722293,0.32274045538489493,0.21557900489534398,0.12295095293722293,0.2354498432601881
915,0.14264260112647217,0.34757197490837616,0.238858747563808,0.14264260112647217,0.21754428332528758
916,0.14962665040787143,0.3578790837800046,0.2475048667442663,0.14962665040787143,0.23480580831068493
917,0.12837299710743308,0.32907329890053005,0.21940060358619395,0.12837299710743308,0.3294178707012932
918,0.14258686380380892,0.32782049456831514,0.19546726152901253,0.14258686380380892,0.18760045980384965
919,0.15298041098521223,0.35367751148319904,0.23539420099597358,0.15298041098521223,0.29968174528010405
920,0.16209081219270796,0.37135038506430196,0.256519145743188,0.16209081219270796,0.38329221863443175
921,0.14155032248237276,0.33988844415202824,0.22767624333931097,0.14155032248237276,0.41341920869827853
922,0.10612866697887771,0.31269582580998867,0.21513431766222185,0.10612866697887771,0.2516248472802203
923,0.1655267406639751,0.36474131460242887,0.24342914787690745,0.1655267406639751,0.17871115081882777
924,0.14647529617339178,0.34749894609151843,0.23704729983625333,0.14647529617339178,0.33825720286270744
925,0.1500659579918034,0.36698551322005707,0.26883911045650744,0.1500659579918034,0.25983013945119204
926,0.1372334037513604,0.3250344799841298,0.2016021524655388,0.1372334037513604,0.08767782067782064
927,0.14133952356557367,0.3606986593534147,0.26471827157568206,0.14133952356557367,0.290938122518839
928,0.14657535647253278,0.3563465844758055,0.25254245600654546,0.14657535647253278,0.26781026640675765
929,0.1312808831235326,0.337062310107927,0.23256285396878895,0.1312808831235326,0.312572831215971
930,0.1261338965693805,0.3240734014379815,0.21387900973720203,0.1261338965693805,0.3138470725783626
931,0.14677243589743588,0.36870998531338595,0.2718750988319001,0.14677243589743588,0.31171699550017307
932,0.15982494244820342,0.3497343123350226,0.2218187397736384,0.15982494244820342,0.20250765343134888
933,0.14413761291562557,0.33877323872389953,0.2212712516165479,0.14413761291562557,0.2860212706642449
934,0.16055266949203412,0.36797990944909037,0.2538544799141125,0.16055266949203412,0.21530730050933788
935,0.12999999999999995,0.3054269675094814,0.1708539350189629,0.12999999999999995,0.20210353535353537
936,0.15316848406542635,0.3756429451323839,0.2799489221339151,0.15316848406542635,0.31966662438873156
937,0.09444770293263932,0.28411076738264596,0.17332612890001314,0.09444770293263932,0.21634272835885737
938,0.12980203020302034,0.33248462402613077,0.22436518764622082,0.12980203020302034,0.18513250000000003
939,0.1379716075457208,0.34113518981275953,0.23132716453407748,0.1379716075457208,0.24742660288114837
940,0.14620814674302368,0.35305110319074673,0.24268591289544617,0.14620814674302368,0.1838273479865507
941,0.15810781772508364,0.3632919911369964,0.24936834682382553,0.15810781772508364,0.2177564476976006
942,0.16115180918617633,0.36724937670773405,0.25419513504311547,0.16115180918617633,0.245314816635254
943,0.16767698070792275,0.3865562945762455,0.28275862773664545,0.16767698070792275,0.2926150826499728
944,0.16223143881208388,0.3822069065083496,0.28195093539253135,0.16223143881208388,0.22825590651236677
945,0.1675588972431078,0.3827998863751948,0.278481978264174,0.1675588972431078,0.33767188113861213
946,0.13863969361170803,0.345079454109238,0.23687952099506,0.13863969361170803,0.2555053435114503
947,0.1461372837688627,0.32914601934800436,0.19601747115828333,0.1461372837688627,0.2936557304914303
948,0.17395584964234845,0.3958835134783963,0.2938553276720956,0.17395584964234845,0.21307662573361308
949,0.14972035364212957,0.3890446201844917,0.30864853308472423,0.14972035364212957,0.19376623376623375
950,0.1462081467430236,0.3452284622305209,0.22704063097499455,0.1462081467430236,0.3799072058783491
951,0.11500000000000002,0.3004271337191593,0.18085426743831862,0.11500000000000002,0.18045342551718752
952,0.15110275255800548,0.3630798126280246,0.25995412014003816,0.15110275255800548,0.24398511486846075
953,0.12987799089101296,0.3295208769098827,0.22328577203773947,0.12987799089101296,0.21192047256878102
954,0.12648347973567584,0.33488211390923794,0.23479726834712433,0.12648347973567584,0.23794712836046059
955,0.1471622461400474,0.3467516975970773,0.22817890291405982,0.1471622461400474,0.28263414634146344
956,0.12476690676270515,0.3370819139199087,0.23963001431440714,0.12476690676270515,0.1828984648122815
957,0.1519418002896447,0.36850735378376964,0.2721311069882499,0.1519418002896447,0.1979126180393928
958,0.1743016045978672,0.4049670317853085,0.3143308543748826,0.1743016045978672,0.23181205999387822
959,0.1379743983614952,0.3387030167825478,0.22745723684210528,0.1379743983614952,0.2517373784050814
960,0.1495637923308366,0.333472163267291,0.19981674187290877,0.1495637923308366,0.2504825514983885
961,0.14906311348096912,0.3518604515249849,0.2365946760880316,0.14906311348096912,0.161239920919476
962,0.17291000596689776,0.379708243690055,0.26459647544631454,0.17291000596689776,0.2851799541678419
963,0.18588043718437525,0.42082916789126507,0.33089746141377974,0.18588043718437525,0.3211878027928184
964,0.13508817353812114,0.343054116455484,0.2369318858347257,0.13508817353812114,0.17045716810277656
965,0.19148382732061933,0.42791936464926317,0.3358710746572876,0.19148382732061933,0.2440297619047619
966,0.15690136356899373,0.3660440897388577,0.25928545233972805,0.15690136356899373,0.3378447070756069
967,0.13110215053763444,0.32674141244517463,0.21127852381508044,0.13110215053763444,0.2491593824268904
968,0.12184822854261473,0.31448496631079864,0.19827347553636787,0.12184822854261473,0.04444019707781176
969,0.1517524330875912,0.3766846119764287,0.28486435777767505,0.1517524330875912,0.20490422424691568
970,0.181257932138925,0.3847845654138465,0.26305326654984296,0.181257932138925,0.28886396864404146
971,0.14757401953684485,0.3494212685169527,0.23969449796021575,0.14757401953684485,0.2506249076826665
972,0.14975693302773216,0.3661830171332696,0.26585216821107494,0.14975693302773216,0.22853865421479252
973,0.18469732205778722,0.39474318590355123,0.279091727691528,0.18469732205778722,0.2760541816188198
974,0.17217140387939306,0.3802439761457903,0.2651451445327945,0.17217140387939306,0.1921773399014778
975,0.1479213585862829,0.33878534733121257,0.2147279774898594,0.1479213585862829,0.3011954654861691
976,0.15055128205128207,0.35620985014255346,0.24831713618254275,0.15055128205128207,0.2672501648683158
977,0.11041757581823644,0.32955011961059033,0.24226508758470783,0.11041757581823644,0.15269696969696972
978,0.10924682498730003,0.3291510186376237,0.24580838730064736,0.10924682498730003,0.19199499687304566
979,0.17206071790070854,0.4384068829421094,0.37969233008280173,0.17206071790070854,0.19521895381489815
980,0.15699999999999997,0.37837232555582634,0.28074465111165264,0.15699999999999997,0.262029979908291
981,0.15072342234223432,0.3577310788980045,0.2470153131115405,0.15072342234223432,0.3620158591915199
982,0.08891768513733835,0.279107824142903,0.17638027801112943,0.08891768513733835,0.23422152944560776
983,0.17030471089334043,0.3894321487708078,0.2872548757549348,0.17030471089334043,0.2352671991632197
984,0.16126282051282048,0.37688551382549135,0.2752453866253417,0.16126282051282048,0.16508861845225484
985,0.16905093215452632,0.3755280529468087,0.26095424158456487,0.16905093215452632,0.3111091039338714
986,0.14886491767570004,0.36159459297242225,0.2604593505934445,0.14886491767570004,0.2130289127145111
987,0.10808183273309331,0.2969677614996741,0.1847718575331615,0.10808183273309331,0.2413733739109678
988,0.1472937006360242,0.37306042710496135,0.2805334529378743,0.1472937006360242,0.19488023854703174
989,0.17144710553278678,0.4003383744415489,0.3037825378175242,0.17144710553278678,0.22286849410262188
990,0.1582637362637363,0.37796686655198275,0.283406260576493,0.1582637362637363,0.29764620964175137
991,0.12344005520096601,0.31165085366207657,0.18842159692222107,0.12344005520096601,0.2415102087026636
992,0.15093462074266223,0.3424191712472988,0.21896910100927308,0.15093462074266223,0.26557971014492754
993,0.16870742221741905,0.3846426495474536,0.2798704546600691,0.16870742221741905,0.37547608785282655
994,0.12691562985380533,0.35243495716068607,0.2670386546137614,0.12691562985380533,0.17297187500000002
995,0.13548239823982386,0.3507899201141653,0.2536150437486828,0.13548239823982386,0.15409126643978777
996,0.12101887725876169,0.3030698032866982,0.1811018520558731,0.12101887725876169,0.19129141838880023
997,0.15852979050547752,0.37335372400232125,0.2666478669936874,0.15852979050547752,0.34716260680221406
998,0.17530498049804985,0.3983101123008527,0.2970102636056058,0.17530498049804985,0.2804402884645832
999,0.16444769153141028,0.3955774388866596,0.3072594947104986,0.16444769153141028,0.24710190611332247
1000,0.17445528898582335,0.38625401535440734,0.27659745273716796,0.17445528898582335,0.16704029304029305
1001,0.12242302091501181,0.31813350893139475,0.20542097603276585,0.12242302091501181,0.16126794465879882
1002,0.15349976799628806,0.3821466833047752,0.29329383061697434,0.15349976799628806,0.06586944253971211
1003,0.142681441460976,0.3573716233830175,0.262380363844083,0.142681441460976,0.2846432663493742
1004,0.11885830569791989,0.3162851005758949,0.21285358975595003,0.11885830569791989,0.3042143765903308
1005,0.16835339979396396,0.3904649194547098,0.2862230393214916,0.16835339979396396,0.41807066383908487
1006,0.1415716411462584,0.3531117346420045,0.2510801869914923,0.1415716411462584,0.3735871918430058
1007,0.11203466872110936,0.31000462338393475,0.1999399093256507,0.11203466872110936,0.34597831597831596
1008,0.16106730769230762,0.38613094777485,0.28812728016508465,0.16106730769230762,0.29468038347348685
1009,0.1473268049155146,0.3470472993889116,0.231440988946794,0.1473268049155146,0.24288610038610042
1010,0.14754974477029334,0.3701473638725853,0.27419523820458397,0.14754974477029334,0.2613068118139889
1011,0.13071542008196718,0.3268626001177829,0.21129436007163138,0.13071542008196718,0.3077786749985968
1012,0.15340121595819517,0.36425756729965053,0.26271270268291075,0.15340121595819517,0.31834852085175364
1013,0.1370096038415367,0.34377757744128,0.23953594719948662,0.1370096038415367,0.1790260269190489
1014,0.12570867089949622,0.35363717946209416,0.27185701712519583,0.12570867089949622,0.31431438472892703
1015,0.1398164658345048,0.35324943555095034,0.25586593943289115,0.1398164658345048,0.1899148385492603
1016,0.1263058230096284,0.3390816335644331,0.24355162110960954,0.1263058230096284,0.3071072796934866
1017,0.1659424668940449,0.3790856529891235,0.27228637219015717,0.1659424668940449,0.14397804482963636
1018,0.14146279627962785,0.339095550881348,0.22226550920344024,0.14146279627962785,0.1815634009009009
1019,0.13674007264261512,0.34379221591064624,0.23910428653606222,0.13674007264261512,0.2706651681651681
1020,0.1294411635019702,0.33460408330290026,0.2333258396018602,0.1294411635019702,0.1367574668687892
1021,0.13577976283351545,0.3402706919456082,0.2339818582241856,0.13577976283351545,0.21454540929053978
1022,0.10642727083633344,0.28103371331141525,0.1532128849501636,0.10642727083633344,0.3043291205943834
1023,0.13010196019601963,0.3363307484509245,0.23345757650980967,0.13010196019601963,0.25792766373411535
1024,0.17766733692140363,0.3825406308121876,0.25774658778156795,0.17766733692140363,0.18010081600245534
1025,0.13493157490519847,0.3193856597469773,0.19190816968355756,0.13493157490519847,0.2032382354687996
1026,0.14614427528650634,0.3652071608961882,0.26512577121936387,0.14614427528650634,0.34937421868873486
1027,0.157563236047107,0.37229729391905964,0.2684681157439053,0.157563236047107,0.3060736504896511
1028,0.17427660361957276,0.40324411616603084,0.30893502509291615,0.17427660361957276,0.25030518925518924
1029,0.170451633035157,0.40204709121843035,0.3091909163665466,0.170451633035157,0.2712431511042765
1030,0.141460235014989,0.35430180566386715,0.2496831412977562,0.141460235014989,0.23786621213794554
1031,0.1262525323584706,0.31305824561840484,0.19461142651986854,0.1262525323584706,0.3448197310398267
1032,0.1453350937840088,0.3575634734164389,0.2534567592648602,0.1453350937840088,0.2272914067559737
1033,0.19481384519370784,0.42233524609856743,0.3190428018097191,0.19481384519370784,0.24030214166421063
1034,0.138814903259613,0.3331953561084869,0.21476090569774775,0.138814903259613,0.2035905055691975
1035,0.16430897123588495,0.3868681480990663,0.28811835372636263,0.16430897123588495,0.14682937450364572
1036,0.18852859328870897,0.4096107579073645,0.30316432923731107,0.18852859328870897,0.2289784778954912
1037,0.12956200620062003,0.3355528674694881,0.23098172253773602,0.12956200620062003,0.22225342225342223
1038,0.15696760929158843,0.3838831199962174,0.28883102140925787,0.15696760929158843,0.3352264884873581
1039,0.10273880695522787,0.27822469399666416,0.15297177408287266,0.10273880695522787,0.14289117001616997
1040,0.15526094704378812,0.38230630908945507,0.2910907240913339,0.15526094704378812,0.25831807081807084
1041,0.1259637770550634,0.34002104777812725,0.2421145414461277,0.1259637770550634,0.2688050710077409
1042,0.11678484513938048,0.3331538038039274,0.24373791732909378,0.11678484513938048,0.21934597727101682
1043,0.13679443716726952,0.3539869465617489,0.26138501878895865,0.13679443716726952,0.22802715324267053
1044,0.175,0.40294096503091326,0.30588193006182657,0.175,0.28711220492054246
1045,0.12246003416669668,0.30018274082385066,0.17144541331430793,0.12246003416669668,0.3323173553719009
1046,0.12707406663990362,0.3246525326955388,0.2081569321112703,0.12707406663990362,0.27775305895439373
1047,0.15881433159373748,0.37823127122160277,0.28183387925573056,0.15881433159373748,0.18169448711384195
1048,0.17891711101503577,0.40453833636219705,0.3062424506943225,0.17891711101503577,0.317955189999033
1049,0.18152296491115527,0.408919325089732,0.31179272035715344,0.18152296491115527,0.29827750410509035
1050,0.13977090836334533,0.33592634991903114,0.21731088311137164,0.13977090836334533,0.2555892781030576
1051,0.13153251413832334,0.3356097626431142,0.23215449700958177,0.13153251413832334,0.24146153846153845
1052,0.14763088640719596,0.3595802550210383,0.2568987372276846,0.14763088640719596,0.3383041111266918
1053,0.14433025588921208,0.3538574791152573,0.2490544464520904,0.14433025588921208,0.30984516207755797
1054,0.15753123399897598,0.38469502559720165,0.29332758319645136,0.15753123399897598,0.22548809719001556
1055,0.14429425459316544,0.3378307200264663,0.2170729308666018,0.14429425459316544,0.24844647254816749
1056,0.1490943021735973,0.37240780606381757,0.2726270077804405,0.1490943021735973,0.274545165945166
1057,0.20521938908206258,0.4393623067016383,0.33928583523915135,0.20521938908206258,0.28028047921071175
1058,0.1577015012864168,0.3468081816464439,0.21521336072005415,0.1577015012864168,0.21716828736914817
1059,0.13067853483606567,0.31977856365992874,0.2002000576477262,0.13067853483606567,0.31454900870248
1060,0.13174888499554005,0.33909193599680626,0.23568610200253243,0.13174888499554005,0.22932281833841162
1061,0.14799358974358964,0.36300024407996534,0.25901330867275135,0.14799358974358964,0.2997980506822612
1062,0.15969548872180458,0.375611638224046,0.2748322990044828,0.15969548872180458,0.19678437333959975
1063,0.14045342430648977,0.34983618485453893,0.24376552109609834,0.14045342430648977,0.3861945542380325
1064,0.14641097527714947,0.3308748687889635,0.2039277870236281,0.14641097527714947,0.24531307517194614
1065,0.13926460745224262,0.33002984300971827,0.20953047111495138,0.13926460745224262,0.2296257523287843
1066,0.15883388338833881,0.38176085210462796,0.2858539374325782,0.15883388338833881,0.22528544180899063
1067,0.1330869001297017,0.3414377674761806,0.23670173469295785,0.1330869001297017,0.2606519756686609
1068,0.14242086849022417,0.3626855430493682,0.2675293491182881,0.14242086849022417,0.22475516178033345
1069,0.13497427035330264,0.35378871156798597,0.2616288824293666,0.13497427035330264,0.3168908339722293
1070,0.1488129234549522,0.37419382041875404,0.2817617939276037,0.1488129234549522,0.18461714689265546
1071,0.1605527900570184,0.37867014015419664,0.27923470019435653,0.1605527900570184,0.3958379964622214
1072,0.15914462720657935,0.3596825748643657,0.24007589531557266,0.15914462720657935,0.23116114215619465
1073,0.14167571721311473,0.3449666357685306,0.2325818371108317,0.14167571721311473,0.24879382900420666
1074,0.13318688874755502,0.3396090529459171,0.23484432839672417,0.13318688874755502,0.0685992787919765
1075,0.12136538461538468,0.33000375666077403,0.2282767440907787,0.12136538461538468,0.29985309991409703
1076,0.17864071837100876,0.4009913015786283,0.294701166415239,0.17864071837100876,0.3024847435065333
1077,0.11419230769230775,0.3284065460968684,0.24142847680912138,0.11419230769230775,0.34283355838728535
1078,0.13240825805624956,0.34347177315633826,0.24112703020017734,0.13240825805624956,0.21437908496732028
1079,0.1623586286594762,0.36684435224798806,0.2549714471770238,0.1623586286594762,0.34160690486959155
1080,0.13893241240351079,0.35501458847008627,0.2551643521331511,0.13893241240351079,0.21375671487603304
1081,0.1649375750300119,0.37418612761532544,0.26049710517062696,0.1649375750300119,0.19846413565232163
1082,0.14555915114269258,0.36430981964086107,0.26650133699633705,0.14555915114269258,0.24884032679738566
1083,0.08742319852219313,0.25711096358394914,0.12737553012351194,0.08742319852219313,0.24935449735449733
1084,0.1295939849624061,0.3159216393532923,0.1966553087817725,0.1295939849624061,0.35791761545060635
1085,0.15199301852652486,0.3758363944696608,0.27968675188627184,0.15199301852652486,0.24884691567628747
1086,0.16432761521094344,0.3996906108104844,0.30772599119908206,0.16432761521094344,0.33562858679257657
1087,0.14866795954064954,0.3740956644295606,0.2808554097778222,0.14866795954064954,0.3024802148106275
1088,0.12079085788353525,0.33454226230781403,0.24050280884855751,0.12079085788353525,0.38249676249676245
1089,0.1508464347491832,0.3678437494304519,0.2699946293625374,0.1508464347491832,0.24283302883859811
1090,0.11007605925070943,0.3154831510904973,0.22181418367957578,0.11007605925070943,0.24695745257452578
1091,0.13739291136400975,0.3482529069325567,0.24371999113709408,0.13739291136400975,0.23293401599018954
1092,0.17624477029326396,0.3887540498947809,0.2780185592030339,0.17624477029326396,0.2936573578926519
1093,0.10977522349424391,0.3181021948940361,0.22665394279958445,0.10977522349424391,0.32848763900376804
1094,0.16281725420413926,0.36678022262615745,0.2529259368440364,0.16281725420413926,0.21285085818492058
1095,0.12524886699546792,0.34023182976473465,0.24696592553853344,0.12524886699546792,0.3065457271364318
1096,0.14692925381254907,0.33841591787358594,0.21497332812207376,0.14692925381254907,0.2024945739030909
1097,0.13706991770386995,0.3351778859722111,0.22221593653668226,0.13706991770386995,0.32761995438528857
1098,0.1443715486194478,0.33212960169824074,0.20651610615758587,0.1443715486194478,0.09004255548373195
1099,0.14696370341925477,0.3569365441417507,0.2509456814449918,0.14696370341925477,0.22423305084745768
1100,0.15818717264393653,0.3644622210656449,0.25255009684341667,0.15818717264393653,0.3482866006872716
1101,0.16583097532390123,0.3876826123456721,0.2877032740435417,0.16583097532390123,0.1938148135832437
1102,0.16197409740974095,0.38542633277371097,0.28890447072793995,0.16197409740974095,0.3233789592760181
1103,0.16795449544954494,0.370905574080039,0.251902157260988,0.16795449544954494,0.2833840462090812
1104,0.13555557688923028,0.3583650267314318,0.2696188996844031,0.13555557688923028,0.2098236239790115
1105,0.1504917358677739,0.3496839866949776,0.23238450165440744,0.1504917358677739,0.23950379609302488
1106,0.1457218045112783,0.35829827895814914,0.2591529488937417,0.1457218045112783,0.18653557039653867
1107,0.11280455942622956,0.313128560542148,0.20764800223183683,0.11280455942622956,0.31585858585858584
1108,0.1328640204189404,0.3508765982182032,0.2570251555985256,0.1328640204189404,0.2658543462047136
1109,0.17846482765551203,0.391129383809691,0.2823291123083579,0.17846482765551203,0.35793029871977244
1110,0.1324982078853047,0.3402153138360408,0.23643421190147224,0.1324982078853047,0.21313150831991423
1111,0.12253145314531458,0.3397958135013313,0.25052872071203347,0.12253145314531458,0.29265797852798303
1112,0.16506730769230762,0.38935944010839024,0.29458426483216515,0.16506730769230762,0.26293846134269855
1113,0.1354995994809273,0.35239481065495787,0.25479042234806115,0.1354995994809273,0.1334124417774116
1114,0.13512005032181168,0.34587804757462076,0.24451599450561823,0.13512005032181168,0.13934828807556082
1115,0.14050000000000004,0.35421474418600285,0.25442948837200563,0.14050000000000004,0.050742235839600136
1116,0.16241636654661862,0.394718620294723,0.3076045074962087,0.16241636654661862,0.30141906772578225
1117,0.16280749226848457,0.37235340348426,0.2600918224315508,0.16280749226848457,0.19147233902018593
1118,0.13632997821647927,0.35724179428721575,0.261823632141473,0.13632997821647927,0.2599471755169247
1119,0.14597258903561428,0.34383878922886046,0.2247324003864924,0.14597258903561428,0.36925656828528586
1120,0.15945135688684084,0.3702783336022182,0.26065395343075476,0.15945135688684084,0.3367612147417572
1121,0.16588782051282047,0.36827609323186206,0.2517765454380832,0.16588782051282047,0.10680418628316865
1122,0.13305648053278693,0.3428862846162708,0.23965960816696769,0.13305648053278693,0.3229307967402249
1123,0.170631393636771,0.3736139332367634,0.2519650791999848,0.170631393636771,0.20279411764705885
1124,0.13961024409763906,0.34136009048547866,0.2314996927756791,0.13961024409763906,0.2988296763252968
1125,0.14634686217595838,0.32065277456669583,0.1816118247814749,0.14634686217595838,0.2696131758936636
1126,0.09384876142896036,0.28524938670791383,0.180801250557907,0.09384876142896036,0.18678427157812166
1127,0.13298224822482252,0.35211664946240595,0.2592688024751668,0.13298224822482252,0.3336719187675069
1128,0.16641478696741843,0.40346563741569813,0.3151017008965593,0.16641478696741843,0.2622931096681097
1129,0.13085742167951162,0.34555316064812697,0.2523914779372307,0.13085742167951162,0.3270560445796807
1130,0.16342651104677014,0.3897701823467842,0.2976873426000282,0.16342651104677014,0.24696977357014732
1131,0.1364435910974576,0.34241458532423635,0.2359419884535575,0.1364435910974576,0.34263000835421886
1132,0.1506875887929759,0.34827813924059425,0.22718110089523685,0.1506875887929759,0.18824138573291113
1133,0.15241374184060685,0.3619093018402929,0.2569911199993722,0.15241374184060685,0.25844369134515127
1134,0.14268314549180333,0.33917138484666365,0.22297647870972076,0.14268314549180333,0.19952362707535118
1135,0.15283448402982863,0.3629786964448631,0.25828842483006886,0.15283448402982863,0.23259472258420957
1136,0.14949999999999997,0.3772886015880568,0.2885772031761137,0.14949999999999997,0.21869766631835597
1137,0.15731283939476953,0.37376805113271805,0.27791042347589706,0.15731283939476953,0.26287723135016877
1138,0.19920868781903708,0.4271611702793872,0.3239049649207002,0.19920868781903708,0.16786946867799687
1139,0.14177491109964435,0.3434273768473714,0.23130493149545406,0.14177491109964435,0.26577996211400245
1140,0.1274434950959216,0.3198136961165212,0.20274040204119925,0.1274434950959216,0.24290119273515853
1141,0.12838839249971984,0.3568539608080055,0.2739311366165714,0.12838839249971984,0.3595933887894762
1142,0.15267160966756196,0.37146013513562015,0.2675770509361163,0.15267160966756196,0.25550324412003245
1143,0.14048658737112468,0.3399162003382292,0.22485922593420904,0.14048658737112468,0.21402243498565776
1144,0.13591478696741852,0.3541553872141136,0.2564812004933902,0.13591478696741852,0.2813972837662158
1145,0.18973084498246623,0.41459336552379156,0.31172504108265064,0.18973084498246623,0.16961983471074385
1146,0.1567928205354246,0.3610760640835044,0.2495664870961597,0.1567928205354246,0.2100724290505312
1147,0.14650000000000005,0.3628955035249981,0.2637910070499961,0.14650000000000005,0.29736930570527403
1148,0.1859356935693569,0.41235258095433014,0.3108337747699465,0.1859356935693569,0.21682656258736632
1149,0.1424809404830547,0.3475401281422164,0.24011837531832347,0.1424809404830547,0.31829059829059825
1150,0.18055075392851255,0.4047904673017787,0.3074794267465323,0.18055075392851255,0.19159573520504503
1151,0.20079240005786758,0.4231328897135577,0.3166809793113803,0.20079240005786758,0.334053724053724
1152,0.15630872602723278,0.3567851890898683,0.23995292612527097,0.15630872602723278,0.2604511278195489
1153,0.12721153846153843,0.3465103285945186,0.25359758026596024,0.12721153846153843,0.3368746950424768
1154,0.12368421052631585,0.3082400295473995,0.1891116380421673,0.12368421052631585,0.3207854704147076
1155,0.13409230923092316,0.34472338190379104,0.24326214534573581,0.13409230923092316,0.22886212608659784
1156,0.13105161372950816,0.3680233134135593,0.2929433993681023,0.13105161372950816,0.20469202898550723
1157,0.1438836701387221,0.34500717176936435,0.23124700326128433,0.1438836701387221,0.16426133631874473
1158,0.11224052254098366,0.2977531286542029,0.1770252122264385,0.11224052254098366,0.2568428963574949
1159,0.16260421042104198,0.3915998063328303,0.2989911918235766,0.16260421042104198,0.2817323514247259
1160,0.11195120389344272,0.32780376994856736,0.24170513211024935,0.11195120389344272,0.1890839718485638
1161,0.13253154450471216,0.35312915979264997,0.2631952305758757,0.13253154450471216,0.3023809930809931
1162,0.14153116843605396,0.3466516996829493,0.2362410624937907,0.14153116843605396,0.37304931554931553
1163,0.1215382500521009,0.3334623549079704,0.23484820971173892,0.1215382500521009,0.2702233371738016
1164,0.17626776218848103,0.3901071945479746,0.2806788647189872,0.17626776218848103,0.24004415954415953
1165,0.15643522785458272,0.3739056108320864,0.2719407659550074,0.15643522785458272,0.3013069589914686
1166,0.12700746507497085,0.3358613275706262,0.2347077249913107,0.12700746507497085,0.16591646591646597
1167,0.13639267418032797,0.3281221136035174,0.20945887884637887,0.13639267418032797,0.22064663081303387
1168,0.16533960573476694,0.39400390615978464,0.3003286008500354,0.16533960573476694,0.22705327256646904
1169,0.14872681704260654,0.3501725718105933,0.23889150953597355,0.14872681704260654,0.12297893072606897
1170,0.1603239823982398,0.3752736481260979,0.2708993314557162,0.1603239823982398,0.35179253731343285
1171,0.14140218647871333,0.3650040549286738,0.27520373689992106,0.14140218647871333,0.14504232804232803
1172,0.12843468237704922,0.32930935459307753,0.21874934443205657,0.12843468237704922,0.3516181892914566
1173,0.1321220732567836,0.3417035030573064,0.23716285960104563,0.1321220732567836,0.22779005592521534
1174,0.11821084884339539,0.31557275935175216,0.20672382101671355,0.11821084884339539,0.28585938832214897
1175,0.1309199351176642,0.333035006881096,0.2252301435268636,0.1309199351176642,0.27352944326628537
1176,0.20710977795200625,0.43986060928708987,0.33650166267016723,0.20710977795200625,0.22733007733007732
1177,0.11171509140178769,0.31191902458945675,0.20640786637533823,0.11171509140178769,0.17996498559548416
1178,0.1447719637440444,0.3708571165244269,0.2791703055607648,0.1447719637440444,0.23937356651087988
1179,0.16244364754098356,0.37227913472721236,0.25967097437245756,0.16244364754098356,0.2239335711858648
1180,0.1348495398159263,0.3304881867186689,0.21327729380548524,0.1348495398159263,0.24046772352984191
1181,0.118701923076923,0.33516200884122566,0.24292017152860523,0.118701923076923,0.3072941707712049
1182,0.13317252866935736,0.34846457916233364,0.2505841009859525,0.13317252866935736,0.2668407607418484
1183,0.14092784862295377,0.35107111911619215,0.24628654098647673,0.14092784862295377,0.34621463077984815
1184,0.12850000000000003,0.34926820617687826,0.2605364123537565,0.12850000000000003,0.28793517581873207
1185,0.14005962495399932,0.3379575774092623,0.22279590491052606,0.14005962495399932,0.2393991388618229
1186,0.11483302927373774,0.31191825878903023,0.205170459030585,0.11483302927373774,0.19829009370676035
1187,0.1800379897839906,0.4042930403687254,0.3035101011694695,0.1800379897839906,0.16306811541319288
1188,0.15023575886575996,0.3715385392089706,0.27260556068642133,0.15023575886575996,0.18439021229085173
1189,0.15487852762699458,0.3929549033821691,0.31215275151034905,0.15487852762699458,0.36237539273108105
1190,0.1250434646954352,0.3366258494232554,0.24016476945564044,0.1250434646954352,0.33533984397954986
1191,0.10493758977908843,0.2813269615342537,0.1577787435103305,0.10493758977908843,0.22142316575753107
1192,0.16144757049648129,0.38329318453156896,0.28769122807017544,0.16144757049648129,0.3856922162804516
1193,0.15220395621279048,0.35013398685708375,0.2318600612885866,0.15220395621279048,0.3515375726115437
1194,0.15157367787163045,0.3732434494314503,0.27933954311963977,0.15157367787163045,0.3215785104364326
1195,0.17233970296395876,0.3796470173881235,0.26161462884832953,0.17233970296395876,0.15644519947485463
1196,0.1642604923995374,0.3850434905257244,0.285565996252374,0.1642604923995374,0.24561643971673475
1197,0.13225000900291697,0.35301740920518737,0.26153480040454086,0.13225000900291697,0.2342983532983533
1198,0.17814932326736033,0.4002513657047596,0.29720408487479855,0.17814932326736033,0.24516553378648542
1199,0.11228291316526615,0.31857314226414735,0.2225804581977624,0.11228291316526615,0.14682750336344416
1200,0.14049823954932456,0.3482583759308876,0.2415202727631261,0.14049823954932456,0.15447383110228957
1201,0.12353144850317617,0.32718526457680774,0.22330763214726326,0.12353144850317617,0.15463850586540434
1202,0.16519277293982587,0.3684903125600114,0.24959507924037108,0.16519277293982587,0.21240421455938696
1203,0.16202041187934957,0.3848392898603883,0.2886377559620774,0.16202041187934957,0.36084601350118584
1204,0.12599650394508954,0.3289438599288772,0.2268947119675753,0.12599650394508954,0.26199694656488554
1205,0.1724359749755995,0.39146627336665113,0.28606059678210316,0.1724359749755995,0.25546223161314624
1206,0.17156396102337643,0.3967816953643866,0.2984354686820204,0.17156396102337643,0.22532573868256986
1207,0.15469487795118037,0.37450944265449587,0.2746291294066309,0.15469487795118037,0.2757427236794826
1208,0.13258754540072648,0.31703494628297135,0.19089480176448986,0.13258754540072648,0.31243412897693995
1209,0.150855410257334,0.37872678328290243,0.2917427460511369,0.150855410257334,0.38569824973650113
1210,0.14329844440176687,0.3420565399454053,0.22751619108727691,0.14329844440176687,0.21410186314505614
1211,0.12075221648509535,0.3382671478500267,0.2550298627298627,0.12075221648509535,0.19440245478036172
1212,0.1320518479362143,0.3574266629319587,0.26874962999148877,0.1320518479362143,0.3438112573331219
1213,0.13509230923092308,0.3145859091711715,0.1829871998804969,0.13509230923092308,0.2548736263736263
1214,0.1481773615400619,0.3578857329964552,0.25241674291278676,0.1481773615400619,0.21443849469496026
1215,0.13642759084145353,0.3366234901573843,0.22439179863186154,0.13642759084145353,0.1348029306269168
1216,0.13449999999999995,0.31540876045120303,0.18481752090240616,0.13449999999999995,0.24168595666258455
1217,0.17259670733317595,0.3813398214453972,0.26448622822444245,0.17259670733317595,0.15231106612685563
1218,0.1714585358810222,0.39689467444791593,0.29487227713378744,0.1714585358810222,0.3933866434883384
1219,0.1467114154374258,0.34218465847516116,0.22094648607547077,0.1467114154374258,0.23493315508021392
1220,0.15237789441679597,0.38392100208015156,0.2970862153267111,0.15237789441679597,0.22947776417788665
1221,0.12929431403192299,0.3319417581847952,0.21929488830574437,0.12929431403192299,0.181215589032408
1222,0.1657809938524589,0.3844966539550909,0.2794313202052639,0.1657809938524589,0.16842834168755225
1223,0.12145943135090159,0.3317748765938344,0.23463089048586566,0.12145943135090159,0.2547349545878958
1224,0.15345394188209638,0.3610963740688256,0.2482848643734585,0.15345394188209638,0.3088892545810751
1225,0.14519270593326625,0.3575762194542713,0.25176702704201004,0.14519270593326625,0.11873333333333333
1226,0.12729429892141764,0.32687350463164394,0.22115841142045262,0.12729429892141764,0.2764221824686941
1227,0.1803082437275985,0.40999902815975675,0.3123815688643165,0.1803082437275985,0.2860925173248727
1228,0.18583128937623247,0.4014801261231006,0.29129767349373625,0.18583128937623247,0.20842214735105027
1229,0.12416796629253994,0.3312517385661588,0.22716754454723762,0.12416796629253994,0.2757613142207903
1230,0.10939530232483716,0.3042978832289428,0.19580516180821123,0.10939530232483716,0.2877341156169112
1231,0.16625320512820502,0.39168462170580054,0.2918628331551909,0.16625320512820502,0.1641448583131654
1232,0.15309443777510992,0.3782852184963143,0.28438156144240867,0.15309443777510992,0.32793883765188103
1233,0.16704507060287532,0.3603548849743218,0.23261962874289288,0.16704507060287532,0.3209085090107817
1234,0.1325196103537547,0.32820683563201397,0.21437445055651855,0.1325196103537547,0.2540129712613083
1235,0.15310069062155943,0.3760101718824182,0.28381896252171757,0.15310069062155943,0.18065517241379314
1236,0.13309300901636395,0.33489493573893137,0.22760385344513495,0.13309300901636395,0.23815816899150227
1237,0.1389756755016978,0.3403768114585556,0.2238022719137156,0.1389756755016978,0.2413197226502311
1238,0.14221091284365137,0.35574469741325826,0.25506756913921375,0.14221091284365137,0.20556240333770923
1239,0.12785016548009237,0.3355919496884586,0.23248356841673246,0.12785016548009237,0.33100354321354325
1240,0.18766292740394053,0.4046593298850631,0.2889928049622451,0.18766292740394053,0.33759038456953483
1241,0.15370557717250333,0.35466491542637796,0.23591867650774936,0.15370557717250333,0.12257114854446728
1242,0.14269167667066823,0.35782126356355715,0.25725917378577773,0.14269167667066823,0.22904228243021346
1243,0.15433473389355734,0.3723261682132305,0.2709828686393463,0.15433473389355734,0.19249371421547587
1244,0.16235817342374825,0.3842304755132161,0.28274460417893554,0.16235817342374825,0.29037474969474975
1245,0.15211812108492606,0.35973340518341124,0.2532305681969703,0.15211812108492606,0.3493969810146281
1246,0.11228739754098367,0.3039327335829703,0.1932906720839733,0.11228739754098367,0.30718813851698623
1247,0.148757340532567,0.36837581671311215,0.2742369523610903,0.148757340532567,0.2453268969001448
1248,0.14464301430143026,0.35850357373138775,0.25672111885991505,0.14464301430143026,0.18573809523809523
1249,0.10926682506730029,0.3177104906492608,0.22288733116392107,0.10926682506730029,0.22210580754243464
1250,0.14495209124865738,0.3564545848051994,0.25000498711308405,0.14495209124865738,0.25794027154991145
1251,0.15340002562624133,0.3671287987648674,0.2654575462772522,0.15340002562624133,0.28673076923076923
1252,0.17127982590885815,0.37836460792297333,0.2621695640282304,0.17127982590885815,0.3212555091966856
1253,0.13150000000000003,0.329221153714906,0.21644230742981202,0.13150000000000003,0.16770681681681684
1254,0.14993973503576055,0.3492091711670543,0.2315388722625874,0.14993973503576055,0.2844676690609705
1255,0.1440013144217146,0.3574983689412454,0.25999410903906156,0.1440013144217146,0.2576045023853177
1256,0.16183465072938757,0.37166736091827823,0.25766542037778123,0.16183465072938757,0.2564145553899652
1257,0.15546054226628409,0.3473331171937837,0.2197451498549991,0.15546054226628409,0.32230972730972723
1258,0.1160347372765559,0.31173002772997005,0.2053905809068284,0.1160347372765559,0.20321915900863266
1259,0.14503298846573928,0.3688939985076535,0.2787220200838284,0.14503298846573928,0.2812389947089947
1260,0.144342144854933,0.36065032110598727,0.26361635250210846,0.144342144854933,0.35502222222222224
1261,0.10167948717948726,0.28856236982360806,0.1777657652882416,0.10167948717948726,0.23923496240601505
1262,0.12066025641025642,0.32370726002996963,0.22209400723942646,0.12066025641025642,0.2940173080776166
1263,0.13941382629192522,0.3411636545384779,0.2284996564931053,0.13941382629192522,0.2204645427805662
1264,0.1694419945237066,0.39806382858561473,0.30124366812381626,0.1694419945237066,0.290785780261349
1265,0.1513023821721311,0.38247863627284245,0.2983525082014227,0.1513023821721311,0.1606850682126273
1266,0.16468576240943214,0.3990886791654126,0.31080583351196084,0.16468576240943214,0.17536972856620947
1267,0.19116794797873013,0.41762485982896796,0.3119138237004756,0.19116794797873013,0.26837436612013776
1268,0.1654147629314655,0.3757991134195131,0.26476870097609523,0.1654147629314655,0.22970702508960578
1269,0.17211704785700566,0.3701440126488085,0.24605392958360578,0.17211704785700566,0.23062428337428345
1270,0.14649117627054903,0.345982349463118,0.23098234638513804,0.14649117627054903,0.2570336013193156
1271,0.12200620248099237,0.3363122445646718,0.24161208416735874,0.12200620248099237,0.21514692347948486
1272,0.1304864241803279,0.33288746182111645,0.22680207528157711,0.1304864241803279,0.262901279251525
1273,0.15849274457793727,0.3747828893999494,0.27258028964402425,0.15849274457793727,0.29573034933697123
1274,0.13988135050291495,0.3791050161037157,0.3024473312016015,0.13988135050291495,0.2176984126984127
1275,0.1488833621407081,0.36614060878037114,0.26851449327932614,0.1488833621407081,0.23338110201825701
1276,0.1396261585417075,0.3349983336293783,0.21674435017534166,0.1396261585417075,0.21840537804506466
1277,0.16246419641964188,0.3778458529935319,0.2717633131477799,0.16246419641964188,0.19294382985671715
1278,0.13687839221710196,0.32949309372505153,0.2092294030158991,0.13687839221710196,0.4222584795321638
1279,0.16579517850570472,0.37683224188398823,0.265074126756567,0.16579517850570472,0.24994643827005075
1280,0.15749663348242193,0.36002566128273844,0.24005805560063298,0.15749663348242193,0.2001718762427424
1281,0.14969416217690795,0.35772131126535384,0.25305429817689185,0.14969416217690795,0.3106356586066159
1282,0.13560241024102407,0.33816866594523787,0.2281325114084275,0.13560241024102407,0.1978486699843005
1283,0.16951536339726733,0.3738418802132214,0.25865303363190806,0.16951536339726733,0.2673186391155141
1284,0.1485957079011721,0.37641336128279257,0.2826353067632409,0.1485957079011721,0.1772872735372735
1285,0.17882072829131648,0.4110169170068275,0.318392377431022,0.17882072829131648,0.25047031882582615
1286,0.11600336805388888,0.3309192746459135,0.24083181318404923,0.11600336805388888,0.21374621459423246
1287,0.12398163444604465,0.3204332452799461,0.20490322166780284,0.12398163444604465,0.14168772898951015
1288,0.1515022405901221,0.3620006661220371,0.2529968510638298,0.1515022405901221,0.19702972709551658
1289,0.17385250381673278,0.39944762128019995,0.2971902349269344,0.17385250381673278,0.2944247307339067
1290,0.16572386787810403,0.3862920835860493,0.28413643141589046,0.16572386787810403,0.2779274792426564
1291,0.1366980891312088,0.360471233438158,0.27154628861389846,0.1366980891312088,0.3387104553916257
1292,0.1146777285780751,0.3042523143649162,0.18414917157368216,0.1146777285780751,0.31515844324381587
1293,0.1342528910115641,0.33733675625073734,0.2291677304783465,0.1342528910115641,0.28386531476997584
1294,0.1660077275145929,0.36845378893261305,0.2498921228360403,0.1660077275145929,0.3212459038545995
1295,0.1759102220019262,0.41506130048094125,0.32330215695803005,0.1759102220019262,0.26140311071338657
1296,0.0929423558897243,0.2892654586933727,0.18464620560729683,0.0929423558897243,0.21611668811668808
1297,0.10231724742090714,0.2738936466921338,0.14515279854245328,0.10231724742090714,0.20485338146555537
1298,0.17569117175988214,0.39226110235925626,0.2861398611987482,0.17569117175988214,0.25970665958366806
1299,0.19610097886861372,0.41106983821652265,0.2959377186958179,0.19610097886861372,0.3172679159574321
1300,0.13924690498761996,0.3449722902861019,0.23745077059696384,0.13924690498761996,0.2650039771529335
1301,0.13249820788530473,0.34006687017565135,0.23613732458069328,0.13249820788530473,0.191038808509511
1302,0.14285500782378666,0.36783105094170904,0.2769520862358447,0.14285500782378666,0.14738273576632774
1303,0.1705645544027023,0.3911410377666563,0.2941529667279081,0.1705645544027023,0.19633755898056748
1304,0.1477589270357081,0.33954696846555626,0.2155760828596963,0.1477589270357081,0.09628865136257617
1305,0.12758698418287517,0.3179581891500407,0.19774240993433098,0.12758698418287517,0.3236595465919828
1306,0.12459400182636697,0.31793566330445877,0.20068332295618369,0.12459400182636697,0.13742472499536335
1307,0.11857644110275693,0.3105604930320257,0.19996810385853753,0.11857644110275693,0.12408416156464128
1308,0.17558883669521955,0.39336704831756375,0.2835564232446883,0.17558883669521955,0.29319996593167796
1309,0.1674294871794872,0.3899714372156648,0.2930839000723552,0.1674294871794872,0.44122727112828075
1310,0.14200000000000004,0.3463858951175407,0.23677179023508138,0.14200000000000004,0.3510363028784081
1311,0.1343289162025479,0.3277761248316582,0.21089441725822067,0.1343289162025479,0.3017789111309448
1312,0.11443269230769229,0.3222651727747331,0.22866496093408167,0.11443269230769229,0.3421959541062802
1313,0.11271218527772446,0.3095698201095306,0.20471526966361234,0.11271218527772446,0.23171118155650983
1314,0.12126685706742829,0.3194960664647849,0.21045841879471322,0.12126685706742829,0.22355844999704652
1315,0.15204182955277512,0.3566676357313617,0.2452516123571731,0.15204182955277512,0.22210395269218802
1316,0.12827943223824237,0.336568866625964,0.23657886877544335,0.12827943223824237,0.1454245471749121
1317,0.12773103085399673,0.33071349782191295,0.22296493393583247,0.12773103085399673,0.3633557327962276
1318,0.14558824282786886,0.37198949106301193,0.2848024964702862,0.14558824282786886,0.23120684193854923
1319,0.1623166961006923,0.3921716363939656,0.29870988058654646,0.1623166961006923,0.05885313923549221
1320,0.14560913571554313,0.34086109506071616,0.22150391869034614,0.14560913571554313,0.37743156825019564
1321,0.14132473035439125,0.3404525082725529,0.22125555583632328,0.14132473035439125,0.3305393772893773
1322,0.132925205361003,0.3573111564290846,0.2727719021361632,0.132925205361003,0.3319042140296003
1323,0.1623460341150533,0.3813641592938009,0.2810362503574952,0.1623460341150533,0.2763448163503781
1324,0.1457703077310784,0.35396851410293095,0.2463964127437051,0.1457703077310784,0.35306433995123643
1325,0.17389999039984638,0.393817725078648,0.2888354693576032,0.17389999039984638,0.1959223089407174
1326,0.1709331180201876,0.40311616494297325,0.30836609384557134,0.1709331180201876,0.17640914922244122
1327,0.11533230966833266,0.3135253725424353,0.2053861257482053,0.11533230966833266,0.28495059864271055
1328,0.1506657143200606,0.3762028279731753,0.2810742273062293,0.1506657143200606,0.3557083564281407
1329,0.13768603846353888,0.32563494001712795,0.20189780310717817,0.13768603846353888,0.26433522644531815
1330,0.14295865335381466,0.36131573743238277,0.2647141681571362,0.14295865335381466,0.1869266272959415
1331,0.1424516552264837,0.3512063156233995,0.24550932079383161,0.1424516552264837,0.2751691047547014
1332,0.16654280354092751,0.36902832628946214,0.24897104549706933,0.16654280354092751,0.16817333641761123
1333,0.10722682132486244,0.3134833059173319,0.22251296918493896,0.10722682132486244,0.186234949832776
1334,0.12850000000000003,0.3297061934900543,0.22141238698010857,0.12850000000000003,0.27677289926265347
1335,0.1554999999999999,0.3705059059068818,0.26701181181376377,0.1554999999999999,0.15956819609321024
1336,0.15473452244280791,0.3592330920895612,0.24499713929350664,0.15473452244280791,0.19800856769797148
1337,0.11624934332756745,0.307139989690731,0.1897812927263271,0.11624934332756745,0.2681527721111564
1338,0.11776139856557383,0.3102647548991381,0.19900671266712858,0.11776139856557383,0.3449767518742967
1339,0.15975495901983616,0.3709927759950872,0.26247563395050205,0.15975495901983616,0.22762875508330052
1340,0.0987872367745249,0.2951959900585409,0.1878175065680321,0.0987872367745249,0.31918788766788764
1341,0.1271367612425704,0.31124060497940326,0.1892076874736658,0.1271367612425704,0.2707329305808007
1342,0.13783361688606813,0.35145554640051657,0.24724385902889695,0.13783361688606813,0.32718460262448523
1343,0.1517537362105323,0.3552422733699088,0.24297707431875312,0.1517537362105323,0.2760199743895395
1344,0.130195256270229,0.3395895362754174,0.2377885600103768,0.130195256270229,0.22242984419324027
1345,0.15046204113011727,0.3619025150914549,0.25888094792267524,0.15046204113011727,0.25645572855047094
1346,0.12152601040416176,0.32506349971454535,0.2200749786207672,0.12152601040416176,0.3902513149638885
1347,0.13482348323427165,0.3479580300932891,0.25226909371803485,0.13482348323427165,0.40346831775253333
1348,0.14104819173490238,0.34266977746490396,0.23024317146000312,0.14104819173490238,0.20656798245614033
1349,0.15209988357718118,0.36865758830494694,0.2691154094555316,0.15209988357718118,0.3962361476389014
1350,0.15737739627639352,0.36325501610295013,0.2487552396531132,0.15737739627639352,0.42402338421044194
1351,0.13002722333577382,0.32194993109220477,0.2028454155128619,0.13002722333577382,0.217614397159256
1352,0.13015162983469625,0.31080747499186157,0.1823116903143306,0.13015162983469625,0.25994330615000955
1353,0.13211811793755596,0.3495343929575309,0.25283255003995,0.13211811793755596,0.21132952656390158
1354,0.12363578704593513,0.33089671806838844,0.23252186204490663,0.12363578704593513,0.4204158234589269
1355,0.12564866056575716,0.3326140485750737,0.22793077601863315,0.12564866056575716,0.16497874893984732
1356,0.1446491414763726,0.34650830602974036,0.23271832910673546,0.1446491414763726,0.2762392360179971
1357,0.1343609243966455,0.33020017103852173,0.21567849328375238,0.1343609243966455,0.21701906049776232
1358,0.13323888895555575,0.3505377315746405,0.25659768523816956,0.13323888895555575,0.2587487796423236
1359,0.11202730245646064,0.31320217814836415,0.20834975138380707,0.11202730245646064,0.3012552934059286
1360,0.14921332133213333,0.3371005370828568,0.20777443150144703,0.14921332133213333,0.27972651342216553
1361,0.10391497209570848,0.31030118071627255,0.2117724172411281,0.10391497209570848,0.16022097632492108
1362,0.1374337110300236,0.345831565169321,0.24079570827859473,0.1374337110300236,0.1105814280738419
1363,0.14748319831983192,0.37539141734892856,0.28681643805819323,0.14748319831983192,0.2554523164279262
1364,0.17147368421052622,0.4018630513120035,0.30477873420295454,0.17147368421052622,0.2026418026418026
1365,0.17846118447378942,0.41409258229402,0.32226279564046106,0.17846118447378942,0.2079065784145151
1366,0.15777352462197747,0.37100430165035647,0.263461554056758,0.15777352462197747,0.2774876543209877
1367,0.15316848406542635,0.3629637637895854,0.25459055944831804,0.15316848406542635,0.08850313054854686
1368,0.13974838713552873,0.3570869346079538,0.2636770949448503,0.13974838713552873,0.2828960848707299
1369,0.14614769036304576,0.341718407630707,0.2221414345353225,0.14614769036304576,0.21291517323775389
1370,0.14069290877163507,0.35973534985535666,0.26508488216744314,0.14069290877163507,0.31494227804309405
1371,0.17383598937583006,0.36769970662140516,0.23672743449115022,0.17383598937583006,0.3956381733021077
1372,0.14799999999999996,0.34380614920865255,0.22361229841730512,0.14799999999999996,0.3132120641442675
1373,0.1560552220888354,0.3600426061744129,0.24397476817115493,0.1560552220888354,0.322984585101004
1374,0.16272422242224213,0.3861838629134883,0.28791928098249214,0.16272422242224213,0.18794935472051458
1375,0.16128274471523887,0.36780467454697113,0.25304385966346443,0.16128274471523887,0.3714497913060325
1376,0.1266618161816182,0.32483790822016834,0.21335218407710022,0.1266618161816182,0.23580622330052958
1377,0.17231597305556895,0.36942979471149584,0.2422276433118538,0.17231597305556895,0.27330230832386004
1378,0.10923082492329972,0.2962356916355678,0.18000973342453613,0.10923082492329972,0.2436196229157744
1379,0.1312968831875328,0.3439916078215942,0.24638944926812295,0.1312968831875328,0.2607809850810097
1380,0.12610783388201974,0.3022818910265402,0.1693481142890409,0.12610783388201974,0.2178265984263998
1381,0.14863683822970317,0.34280355419846337,0.21933343193752036,0.14863683822970317,0.329109145815358
1382,0.16165616781063563,0.37682341539258,0.27433449516388875,0.16165616781063563,0.20174369747899157
1383,0.14404754962431313,0.3482530942886436,0.240411089328661,0.14404754962431313,0.10797624811198622
1384,0.10877242939616172,0.3031338038622382,0.19372274893215297,0.10877242939616172,0.30489629175067945
1385,0.10445368199109323,0.30803726543182774,0.20616716688146913,0.10445368199109323,0.2656687390403316
1386,0.11425155105583804,0.32048824527331565,0.2214733884349553,0.11425155105583804,0.23517193917193915
1387,0.11814668726564632,0.348497011154288,0.2667006477772833,0.11814668726564632,0.15595987974289865
1388,0.15463851898668354,0.36838335452381665,0.2634896710742663,0.15463851898668354,0.3530487299428897
1389,0.148636083312309,0.3773606681831131,0.2874491697416082,0.148636083312309,0.2680475628950542
1390,0.11337664813598428,0.32169513964764385,0.22263698302331925,0.11337664813598428,0.310579030511234
1391,0.11880110955949733,0.31587692114675736,0.20515162317452018,0.11880110955949733,0.22666666666666666
1392,0.1547351510496672,0.35944968510415887,0.24542906810898335,0.1547351510496672,0.23974935064477368
1393,0.19145739348370927,0.4158085590814366,0.30570233119545465,0.19145739348370927,0.20221723318497506
1394,0.13383026113671287,0.35151089006093883,0.25736125784845193,0.13383026113671287,0.2605104407427229
1395,0.14821070157101618,0.3546044254645803,0.24778744778712833,0.14821070157101618,0.22073868387934883
1396,0.12660181018101818,0.310551399939281,0.18489917951652568,0.12660181018101818,0.23623354491908277
1397,0.12193363313599988,0.3175793465422702,0.20429142681254067,0.12193363313599988,0.20538145448795353
1398,0.12888924411509323,0.32523132841037783,0.21068416859056915,0.12888924411509323,0.15476754241926657
1399,0.12889151026416418,0.32186803884259996,0.20495305715687145,0.12889151026416418,0.20529152834851788
1400,0.14565879265091866,0.35671910052840955,0.2541206157549818,0.14565879265091866,0.30736372180451127
1401,0.15689733462777464,0.36416601286908,0.2555373564826108,0.15689733462777464,0.30015597524737303
1402,0.15113861130151393,0.37211250732500967,0.2729477920469915,0.15113861130151393,0.2704971672683528
1403,0.17124385560675873,0.39043067455732405,0.28537363790113063,0.17124385560675873,0.29094491697881525
1404,0.17215843109942322,0.39329691150186885,0.2882769608048913,0.17215843109942322,0.38724806614150875
1405,0.11903540056640917,0.30823928544371476,0.19140776975461127,0.11903540056640917,0.25324587500723866
1406,0.16543825862697284,0.35254722787392756,0.22021793849390947,0.16543825862697284,0.16754452813469203
1407,0.12476598939045144,0.32931362322475777,0.2230952676686126,0.12476598939045144,0.1537516722408027
1408,0.1259665866346539,0.3063017748713684,0.17967037647342898,0.1259665866346539,0.36495364901044414
1409,0.15607322744208196,0.3666089500588093,0.2570714452334546,0.15607322744208196,0.1759967475053682
1410,0.16236786525223162,0.37223515492000736,0.26373457933555144,0.16236786525223162,0.19597696837212963
1411,0.17184376150165612,0.3849674281441953,0.27324733328507833,0.17184376150165612,0.2738813150708312
1412,0.1170096611683106,0.31730226768460135,0.20958521303258149,0.1170096611683106,0.2255120067497404
1413,0.12381086324345304,0.3196038049011429,0.20758588331537972,0.12381086324345304,0.25361539712659253
1414,0.12415119777247927,0.3458509790308282,0.2583995625166978,0.12415119777247927,0.2439638137341585
1415,0.15469510601949554,0.369251110459893,0.2711120088807949,0.15469510601949554,0.3628485085790588
1416,0.14534645427998039,0.3715099808968042,0.28532705323364765,0.14534645427998039,0.24369821883483084
1417,0.1664522284836066,0.3833610016642548,0.2798175463612964,0.1664522284836066,0.2596626972391449
1418,0.12590951953300408,0.3363227474005151,0.233826455735022,0.12590951953300408,0.2042931181589918
1419,0.1258277980557263,0.3208229513875443,0.21199030666363605,0.1258277980557263,0.3552867152867153
1420,0.16340990441978326,0.3718784685443263,0.26293712824908616,0.16340990441978326,0.14192334383174082
1421,0.1344297922392788,0.3452539708005567,0.2436483571225557,0.1344297922392788,0.20682853353543007
1422,0.1709638669998078,0.3842441183149201,0.27656050263022464,0.1709638669998078,0.20511982205530593
1423,0.1260484013800344,0.3352758366389683,0.23245487051786787,0.1260484013800344,0.2735712034462313
1424,0.14166852503090616,0.3566159300304307,0.2588948099990491,0.14166852503090616,0.2809529381645131
1425,0.14242765484247744,0.3623555021541988,0.2678556946234427,0.14242765484247744,0.18633064131720045
1426,0.14289583825159363,0.3511934598410447,0.24659524317890227,0.14289583825159363,0.27360998314872564
1427,0.15459615384615388,0.34439405421204194,0.21859580073177604,0.15459615384615388,0.1879386287013406
1428,0.12570486881947535,0.32770565838032545,0.22100157912170018,0.12570486881947535,0.17882233036707457
1429,0.15490290300505435,0.39230587383731264,0.3098059416645164,0.15490290300505435,0.20185199892313901
1430,0.13781780935919605,0.34589845905876687,0.24016129939914171,0.13781780935919605,0.17078951888605434
1431,0.136144547333344,0.302233713357539,0.15917833204839005,0.136144547333344,0.3368753647292251
1432,0.13697959167346685,0.33695562741858665,0.22495207149023963,0.13697959167346685,0.3643406359901008
1433,0.16289090429021771,0.38040203805065265,0.2760222675208697,0.16289090429021771,0.16350018724973353
1434,0.17517342432757932,0.4009163480741159,0.3054858474930731,0.17517342432757932,0.12344418849023903
1435,0.12281148114811487,0.3403630752339539,0.2511031881716782,0.12281148114811487,0.21821342824163142
1436,0.13425210050235087,0.35176865510618976,0.2630331092076778,0.13425210050235087,0.4376491032849955
1437,0.13598076923076913,0.3423986778065077,0.233835817151477,0.13598076923076913,0.18851182151182155
1438,0.16193186290980655,0.3896590258408046,0.29645432586199605,0.16193186290980655,0.29583952528379776
1439,0.1220413533834586,0.3289249890270469,0.22476727128717658,0.1220413533834586,0.1539634711386124
1440,0.15435576923076927,0.37619422302337846,0.28267690758521835,0.15435576923076927,0.26514051476993744
1441,0.1522679726009859,0.38251833972489147,0.29650073424781115,0.1522679726009859,0.25262536905426863
1442,0.15487250941033875,0.36796390583774663,0.2631827928548158,0.15487250941033875,0.1869514518452362
1443,0.1456628967785562,0.3533629165887844,0.2444000396204563,0.1456628967785562,0.24594999999999997
1444,0.14837264566948158,0.37297661136371163,0.2752079313884601,0.14837264566948158,0.23692729738707496
1445,0.16641510140643084,0.3782168833421432,0.2646035638714247,0.16641510140643084,0.34672357841712675
1446,0.14896587715776793,0.37609141566282356,0.2822510770101112,0.14896587715776793,0.24819317817939138
1447,0.12185971694981028,0.3258369557314965,0.2229544775633725,0.12185971694981028,0.27772005772005776
1448,0.2021854734111544,0.40297829800846213,0.2715856491946155,0.2021854734111544,0.14540465403229214
1449,0.133594214029698,0.32975613647194224,0.21532384488448847,0.133594214029698,0.2930143968358178
1450,0.14050000000000004,0.34134332818038204,0.22868665636076396,0.14050000000000004,0.3002584376970064
1451,0.15793535521162788,0.3613004238607109,0.24873013729816604,0.15793535521162788,0.24500058182382378
1452,0.15013241076678763,0.35041543296574007,0.2335660443979049,0.15013241076678763,0.12021933815588987
1453,0.1384025902590258,0.35812243901889795,0.26443969751974417,0.1384025902590258,0.2362391205285942
1454,0.1304882323044354,0.3256305919789428,0.21228471934901483,0.1304882323044354,0.25400866248044285
1455,0.1652267590054344,0.38432704817269103,0.2782005783345131,0.1652267590054344,0.22482515367071224
1456,0.13696153846153833,0.33936753526929053,0.22681199361550425,0.13696153846153833,0.36219871820894833
1457,0.1295880865501569,0.34102334266995393,0.243870512239594,0.1295880865501569,0.33056608499624285
1458,0.14693970303524853,0.37276523633300396,0.28265106659551076,0.14693970303524853,0.2856063642615367
1459,0.1507015812492991,0.34106106462846886,0.2167189667583394,0.1507015812492991,0.21625260063762736
1460,0.10819549284938638,0.32603178285425105,0.2376725800097294,0.10819549284938638,0.22335811432661823
1461,0.15782406171458813,0.37451384744055805,0.27637957145193986,0.15782406171458813,0.23273712533445573
1462,0.14581097805351173,0.3448092940649856,0.2319966320229479,0.14581097805351173,0.19140914235190104
1463,0.17393109631147544,0.40404529125655353,0.3112283898901562,0.17393109631147544,0.1644864267450475
1464,0.13462524806350426,0.35331412009439506,0.2593777440617816,0.13462524806350426,0.1539378008152485
1465,0.14802794329196703,0.3585098927640183,0.24996389894410248,0.14802794329196703,0.1564813400971593
1466,0.17519607646882182,0.40345747990131337,0.304522806864983,0.17519607646882182,0.31529995929995935
1467,0.14108988186954294,0.3549653169958925,0.25975087025269916,0.14108988186954294,0.2566546051500671
1468,0.16652859651021565,0.3969071433307407,0.3017570936410501,0.16652859651021565,0.16052971531693833
1469,0.09712721417069232,0.3035696774544431,0.20488492656750146,0.09712721417069232,0.15881758660216433
1470,0.13993120170935391,0.33258824513883023,0.2133140868589526,0.13993120170935391,0.26515286423202017
1471,0.15263198786962245,0.35919424312928894,0.24912451051933293,0.15263198786962245,0.21428043909293906
1472,0.1760114997757704,0.38524798324567644,0.27147296693981215,0.1760114997757704,0.2349684600065698
1473,0.15709503801520602,0.3774683522660266,0.27974662850164106,0.15709503801520602,0.26515939015939016
1474,0.14513478650534528,0.3444268756269079,0.2295841782431252,0.14513478650534528,0.2599249627982792
1475,0.11587815234173955,0.32451575212605016,0.22227519956862116,0.11587815234173955,0.30645743618643373
1476,0.1315198988654367,0.3344898799319421,0.22593996213301085,0.1315198988654367,0.17230158730158723
1477,0.1455402151639345,0.3693446500867686,0.27960886984566824,0.1455402151639345,0.376085445839029
1478,0.176975097509751,0.4181704507052245,0.334390706390947,0.176975097509751,0.33693077788240217
1479,0.1499335734293717,0.3377524874369918,0.20763782801524028,0.1499335734293717,0.2638195320162533
1480,0.15222188789167684,0.3636948110049508,0.258945846226548,0.15222188789167684,0.16191645407747107
1481,0.15699999999999992,0.38098744258331585,0.2859748851666317,0.15699999999999992,0.33411327064082974
1482,0.12692999667775423,0.3320092943653189,0.22615859537512942,0.12692999667775423,0.1521188319382334
1483,0.1704999999999999,0.3926827711857859,0.2913655423715718,0.1704999999999999,0.1343062765391498
1484,0.13631264511376914,0.34309148594349276,0.2355576816594472,0.13631264511376914,0.21798358520299876
1485,0.13901121670792035,0.32226406706900584,0.196505700722171,0.13901121670792035,0.20841337095311616
1486,0.12326177675371221,0.32026863060832317,0.21001370770922193,0.12326177675371221,0.1883467036641178
1487,0.1498364600522277,0.3606939776466515,0.25771503518884764,0.1498364600522277,0.35933410762679063
1488,0.11700420168067231,0.325376851027529,0.2297452986937134,0.11700420168067231,0.13393109956345872
1489,0.11190810389527124,0.3274109357495681,0.24200566370859367,0.11190810389527124,0.2852347878242615
1490,0.1791264638174357,0.40183289364836533,0.30041285966185927,0.1791264638174357,0.2294025423728814
1491,0.1867811029926934,0.3963751887526693,0.27918817151995184,0.1867811029926934,0.18118648325337042
1492,0.12570064111029744,0.3429856987649663,0.2535701153093378,0.12570064111029744,0.39511285203755064
1493,0.15505693485759256,0.3852473175302603,0.2923807653453356,0.15505693485759256,0.22956184301011884
1494,0.14888128305283632,0.35107207252652056,0.24138157894736845,0.14888128305283632,0.32800000000000007
1495,0.13171288485153948,0.33216447386359527,0.22190317802411158,0.13171288485153948,0.25073203884893125
1496,0.17217899271597079,0.38636461134832256,0.2763712372647034,0.17217899271597079,0.31268064814814817
1497,0.15587368736873686,0.3566267886233352,0.23950620250919658,0.15587368736873686,0.3203375753139253
1498,0.15060171064633301,0.36299721904066323,0.25779101678866034,0.15060171064633301,0.24109917670109188
1499,0.12937266036761794,0.3385470312990961,0.2363487418629563,0.12937266036761794,0.3637839916328288
1500,0.14045797324114978,0.3399980473351649,0.22708014818803035,0.14045797324114978,0.25162345894470634
1501,0.1379813816127375,0.3366239253572808,0.21828508748908665,0.1379813816127375,0.21494465788295192
1502,0.12545662149781356,0.32157268671526906,0.20823213043491093,0.12545662149781356,0.2933601810738669
1503,0.1614211868726396,0.3782104411403844,0.27057850853548965,0.1614211868726396,0.22232701732212973
1504,0.14300634542692348,0.3588822761730961,0.26375186149234536,0.14300634542692348,0.2832256837460535
1505,0.11985171893691164,0.3230730456113524,0.22044265334888158,0.11985171893691164,0.3227203294717419
1506,0.17665310349796465,0.39204051166579834,0.28377481633566737,0.17665310349796465,0.24446904448108103
1507,0.13854260426042594,0.3516472594112838,0.25120931030171556,0.13854260426042594,0.2382290213723285
1508,0.09367193075194928,0.2979741205097008,0.201604379515503,0.09367193075194928,0.17703621462505603
1509,0.1538245396949111,0.35634947715022935,0.2450498749106365,0.1538245396949111,0.3399547463768116
1510,0.12122285689142759,0.3025405995909553,0.1766354853990554,0.12122285689142759,0.24538848215188597
1511,0.1451559938524591,0.34698914077142085,0.23566629383792354,0.1451559938524591,0.21597366201509804
1512,0.1830064102564102,0.3930745579954524,0.27813629547808427,0.1830064102564102,0.23819690410599498
1513,0.09303688319487545,0.29585258119307756,0.19863139599640423,0.09303688319487545,0.2093414547244032
1514,0.11910067909539378,0.3331377341067753,0.24307411002276302,0.11910067909539378,0.2988740651233026
1515,0.16305012531328322,0.361670272363376,0.2432402941001855,0.16305012531328322,0.21680483516483517
1516,0.13278688714754866,0.33823509635375315,0.2328964184124091,0.13278688714754866,0.2610033625051086
1517,0.16162159912937707,0.3740190487970533,0.26679489933535244,0.16162159912937707,0.23470541743869577
1518,0.13396490342836323,0.34192131260544073,0.23591281835415498,0.13396490342836323,0.15857002660228464
1519,0.11400734649254546,0.30298815916540217,0.18496162534571345,0.11400734649254546,0.1736974304357965
1520,0.1509856219295579,0.35409180835319004,0.24121237284726432,0.1509856219295579,0.14499578318002249
1521,0.12610189452124948,0.3316954127472546,0.22918703645201033,0.12610189452124948,0.24248080065359479
1522,0.13889397743791826,0.3180560100716736,0.18632406526751083,0.13889397743791826,0.31753147778265256
1523,0.12519171917191724,0.30833164153909876,0.1822798447343631,0.12519171917191724,0.14849755679023974
1524,0.15871678849054421,0.36337034198271123,0.24930710698433411,0.15871678849054421,0.20849467402390526
1525,0.1195032051282051,0.3079158292696408,0.1868252482828713,0.1195032051282051,0.15876978818283172
1526,0.1301762577539636,0.31989151593247334,0.1964305163570195,0.1301762577539636,0.1860905103668261
1527,0.11281336405529953,0.3400976921211216,0.2625686561316442,0.11281336405529953,0.29091799417095865
1528,0.1417829111316446,0.35291812859288174,0.2502704349224743,0.1417829111316446,0.1482897778185077
1529,0.158331219315058,0.3655562114286498,0.2544499842271835,0.158331219315058,0.3088536236490782
1530,0.1481476077828613,0.3472570329505088,0.22821885033529507,0.1481476077828613,0.28914783816416967
1531,0.14500000000000005,0.365665935628289,0.27133187125657793,0.14500000000000005,0.3496750643374197
1532,0.10050720811532984,0.3066837494559156,0.2123530826811715,0.10050720811532984,0.2757233313167977
1533,0.13473289293157173,0.3451132361675233,0.2437606864719032,0.13473289293157173,0.27543001170876347
1534,0.14778692714770855,0.35878186037260706,0.25398986644979693,0.14778692714770855,0.20473678010563257
1535,0.15413007473076126,0.36737880157305003,0.2614974536845775,0.15413007473076126,0.2161753285543609
1536,0.19372197260032592,0.42578255802140075,0.32912117084214965,0.19372197260032592,0.17607641244483352
1537,0.17563812300741755,0.41408388496604714,0.3248915239172592,0.17563812300741755,0.25369039784905806
1538,0.0903353295573434,0.2822480390286538,0.1738254189426209,0.0903353295573434,0.3347780232875336
1539,0.1574118145890333,0.37815990857828274,0.2794961879784988,0.1574118145890333,0.18452916259367866
1540,0.15595579929278866,0.35991746622380677,0.2449233338620362,0.15595579929278866,0.31625947488016454
1541,0.16117570813732363,0.36612978600838414,0.252908155742121,0.16117570813732363,0.2885917634051962
1542,0.14669292477169907,0.3333283850773462,0.20427092061129418,0.14669292477169907,0.14411694245082401
1543,0.13688636099872348,0.31957600178988993,0.19137928158233294,0.13688636099872348,0.3544213039485766
1544,0.1732624370295975,0.4013897778090797,0.3062546815589643,0.1732624370295975,0.15509630084630088
1545,0.12300173736209194,0.3393073675717434,0.24561126041930292,0.12300173736209194,0.2366923976608187
1546,0.16149999999999998,0.35501765272427077,0.22803530544854156,0.16149999999999998,0.21237419871794877
1547,0.16948459845984593,0.40543418308509105,0.3188991692504903,0.16948459845984593,0.20653823444700464
1548,0.1341785353818549,0.34013521682635944,0.23191336288900907,0.1341785353818549,0.33906947753634553
1549,0.15131002276446182,0.3826402283421778,0.29566041115543196,0.15131002276446182,0.1822149804029914
1550,0.11864227805024524,0.31628869746416466,0.20529283882783889,0.11864227805024524,0.22419440673364105
1551,0.16043728683287697,0.37040273743686936,0.2579309012079848,0.16043728683287697,0.2809667479811238
1552,0.13821179061155045,0.3442310725876912,0.24003856395228154,0.13821179061155045,0.24651457519556932
1553,0.139,0.34611973804692986,0.24023947609385973,0.139,0.17578665442301805
1554,0.1261698717948717,0.3238099417311507,0.21028013987255786,0.1261698717948717,0.2620218982088248
1555,0.11861642234841675,0.31144990042706433,0.1996669561572952,0.11861642234841675,0.20268289999808686
1556,0.13686014204511315,0.35199906622890437,0.2522778483675824,0.13686014204511315,0.23763224753388693
1557,0.12411970716343634,0.3348524602806786,0.24146550623448465,0.12411970716343634,0.12460888125911526
1558,0.14488607898939673,0.37189203127987625,0.28201190458095904,0.14488607898939673,0.1907778806219846
1559,0.15489812012617898,0.3711465517554893,0.26749686325862065,0.15489812012617898,0.25656958122921214
1560,0.14200000000000004,0.33487632031796705,0.21375264063593402,0.14200000000000004,0.4160961123420909
1561,0.12524538876816385,0.3417688651690335,0.24804695280173922,0.12524538876816385,0.28224438274335073
1562,0.13114753036048576,0.3216194046248649,0.20194374852875827,0.13114753036048576,0.224110207107823
1563,0.14834934645628292,0.3646901888471278,0.26768168478168974,0.14834934645628292,0.3412382072998589
1564,0.12705483674800266,0.32505289378403,0.21299611407205477,0.12705483674800266,0.17526464985994403
1565,0.13528911564625862,0.35195776532990825,0.2583372993672993,0.13528911564625862,0.282086305044821
1566,0.16432097128388506,0.3803444582782431,0.275046973988716,0.16432097128388506,0.3419176964941931
1567,0.16083141321044533,0.3667237872142287,0.25178474800756667,0.16083141321044533,0.15385533344225572
1568,0.18082109441054017,0.3823573399842821,0.26007249114748393,0.18082109441054017,0.3861254307040378
1569,0.12570886883547533,0.3051787343195161,0.1759397309680815,0.12570886883547533,0.21588685207227043
1570,0.12609842053227993,0.32130148442675976,0.20940612778895967,0.12609842053227993,0.25681753270683616
1571,0.1709070051653763,0.36553059857119374,0.2322471868116348,0.1709070051653763,0.22547442961079323
1572,0.15115235944980868,0.38028087942055,0.2902570399414826,0.15115235944980868,0.3311741188104824
1573,0.17630900323601295,0.3987973974609154,0.2959767884498049,0.17630900323601295,0.2543561641957793
1574,0.15262006273606044,0.3574466487912522,0.2456531721103835,0.15262006273606044,0.2815959298318169
1575,0.12554372509120687,0.33835114186418813,0.24761483354596248,0.12554372509120687,0.19860785844392398
1576,0.12960201020102016,0.34513806041363443,0.25007210042522854,0.12960201020102016,0.2620050025875453
1577,0.1621724966365558,0.37204492761815977,0.25874486196320784,0.1621724966365558,0.2624181274648945
1578,0.15297435897435904,0.36066279600749557,0.2533768740662731,0.15297435897435904,0.2704000252620942
1579,0.16829534699209395,0.38279302896965717,0.2719953639551264,0.16829534699209395,0.21412057769816387
1580,0.10652327237235795,0.3012211287416977,0.19339571273867945,0.10652327237235795,0.21932568959787302
1581,0.1248237876563557,0.3341409138040679,0.23563425229542445,0.1248237876563557,0.24167889988027633
1582,0.1273669467787115,0.32718270518075127,0.21963151680407952,0.1273669467787115,0.2731454120951782
1583,0.1144334357398874,0.31986870669602274,0.21987054191227068,0.1144334357398874,0.26445983531919015
1584,0.12587168716871694,0.33416963986836334,0.23459590539929287,0.12587168716871694,0.25530126380984264
1585,0.1720925281355146,0.37711026985952656,0.259035483448024,0.1720925281355146,0.3421152943577186
1586,0.1645737404531287,0.3770417451233608,0.26693600934046413,0.1645737404531287,0.17324657279881156
1587,0.1349676743543875,0.33202571277822,0.21911607684766493,0.1349676743543875,0.21441790479250478
1588,0.12391788557971142,0.33754353939060167,0.2462513076217805,0.12391788557971142,0.1785243791766356
1589,0.15860476653424072,0.3772714040633782,0.2773332750582751,0.15860476653424072,0.20739754979868624
1590,0.16039441272692284,0.362242351262257,0.24669587707066837,0.16039441272692284,0.33201482960841255
1591,0.15465051941869917,0.3812021600754131,0.28910328131342783,0.15465051941869917,0.2448071436722583
1592,0.13982414766931617,0.3565908636175946,0.260533431896557,0.13982414766931617,0.2126427361601635
1593,0.16580290642684228,0.37488757561422276,0.25916933837476086,0.16580290642684228,0.15064873197913797
1594,0.14442857142857143,0.34725990086941283,0.23166265888168275,0.14442857142857143,0.164525769106591
1595,0.1436409242930983,0.34573183683029796,0.23418182507439933,0.1436409242930983,0.1759546981176287
1596,0.15664912280701745,0.3732090390004818,0.2671198323869286,0.15664912280701745,0.18052176247490148
1597,0.11735355862775217,0.28221497980401555,0.14072284235252674,0.11735355862775217,0.2754590163934426
1598,0.1619078625258004,0.3587238034659986,0.23463188188039638,0.1619078625258004,0.17372295605628937
1599,0.1663433292386733,0.3579438108718073,0.22620096326626804,0.1663433292386733,0.2775683451308451
1600,0.17593301558856114,0.41845763078477133,0.3360492303924203,0.17593301558856114,0.20117918369091903
1601,0.18242829735632327,0.4138087791012599,0.3227609634898732,0.18242829735632327,0.293134000561464
1602,0.144834043813618,0.35648494470697595,0.2513018017867159,0.144834043813618,0.29757064475457595
1603,0.13557992183996415,0.3201746440368902,0.19518944439385205,0.13557992183996415,0.2623764765849652
1604,0.14807448431771741,0.37513642961229376,0.2911238905891528,0.14807448431771741,0.213267175415016
1605,0.175,0.38824366693505447,0.27648733387010893,0.175,0.35293950310668576
1606,0.1817852564102563,0.4154337777899938,0.3242970427594749,0.1817852564102563,0.34905279503105585
1607,0.1540587481581139,0.3555189741460275,0.23692045197582712,0.1540587481581139,0.23724929862334443
1608,0.20425407697325504,0.44876948976411146,0.3600308255817128,0.20425407697325504,0.26420616546253217
1609,0.16863059400334895,0.38455163670780695,0.2828420854089161,0.16863059400334895,0.28872296091598026
1610,0.12302176139272916,0.33274624805233544,0.2354489733192125,0.12302176139272916,0.2650576496231042
1611,0.152026822732025,0.3764324514070295,0.28081125735000895,0.152026822732025,0.24170365344882389
1612,0.1332548890195561,0.35559405705760666,0.26667833607610114,0.1332548890195561,0.20996658078589964
1613,0.1537236223622362,0.34625473369516857,0.22006222266586467,0.1537236223622362,0.20494721126831542
1614,0.13313963736892434,0.33988491184578834,0.23449054895372803,0.13313963736892434,0.20078721202405408
1615,0.12900740296118454,0.3281509982597738,0.21928719059717855,0.12900740296118454,0.20777930402930406
1616,0.12708376166914864,0.3392360672340713,0.2403046111298453,0.12708376166914864,0.3147639737873806
1617,0.14659320542158075,0.3549666721397511,0.24874693343634063,0.14659320542158075,0.35817406616462477
1618,0.13414756236099779,0.33639629731592086,0.22749746990984612,0.13414756236099779,0.3992641034247631
1619,0.14165086034413765,0.3450295284017497,0.23575733611522412,0.14165086034413765,0.24974218378949842
1620,0.1513936806900193,0.36727833828101053,0.26676931518198244,0.1513936806900193,0.24990124952329681
1621,0.12799549592793483,0.3561330817957237,0.2752751717355778,0.12799549592793483,0.2945130785620381
1622,0.11630715006648612,0.31882699133632736,0.2130396825396825,0.11630715006648612,0.2873643054990307
1623,0.18518903522107183,0.41206861732564803,0.30975916420915234,0.18518903522107183,0.31082599580712794
1624,0.1385516509990836,0.35098083547234443,0.24885836894652172,0.1385516509990836,0.21121074535471035
1625,0.14867993166515928,0.36550175604708596,0.2616436487638534,0.14867993166515928,0.26376465441819774
1626,0.1238936738602167,0.32322538005702944,0.22066341239362552,0.1238936738602167,0.32392606440204946
1627,0.14611568985103757,0.36283943779334843,0.2644474958846217,0.14611568985103757,0.16302844675436956
1628,0.11775641025641036,0.30891325442921547,0.19731368834561022,0.11775641025641036,0.2548970665145248
1629,0.19715696296266488,0.4156259327523406,0.30693793957935145,0.19715696296266488,0.17271373836891074
1630,0.12830887523550089,0.3214519362907234,0.20528612211044495,0.12830887523550089,0.24973764398215992
1631,0.13891486184766977,0.321180507339934,0.19353129098452843,0.13891486184766977,0.35857956150130066
1632,0.1598188405797102,0.3742343396376954,0.27383099811597045,0.1598188405797102,0.2771882435647848
1633,0.10691025641025645,0.3104507370470452,0.2080809612735775,0.10691025641025645,0.20435039716369638
1634,0.15331847146497277,0.3596730324069588,0.24870912188397204,0.15331847146497277,0.10723522112953832
1635,0.13224156491741992,0.34425144025030646,0.24401975066577294,0.13224156491741992,0.25945424068746936
1636,0.12962676408767898,0.3357884002862509,0.23432327239714396,0.12962676408767898,0.23075995671519078
1637,0.1342806809375239,0.3467870897378414,0.252012817600635,0.1342806809375239,0.247490122021372
1638,0.1374963274711559,0.35110329720521977,0.25321393946812776,0.1374963274711559,0.31497672111086744
1639,0.17201900760304117,0.3971228472491917,0.2992076792923011,0.17201900760304117,0.2802404672353649
1640,0.15593108967305414,0.384968638325656,0.2940750973052037,0.15593108967305414,0.2042306096171274
1641,0.14723432443567971,0.3420970793254009,0.22172550977944233,0.14723432443567971,0.24361999229583978
1642,0.12550000000000003,0.3305923977427327,0.22718479548546536,0.12550000000000003,0.20094871794871802
1643,0.1460892768558672,0.3440397528337762,0.22590095195581789,0.1460892768558672,0.25574684437525586
1644,0.17689544311211483,0.40296890112437833,0.30014691602452687,0.17689544311211483,0.24669944986636735
1645,0.13150000000000003,0.33369361019066396,0.22538722038132783,0.13150000000000003,0.1976504504504505
1646,0.11903540056640917,0.328201868719727,0.2313329363066357,0.11903540056640917,0.14787577639751553
1647,0.11649445520154905,0.31693873852379817,0.21088856664449823,0.11649445520154905,0.23092967207712223
1648,0.15287348734873493,0.36935627420753125,0.2689655737175926,0.15287348734873493,0.22568024726547187
1649,0.13730889923559686,0.33581763302896883,0.2220174675867439,0.13730889923559686,0.23544708165397815
1650,0.15540895261885318,0.34543119099053776,0.2190444767433692,0.15540895261885318,0.29284417027736587
1651,0.1288473389355742,0.30722955021088894,0.1777644225506294,0.1288473389355742,0.14704025101461982
1652,0.12458633597285518,0.3521539362853867,0.270135200625063,0.12458633597285518,0.2638209165386585
1653,0.14476915875886112,0.3619845454485324,0.2634307733793425,0.14476915875886112,0.19170722375267832
1654,0.1571889294637708,0.3523068221691692,0.22623578541079675,0.1571889294637708,0.23229275241470365
1655,0.14440801678975962,0.3319091847653396,0.20700233595116008,0.14440801678975962,0.2557961507183519
1656,0.14774998699120614,0.36389837883779375,0.26629678369317517,0.14774998699120614,0.327498612802372
1657,0.13600000000000004,0.34637957042957046,0.2447591408591409,0.13600000000000004,0.22653923431984802
1658,0.11310434053420117,0.30454475897266786,0.19388083687693347,0.11310434053420117,0.27106112054329373
1659,0.14249965599449596,0.35399539463649243,0.250991477283993,0.14249965599449596,0.2984907500065836
1660,0.12227900017602542,0.3315329356541178,0.23250787095618475,0.12227900017602542,0.28344335169158147
1661,0.1427310924369749,0.36237562764661335,0.26928907041927697,0.1427310924369749,0.1398692580731947
1662,0.15615117767537115,0.37250681416171016,0.270711272972678,0.15615117767537115,0.0833752360668828
1663,0.1175978428351309,0.3092187262899172,0.19124176690957262,0.1175978428351309,0.31150117494824014
1664,0.1593823450550066,0.36711349915498015,0.25346230819994703,0.1593823450550066,0.22863292191876752
1665,0.13041952671242746,0.33006203293917147,0.21928501245348797,0.13041952671242746,0.32806746031746037
1666,0.1293380696364568,0.3511642765355537,0.2626524137981938,0.1293380696364568,0.1927219133503582
1667,0.14071279064185246,0.3535922685896472,0.2517589558955895,0.14071279064185246,0.26623061656318536
1668,0.13379305499799288,0.3344727125932016,0.22835931519041752,0.13379305499799288,0.28973508907370366
1669,0.12635146527498983,0.3556559460459953,0.27160896154201086,0.12635146527498983,0.2432471264367816
1670,0.1593940495827965,0.36962097609662614,0.2564538530276592,0.1593940495827965,0.1519333333333333
1671,0.16306876188569705,0.3770138664312415,0.26789020909108885,0.16306876188569705,0.2615869424692954
1672,0.13694533000448111,0.3623386735548654,0.27678668710076854,0.13694533000448111,0.18191879228076244
1673,0.15033560591511433,0.36714805763456904,0.2686249034389095,0.15033560591511433,0.23907606075216972
1674,0.1740852964873672,0.40233994753550806,0.3025093020962817,0.1740852964873672,0.23871258202944476
1675,0.11395607069672138,0.32618626399902684,0.23546038660461097,0.11395607069672138,0.1782063492063492
1676,0.15996964651639356,0.37966836531974424,0.2813974376067014,0.15996964651639356,0.22686217902197708
1677,0.10614932550287244,0.29751340965017525,0.1877281682946057,0.10614932550287244,0.21951404652004708
1678,0.1190878448703784,0.3325035280737435,0.23683136640673016,0.1190878448703784,0.169604713244315
1679,0.16988084275848264,0.386601699779083,0.2824417140412006,0.16988084275848264,0.2217178287496671
1680,0.13594779576797061,0.3357485129099593,0.22460143428397739,0.13594779576797061,0.19429343704423924
1681,0.11770122012201226,0.29916574384562866,0.1739290474472328,0.11770122012201226,0.21892762629415574
1682,0.12736754701880748,0.3358154778594281,0.2338958616812412,0.12736754701880748,0.3728915892275346
1683,0.1352915628173175,0.352569875939995,0.25355662624535513,0.1352915628173175,0.3613186889439276
1684,0.1414094131262959,0.3550258357198353,0.24923284518707875,0.1414094131262959,0.3588524590163935
1685,0.1505455449355314,0.3484201578039224,0.22674922573678194,0.1505455449355314,0.28833743025581643
1686,0.13356156467505748,0.33156469703492564,0.22300626471973625,0.13356156467505748,0.275551629445823
1687,0.13532829392669452,0.3288322469427557,0.21300790603212233,0.13532829392669452,0.37002178017283294
1688,0.1529637674202787,0.37984335623076326,0.2887591776209691,0.1529637674202787,0.1636803248431155
1689,0.11757185875885058,0.33925724461608264,0.2523707717144641,0.11757185875885058,0.33200149850149846
1690,0.11673434574578746,0.31600066966867013,0.21053264784576536,0.11673434574578746,0.186269590439402
1691,0.12662131269766835,0.3343688919856942,0.23649515857605177,0.12662131269766835,0.24323784202946713
1692,0.1561805565000339,0.37457343912686275,0.27378576525365766,0.1561805565000339,0.2400031189083821
1693,0.13572375185536373,0.3516390779651025,0.2568306522194776,0.13572375185536373,0.19540929428014087
1694,0.15726936127305247,0.34512356045731274,0.21270839836852057,0.15726936127305247,0.2385199357587809
1695,0.1718684842229077,0.3820337782295019,0.2693305880131884,0.1718684842229077,0.20954591529213132
1696,0.1405219896293452,0.34872139339315333,0.2443988075276164,0.1405219896293452,0.23671044546850994
1697,0.15118811341330418,0.37383570957457624,0.28229519232254396,0.15118811341330418,0.2506708560256947
1698,0.12094595146318916,0.32921851103826816,0.23254511915015796,0.12094595146318916,0.3723413068181818
1699,0.15030742960719282,0.36880977599705034,0.2720046927797151,0.15030742960719282,0.2526297777538653
1700,0.12867504923860312,0.3272218090661606,0.21809351965511498,0.12867504923860312,0.30669009939474706
1701,0.14790845025305918,0.35334302546902,0.24486915043192173,0.14790845025305918,0.21046982827796507
1702,0.15929857774360945,0.3975538703849072,0.31351058528259546,0.15929857774360945,0.37523023882655293
1703,0.15329422966441825,0.34715925876850684,0.2277300582081772,0.15329422966441825,0.26703652788688137
1704,0.14677785252098138,0.3578819470804204,0.25120818911887793,0.14677785252098138,0.21760116610662067
1705,0.13397752953261416,0.34832389421088406,0.2466927293565397,0.13397752953261416,0.21228494527855052
1706,0.12209143346293548,0.3145501003881861,0.19991733385050128,0.12209143346293548,0.26285126564196326
1707,0.13622785065872905,0.3497034986530121,0.25195129598856614,0.13622785065872905,0.4041530357336809
1708,0.13159743309688693,0.3171236736111772,0.19105248102858058,0.13159743309688693,0.21228889492261743
1709,0.14076490905963626,0.3566308251892477,0.2587318322592229,0.14076490905963626,0.25504554983800265
1710,0.16084740110072923,0.3741920782416295,0.2706893542818005,0.16084740110072923,0.1505305970245397
1711,0.16095902393549408,0.3546334446242663,0.23234884137754455,0.16095902393549408,0.23544731588644202
1712,0.14218513054076595,0.35586362619249323,0.2593569913034546,0.14218513054076595,0.24513263578234393
1713,0.14225544130454856,0.3493088101109936,0.24710673761288998,0.14225544130454856,0.15335735674770343
1714,0.12716685870430608,0.3002342795187857,0.16313484162895922,0.12716685870430608,0.2627006191950464
1715,0.16664441444144418,0.36904358934296017,0.249798349803032,0.16664441444144418,0.23989542483660134
1716,0.1754200067201075,0.3795399340343031,0.2582398546283912,0.1754200067201075,0.20637951932553983
1717,0.15212192842361433,0.3654409468261407,0.2636380368050527,0.15212192842361433,0.29009455292908526
1718,0.15512378598057563,0.36911436333800085,0.26498115471485034,0.15512378598057563,0.1401595906408154
1719,0.15073267929120085,0.37562090879889143,0.28177645901538123,0.15073267929120085,0.3355509987088935
1720,0.15196362704918032,0.3548457390589533,0.2387642240195459,0.15196362704918032,0.3154446819783632
1721,0.15607471724552105,0.3670002335559952,0.25685103262094844,0.15607471724552105,0.3101509492685963
1722,0.13310335553278696,0.336300770700801,0.2303948303360282,0.13310335553278696,0.2347072901910573
1723,0.13636823702613177,0.32857890057572914,0.2094213270991947,0.13636823702613177,0.2908090007026443
1724,0.14272995163468366,0.3597888007007891,0.26611769813221103,0.14272995163468366,0.3246019880502639
1725,0.15988499649684712,0.3499822937140375,0.22219459443438075,0.15988499649684712,0.26988604838164887
1726,0.14716834006024226,0.3728276020658098,0.28231852401113516,0.14716834006024226,0.22163215640983336
1727,0.1628909042902178,0.38740794450941596,0.29003408043839624,0.1628909042902178,0.25420852455605336
1728,0.1472172383852369,0.36708922723799015,0.26974397770550657,0.1472172383852369,0.2811528319288851
1729,0.178987962173692,0.4112236266742135,0.3184713290010431,0.178987962173692,0.2496649369149369
1730,0.1496117696425057,0.35444472093703666,0.2386659025890618,0.1496117696425057,0.18240520656479914
1731,0.1471323387641955,0.3534798967002193,0.24369511587204762,0.1471323387641955,0.2099077522794932
1732,0.13296353984717255,0.33131984640380574,0.2227126131132664,0.13296353984717255,0.3111818453902383
1733,0.18953532500931333,0.42016029944607514,0.3232499488735236,0.18953532500931333,0.20561310979801062
1734,0.15353744535715994,0.36201135860719563,0.2509478265000713,0.15353744535715994,0.07808018237215314
1735,0.19954032823396978,0.4351777156536021,0.3352747748392646,0.19954032823396978,0.23630030030030025
1736,0.1523180441193057,0.371755967708119,0.26787584717762647,0.1523180441193057,0.28295293177738323
1737,0.15316246584877063,0.3740882308301487,0.27785152996275614,0.15316246584877063,0.2699699647804487
1738,0.1656140350877192,0.41750904786772935,0.34379002556002025,0.1656140350877192,0.22548092208176548
1739,0.1585930844138937,0.3626094876121475,0.2500328063965076,0.1585930844138937,0.0858099637465433
1740,0.14901280512204884,0.36425050281347654,0.26447539538285536,0.14901280512204884,0.15786804745775262
1741,0.13382377049180333,0.3484656867019393,0.25328383242027197,0.13382377049180333,0.12251351671278916
1742,0.15452867934191153,0.38392340383269113,0.29378944898155923,0.15452867934191153,0.2871713810803409
1743,0.12908614519940145,0.3247038680297968,0.20623544566079066,0.12908614519940145,0.2756820858879682
1744,0.1447316926770708,0.3596599642788669,0.2608565432035921,0.1447316926770708,0.35273549310434554
1745,0.12264061205623522,0.3436454955716056,0.25500976703074085,0.12264061205623522,0.310375915348182
1746,0.14289382535903541,0.36040873296959214,0.25602981522111345,0.14289382535903541,0.2839690415872816
1747,0.1488024193386553,0.35265872053679087,0.24371260239627118,0.1488024193386553,0.18351160212243606
1748,0.12770987355544808,0.34217132721782106,0.24692290732474606,0.12770987355544808,0.26594310593654424
1749,0.10619130198075298,0.29994404543969677,0.1935054869178876,0.10619130198075298,0.1607212997077585
1750,0.17842003872061943,0.4143902887736875,0.32394050010613606,0.17842003872061943,0.32175611332713194
1751,0.1410927092709271,0.3571869968398982,0.26018857513794225,0.1410927092709271,0.31255647130647135
1752,0.1350601946721312,0.3327418861726309,0.22036338300099945,0.1350601946721312,0.2807374941598606
1753,0.15493444275945412,0.36976201609854364,0.267655146678179,0.15493444275945412,0.24151452092933948
1754,0.17585994397759105,0.406062977774879,0.31240606759457584,0.17585994397759105,0.24261639634590457
1755,0.1609688259628131,0.3799301292254603,0.2809226065252945,0.1609688259628131,0.3334013209013209
1756,0.1505877374037985,0.3535232637170368,0.23987105262647673,0.1505877374037985,0.12151591942820009
1757,0.1480421752428138,0.36053171674382756,0.25397908300202754,0.1480421752428138,0.037016976445863735
1758,0.13422030867683055,0.35344200891526084,0.2634434004768607,0.13422030867683055,0.2749180094156449
1759,0.16105410541054105,0.3592124812458144,0.23631675167054667,0.16105410541054105,0.2524997439429258
1760,0.0995391926270821,0.29825575571956153,0.19743312618495895,0.0995391926270821,0.15331516095534786
1761,0.17270718816067648,0.3747507353031221,0.2510870942848912,0.17270718816067648,0.2511013417071082
1762,0.18622566511549737,0.40491640909086724,0.29338148795073965,0.18622566511549737,0.17375096376343183
1763,0.1485435855428266,0.3487800580444762,0.22847294500329912,0.1485435855428266,0.2934859748240658
1764,0.17350387299148579,0.41048942096967866,0.3219710959563858,0.17350387299148579,0.2261685205784204
1765,0.11220283281133117,0.3120951862423683,0.2077847068620743,0.11220283281133117,0.1525226117862823
1766,0.16409100510473507,0.3804722727215548,0.27476253523363947,0.16409100510473507,0.21011666666666667
1767,0.14899884437596309,0.3608437596135283,0.26068983047513045,0.14899884437596309,0.1606824904108924
1768,0.11388600306499308,0.31764578272468097,0.21551955931937583,0.11388600306499308,0.24875123507215935
1769,0.14127457757296455,0.33842486247760395,0.22130056980927865,0.14127457757296455,0.32681061628430047
1770,0.12062691648376297,0.3283670693087777,0.23248030565002936,0.12062691648376297,0.07812453089694474
1771,0.13419231923192323,0.3461781299558528,0.2459716214478591,0.13419231923192323,0.26384135973966477
1772,0.15008691756272405,0.3579157693348299,0.24965770354421168,0.15008691756272405,0.20725996810207334
1773,0.14718034049225773,0.3526384051826108,0.2419161293807061,0.14718034049225773,0.23742968536748693
1774,0.14513792527882685,0.35217627815344144,0.23907670574922912,0.14513792527882685,0.19077204777912887
1775,0.18250665124349327,0.38966790044847693,0.26632249840996725,0.18250665124349327,0.25403716498453344
1776,0.18110851962682625,0.41991206932256664,0.33260709939148075,0.18110851962682625,0.18561844368295985
1777,0.13430415579843497,0.342688392921323,0.23876847424577602,0.13430415579843497,0.2254004329004329
1778,0.18206511908350925,0.3946724122931452,0.2852145864192719,0.18206511908350925,0.3241695951107716
1779,0.14679662897007684,0.35666173783410543,0.25473021772805726,0.14679662897007684,0.3176978096712162
1780,0.1732838968811508,0.4045722777597994,0.3105767617572972,0.1732838968811508,0.29524622088223323
1781,0.16449999999999998,0.3694851246553616,0.2529702493107232,0.16449999999999998,0.2042449120569637
1782,0.10519197277549801,0.28762977087900415,0.17087559620701234,0.10519197277549801,0.161855157601146
1783,0.16578628128800976,0.3907500173032892,0.2949274720305588,0.16578628128800976,0.22894810744810742
1784,0.13297438280010898,0.330307295983612,0.21866582636700613,0.13297438280010898,0.29718447344564475
1785,0.16982413881583155,0.40300792200422403,0.30936756637678486,0.16982413881583155,0.2944801864801865
1786,0.1233057510070363,0.3108142723537685,0.19101704269346445,0.1233057510070363,0.3038963468963468
1787,0.13776183565208683,0.33039639632855744,0.21226912135294124,0.13776183565208683,0.2663937674673718
1788,0.14133133253301322,0.3496819205867308,0.24270117610743516,0.14133133253301322,0.1765084175084175
1789,0.14867832198691383,0.3918691289625116,0.31438161395119546,0.14867832198691383,0.34525396825396826
1790,0.13394837392947156,0.3549822099621255,0.2570676720653079,0.13394837392947156,0.19324223322748654
1791,0.15225787713430725,0.3611945715489152,0.2518733888292159,0.15225787713430725,0.2655960390619482
1792,0.12577286909147636,0.33066790973227406,0.22679008128159536,0.12577286909147636,0.21138701968890644
1793,0.1060984742744381,0.288454034437585,0.17271112032629382,0.1060984742744381,0.2797597966920802
1794,0.15460251769063682,0.36621212308339723,0.2592192107855208,0.15460251769063682,0.21117096941178465
1795,0.1517745553860262,0.3638243655891714,0.2560996204062904,0.1517745553860262,0.23841625352386506
1796,0.11301133618137892,0.3297564166244006,0.24249016088604342,0.11301133618137892,0.32802129200739605
1797,0.17592101515654568,0.39925000437377434,0.2976579784344573,0.17592101515654568,0.16280774509513507
1798,0.14417709772912077,0.3731659009109398,0.2849776063636381,0.14417709772912077,0.2189321718931475
1799,0.1389029008589046,0.3674769834940386,0.2871481652702681,0.1389029008589046,0.30803123841305147
1800,0.16656440644064394,0.38241709934149837,0.2767053858017088,0.16656440644064394,0.23086111111111113
1801,0.10720693555373721,0.3093123416132272,0.2052108121189799,0.10720693555373721,0.16343752904097722
1802,0.1436809167236669,0.369585430822556,0.28080902819777825,0.1436809167236669,0.2774309848750708
1803,0.1440842650335411,0.34628038342660084,0.23339223678611937,0.1440842650335411,0.2758199152542373
1804,0.12800368532160444,0.3513827275461553,0.2627580844491018,0.12800368532160444,0.38224664679582715
1805,0.12561743606987885,0.3083643042526377,0.18449373636551783,0.12561743606987885,0.24767213870348428
1806,0.1488508704557091,0.36060854548875715,0.25651535006609605,0.1488508704557091,0.3729820284239952
1807,0.11970788674580231,0.32145926679033304,0.21550276008906155,0.11970788674580231,0.28127816627816626
1808,0.15237949260042288,0.35338939576617684,0.23901980633150796,0.15237949260042288,0.3461890016048703
1809,0.15563933722944423,0.3565635653976301,0.24684845633637173,0.15563933722944423,0.3308962850231957
1810,0.13189208920892098,0.3374702246716236,0.2331562709254052,0.13189208920892098,0.27205379482902414
1811,0.13102752844045512,0.33951085766774575,0.23796665845458131,0.13102752844045512,0.2612921920414516
1812,0.1412112845138055,0.36809094056413644,0.27975931210066185,0.1412112845138055,0.29563400206422547
1813,0.15474050465816777,0.36561389903320557,0.2587467887500756,0.15474050465816777,0.3195582028194145
1814,0.14894498737388892,0.349957244396083,0.23302451404438806,0.14894498737388892,0.2849458136913302
1815,0.13593637777038703,0.3402899050079986,0.23570705447522322,0.13593637777038703,0.2863241822385045
1816,0.13449999999999995,0.3451757913523781,0.24435158270475626,0.13449999999999995,0.20361541646080134
1817,0.15917044653725412,0.3629586094960451,0.24457632591758188,0.15917044653725412,0.12663055998582315
1818,0.14457017543859657,0.36444819948274143,0.2727560480882898,0.14457017543859657,0.2894988907649212
1819,0.13123490354850215,0.3548051848647851,0.2651405626325659,0.13123490354850215,0.14572657840941516
1820,0.1447576819137224,0.3604863966974824,0.25945742956752,0.1447576819137224,0.16039438339438336
1821,0.1456251385670666,0.37157051281269526,0.28389074849125745,0.1456251385670666,0.29351608187134504
1822,0.17287488748874877,0.3830258603540074,0.26830194573051713,0.17287488748874877,0.28147293775111387
1823,0.1279433645293961,0.32451651574832974,0.21414630243786736,0.1279433645293961,0.25203188450158154
1824,0.17297593445980544,0.386063568394037,0.27417526786846314,0.17297593445980544,0.2584985994397759
1825,0.18889676669441866,0.37467339523144183,0.23555325707404634,0.18889676669441866,0.32736507936507936
1826,0.18645632293031125,0.4121059669447462,0.31129928802886986,0.18645632293031125,0.17192918883139346
1827,0.15472252201079237,0.3927265740946675,0.3120081041677503,0.15472252201079237,0.2670813690696894
1828,0.15406490387501948,0.3747991699914261,0.2794685322328132,0.15406490387501948,0.31212485507074916
1829,0.13361401410450777,0.32528371775591847,0.2053394073028214,0.13361401410450777,0.1889373112982679
1830,0.1530105176308496,0.35601149951615213,0.2390019637706051,0.1530105176308496,0.2417950747965962
1831,0.15688310882202888,0.366208002363581,0.2516497870831042,0.15688310882202888,0.23395910046237914
1832,0.1381704681872749,0.33579675361081557,0.21925257084708127,0.1381704681872749,0.3128994164805292
1833,0.12311495345811238,0.33046169168456896,0.22769347645291313,0.12311495345811238,0.1642735968348784
1834,0.1621636291553036,0.38160200532085065,0.2828767523310941,0.1621636291553036,0.244916065117678
1835,0.14014989132653674,0.35324726480047075,0.25119474694786803,0.14014989132653674,0.15658423757926246
1836,0.14327744454845295,0.3596115625484091,0.2566682359999123,0.14327744454845295,0.14760840548340542
1837,0.14923035732158932,0.35390344907806004,0.24034618351294135,0.14923035732158932,0.22493442576880696
1838,0.14523492093968382,0.3742472634181472,0.28802468495692674,0.14523492093968382,0.19704971497990842
1839,0.11432957393483711,0.3212207218401331,0.218782295810592,0.11432957393483711,0.13643217458404283
1840,0.1261325498178788,0.34142993555269285,0.24459477146962816,0.1261325498178788,0.139020264681555
1841,0.192321128835928,0.4127899600047592,0.29993766233766234,0.192321128835928,0.2925611170882037
1842,0.15678295113180443,0.3663895192763036,0.25721313628899833,0.15678295113180443,0.30002216502216505
1843,0.18531255704472305,0.4023241334115937,0.2930231527337413,0.18531255704472305,0.30586126517161005
1844,0.12232686306828189,0.33108946933814565,0.2335252125397275,0.12232686306828189,0.228186450154011
1845,0.15027039773431852,0.37448069422202823,0.28242059297541944,0.15027039773431852,0.17171415019762848
1846,0.12360161016101606,0.3171921930513484,0.20218116578066464,0.12360161016101606,0.1614157734678317
1847,0.15791790471311473,0.3679243388072284,0.25701286818822733,0.15791790471311473,0.166903309471937
1848,0.10116697690465391,0.3196535750447775,0.2339731962802471,0.10116697690465391,0.20675407698088005
1849,0.15810895589270849,0.36203503630935924,0.24785216083330147,0.15810895589270849,0.21954301075268812
1850,0.18389583833725642,0.4088278304146698,0.30786398415482674,0.18389583833725642,0.14082543323790253
1851,0.13920212646715027,0.3471286751312128,0.23985309732812504,0.13920212646715027,0.4058523811552577
1852,0.1355681788147099,0.32844074442787696,0.20674513122633426,0.1355681788147099,0.2249962627493217
1853,0.17515061969313872,0.39015011922637344,0.28299899906646936,0.17515061969313872,0.29674833968092873
1854,0.13987214939737835,0.34410911114160214,0.23547392348844765,0.13987214939737835,0.3865695018668932
1855,0.1539463434833227,0.3589982960037952,0.24510390504094495,0.1539463434833227,0.270506008386978
1856,0.14486040105067582,0.3751126157591702,0.28850442941698873,0.14486040105067582,0.2478580496334157
1857,0.18744725789127745,0.4163745839915974,0.3128546522006398,0.18744725789127745,0.3470535044012947
1858,0.15217396359939325,0.3578720790336547,0.24839623086852297,0.15217396359939325,0.22361076498915064
1859,0.14286022096795492,0.356772117290187,0.2568237926444642,0.14286022096795492,0.17536618970573364
1860,0.12145902951155493,0.3276581003541921,0.22539814168527422,0.12145902951155493,0.2245561516795955
1861,0.12542196324715515,0.3394152024938001,0.24698647849328992,0.12542196324715515,0.3279678670388912
1862,0.14436538461538462,0.32514834871011344,0.1935659281894576,0.14436538461538462,0.30285143219635974
1863,0.1403745654148213,0.35274045758314837,0.2507317843366541,0.1403745654148213,0.12229130081204989
1864,0.13890007682067004,0.33599752329371513,0.22419489294609013,0.13890007682067004,0.1603953819741296
1865,0.12246003416669678,0.32999220208527935,0.23106433583716518,0.12246003416669678,0.17580861103705678
1866,0.15274094096376387,0.3465488938560328,0.22261590578453794,0.15274094096376387,0.29037766830870276
1867,0.1572109528438113,0.38869435872660135,0.30096681176558004,0.1572109528438113,0.2936974829987302
1868,0.15524897919930758,0.3735691086494123,0.2766402589002094,0.15524897919930758,0.2790541871921183
1869,0.15106095366621672,0.39739858902245956,0.3216752707124856,0.15106095366621672,0.1737689193689194
1870,0.15639331454918032,0.3522942582472993,0.22780188739623802,0.15639331454918032,0.24763786816910718
1871,0.1628987910023988,0.39262319502335047,0.2994488080419034,0.1628987910023988,0.20001208788295405
1872,0.14153081232492998,0.33419153360765164,0.21432144256544333,0.14153081232492998,0.29193168401920994
1873,0.15928525641025643,0.3600781105703984,0.23858570832028392,0.15928525641025643,0.14033963935924718
1874,0.1505815658822163,0.36311256941501313,0.2550620070655937,0.1505815658822163,0.2776190476190476
1875,0.19073847336065575,0.40027581897467535,0.27807469122803924,0.19073847336065575,0.3064600310783721
1876,0.14350000000000004,0.354257048092869,0.25051409618573794,0.14350000000000004,0.2511967954073217
1877,0.13720843001392197,0.35840507427254364,0.26639328851724325,0.13720843001392197,0.29199935799301824
1878,0.15356392375639233,0.38444312887633353,0.29375841023988236,0.15356392375639233,0.30673296798120464
1879,0.12344359023640215,0.3260340036816451,0.2231808268904859,0.12344359023640215,0.24358685981492992
1880,0.17421578099838972,0.36971326370809654,0.24699496541941365,0.17421578099838972,0.1673893991580559
1881,0.1863679559426229,0.4185279254137073,0.3233199389421688,0.1863679559426229,0.1948117057542657
1882,0.1368552907328528,0.3535585233143246,0.25440646516294363,0.1368552907328528,0.3402187020130945
1883,0.10871805153694389,0.30936265298257215,0.20528920289125652,0.10871805153694389,0.17417563432360061
1884,0.15998648605399177,0.3910155195763487,0.30305806704471394,0.15998648605399177,0.24207571662523647
1885,0.1383919527574817,0.3586431883254484,0.26850247113593334,0.1383919527574817,0.20785706914344693
1886,0.12328591436574639,0.313938900911624,0.19830597309175535,0.12328591436574639,0.12974656416537428
1887,0.15192674180327875,0.3681168752584183,0.26838026691027916,0.15192674180327875,0.29527226285846975
1888,0.12619790066564268,0.32857518372632244,0.22275456612135955,0.12619790066564268,0.18463371493613429
1889,0.1579350909694742,0.37799358076901957,0.2801169795990908,0.1579350909694742,0.31420067479487773
1890,0.15491116231438812,0.37632045975165646,0.2788185948745367,0.15491116231438812,0.26546749895626776
1891,0.13389426523297493,0.32907518051903456,0.21236183057211933,0.13389426523297493,0.1807477599205345
1892,0.1793826768624057,0.38972967934513586,0.27669400496546037,0.1793826768624057,0.21518794765840218
1893,0.18290808652938445,0.3929594602575699,0.27510274745637087,0.18290808652938445,0.32577588540491764
1894,0.15182443567968446,0.3682283140356144,0.2678077567118598,0.15182443567968446,0.21945916125900627
1895,0.178542017345581,0.3995583896006657,0.29703274451016937,0.178542017345581,0.16688756887052347
1896,0.1716277303931765,0.41151638192855705,0.326777303070761,0.1716277303931765,0.2335577112491652
1897,0.13000760304121653,0.33401971891221277,0.23002423174199252,0.13000760304121653,0.21166452789002532
1898,0.12891700415399832,0.31991404625591235,0.19799408420382808,0.12891700415399832,0.2779590045487049
1899,0.18384691503377895,0.40313276299046397,0.29257169591336996,0.18384691503377895,0.3717626047740183
1900,0.13064785914365756,0.34936683537688906,0.25943795246646306,0.13064785914365756,0.2720853491789256
1901,0.15233373349339735,0.3364247858598036,0.20418210473281256,0.15233373349339735,0.3422222222222222
1902,0.12305376344086032,0.3161294549906898,0.20215138309965902,0.12305376344086032,0.38023455135650264
1903,0.11306938044034823,0.27185267185948103,0.12556658283826555,0.11306938044034823,0.2539088936799143
1904,0.14592677931387615,0.3584160282387686,0.254978497849785,0.14592677931387615,0.34258432539682543
1905,0.11834189328715893,0.3203834273275241,0.22208306808073047,0.11834189328715893,0.28713132967432076
1906,0.14573430643503177,0.3594058178792925,0.2573430228885215,0.14573430643503177,0.20998217907852798
1907,0.1420144997119262,0.3600585231978767,0.2630880469719009,0.1420144997119262,0.3770800230414747
1908,0.13823009999559488,0.3494358871599321,0.2454115743286744,0.13823009999559488,0.17094218304381642
1909,0.13926460745224256,0.3344125971227334,0.21829597934098172,0.13926460745224256,0.33510090909090906
1910,0.13900000000000004,0.3549818449292044,0.2579636898584088,0.13900000000000004,0.27151143790849663
1911,0.1256021506671646,0.3418016323297477,0.24439896332516614,0.1256021506671646,0.3061347170313388
1912,0.1463254779902179,0.3699325224871356,0.27521408899383554,0.1463254779902179,0.29883768631988905
1913,0.1666687900764428,0.40409654765036257,0.31985551514783955,0.1666687900764428,0.12236495702096611
1914,0.12926391150081412,0.34235352379869255,0.24517922459575697,0.12926391150081412,0.24722986317362194
1915,0.14306048191709625,0.3497121929005969,0.2453034219670014,0.14306048191709625,0.317645578061182
1916,0.172,0.3915858494496067,0.28717169889921346,0.172,0.20271689895470388
1917,0.11641987179487186,0.32359264377011127,0.22234554395047884,0.11641987179487186,0.18307493256896856
1918,0.11328553619952061,0.30783129951208416,0.19609152662512705,0.11328553619952061,0.25828387617147663
1919,0.11523084092336376,0.30627854770332374,0.19209541355992005,0.11523084092336376,0.1473589357641082
1920,0.1473068356374808,0.3418257244829679,0.2200377776909742,0.1473068356374808,0.23939664831039303
1921,0.15032296466973885,0.35356771933493386,0.23948950933039007,0.15032296466973885,0.24851159951159946
1922,0.16511974897540982,0.36844899264290826,0.25165848733499685,0.16511974897540982,0.3700795755968169
1923,0.13644937975190077,0.32594574530669207,0.2049927311095826,0.13644937975190077,0.22559070668369519
1924,0.18220779678390678,0.39241300659060174,0.2774104196133899,0.18220779678390678,0.16531265278663576
1925,0.1160440176070429,0.33067967603150883,0.24127131684893183,0.1160440176070429,0.30258982428533954
1926,0.16842370711725552,0.3718789859669184,0.2529105576993257,0.16842370711725552,0.2282896711873984
1927,0.14177704426316834,0.3506963440097657,0.24283859949319475,0.14177704426316834,0.186109126984127
1928,0.15761564625850336,0.3676809199304394,0.2571305473438721,0.15761564625850336,0.26680152224824355
1929,0.1795,0.39075815665263536,0.27551631330527065,0.1795,0.24004329004328995
1930,0.12806730769230779,0.3406938658074182,0.24725311623022084,0.12806730769230779,0.3296898286140089
1931,0.10340747145762282,0.2983353413952677,0.18985573987528978,0.10340747145762282,0.21532688000805933
1932,0.12756565893430505,0.32776862103681703,0.21540592420502397,0.12756565893430505,0.22461422146128035
1933,0.12426749247807452,0.30130079415393984,0.16906660335173068,0.12426749247807452,0.19305030836662662
1934,0.10778067985404266,0.30501992159461505,0.19847848348114483,0.10778067985404266,0.27259370314842574
1935,0.1554741962842649,0.3691823125699185,0.2634162325713072,0.1554741962842649,0.32783969763808474
1936,0.12400223843873405,0.31949470445225264,0.2079849320270373,0.12400223843873405,0.3153296989600438
1937,0.1485726290516206,0.36385404650081143,0.2645628348983816,0.1485726290516206,0.25887632885802214
1938,0.17463672029737626,0.38739879325820303,0.2765241459216534,0.17463672029737626,0.25464230643987285
1939,0.14776692706770822,0.37897619715834485,0.29441854018127317,0.14776692706770822,0.2596001954379953
1940,0.12338581669226834,0.33529103122777826,0.23881042907101982,0.12338581669226834,0.2321980742360732
1941,0.15494692431136656,0.3673592935997667,0.2598247385768002,0.15494692431136656,0.22906641975607495
1942,0.14136437431703833,0.34170618140169295,0.22668361416930932,0.14136437431703833,0.2401102544945874
1943,0.16048399839983996,0.39958049510057697,0.319192993401474,0.16048399839983996,0.1751222222222222
1944,0.17536769105085487,0.4075461379843931,0.31735689386707655,0.17536769105085487,0.21627736896882427
1945,0.10794111623143886,0.3032546547742009,0.19662707708552413,0.10794111623143886,0.24759149491107124
1946,0.13672235023041474,0.33927272398155983,0.2301007475022902,0.13672235023041474,0.28764053905390535
1947,0.14400052016853468,0.36786371223329517,0.27572638412952105,0.14400052016853468,0.11030666548675025
1948,0.10475649529349855,0.28544953589679045,0.16938608120658383,0.10475649529349855,0.26260814039518277
1949,0.13035005149082998,0.33989845851907313,0.24209681405648642,0.13035005149082998,0.23412041529787542
1950,0.15833289646133672,0.4013915817903132,0.3181173706579529,0.15833289646133672,0.06295089133089131
1951,0.1363423842384239,0.33948197482155174,0.23127918116625562,0.1363423842384239,0.3324662911759686
1952,0.18502240896358538,0.41241410001109163,0.31278338209501244,0.18502240896358538,0.18041353754940714
1953,0.10876207284325615,0.28601080020322756,0.15849745471994275,0.10876207284325615,0.38521827033301137
1954,0.13048193734974456,0.3439981270339368,0.2470323793683844,0.13048193734974456,0.23484799033186127
1955,0.1418648845433742,0.3489128065654017,0.24109584404405499,0.1418648845433742,0.260328346245693
1956,0.1314148350217715,0.3387257862489547,0.23862190245436646,0.1314148350217715,0.14655536811538272
1957,0.17118091651299447,0.4034289912345601,0.31149614944313125,0.17118091651299447,0.14973958750696714
1958,0.15688960640715757,0.37624518160998677,0.27271115040565835,0.15688960640715757,0.2997858112828147
1959,0.17235791692717106,0.37018695755456943,0.24665808125479677,0.17235791692717106,0.21154814873669156
1960,0.16709991359861753,0.37446233449044836,0.2597248417836616,0.16709991359861753,0.22077216342323883
1961,0.11263149273373843,0.3209686388994811,0.22567429233148528,0.11263149273373843,0.22314448422419028
1962,0.12738749419990708,0.3131345913698892,0.18949419433996412,0.12738749419990708,0.32547937979119707
1963,0.15446674613399483,0.3624217352391287,0.2559099782102677,0.15446674613399483,0.2932752581120944
1964,0.13976414550923835,0.3491432425704172,0.2457581941223576,0.13976414550923835,0.15014261787545038
1965,0.15248815567851298,0.3698332050335434,0.2686900987100608,0.15248815567851298,0.20663577927733248
1966,0.1532399998396608,0.3697706184628829,0.26506123724644426,0.1532399998396608,0.1848999168597784
1967,0.17350387299148587,0.3790212962158803,0.259034846448789,0.17350387299148587,0.1401797040169133
1968,0.17111981566820264,0.37231576929494126,0.2503919072534771,0.17111981566820264,0.1585991286827319
1969,0.14951576909074177,0.3614926514780219,0.2559537647745602,0.14951576909074177,0.23119096963850988
1970,0.14236881310908778,0.36997146634284583,0.28420530646751613,0.14236881310908778,0.2731428873994821
1971,0.1432112845138055,0.34557549972319035,0.23472843041876967,0.1432112845138055,0.19433599196502424
1972,0.13053225361074766,0.32840830200292503,0.21775209678435486,0.13053225361074766,0.2523211197783003
1973,0.13586552254098366,0.3636387567673569,0.2775464684527465,0.13586552254098366,0.18626786739895423
1974,0.11603110311031102,0.3067516186692171,0.1914410311178121,0.11603110311031102,0.14883716456567725
1975,0.14076090904363622,0.344737268396344,0.2349527187054156,0.14076090904363622,0.2150733333333333
1976,0.19149999999999992,0.40511339522265766,0.28822679044531535,0.19149999999999992,0.3656443175718538
1977,0.16264936814420416,0.3860468063373177,0.284794876386227,0.16264936814420416,0.28668503147036456
1978,0.12754749675994817,0.3380021417466923,0.23890928997348823,0.12754749675994817,0.16978563300971838
1979,0.13967795412979878,0.3502463902253704,0.24613687219114327,0.13967795412979878,0.23619184569184573
1980,0.15560206088540846,0.38387796555548503,0.28855180934015306,0.15560206088540846,0.19802267699115045
1981,0.16480596787881702,0.3555082991468398,0.22640466253604546,0.16480596787881702,0.24657334280888232
1982,0.11312127140932711,0.32390975218825685,0.2265769615578595,0.11312127140932711,0.3566031746031746
1983,0.1783558776167472,0.38446041449567436,0.2702090737578543,0.1783558776167472,0.2195404631798074
1984,0.15431168049317898,0.37528883160510396,0.27395430222384987,0.15431168049317898,0.20558593282616572
1985,0.08500000000000003,0.2754567670129531,0.1709135340259061,0.08500000000000003,0.2533100158982512
1986,0.12984762597190352,0.3373578890553163,0.23202052616682556,0.12984762597190352,0.31929685185185186
1987,0.09795819719392661,0.29551713272190916,0.19611787105596515,0.09795819719392661,0.2572900584200019
1988,0.14866029426483848,0.3606935668763471,0.2540665452230174,0.14866029426483848,0.3153333333333333
1989,0.13400358606557383,0.33979887487673316,0.23659057762231875,0.13400358606557383,0.35978234860439245
1990,0.11909140146242343,0.33473577971175233,0.24428875649865783,0.11909140146242343,0.3696629463046255
1991,0.12434298302205093,0.29401685872529704,0.15834775140649215,0.12434298302205093,0.2776828282828283
1992,0.1415918162832554,0.36621276503517264,0.27324189750383454,0.1415918162832554,0.27319658870145214
1993,0.1266698207988599,0.32867249308685664,0.22000534457599347,0.1266698207988599,0.19775687375687379
1994,0.16101137459032186,0.37300475381474535,0.2599867584488469,0.16101137459032186,0.14305064728594138
1995,0.12458582724452014,0.34757974478329207,0.25998783507754386,0.12458582724452014,0.20655813953488372
1996,0.17418007202881144,0.3949954942874542,0.2896308445172853,0.17418007202881144,0.35700170536916226
1997,0.1611414762179118,0.3608537847490497,0.24142461706227591,0.1611414762179118,0.1889489251747024
1998,0.16773805500571307,0.38249037010411646,0.27950463019680694,0.16773805500571307,0.20988735460427327
1999,0.1584647390888615,0.36487055447227335,0.2528116307668237,0.1584647390888615,0.27437075944283573
2000,0.11313328212022274,0.3218852161543442,0.22750386806824285,0.11313328212022274,0.24818265108165824
2001,0.13189954239267826,0.34383144491417367,0.24486380504299077,0.13189954239267826,0.23252493678535174
2002,0.10522519432463934,0.31566172332363124,0.22787305799798388,0.10522519432463934,0.2752560652305406
2003,0.14972493289973166,0.3594147623003485,0.25237965880123375,0.14972493289973166,0.3129936324268952
2004,0.14531735280459884,0.3729523031784687,0.2832699007477397,0.14531735280459884,0.17827490796431567
2005,0.13188014212791516,0.3362270272536847,0.22769377025153903,0.13188014212791516,0.26586988304093573
2006,0.12876890177760175,0.325972912455956,0.21140802135670855,0.12876890177760175,0.20852879673740926
2007,0.15461424569827936,0.33859497470167843,0.20596145800679816,0.15461424569827936,0.1211020912708492
2008,0.10742033160489094,0.30606045362507805,0.2032802440403743,0.10742033160489094,0.2758926041988702
2009,0.14303150799288802,0.3638303930401342,0.26659777009449237,0.14303150799288802,0.3521219521219521
2010,0.14389378969654207,0.3448838484470637,0.23698011750104334,0.14389378969654207,0.32478821614274656
2011,0.11350000000000006,0.3197628294322382,0.22152565886447628,0.11350000000000006,0.3217642328042329
2012,0.14774046723468695,0.3591850307468512,0.25788912702432853,0.14774046723468695,0.2846567756247145
2013,0.1292219721972197,0.3129702541164329,0.18649656383842642,0.1292219721972197,0.2743736377291364
2014,0.12586577868852464,0.3337753798584715,0.23081920233989373,0.12586577868852464,0.1671150524439998
2015,0.1400677311274628,0.3590494836645432,0.26796350507416083,0.1400677311274628,0.1825409364763621
2016,0.16004880008334704,0.36753759253970836,0.2579775849127226,0.16004880008334704,0.21200325425968017
2017,0.15002258002437618,0.3467805210651702,0.22951588208158802,0.15002258002437618,0.28724229310512495
2018,0.1696406265639076,0.3942968099111086,0.29831236669440203,0.1696406265639076,0.1880969455849324
2019,0.1704344971614436,0.4034219159246325,0.31197483752637784,0.1704344971614436,0.34597667545376865
2020,0.1516269841269842,0.3572239756716169,0.24619398308926543,0.1516269841269842,0.22479620422526583
2021,0.159294302442382,0.37676488654041457,0.27294116819606506,0.159294302442382,0.26763837742504404
2022,0.1472467997951868,0.3339250741575521,0.2053565487247306,0.1472467997951868,0.29889195484902176
2023,0.12835158662847446,0.3186416050302917,0.19858003680363448,0.12835158662847446,0.2951281921413049
2024,0.13792283185556284,0.35413697037414976,0.25242827703717385,0.13792283185556284,0.2970276984017086
2025,0.17083333333333334,0.38516124921272266,0.27865583175877856,0.17083333333333334,0.2708116704084446
2026,0.13351420890937024,0.34676249890599303,0.24949657999324562,0.13351420890937024,0.19482874091083047
2027,0.11875883709016388,0.2999934104310676,0.17346914668180735,0.11875883709016388,0.15432795942880023
2028,0.1237708630834524,0.3304626062225253,0.22938348627814587,0.1237708630834524,0.24640594447690506
2029,0.135278954471369,0.32544021602854123,0.20632252311434457,0.135278954471369,0.3422151272904389
2030,0.14425150060024014,0.35965095136822334,0.26179890153596636,0.14425150060024014,0.2729659090909091
2031,0.16424552849433954,0.3734324173849993,0.26337377778131954,0.16424552849433954,0.20057560356429183
2032,0.16373546512795184,0.3870325405437543,0.2935941508316049,0.16373546512795184,0.32479709832651005
2033,0.12195564472530246,0.3300210004179671,0.22813071138532934,0.12195564472530246,0.24947720681192828
2034,0.12372050306006853,0.3311643226370474,0.22888763915395782,0.12372050306006853,0.1991876497527139
2035,0.13636823702613177,0.3377678232886403,0.22779917252501714,0.13636823702613177,0.16545158322016668
2036,0.1384024577572965,0.32336725505203273,0.19492959458947248,0.1384024577572965,0.12595022293675745
2037,0.14110819389498022,0.3400417253469491,0.22486706290393776,0.14110819389498022,0.24797764108809184
2038,0.15656068753600927,0.37229790581412514,0.2704744365562317,0.15656068753600927,0.3007049725060194
2039,0.15368820818129436,0.3854684434478148,0.3005604705330408,0.15368820818129436,0.19341246602963091
2040,0.12223099326302987,0.3130738191032242,0.19568565168038854,0.12223099326302987,0.29783495656751785
2041,0.13677607393866184,0.3557773279334024,0.2630025079894811,0.13677607393866184,0.26970640107895016
2042,0.1482693151430723,0.37300361684189387,0.28346860339764324,0.1482693151430723,0.29297161385424075
2043,0.16613108287593417,0.3953965479958297,0.30353093023979105,0.16613108287593417,0.1847400028977108
2044,0.11476394259533647,0.336987154472736,0.24944642375479903,0.11476394259533647,0.2901818558194897
2045,0.11631833344024634,0.3282798467729452,0.23092302666539766,0.11631833344024634,0.2643187830687831
2046,0.13397179424504835,0.3443503136182266,0.2467570387463566,0.13397179424504835,0.23294642857142858
2047,0.14330927669934015,0.35684478442839523,0.2580710154581102,0.14330927669934015,0.23187949233313848
2048,0.14253612748570316,0.3599495049348792,0.2648267548983522,0.14253612748570316,0.27512602349250076
2049,0.17853048802470772,0.4034773430563048,0.30489371006319416,0.17853048802470772,0.1434723583877996
2050,0.13957862047929243,0.3512834437976995,0.2444096466368142,0.13957862047929243,0.420679115462243
2051,0.12979922407957095,0.33048075620302375,0.2243630642469056,0.12979922407957095,0.273372730344765
2052,0.1593361344537814,0.3969455720803413,0.31321887525311976,0.1593361344537814,0.22110479843884018
2053,0.16411743705826407,0.36846615176341146,0.25569742941029483,0.16411743705826407,0.29132860040567954
2054,0.11927819585084232,0.3157201568639878,0.20088392202629107,0.11927819585084232,0.23141369047619048
2055,0.15672382238223828,0.3739247594118723,0.271401874059268,0.15672382238223828,0.21817407527084945
2056,0.14304783922780606,0.35510544741444267,0.2491152163732732,0.14304783922780606,0.35238091552410444
2057,0.12419906066473578,0.32349518124354487,0.2155922411576182,0.12419906066473578,0.2354271512892202
2058,0.13992652329749106,0.3574408099846479,0.2610285733743136,0.13992652329749106,0.315452120223672
2059,0.14769731467367608,0.34667769490341194,0.2309607604594718,0.14769731467367608,0.2972505473453749
2060,0.13174888499554002,0.3406260741307196,0.23875437827035914,0.13174888499554002,0.27362042588595076
2061,0.12835256410256402,0.3279346157937139,0.21516410338229974,0.12835256410256402,0.21063650529774253
2062,0.1538796817659747,0.3874429648695089,0.30512656620706835,0.1538796817659747,0.3123624338624338
2063,0.15769419649114375,0.3580551191975391,0.24172184541279063,0.15769419649114375,0.22107137711160696
2064,0.15421533092254647,0.3284496483076294,0.18746863477016587,0.15421533092254647,0.21047843137254904
2065,0.15546499655730095,0.3804690182560299,0.2890080433974579,0.15546499655730095,0.10849072422829778
2066,0.1309955279284469,0.335259288528553,0.22952752120021236,0.1309955279284469,0.33819921409301934
2067,0.16160548886454035,0.3949879049509802,0.30276483217287975,0.16160548886454035,0.3258578431372549
2068,0.16120927701829557,0.35980920948378303,0.23719986493097484,0.16120927701829557,0.12315550623262492
2069,0.08532733728000122,0.2947104871705057,0.2067662997810089,0.08532733728000122,0.2843116073663219
2070,0.11111725550435235,0.2793654752752728,0.14449643954184085,0.11111725550435235,0.3041448961834357
2071,0.1423648575120724,0.3525177190828921,0.24730572314163946,0.1423648575120724,0.24833683473389362
2072,0.13370622119815673,0.336048588935463,0.22768473547461265,0.13370622119815673,0.26166963755199046
2073,0.14542256418267985,0.359626223944197,0.26140731952303436,0.14542256418267985,0.24173717948717943
2074,0.13148921588631374,0.3287584210094404,0.21653841024625342,0.13148921588631374,0.25456594810043087
2075,0.14698770380326082,0.37073086652289416,0.27848632543926666,0.14698770380326082,0.20418917211728507
2076,0.17013471347134712,0.3893206596712806,0.284371892399867,0.17013471347134712,0.23702281029676991
2077,0.15847513471963426,0.38507008527007264,0.2871899011008767,0.15847513471963426,0.18397701523952908
2078,0.14104495426072194,0.337078976302106,0.22206804408276815,0.14104495426072194,0.3194279817190034
2079,0.09479308455104392,0.29732888648322575,0.20107160386436373,0.09479308455104392,0.3031948558264348
2080,0.1381824116743472,0.3511497544625045,0.2519346855763146,0.1381824116743472,0.2504667918418007
2081,0.15280968538929265,0.3618657189967814,0.24911206721497745,0.15280968538929265,0.28826943469785576
2082,0.15079373829831494,0.37231547669969645,0.276043476802763,0.15079373829831494,0.21221749595307188
2083,0.12969478478414256,0.33244313930970915,0.221496709051133,0.12969478478414256,0.24061499909123957
2084,0.13371383528263164,0.34602697403541804,0.24862627750557276,0.13371383528263164,0.2728215808958843
2085,0.15871566787639188,0.38059451946576983,0.2817577031787558,0.15871566787639188,0.17300669829591686
2086,0.16043367902182962,0.3987455326451161,0.31562370724657296,0.16043367902182962,0.3407322510042258
2087,0.13944170637403525,0.3756648297921731,0.29444624683627557,0.13944170637403525,0.22102737922705312
2088,0.15099999999999988,0.3532754915192873,0.23855098303857464,0.15099999999999988,0.31727338217338213
2089,0.16498717948717942,0.39281890591253227,0.3016634528507056,0.16498717948717942,0.2318121635163631
2090,0.1499077345237524,0.35839660938002504,0.24997774971254527,0.1499077345237524,0.23262477369373918
2091,0.11657086377739971,0.3294869043217141,0.2348320810886288,0.11657086377739971,0.19724822520474689
2092,0.150943981108721,0.3733362925070156,0.2757846227965892,0.150943981108721,0.22730721989842778
2093,0.11989941439063023,0.31251821016497244,0.19823759154868437,0.11989941439063023,0.2617227586120906
2094,0.1995810291858679,0.4183336399353008,0.3045052214988658,0.1995810291858679,0.30489671222024173
2095,0.13223083372352218,0.35026577864698405,0.25906988984692375,0.13223083372352218,0.2124448709405127
2096,0.1707182607164722,0.38418732381039744,0.2729381261878505,0.1707182607164722,0.26695746144022003
2097,0.1597896349159918,0.3749904902182403,0.267401710604497,0.1597896349159918,0.25759031607967553
2098,0.17121509476281266,0.3883642096030191,0.2842982296804129,0.17121509476281266,0.28027928184668005
2099,0.18846978637152045,0.4009814552016896,0.2870233376603383,0.18846978637152045,0.19089759346906066
2100,0.16109663865546203,0.3685378581491831,0.253882438987442,0.16109663865546203,0.25642624451363616
2101,0.18594436109477458,0.3991616959376155,0.2844346696856819,0.18594436109477458,0.18103861690475906
2102,0.16647483307652802,0.3681564255480922,0.25236318494312837,0.16647483307652802,0.12258019591813316
2103,0.15014441119880317,0.3554074326666572,0.24352604293570804,0.15014441119880317,0.3693649579220404
2104,0.147603210321032,0.36794750091904627,0.27168858119602846,0.147603210321032,0.27933204436074494
2105,0.16976175974418886,0.40581414069656974,0.3221047619047619,0.16976175974418886,0.27820471791680723
2106,0.16015451024947594,0.3621893602397821,0.2450696999806123,0.16015451024947594,0.1954635928201949
2107,0.17229408641722058,0.3910599110268961,0.279531649219351,0.17229408641722058,0.2468724893444142
2108,0.1512543545081968,0.3751660966944927,0.28382348437259186,0.1512543545081968,0.22719298245614034
2109,0.17939428053364076,0.396215566855703,0.28864257264412446,0.17939428053364076,0.1708905951973395
2110,0.11884623263555472,0.32248430296987207,0.22127614066863477,0.11884623263555472,0.2109312435929615
2111,0.13021088084352336,0.3293388526054466,0.21825594352384645,0.13021088084352336,0.33022540983606563
2112,0.13772594456621468,0.3379836494057476,0.22251540967906575,0.13772594456621468,0.1747878787878788
2113,0.1481662683974367,0.3410696065166865,0.21980667623849962,0.1481662683974367,0.3289138377063364
2114,0.15120165303803756,0.36959014983137456,0.27177699358667406,0.15120165303803756,0.1869406416398001
2115,0.11985465106975411,0.3127523855923596,0.19979546904521106,0.11985465106975411,0.30437366640645325
2116,0.15083653846153836,0.3760169381291615,0.2813607993352462,0.15083653846153836,0.2845303736226237
2117,0.17157943177270907,0.3881912859292644,0.2792237083131106,0.17157943177270907,0.17146427730696798
2118,0.12683459758112597,0.3418139506181852,0.24895870607411857,0.12683459758112597,0.2286959827173028
2119,0.1388561615287195,0.37041530661164834,0.2861182901658576,0.1388561615287195,0.19273241900218643
2120,0.12380620001520307,0.35481344838031936,0.2790144967302327,0.12380620001520307,0.30408912861332216
2121,0.1098148433487417,0.31352736860919206,0.20942505052090082,0.1098148433487417,0.3238027059586692
2122,0.1555209021298398,0.3643258133133285,0.2526098223669773,0.1555209021298398,0.37080683015951094
2123,0.09572154311988347,0.29376015419389073,0.1900772221480146,0.09572154311988347,0.33997724760402237
2124,0.15744941961195422,0.3716646538101276,0.26543046839634665,0.15744941961195422,0.1913782944489139
2125,0.15761322086086346,0.36441061899537497,0.24859479626902303,0.15761322086086346,0.1755275106837607
2126,0.11580571209016392,0.3317510412395228,0.24089065829871775,0.11580571209016392,0.26372045855379195
2127,0.15565253728355521,0.3625174542273366,0.25272983388756276,0.15565253728355521,0.25175862184683356
2128,0.1612889631558526,0.37596893109497664,0.27035993587824814,0.1612889631558526,0.32908972868404507
2129,0.15259631265603985,0.3439194435356363,0.21664626175919285,0.15259631265603985,0.18680344711700037
2130,0.1777245680613601,0.4126163982981418,0.3237836604735634,0.1777245680613601,0.2650056000505294
2131,0.16418534750902036,0.3964201640283364,0.31046963303863206,0.16418534750902036,0.1732517198207932
2132,0.12671350778246782,0.3261234397941074,0.2198198640232792,0.12671350778246782,0.19099513738248908
2133,0.1293220686123912,0.32186061733285026,0.20407709744091812,0.1293220686123912,0.25798385211064195
2134,0.18764638084654855,0.4286503084765858,0.34400785526007455,0.18764638084654855,0.2661965737514518
2135,0.1511138097149739,0.345308138015158,0.2273886566003681,0.1511138097149739,0.1941188197767145
2136,0.16280423042304235,0.379296697737424,0.2739849346287634,0.16280423042304235,0.2363884670938114
2137,0.16114743589743583,0.3845734633840055,0.28485205497313926,0.16114743589743583,0.22710609295975145
2138,0.13493157490519847,0.3647954993866569,0.2827278489629168,0.13493157490519847,0.09536963423466925
2139,0.11860957501280091,0.321422313108039,0.21862547619047615,0.11860957501280091,0.20140988625409673
2140,0.11443269230769237,0.30400683447981214,0.19214828434423956,0.11443269230769237,0.3575243461680754
2141,0.11275751527054984,0.3165349924677562,0.2155549543944128,0.11275751527054984,0.46271882678132675
2142,0.12493723962397807,0.317639023545658,0.20040356784335983,0.12493723962397807,0.21530160258614756
2143,0.1104757940573771,0.31037836735229024,0.2048051465898263,0.1104757940573771,0.2306711907606531
2144,0.17421929824561405,0.4005526315789474,0.30566666666666664,0.17421929824561405,0.21377120963327859
2145,0.1662279666814697,0.37699598048436755,0.26453602760579575,0.1662279666814697,0.15007483844069208
2146,0.16111167797026815,0.36666443351956857,0.25910551109860086,0.16111167797026815,0.3896650388459506
2147,0.19077038643801644,0.40265102270501574,0.2867612725339985,0.19077038643801644,0.2505477108463358
2148,0.17621480068877846,0.40362310743839847,0.31181661349924006,0.17621480068877846,0.25940406522224696
2149,0.19368465537320056,0.4124757903600351,0.3015822699736691,0.19368465537320056,0.290419619312834
2150,0.11096331941311065,0.30625742537436335,0.1975882119225054,0.11096331941311065,0.22553809754200757
2151,0.1343952228020875,0.35379805269673636,0.2658056597892977,0.1343952228020875,0.29458064072483364
2152,0.14045964632869457,0.3456518450319124,0.23338439740643574,0.14045964632869457,0.1631607481702358
2153,0.11722951868919616,0.31956532238607405,0.21667160739375574,0.11722951868919616,0.2042593354981087
2154,0.14586642978680817,0.35933535802217975,0.25993785647074313,0.14586642978680817,0.363941018342821
2155,0.12000016813181538,0.3261740815327699,0.223347826801909,0.12000016813181538,0.3339747194506705
2156,0.16540360983102917,0.3945413543771573,0.3012754890922563,0.16540360983102917,0.2546031528813242
2157,0.1691131790077578,0.3819121825898214,0.27659800716412725,0.1691131790077578,0.35365170957709735
2158,0.15374601942679744,0.3883070079743743,0.30412197709515365,0.15374601942679744,0.1574516128058165
2159,0.14634439036885247,0.3521811368889962,0.24467349304028757,0.14634439036885247,0.13053866991061308
2160,0.13409156146498352,0.33260038470486086,0.2200176464797547,0.13409156146498352,0.2769654234654234
2161,0.12100000000000002,0.3294887957566851,0.23097759151337022,0.12100000000000002,0.1809488827670646
2162,0.152569778048039,0.3626685073624598,0.25619745862884163,0.152569778048039,0.35417077293054255
2163,0.12250000000000003,0.3211951244457216,0.21239024889144326,0.12250000000000003,0.3032575557264875
2164,0.12944769043500542,0.3437741991838533,0.25065301749769575,0.12944769043500542,0.35884234470866994
2165,0.14799999999999996,0.35695562624654176,0.2499112524930836,0.14799999999999996,0.377237560281336
2166,0.12328268081751576,0.3284978797256388,0.22443039781624619,0.12328268081751576,0.12869936895853348
2167,0.11874660590031176,0.29468536799949147,0.16587752419835947,0.11874660590031176,0.2927740203972088
2168,0.16893589743589726,0.38040304995375496,0.2659343050357152,0.16893589743589726,0.13653620835686048
2169,0.1363751260988616,0.33445196246792697,0.22215367273813075,0.1363751260988616,0.1372679425837321
2170,0.1472688324596419,0.3690829514515457,0.27862823798380765,0.1472688324596419,0.254863413304253
2171,0.18373988217213116,0.4096819764608259,0.3058841885773894,0.18373988217213116,0.1559721338506221
2172,0.16268378586065566,0.384777949878183,0.28418832803505456,0.16268378586065566,0.334059490906836
2173,0.14524292097168393,0.3542290275679466,0.24797221319252533,0.14524292097168393,0.2730927236849368
2174,0.14351498493704762,0.3582358048539932,0.2574416398338911,0.14351498493704762,0.33084750000000007
2175,0.15896900160869104,0.37829270687236033,0.28264741052733866,0.15896900160869104,0.17617320954907165
2176,0.11892457149260251,0.30748290461580274,0.1911166662464005,0.11892457149260251,0.2697887670427716
2177,0.1432452110961625,0.36244501248190486,0.26939960277148467,0.1432452110961625,0.3034162543634128
2178,0.1581846841981029,0.36427837672893726,0.2521873850616688,0.1581846841981029,0.24019108499157993
2179,0.14853321328531402,0.34865071536133074,0.2312350041520334,0.14853321328531402,0.2330529404204988
2180,0.18175627240143372,0.3876479101956173,0.2667832755883671,0.18175627240143372,0.3961799342767085
2181,0.13722196572564477,0.34755815941120016,0.24267238737111077,0.13722196572564477,0.3725727856039968
2182,0.12658180818081805,0.3428526593777411,0.24954170239384604,0.12658180818081805,0.2752170403869103
2183,0.17113276686139134,0.39962571729451923,0.2989859008662557,0.17113276686139134,0.37875752607195295
2184,0.13989145933129338,0.3532831920944752,0.2567834655263636,0.13989145933129338,0.16854299516908217
2185,0.16798654877623156,0.40476080249569724,0.32354850743893143,0.16798654877623156,0.17454658706832618
2186,0.16995846306511167,0.3983047436212453,0.2986925611122673,0.16995846306511167,0.204281002667271
2187,0.15790100250626563,0.366730266982009,0.2526585289514867,0.15790100250626563,0.22833792830894273
2188,0.1492147435897435,0.37737925359502994,0.2863290200105728,0.1492147435897435,0.24454111132630896
2189,0.17778300713202844,0.395210685703457,0.28685535714285715,0.17778300713202844,0.3765615680615681
2190,0.14715079365079364,0.35855750417619114,0.25481342105079496,0.14715079365079364,0.21695533896618757
2191,0.14872286226318487,0.364319504251728,0.2641932839770862,0.14872286226318487,0.2627147147147147
2192,0.1400836253380055,0.35690129873572274,0.2606353467954346,0.1400836253380055,0.34937517349282055
2193,0.16837249460376208,0.3796049261205024,0.2704648630334807,0.16837249460376208,0.1354086021505376
2194,0.15112390892448702,0.3601640821662399,0.2550803464835058,0.15112390892448702,0.3140708309990663
2195,0.160301908022697,0.38003436889342235,0.28346492174145066,0.160301908022697,0.23388999022755827
2196,0.10166264485917671,0.2967336089525546,0.18814192818675582,0.10166264485917671,0.17125958836485144
2197,0.13921490485961943,0.3328739326262503,0.21331805553326177,0.13921490485961943,0.3012274028340272
2198,0.18807717000513602,0.4259303761175876,0.33070641222490316,0.18807717000513602,0.2182168911335578
2199,0.14383177240361789,0.3634522269490725,0.27224090909090914,0.14383177240361789,0.12543240093240093
2200,0.1554999999999999,0.3838474297002681,0.2936948594005363,0.1554999999999999,0.21071627249719665
2201,0.145261308866151,0.3556054888145229,0.2486883598967437,0.145261308866151,0.29129498729498726
2202,0.18326250500200073,0.421425195731053,0.33032538145810453,0.18326250500200073,0.22571005415427747
2203,0.1414878199198274,0.3850298364377922,0.31708403303592964,0.1414878199198274,0.31438594313994234
2204,0.16401395557262669,0.38316977095326865,0.2823116307612839,0.16401395557262669,0.28685230797299766
2205,0.15952103348943503,0.3750336886765973,0.27602531037432465,0.15952103348943503,0.28566675536525676
2206,0.1347288929155717,0.3451913355033132,0.24392488517548305,0.1347288929155717,0.16800999635391345
2207,0.15437674806637344,0.3681098030436093,0.2624661099544716,0.15437674806637344,0.18123933873004755
2208,0.14640994565478757,0.3509942891670672,0.23716868702455915,0.14640994565478757,0.2729500180965291
2209,0.18121501686006733,0.4053623895512427,0.3022947453823507,0.18121501686006733,0.3214700457258002
2210,0.14010304273846472,0.3520314974625164,0.2528569094481033,0.14010304273846472,0.223950146627566
2211,0.12819191919191922,0.32032672302751086,0.2022696076711833,0.12819191919191922,0.22518022774327123
2212,0.12030618012409924,0.32933748758818504,0.22906261492817165,0.12030618012409924,0.14502808946194892
2213,0.14404487179487185,0.3539959719590755,0.25190220032840727,0.14404487179487185,0.31439408874304703
2214,0.11270295291684707,0.3134042793159374,0.20640265279818068,0.11270295291684707,0.22659186676082865
2215,0.17823788707541233,0.40463261518263305,0.3037894562144414,0.17823788707541233,0.1333094093399437
2216,0.10782857011044211,0.30950271079706254,0.2043482813732409,0.10782857011044211,0.3477121771118614
2217,0.12387660858740518,0.33007783114707995,0.2264024451193496,0.12387660858740518,0.22769923970930767
2218,0.1475985777116124,0.3333523005189586,0.2015074456146923,0.1475985777116124,0.34482637007125616
2219,0.17090006252104079,0.38416683257932543,0.27653354011656933,0.17090006252104079,0.18229297880768464
2220,0.14220654887651238,0.35410308536003987,0.25079307296705505,0.14220654887651238,0.2573759483539278
2221,0.14328101646637104,0.3477716054705011,0.23698117800826007,0.14328101646637104,0.33074333191459176
2222,0.12832122333417434,0.34724389775255105,0.25984534883675353,0.12832122333417434,0.15674701124519
2223,0.14578845145827254,0.3725913185844584,0.2856057342523716,0.14578845145827254,0.24210758046041153
2224,0.1201916929009445,0.3205858635702509,0.21378834133861274,0.1201916929009445,0.32821963164792717
2225,0.15121484043490108,0.3729161374184597,0.2794025939671173,0.15121484043490108,0.24477596140909058
2226,0.13801602056011913,0.35337340363102837,0.25771476614181843,0.13801602056011913,0.3294744318181818
2227,0.11137840785169027,0.30060363127114476,0.18245044683890893,0.11137840785169027,0.3543407537972755
2228,0.12984306715375776,0.33908382248637403,0.23948151066523246,0.12984306715375776,0.3543920554710328
2229,0.1449451672527815,0.3424915710388436,0.22409280757212413,0.1449451672527815,0.29273334812752594
2230,0.15849999999999997,0.3724594629587647,0.2669189259175294,0.15849999999999997,0.2918152441756272
2231,0.15404320799756477,0.36855440895984176,0.26302240192455395,0.15404320799756477,0.2473814063965732
2232,0.16599999999999998,0.36752892757884814,0.24705785515769624,0.16599999999999998,0.22721671213823352
2233,0.11625684302737217,0.3137815504668554,0.2060494148789665,0.11625684302737217,0.3334688727763736
2234,0.18817628205128192,0.43485407281077404,0.3493555815189842,0.18817628205128192,0.28010708878327795
2235,0.1161103998975853,0.3081164895372266,0.1940121792792826,0.1161103998975853,0.33493131868131876
2236,0.12081201068435123,0.3318323319343197,0.238040642499937,0.12081201068435123,0.23795785440613026
2237,0.17350000000000007,0.3824369780071133,0.2668739560142265,0.17350000000000007,0.2844789075788775
2238,0.1251431267536855,0.3126706828100699,0.19005511211276882,0.1251431267536855,0.34253994193502424
2239,0.14373973288881597,0.3363758797002957,0.21727229362295947,0.14373973288881597,0.2314140019209595
2240,0.1629138019332949,0.38276340874526504,0.2826992136239402,0.1629138019332949,0.25032581300061796
2241,0.15029311724689876,0.35124297815099126,0.23689972180818503,0.15029311724689876,0.28754307783719546
2242,0.1622287022332805,0.38996578869092685,0.29647417291529277,0.1622287022332805,0.27327766699565603
2243,0.13358593232385294,0.3179036653966204,0.19463546614553498,0.13358593232385294,0.27090778975927166
2244,0.14757371794871801,0.3739466220348694,0.28074580817230277,0.14757371794871801,0.18284455052088278
2245,0.09995029194129966,0.31351714591593516,0.22913370794927113,0.09995029194129966,0.1605475865209472
2246,0.14956949000656097,0.36839825729753906,0.2716575345819562,0.14956949000656097,0.20254350177381675
2247,0.15864884235730844,0.3762844700693563,0.27927125542409575,0.15864884235730844,0.3570651478837328
2248,0.1445830083008301,0.37065042982871965,0.2811348430557792,0.1445830083008301,0.2551403751803752
2249,0.1448301282051281,0.3501073768007129,0.23755449719116956,0.1448301282051281,0.27343199233716475
2250,0.1524356001915655,0.38023430611031156,0.2845974118374922,0.1524356001915655,0.2706164794534782
2251,0.13619280046735133,0.34989901639080634,0.25041243184691003,0.13619280046735133,0.4277148587164751
2252,0.1319615044548732,0.3601544177144531,0.2763858265191599,0.1319615044548732,0.36839995273231263
2253,0.1336419387935042,0.3619245011443329,0.27556512470165734,0.1336419387935042,0.2329081584324551
2254,0.1326710467866447,0.34908632417507995,0.25583055477687044,0.1326710467866447,0.20642128191316683
2255,0.1686887616028435,0.38743601726343824,0.2814945113211895,0.1686887616028435,0.24718841675363412
2256,0.13324743852459026,0.34291242552186896,0.24332997399455744,0.13324743852459026,0.20279053542948283
2257,0.11725760527378991,0.32141265295026045,0.2203100953529411,0.11725760527378991,0.2483301820706823
2258,0.15120808526982907,0.3748579609404779,0.2802997513412977,0.15120808526982907,0.2804741780040696
2259,0.15424694498778,0.3586782985076705,0.24486270703978108,0.15424694498778,0.22221796809585484
2260,0.15525507345555248,0.37571687364476986,0.2759236003784347,0.15525507345555248,0.3918345965801796
2261,0.1370195923134771,0.3689627814296236,0.28888637823229296,0.1370195923134771,0.23874876227338027
2262,0.1346728926915708,0.3368395275107584,0.22733326963837525,0.1346728926915708,0.1913118759132292
2263,0.12700641025641035,0.3137623197661634,0.19451181901950623,0.12700641025641035,0.13991922661331074
2264,0.0907122407245107,0.28792087025016555,0.18641725905130963,0.0907122407245107,0.17946866974833076
2265,0.1713847884788478,0.3913197261071102,0.28686987525652474,0.1713847884788478,0.35377589852008456
2266,0.15466251985071464,0.38195871324321706,0.2905923867850048,0.15466251985071464,0.3223795264901984
2267,0.12444227406064547,0.32981093198116995,0.228737315841049,0.12444227406064547,0.2057169982884039
2268,0.1355100463616689,0.3436559556841527,0.24029181864496751,0.1355100463616689,0.2808131447096964
2269,0.14324091496365984,0.3499073291445981,0.24233282836187642,0.14324091496365984,0.15929239530086983
2270,0.15481492597038807,0.37930437119842386,0.28397889045607155,0.15481492597038807,0.22462694151155252
2271,0.18438405257191381,0.3975035039091303,0.28523890267443297,0.18438405257191381,0.18607254354544178
2272,0.16513602960411147,0.3945086778371763,0.3077452964661297,0.16513602960411147,0.27806047197640116
2273,0.1360447297075419,0.36482527127684017,0.2785610831385965,0.1360447297075419,0.22480000756200844
2274,0.12505448765399996,0.3258280033008739,0.21654703129374794,0.12505448765399996,0.23227139345322817
2275,0.11611111111111118,0.32597385823720304,0.2297254942521837,0.11611111111111118,0.2749670350724015
2276,0.13704359269748329,0.356168883388862,0.2632505813827575,0.13704359269748329,0.275693425837017
2277,0.12595547928766868,0.33293672861876483,0.23096249866219232,0.12595547928766868,0.3139017193046605
2278,0.18024358974358973,0.3922425562780708,0.2799979330689622,0.18024358974358973,0.19159313725490196
2279,0.18721903287613142,0.4040397339409578,0.29164140212965267,0.18721903287613142,0.2237710753350894
2280,0.1509739568955514,0.3624695836723717,0.25599125355364055,0.1509739568955514,0.2571237959571293
2281,0.15130338033803384,0.3650077641537224,0.26240876763137716,0.15130338033803384,0.18323618451099366
2282,0.17267997482673342,0.39557874159625483,0.29779753353904287,0.17267997482673342,0.36264326333791064
2283,0.13745775867598953,0.34561389412652266,0.23831227090106633,0.13745775867598953,0.1614344139586919
2284,0.17979527952795268,0.4064291410317968,0.3072677230076881,0.17979527952795268,0.2903598217304163
2285,0.17281897895870513,0.38987619821004205,0.2871144385026738,0.17281897895870513,0.18724630084630084
2286,0.1458373684969015,0.36224093782678046,0.2618071386597578,0.1458373684969015,0.19014254038644285
2287,0.16705450545054495,0.3880002306038127,0.28589145030653546,0.16705450545054495,0.34949154154359796
2288,0.1479060925185425,0.37023685237519544,0.2786615197133059,0.1479060925185425,0.2927896682966973
2289,0.10439728920964624,0.28720811691551024,0.16762165541172802,0.10439728920964624,0.2790620266283983
2290,0.10931676818402082,0.3024559972646006,0.19527845816115957,0.10931676818402082,0.36561604705828654
2291,0.13391873278236927,0.3468446623347198,0.2508518591047011,0.13391873278236927,0.2430417392670033
2292,0.15077698368442377,0.37392083184831265,0.2752876963277777,0.15077698368442377,0.34368354241338117
2293,0.12706856085486795,0.33168753289907815,0.22423794408842043,0.12706856085486795,0.2979339411976982
2294,0.15537818245827403,0.372023339515412,0.2692903141142759,0.15537818245827403,0.29434035909445744
2295,0.1584591057797165,0.353040416171965,0.231162620784497,0.1584591057797165,0.2554906106205696
2296,0.1499157346517544,0.36369303521797186,0.2605546011324349,0.1499157346517544,0.24023045070546684
2297,0.136190896763587,0.35166787348785333,0.25495395344853267,0.136190896763587,0.3344201270443578
2298,0.1391923573183096,0.35766478140175617,0.26594484816689323,0.1391923573183096,0.3045734957548911
2299,0.158916538263996,0.3739687926923373,0.27310450885668275,0.158916538263996,0.28006638428443154
2300,0.10216025641025643,0.296106029272955,0.19189154572539716,0.10216025641025643,0.22087834167108156
2301,0.14549179671868753,0.3504143010130341,0.24184500858869318,0.14549179671868753,0.17081245701935358
2302,0.13916074211160925,0.34837075908039117,0.24142003393756398,0.13916074211160925,0.09638888888888894
2303,0.1526536614645859,0.3705688805300388,0.27283043813090574,0.1526536614645859,0.21596041376836805
2304,0.14838295551170366,0.35545340139497505,0.2501408917665427,0.14838295551170366,0.23478896712358116
2305,0.13492365304807535,0.3387851846213208,0.232723063146491,0.13492365304807535,0.3541395858223816
2306,0.1324605659048717,0.3398313909184603,0.23774165002717723,0.1324605659048717,0.28411460158441126
2307,0.2092573257325732,0.44092588690983925,0.33533712235453206,0.2092573257325732,0.2510538312576616
2308,0.09888418570358116,0.2971320049809186,0.1994956385546749,0.09888418570358116,0.20820682602686288
2309,0.17332073898261588,0.41681329599843386,0.3329851140316359,0.17332073898261588,0.2211767399267399
2310,0.14549968799500798,0.35634298267859676,0.2516865893671776,0.14549968799500798,0.16375901576896193
2311,0.1506768575990779,0.35802479026382994,0.24969586532950402,0.1506768575990779,0.2831690639983323
2312,0.14532368517896274,0.3383650245798391,0.21608267880175264,0.14532368517896274,0.20509054649054642
2313,0.16157226941529051,0.37105900823483573,0.25897347763909045,0.16157226941529051,0.30061851812877805
2314,0.17257894884215824,0.38729834089622367,0.27743878410813083,0.17257894884215824,0.2574854034854035
2315,0.15054231317352812,0.3888375567074548,0.3125904870678534,0.15054231317352812,0.20659169584690934
2316,0.17032247520514013,0.376987738808233,0.25933052720618566,0.17032247520514013,0.22951627811440894
2317,0.17061951320990223,0.38887268607612374,0.28450634573244304,0.17061951320990223,0.23571309164577045
2318,0.1731847162446201,0.39825432194012944,0.2971392113910186,0.1731847162446201,0.2683181918151212
2319,0.15624923155737702,0.3665485868610419,0.25659871060732975,0.15624923155737702,0.24014981845141387
2320,0.13776282051282038,0.3521924444965603,0.25085924796747966,0.13776282051282038,0.2608852641356089
2321,0.16392072714617728,0.36234660920323203,0.2398517641141094,0.16392072714617728,0.20892606516290724
2322,0.16300870783705326,0.3924129794426706,0.29880854321123457,0.16300870783705326,0.24481967428082535
2323,0.15966401640164013,0.37390737116515166,0.267486709527023,0.15966401640164013,0.2710741571472374
2324,0.1429121413934426,0.33961658148302826,0.2204088801791713,0.1429121413934426,0.21114274563820024
2325,0.12619793072424637,0.3408736860811732,0.24135151071385347,0.12619793072424637,0.30003593380614657
2326,0.1478020221669849,0.33710522806773746,0.21260641180150508,0.1478020221669849,0.22632116116116113
2327,0.15207784122055545,0.3454475146916353,0.2227393469421597,0.15207784122055545,0.19804733903540028
2328,0.14302301660719793,0.3397892646735081,0.2245324961326204,0.14302301660719793,0.266344537815126
2329,0.13958012820512822,0.3299163930210329,0.2096725296318095,0.13958012820512822,0.21666666666666662
2330,0.14519474509741154,0.3587178173600307,0.25604614452523833,0.14519474509741154,0.25858432539682535
2331,0.14293654573076625,0.3366694281141648,0.21346576476679707,0.14293654573076625,0.2755824372759857
2332,0.16015744172241733,0.3767228390375056,0.2701307946301764,0.16015744172241733,0.1476478390461997
2333,0.12589163303222495,0.31392750678014275,0.19107174749583555,0.12589163303222495,0.14690924894314727
2334,0.1661036900945039,0.3594874247340394,0.22876746927907105,0.1661036900945039,0.27905395417590545
2335,0.13526904931404368,0.34082998021358746,0.22912186179908753,0.13526904931404368,0.36223613231253315
2336,0.17537820512820512,0.3951617327568788,0.29256705525734744,0.17537820512820512,0.3150652319936135
2337,0.17029827384669574,0.3968482851501035,0.29810002260681545,0.17029827384669574,0.1634795821462488
2338,0.1298151895491804,0.33944854334865426,0.2372667075989477,0.1298151895491804,0.26939420096199757
2339,0.15341611282055392,0.36555843947490363,0.2612846533086994,0.15341611282055392,0.23051265950824779
2340,0.18487322943625967,0.4320155775686435,0.35128469626476766,0.18487322943625967,0.2903013582342954
2341,0.17157196115137843,0.38261112946158865,0.27007833662042047,0.17157196115137843,0.2711055489386915
2342,0.1446430143014302,0.3554565548596413,0.2506270811164222,0.1446430143014302,0.1261968012063925
2343,0.1472172383852368,0.3621101911672032,0.25978590556393283,0.1472172383852368,0.2006260018901476
2344,0.13508888518386097,0.3475058176246471,0.25383386488157234,0.13508888518386097,0.25743898110208263
2345,0.17505769230769233,0.39979129020438176,0.3024671957933789,0.17505769230769233,0.22182574905409552
2346,0.16636266949424852,0.3823441567058518,0.2809629744232066,0.16636266949424852,0.209370111144959
2347,0.13774185238365294,0.3399991143774414,0.22351452398757696,0.13774185238365294,0.3248265568288406
2348,0.16128274471523898,0.37424994482593155,0.26593440022138504,0.16128274471523898,0.18835678137651823
2349,0.1490276459587283,0.3562593527201644,0.24946341352287227,0.1490276459587283,0.1754868253833771
2350,0.1582357621859673,0.37619209752952476,0.2729126706871148,0.1582357621859673,0.2177204766070908
2351,0.12245275138059603,0.32175651953841145,0.21660753631563084,0.12245275138059603,0.34182389892834275
2352,0.13598609059724373,0.36032043598914726,0.27066869078380706,0.13598609059724373,0.2873484862618988
2353,0.16075537634408593,0.3762829929708762,0.27205523325358044,0.16075537634408593,0.1992018469343644
2354,0.1515658705701078,0.36364839434554497,0.2541650475508743,0.1515658705701078,0.25311109433926093
2355,0.1576872759856631,0.3514357787507806,0.22549700553023505,0.1576872759856631,0.27545933600713013
2356,0.15070342034203418,0.34293120727573706,0.21745557386740572,0.15070342034203418,0.2555816893540705
2357,0.12907233851866085,0.33501889431211485,0.22989311158690812,0.12907233851866085,0.16046150405112405
2358,0.14058337602459015,0.37667361903778157,0.2971804860263828,0.14058337602459015,0.16075444251591042
2359,0.12182371565376358,0.3267889564520349,0.22493048159654258,0.12182371565376358,0.3577175925925926
2360,0.13474180511899408,0.3532314821918827,0.25697935414577716,0.13474180511899408,0.39076884920634924
2361,0.14188876419778268,0.3544103865685835,0.25204324474160156,0.14188876419778268,0.36120291545481537
2362,0.11578196935807206,0.30444347578651887,0.18932301285689362,0.11578196935807206,0.20479388479388475
2363,0.12683884406930604,0.34438574966742075,0.2560938111962294,0.12683884406930604,0.2194958708708709
2364,0.12118839664730571,0.337284849162112,0.24319290502961252,0.12118839664730571,0.31829035690295127
2365,0.1950698427382053,0.43705458575599776,0.34496948603558486,0.1950698427382053,0.2712074303405573
2366,0.15984260933574426,0.3841247756818536,0.2875643326922186,0.15984260933574426,0.23731661468669307
2367,0.1558336833683369,0.37114823045083556,0.26862909416499736,0.1558336833683369,0.21655317278888525
2368,0.13459935897435893,0.3536793788142567,0.25816003967979545,0.13459935897435893,0.2885457776877268
2369,0.16917769601949384,0.38496461858483416,0.28057384513068073,0.16917769601949384,0.3036715603087285
2370,0.139745174953073,0.3469742076860262,0.23745806546590628,0.139745174953073,0.34274272322659416
2371,0.19146524718844884,0.4251411954969996,0.3273518966171014,0.19146524718844884,0.30434445958973544
2372,0.12539326031608788,0.3169184691298209,0.20205041762746612,0.12539326031608788,0.21542605984851865
2373,0.15268894075576295,0.36551341336027193,0.2606489452090179,0.15268894075576295,0.30135057580622104
2374,0.1612695089943026,0.3936004849572896,0.3066619519259741,0.1612695089943026,0.15583275727444976
2375,0.15427902090618859,0.3705061956919586,0.27145434957154,0.15427902090618859,0.28558290888511595
2376,0.1944694440110262,0.4030902473683403,0.28124160671462833,0.1944694440110262,0.2586358717382612
2377,0.1465310833992873,0.34808792028986213,0.23011367378114964,0.1465310833992873,0.3476501864910956
2378,0.1518927837699025,0.34823337313437186,0.23168117872893879,0.1518927837699025,0.20819875776397523
2379,0.15665671211830226,0.3823483279755633,0.290383231714522,0.15665671211830226,0.1442214757536776
2380,0.19656752443087952,0.4329891149855154,0.33684318110927186,0.19656752443087952,0.1899962435296742
2381,0.15637820512820516,0.3589121120803134,0.24506781390421645,0.15637820512820516,0.2820871761089152
2382,0.1542126519715719,0.36647812554203146,0.2635309471409192,0.1542126519715719,0.3084241011513739
2383,0.1433073497684434,0.3600354759629766,0.26045625238906633,0.1433073497684434,0.32235329658993783
2384,0.1418591946771138,0.3452847995622709,0.23185120977031431,0.1418591946771138,0.2219979833801048
2385,0.12288575430172075,0.32346455978777966,0.2181576109721179,0.12288575430172075,0.16343380189604445
2386,0.11802945977411582,0.3133804437938174,0.20370196803940324,0.11802945977411582,0.26051951951951957
2387,0.16833049796101313,0.3680140685129862,0.24636714110394609,0.16833049796101313,0.28283586562183227
2388,0.1519590373783923,0.35869933819388844,0.24748060163099234,0.1519590373783923,0.15550352917176657
2389,0.1334308610482745,0.3371729182409493,0.2254841143853495,0.1334308610482745,0.0911337760847742
2390,0.1192965264518815,0.3145345753328121,0.2014760977618612,0.1192965264518815,0.2746146091037731
2391,0.13241397090295248,0.31664610150872274,0.19046426121154048,0.13241397090295248,0.30514990448943025
2392,0.14669241443108233,0.33621753506051033,0.20805024125885602,0.14669241443108233,0.24823076923076923
2393,0.16389371980676326,0.38174649109704367,0.2717055425805608,0.16389371980676326,0.22330783028699694
2394,0.1410112044817926,0.3505535909513907,0.24508477293919617,0.1410112044817926,0.21512293203625132
2395,0.12462583205325138,0.3007999713803722,0.16934827865424154,0.12462583205325138,0.18867870225013084
2396,0.13157540521494,0.3352047524818852,0.2262586945338903,0.13157540521494,0.2498049660441426
2397,0.1765,0.4005813459169394,0.2991626918338788,0.1765,0.36309290453801135
2398,0.13321581331161667,0.3423831566817699,0.2363346867403065,0.13321581331161667,0.13815725095294992
2399,0.12239088406632102,0.31843600660356863,0.20809024507449525,0.12239088406632102,0.20635761473047998
2400,0.1523154269972452,0.35516158072420956,0.24269230745392872,0.1523154269972452,0.29779688513951974
2401,0.14198490182586296,0.33634762422303444,0.2157254447943429,0.14198490182586296,0.30484403876493127
2402,0.14957688641715036,0.3874358957968421,0.30071801875938364,0.14957688641715036,0.23627309257673917
2403,0.1470489447687471,0.35541836906023844,0.24473884858298256,0.1470489447687471,0.22724361402775412
2404,0.13552357637722207,0.3441668533631058,0.24128655397176757,0.13552357637722207,0.2659554160042919
2405,0.17642673406065448,0.39741228560822006,0.2909711030951311,0.17642673406065448,0.14958624872011603
2406,0.14418761885697132,0.36364874073119485,0.2659222437484471,0.14418761885697132,0.30764072699279765
2407,0.1406889087556349,0.3558546005363691,0.25733138356146823,0.1406889087556349,0.2695485266050658
2408,0.16551162664566849,0.39060304320782974,0.28918283312432247,0.16551162664566849,0.3129926686217009
2409,0.12747549560792978,0.31179982507860615,0.1866486589413527,0.12747549560792978,0.23504516400675687
2410,0.16261986591785466,0.3885751805811304,0.29391062932655143,0.16261986591785466,0.2698557055368079
2411,0.14296016905737702,0.34859250033812905,0.23826466256150408,0.14296016905737702,0.2343350387777614
2412,0.1452923169267706,0.34201709118956736,0.2224495485255934,0.1452923169267706,0.22905263157894737
2413,0.1571427739837009,0.36353233377286187,0.249779119578322,0.1571427739837009,0.2169085182743719
2414,0.16008715508239604,0.3881468596556902,0.2951194091465882,0.16008715508239604,0.38026660426660425
2415,0.1519297279533175,0.3724408276706153,0.27202219943459555,0.1519297279533175,0.26393437525016467
2416,0.15593517406962776,0.3668063404465147,0.2577423327537739,0.15593517406962776,0.4129333891914537
2417,0.161229524634612,0.35328062274975547,0.229102196230287,0.161229524634612,0.2526582037750202
2418,0.1179259379340434,0.3065315719969252,0.1872112681257636,0.1179259379340434,0.1499859846583984
2419,0.1653377350940375,0.40360484476081737,0.31853421933355963,0.1653377350940375,0.24617685813449613
2420,0.1376393290140482,0.35072992598191194,0.24718119393572735,0.1376393290140482,0.29373099585922924
2421,0.13451005588381293,0.3342794188160365,0.2245387258644471,0.13451005588381293,0.17016849816849822
2422,0.16174358974358977,0.3591909970230682,0.2388948145589569,0.16174358974358977,0.33187557392102845
2423,0.18397826974086917,0.38170285214373256,0.2504491648057268,0.18397826974086917,0.27332353988603986
2424,0.16671298667981443,0.4016321678587814,0.31083836235793394,0.16671298667981443,0.24883251390965277
2425,0.1698488685592681,0.38734933521910975,0.28200093331968334,0.1698488685592681,0.23271895756095928
2426,0.13853061224489802,0.369535203282478,0.28600918207516,0.13853061224489802,0.18070406755581883
2427,0.16463783606347376,0.3680185198005405,0.25176136747413347,0.16463783606347376,0.2725887157692432
2428,0.15087857680421446,0.33518865703209094,0.20462016045575293,0.15087857680421446,0.22705161027741672
2429,0.1417428242824283,0.35627620657721815,0.2560667645895798,0.1417428242824283,0.20941555827553382
2430,0.13815545924227324,0.3419644244723017,0.2316179304600568,0.13815545924227324,0.3805899982841128
2431,0.1688782018442622,0.38308642340241994,0.27241644311631547,0.1688782018442622,0.27376407685881365
2432,0.1665649831204873,0.3781213809486432,0.2701127956563119,0.1665649831204873,0.177433649827149
2433,0.14042294001954705,0.33173877036622745,0.21463166069336082,0.14042294001954705,0.3111801242236025
2434,0.15988679811830644,0.3595088081023232,0.23724401996803346,0.15988679811830644,0.17236597889579802
2435,0.16225630252100837,0.36433105456694914,0.24714950409188152,0.16225630252100837,0.40155659005174205
2436,0.14822292889171562,0.3624401768257566,0.26043449586808187,0.14822292889171562,0.1785215076362618
2437,0.16806637012313963,0.39608177110104903,0.30303080195581883,0.16806637012313963,0.13684583630304298
2438,0.13648077692911245,0.35520372238894193,0.259445890919659,0.13648077692911245,0.308952380952381
2439,0.1380696342459828,0.3367249311838221,0.22031059387567858,0.1380696342459828,0.3252764623606422
2440,0.11958106021616062,0.3212360368122356,0.22230995319214997,0.11958106021616062,0.1329271302271276
2441,0.11959765826042187,0.3246662740765833,0.21813723163232276,0.11959765826042187,0.18649448499554433
2442,0.13995852534562217,0.35609299914568493,0.2582689476001256,0.13995852534562217,0.2702421476104053
2443,0.13398279838554683,0.3333200340069913,0.22367447124288892,0.13398279838554683,0.19782329756013967
2444,0.14781492725970902,0.3629103792514068,0.2621909039833955,0.14781492725970902,0.31928165694767474
2445,0.14223491293965182,0.35199273235518114,0.2475156388310587,0.14223491293965182,0.2656
2446,0.15289442979525358,0.3694110382200926,0.267033216849678,0.15289442979525358,0.2606413323518586
2447,0.15740066713708384,0.38518879547364515,0.2975762566731226,0.15740066713708384,0.28876117496807147
2448,0.12816785096984834,0.3073086077194107,0.1782815134991248,0.12816785096984834,0.2322567712809579
2449,0.14402576714728912,0.3426142700867139,0.2311770058788496,0.14402576714728912,0.31364657181549155
2450,0.18781656426011253,0.42414688831312225,0.33066064810601936,0.18781656426011253,0.36240269600971875
2451,0.12295364853610101,0.3237303430859635,0.214553389099725,0.12295364853610101,0.22749697380869083
2452,0.17947755039951319,0.40328196794236815,0.30260883508570985,0.17947755039951319,0.2724127145164248
2453,0.15430462198322764,0.37002925911360735,0.2664492742607594,0.15430462198322764,0.18120153220762975
2454,0.14538298829882992,0.364597957892236,0.26942993918681213,0.14538298829882992,0.14053007578243518
2455,0.15271379878702537,0.34952107511688574,0.22961455265972072,0.15271379878702537,0.14460561744990946
2456,0.1335358827094346,0.3303525252588351,0.219633285098801,0.1335358827094346,0.2864140378201913
2457,0.12441946271140346,0.312521692717207,0.1922044600116071,0.12441946271140346,0.24921667140645248
2458,0.16630667050764994,0.3603320746763261,0.23105080833735242,0.16630667050764994,0.23365346401174752
2459,0.1454123649459783,0.366705919673288,0.2715871094546194,0.1454123649459783,0.2999969390878482
2460,0.1535236023602359,0.37704762234064615,0.28204803996082045,0.1535236023602359,0.16583180944038609
2461,0.1446866717879777,0.37531234502964184,0.2922513464833282,0.1446866717879777,0.327714025695322
2462,0.13957815681364522,0.34282031214865893,0.2324843106700274,0.13957815681364522,0.36995098039215685
2463,0.14878686635944693,0.36780768500559813,0.2710416372923023,0.14878686635944693,0.25865715534978034
2464,0.14790845025305913,0.36514437706739,0.2684718536286618,0.14790845025305913,0.1877834620160201
2465,0.11991676387235392,0.3372417967266885,0.24465006570866926,0.11991676387235392,0.19752821028323758
2466,0.13299807911784078,0.3670083329176994,0.2850205075997172,0.13299807911784078,0.23400376647834276
2467,0.10176154526287154,0.31526392277752724,0.22700475502931144,0.10176154526287154,0.22549121407850803
2468,0.16051102412622478,0.3637127507358595,0.2524034532192695,0.16051102412622478,0.24114976903814112
2469,0.13623270943849464,0.3616280965480511,0.2727907742191129,0.13623270943849464,0.1789359504696374
2470,0.11950000000000006,0.34022111032364755,0.25444222064729505,0.11950000000000006,0.15888039800896397
2471,0.15361404561824726,0.36778286746244654,0.2653376436883985,0.15361404561824726,0.282284216907783
2472,0.1539380470787793,0.37373572635795393,0.27459535855834916,0.1539380470787793,0.3180722582086219
2473,0.1744363420922002,0.40369292510497057,0.3065131660255407,0.1744363420922002,0.2400386669305028
2474,0.16988146648672955,0.4094895917172829,0.3202162504611066,0.16988146648672955,0.23047310302428417
2475,0.14343096846981998,0.3687787372019171,0.2786955374641942,0.14343096846981998,0.2982870229197653
2476,0.15015437045224278,0.3604521610041317,0.2565955811037778,0.15015437045224278,0.24779661016949153
2477,0.1190405745523334,0.3143577223590571,0.20663429561344754,0.1190405745523334,0.26721842299762705
2478,0.11200000000000002,0.3121147079780411,0.2082294159560822,0.11200000000000002,0.2976874014653805
2479,0.1561737173717372,0.3725963085969931,0.2708451824505118,0.1561737173717372,0.23019598379892497
2480,0.15365283869908153,0.3540668814809529,0.2388280855637428,0.15365283869908153,0.27704822742990676
2481,0.13482005635245908,0.3378219195991561,0.231003726493394,0.13482005635245908,0.30864606383641546
2482,0.16053448019573255,0.3917074825861975,0.2983460047809299,0.16053448019573255,0.3313786520966533
2483,0.12312326222051388,0.31428541648917985,0.20032430853733202,0.12312326222051388,0.36714914818386374
2484,0.15139280116726994,0.3439253128101788,0.22206502328581768,0.15139280116726994,0.22698766505636078
2485,0.16143712567663263,0.409817311512063,0.3387603716708608,0.16143712567663263,0.2111273448773448
2486,0.15145338135254105,0.37850702199008823,0.2901072812750944,0.15145338135254105,0.15048039320146592
2487,0.1396481588586852,0.33717733263270566,0.225058347548041,0.1396481588586852,0.19464172335600904
2488,0.16803450345034499,0.37956116042457533,0.26905331394846066,0.16803450345034499,0.38115099147003434
2489,0.15444197564449286,0.336983688501676,0.20208342571436633,0.15444197564449286,0.2110545314900153
2490,0.15287576601225616,0.3560899178279559,0.24142830363139944,0.15287576601225616,0.2606836176661256
2491,0.1342648910595643,0.3413393315558696,0.23714888099261067,0.1342648910595643,0.3431086127443191
2492,0.18245972380204745,0.3901453047681022,0.2683711619321095,0.18245972380204745,0.2723354251261228
2493,0.11883712122727769,0.32719051972458923,0.2277067969946231,0.11883712122727769,0.24471868394449034
2494,0.16705991295860737,0.35854920006102736,0.22797857420484,0.16705991295860737,0.3027428405572755
2495,0.17146353034868878,0.37639501367950073,0.2588629666616239,0.17146353034868878,0.20035467980295563
2496,0.14649999999999988,0.36629734671349806,0.27059469342699627,0.14649999999999988,0.2862186732359917
2497,0.1406188451746168,0.3502904836913623,0.2443432770334909,0.1406188451746168,0.2637984940794155
2498,0.11652615069457782,0.3185222216929675,0.21399214199677935,0.11652615069457782,0.22941802641802642
2499,0.1231458453456339,0.3181913741302991,0.20309105756933027,0.1231458453456339,0.2942864323949418
2500,0.1202273642823765,0.308773966599752,0.19709320463475102,0.1202273642823765,0.24774336559843801
2501,0.1593039803980397,0.3800346682132911,0.2804613756305027,0.1593039803980397,0.20543318122555412
2502,0.13133536831826612,0.3503009241385181,0.2569311116405039,0.13133536831826612,0.2904123281495043
2503,0.1345319603789629,0.34259050215574666,0.24711708355356754,0.1345319603789629,0.3139315654459354
2504,0.113304554702895,0.3226334537463072,0.22465779808682443,0.113304554702895,0.2703444198078345
2505,0.1471441519257888,0.35448968225897937,0.2506910606663812,0.1471441519257888,0.2957365520282187
2506,0.14204935905907232,0.3537922176696564,0.24848571722116813,0.14204935905907232,0.16341228070175437
2507,0.15386232701609515,0.35104219358737127,0.22935973314255217,0.15386232701609515,0.286333817266744
2508,0.16710818525883636,0.3638897399421146,0.23456310936655647,0.16710818525883636,0.31325004557933556
2509,0.18379254017644392,0.4213637039872121,0.33314232762153634,0.18379254017644392,0.4161009176644042
2510,0.11695867461057392,0.34101275869406583,0.2581081681669839,0.11695867461057392,0.30010265123109614
2511,0.1543988623729033,0.3559856140049453,0.24517350326408416,0.1543988623729033,0.30200648006283703
2512,0.13333619892845278,0.3530358244507025,0.26039925104449935,0.13333619892845278,0.24898288590249745
2513,0.13965450588837677,0.34907302021639974,0.24483702865604579,0.13965450588837677,0.18201041930647582
2514,0.139088215290197,0.32572747911053956,0.2002785276406852,0.139088215290197,0.42133180765993267
2515,0.14482685982897744,0.3601459053536027,0.2566380910492504,0.14482685982897744,0.2343725035860091
2516,0.15699999999999997,0.37353107435124977,0.2710621487024996,0.15699999999999997,0.24790672962043928
2517,0.1551537153715371,0.36808622907749117,0.2618650274119081,0.1551537153715371,0.35884035700281114
2518,0.1554325367772083,0.35538931589649814,0.23591355823857957,0.1554325367772083,0.26084259259259257
2519,0.11951860267878582,0.3361351682910122,0.24723313122445276,0.11951860267878582,0.1476986465842594
2520,0.16194502647290754,0.366580990532592,0.245271928119369,0.16194502647290754,0.20513492923626162
2521,0.16299999999999998,0.3782339436434951,0.27246788728699023,0.16299999999999998,0.2285595776772247
2522,0.1173192873586227,0.32694972503330155,0.23326087534935772,0.1173192873586227,0.30893832943013266
2523,0.16881829573934834,0.3704724452633141,0.24630829904793142,0.16881829573934834,0.26448091462290246
2524,0.15927336256947258,0.37370231001795984,0.2698578948969745,0.15927336256947258,0.11856168271741666
2525,0.1638910128937071,0.3621041723398389,0.24242631889226351,0.1638910128937071,0.3220177035032468
2526,0.1514233923392339,0.37719976018535994,0.2865527356922521,0.1514233923392339,0.18748970081718108
2527,0.14102629466077868,0.348403093762892,0.23775359820422662,0.14102629466077868,0.2961168582375479
2528,0.1515921698630356,0.35963806151041916,0.24909178329476714,0.1515921698630356,0.3313660601287376
2529,0.11907071091033498,0.34756206332458467,0.2709827048284994,0.11907071091033498,0.21895484846697166
2530,0.15392046618852448,0.3669155557398525,0.259990179102656,0.15392046618852448,0.38187391152908395
2531,0.16026915501753375,0.3690711965168644,0.25560408299866133,0.16026915501753375,0.17833365167617313
2532,0.09281638001048208,0.28752361092389855,0.18341446182683296,0.09281638001048208,0.2964287843304237
2533,0.13746074946663941,0.33564670908972305,0.2193719192461673,0.13746074946663941,0.261405875136314
2534,0.13724933113314863,0.33224883379652126,0.21799900532674527,0.13724933113314863,0.3721094285118675
2535,0.16268947233318898,0.35213563885454247,0.22389233304270711,0.16268947233318898,0.23743254251094592
2536,0.12684519507441608,0.33154917183097515,0.22840795351311816,0.12684519507441608,0.3822029667665098
2537,0.1542322404699833,0.35439242610787414,0.23432037127578165,0.1542322404699833,0.2737201903480432
2538,0.12691130722824087,0.3328611237161009,0.23089963297571997,0.12691130722824087,0.12231928900592498
2539,0.1532464688728795,0.35098898304401194,0.2314850283422649,0.1532464688728795,0.3350085868945149
2540,0.12574348633250113,0.30237602505845085,0.17126507745189948,0.12574348633250113,0.27139198104740136
2541,0.12776987571552584,0.3257909498819138,0.214042148332776,0.12776987571552584,0.18687023251539386
2542,0.15477687006179144,0.38833315952649516,0.30111257892940746,0.15477687006179144,0.31324956372591156
2543,0.16699481949263442,0.3829625022233675,0.27493536546146613,0.16699481949263442,0.15670862470862473
2544,0.14146279627962785,0.3283175590691733,0.2007095255790908,0.14146279627962785,0.2794366380431954
2545,0.10894579397210973,0.3184112050205298,0.21993082209684012,0.10894579397210973,0.37049206349206343
2546,0.1838030232120928,0.4100094057844933,0.3084127651448009,0.1838030232120928,0.2507077348090109
2547,0.15450720738035736,0.37296669437102997,0.2709189739813451,0.15450720738035736,0.29430469525741326
2548,0.13693207955486403,0.3354331162599944,0.2220020734102608,0.13693207955486403,0.2590429507796279
2549,0.17771983212593756,0.4068148873437093,0.31219011043554346,0.17771983212593756,0.19703296703296702
2550,0.14538298829882992,0.35183410337847504,0.24390223015929025,0.14538298829882992,0.28134403036576944
2551,0.1148380060558484,0.31252738543978786,0.20837875876787898,0.1148380060558484,0.30147892385392383
2552,0.16537775110044017,0.3805717359467079,0.27238796969253537,0.16537775110044017,0.24874859206254557
2553,0.13009760617729682,0.3312239133740997,0.22525261439360578,0.13009760617729682,0.2935077519379845
2554,0.15059573753180056,0.36288963405794306,0.258587793052285,0.15059573753180056,0.2572049808429119
2555,0.14731832745978865,0.3730528471586099,0.28346903939764256,0.14731832745978865,0.1362575761017738
2556,0.14243494137997298,0.3472954320938293,0.23572098142771253,0.14243494137997298,0.22427545213397398
2557,0.1642590293002191,0.3783108944033372,0.27010373020623607,0.1642590293002191,0.12887169705857143
2558,0.1350096038415366,0.33738737787027995,0.2267555480574867,0.1350096038415366,0.2266494476668895
2559,0.13266365702487615,0.3502229674263403,0.2581186208029283,0.13266365702487615,0.25370643399468235
2560,0.13817928208739638,0.36089059517410027,0.26942262617340784,0.13817928208739638,0.27918597691589375
2561,0.12784713885554227,0.3189841329498239,0.2022739881885633,0.12784713885554227,0.39699815187783105
2562,0.14154004697522002,0.3363776189414314,0.21567514393242287,0.14154004697522002,0.23619047619047617
2563,0.1534671018945213,0.37472122695680454,0.2775082501245664,0.1534671018945213,0.21596523687040928
2564,0.15601370137013698,0.36020936762808065,0.24639133251588735,0.15601370137013698,0.2123460204742445
2565,0.14113453661034314,0.34820234690666685,0.24213562059264743,0.14113453661034314,0.43430492007992016
2566,0.14283622010392383,0.35102277236543217,0.2453731045230167,0.14283622010392383,0.29101717078567024
2567,0.1625238643818301,0.40622217248480896,0.3293966162059577,0.1625238643818301,0.323748252969951
2568,0.14480594613894102,0.35301488316119345,0.24241787404450477,0.14480594613894102,0.32184801779935274
2569,0.12605489940946857,0.3118895337481919,0.19066926867744666,0.12605489940946857,0.24290621266427714
2570,0.16605455477094044,0.3900722306989934,0.29403535185610585,0.16605455477094044,0.3596583369444845
2571,0.16582902151639334,0.3827863671886711,0.2759146913445555,0.16582902151639334,0.18921433794119014
2572,0.1818378198118082,0.41301091082102653,0.3193461820184367,0.1818378198118082,0.25557832422586524
2573,0.17655513874861734,0.40162422216936544,0.30413816684149625,0.17655513874861734,0.26157027715859865
2574,0.165094309430943,0.3636775146978983,0.2411664105339105,0.165094309430943,0.3010663169208624
2575,0.16093959618552867,0.3495171128266787,0.22115503328230013,0.16093959618552867,0.13768686868686866
2576,0.12818965074473546,0.3483145830470713,0.25424986460467175,0.12818965074473546,0.308459188034188
2577,0.1312721272127213,0.3192428213108645,0.19594138819628645,0.1312721272127213,0.2521872862670568
2578,0.13642008433653002,0.35116523175494685,0.2524902948368337,0.13642008433653002,0.1931810516396091
2579,0.17067698870795484,0.4166733678129625,0.3389927582100153,0.17067698870795484,0.2096666182779282
2580,0.1599448621553885,0.3665986237411227,0.2573075231714683,0.1599448621553885,0.36307787298270056
2581,0.15716295265181052,0.3728729903937946,0.2694200754839681,0.15716295265181052,0.2316984137519082
2582,0.1378692366803279,0.3547392178602089,0.26073996235976205,0.1378692366803279,0.12268806875631953
2583,0.16687279742070704,0.3759869243563735,0.26322825387133286,0.16687279742070704,0.18983873302452892
2584,0.16485421871996916,0.38951963626301833,0.2903308350860983,0.16485421871996916,0.2842967874629706
2585,0.13363932518556798,0.3295173176789603,0.21675598498678467,0.13363932518556798,0.36912076023391815
2586,0.13291692379111497,0.34749830907250023,0.25316277056277053,0.13291692379111497,0.17355509355509358
2587,0.147378333413705,0.3427558353036344,0.2277550037798588,0.147378333413705,0.17827592879256962
2588,0.13896627860297078,0.34613688320628466,0.2443412092066278,0.13896627860297078,0.23772813593203396
2589,0.15828495513982052,0.36333976839108506,0.24910962650252905,0.15828495513982052,0.26320250432363634
2590,0.12234210526315795,0.32985953113409006,0.22603485174186425,0.12234210526315795,0.24229487179487186
2591,0.12306976446492583,0.3309504821366099,0.23176143534336813,0.12306976446492583,0.2865164835164835
2592,0.11775981805368706,0.3030783664532035,0.18463709679903295,0.11775981805368706,0.28395677333080127
2593,0.1393425842584259,0.3489073378770161,0.24612950723718036,0.1393425842584259,0.24865006145740093
2594,0.10283146096634944,0.30284763170163503,0.20303234147057123,0.10283146096634944,0.34395792145100207
2595,0.1704999999999999,0.38593649898261717,0.2778729979652344,0.1704999999999999,0.24620601469909098
2596,0.14457222889155658,0.35793029431692064,0.2547161308507281,0.14457222889155658,0.1635464637832534
2597,0.1419033866894021,0.34474825917458296,0.23568974497036177,0.1419033866894021,0.3401588430535799
2598,0.17063434033070474,0.39265110749547655,0.2920335343295436,0.17063434033070474,0.2757899593946106
2599,0.1364035904574473,0.3557799323496627,0.2627526837844308,0.1364035904574473,0.25545968631387983
2600,0.1524601501894371,0.33020275028936735,0.1894852001998605,0.1524601501894371,0.27806652046783625
2601,0.13915743700959105,0.3642773647994327,0.2752398555796832,0.13915743700959105,0.23007407407407404
2602,0.1372810123136539,0.32888951522907134,0.2062170058308349,0.1372810123136539,0.2947144906743185
2603,0.13495210510313488,0.33536647399279085,0.22482873777931206,0.13495210510313488,0.286844488558037
2604,0.13764034821014237,0.3470886410962606,0.24489658577223655,0.13764034821014237,0.3628958963741572
2605,0.12907762997236677,0.34861550197017405,0.2530757439956145,0.12907762997236677,0.2293212471908124
2606,0.1740149014901489,0.39838376969597367,0.29873773641164947,0.1740149014901489,0.163040879281098
2607,0.1293148566530069,0.3140570196312379,0.18648432595646197,0.1293148566530069,0.3740548340548341
2608,0.12372162216221629,0.3404167185082122,0.24839019269199186,0.12372162216221629,0.2509916387959866
2609,0.14216480303322396,0.3680269873298164,0.27472436859318483,0.14216480303322396,0.15031924907691624
2610,0.15297176754828073,0.3707044944915876,0.27046545388661375,0.15297176754828073,0.2498125
2611,0.15010985159191575,0.38482916733505457,0.30143863148627753,0.15010985159191575,0.29324136454467603
2612,0.17706938490419527,0.3868265326493654,0.27251429549034023,0.17706938490419527,0.1360453883946048
2613,0.13741313670663652,0.3701479223367391,0.2854695712602051,0.13741313670663652,0.2019811225519886
2614,0.14764639477350236,0.36910721798537827,0.2729216464237517,0.14764639477350236,0.21724420049032023
2615,0.13724019301367457,0.34035066569349026,0.2342209453596315,0.13724019301367457,0.34433079982565107
2616,0.13193563748449785,0.3579146966968966,0.26895811842479744,0.13193563748449785,0.3784604519774012
2617,0.18374702298809187,0.41476894262580644,0.3180438392754291,0.18374702298809187,0.3451759978458543
2618,0.14068371275930108,0.35611211012586325,0.2538567947331243,0.14068371275930108,0.21774287050023378
2619,0.14210681352459026,0.3491035268371203,0.2439934266250602,0.14210681352459026,0.3487313305889158
2620,0.10877213859221266,0.3127218405425036,0.21689940390058193,0.10877213859221266,0.33113585936166584
2621,0.15250243916126516,0.37732063491000317,0.281636391497476,0.15250243916126516,0.2807715583408504
2622,0.12465783410138244,0.34774055823232997,0.263165448261895,0.12465783410138244,0.21301149941822434
2623,0.1575793259309423,0.3766577308145771,0.28015680976726975,0.1575793259309423,0.28849122910289615
2624,0.16131546725586496,0.3907117386207227,0.29779254272971556,0.16131546725586496,0.3073177449729664
2625,0.2026256195929619,0.4480393287878778,0.3568274183898317,0.2026256195929619,0.16721868823000896
2626,0.14278223616050184,0.3637443795557258,0.26992428679044794,0.14278223616050184,0.29895688069278054
2627,0.1316814495641146,0.32517049046342705,0.20697808179862487,0.1316814495641146,0.22551562680198364
2628,0.15297105532786884,0.39602305407753347,0.3231039974993292,0.15297105532786884,0.2967549382716049
2629,0.11623520610039575,0.30626007242507863,0.19204973264936584,0.11623520610039575,0.35817671962146946
2630,0.16696939036885236,0.40389472564815987,0.31685067055861493,0.16696939036885236,0.2476718623433002
2631,0.16220006524410507,0.39210902404239023,0.2988179175965704,0.16220006524410507,0.24576928234958847
2632,0.12150000000000002,0.3336369105478788,0.2422738210957575,0.12150000000000002,0.19223305633330956
2633,0.12346159615961594,0.3377835855191633,0.24364397871909477,0.12346159615961594,0.2152876749275776
2634,0.16395429542954285,0.38342940158281125,0.2809502123065367,0.16395429542954285,0.2939419557729746
2635,0.11538460553278697,0.30754692395893224,0.19632463685229057,0.11538460553278697,0.2563626248794
2636,0.13423289162025487,0.3394578236722836,0.23444986410405752,0.13423289162025487,0.21019167012348827
2637,0.14379044293158852,0.3571852595709132,0.25178963327864934,0.14379044293158852,0.3344290855741237
2638,0.18377902311609245,0.39009169117253384,0.2686253361128827,0.18377902311609245,0.12763233596099846
2639,0.13854701292875576,0.34146670768412823,0.23383938951074507,0.13854701292875576,0.21950144965559992
2640,0.14888013678012837,0.34887073870744434,0.22798120385463194,0.14888013678012837,0.3664532075047747
2641,0.12209150915091514,0.3333387846617125,0.2364945510215948,0.12209150915091514,0.2926855081912553
2642,0.11681108110811085,0.32266061723097383,0.22369907224572602,0.11681108110811085,0.3365007122507122
2643,0.14869955665635676,0.36025454090478154,0.2541099684968497,0.14869955665635676,0.15230422092555232
2644,0.17883218125960063,0.3863169791794733,0.2669695958397453,0.17883218125960063,0.22507111853624107
2645,0.16350612611456794,0.3740523834453887,0.2670925146616416,0.16350612611456794,0.19693499449974408
2646,0.13238567493112957,0.3235704705267309,0.20636959119120268,0.13238567493112957,0.32089540616346374
2647,0.13701341207086382,0.3579712698814097,0.26391571562109184,0.13701341207086382,0.16406039793539792
2648,0.1303555256884109,0.3325273824950503,0.22434371361327882,0.1303555256884109,0.260202772168421
2649,0.1608940894089409,0.3703195102287505,0.25885084163961913,0.1608940894089409,0.1700205979284369
2650,0.13046171788582694,0.3319127330292001,0.21990203028674632,0.13046171788582694,0.3409155270064927
2651,0.15154697900665648,0.34497075203613015,0.22184754605894738,0.15154697900665648,0.24704043251217267
2652,0.1481593816396512,0.3465691433378336,0.22781952339636474,0.1481593816396512,0.3278105882352941
2653,0.16109984959759358,0.3704385328074145,0.2596773664196419,0.16109984959759358,0.2894641025641025
2654,0.14339241803278685,0.35848744550531436,0.257190054945055,0.14339241803278685,0.16304352411304276
2655,0.1281835624329902,0.32359221085217427,0.20881729683836797,0.1281835624329902,0.14242863063960579
2656,0.16762362891502586,0.3969433329764777,0.3066394081229038,0.16762362891502586,0.20882762629917542
2657,0.21375608388471448,0.43947682872850785,0.3294414896875867,0.21375608388471448,0.1929063482141119
2658,0.1645495397097831,0.3770868270391319,0.26907457465869755,0.1645495397097831,0.3597528479854561
2659,0.14160281028102806,0.3325756597930505,0.2089456990240448,0.14160281028102806,0.28853213157213164
2660,0.12574429039970203,0.30930212812380364,0.18211567544820312,0.12574429039970203,0.31809266344799364
2661,0.14734681472494177,0.35663626456472897,0.2445788996795743,0.14734681472494177,0.3404428728070175
2662,0.15333909370199691,0.3724078744767327,0.27313756154947155,0.15333909370199691,0.2742065488123443
2663,0.13034988046181378,0.35809522362832025,0.27349068633301293,0.13034988046181378,0.25931537234316304
2664,0.18436410182562915,0.4078130493698544,0.3028978950884504,0.18436410182562915,0.14901435881370093
2665,0.12384184161929825,0.30764459038954906,0.18060549754050162,0.12384184161929825,0.17225969719719722
2666,0.16457800183906943,0.3962802326332285,0.30140446158831813,0.16457800183906943,0.2822208360476027
2667,0.07737054935910774,0.26569732132277235,0.16265354392732928,0.07737054935910774,0.2798056087624112
2668,0.17063834729809835,0.3696698836772988,0.24806307275840095,0.17063834729809835,0.26332384320660185
2669,0.1332268889075556,0.3597334889134549,0.27501320001179863,0.1332268889075556,0.35658603660098986
2670,0.1567943143812708,0.3802061653025439,0.28382370184254613,0.1567943143812708,0.206013734745078
2671,0.1391794871794872,0.3523884941611558,0.2554180139633372,0.1391794871794872,0.20512105554100837
2672,0.1625046462487844,0.34916499911281684,0.21632070572806483,0.1625046462487844,0.3662164671486705
2673,0.14081268126812688,0.35378339657229263,0.2539414306083315,0.14081268126812688,0.20997606036950295
2674,0.1750714651639345,0.40041858398053537,0.3026942376332018,0.1750714651639345,0.29583333333333334
2675,0.1625040226501837,0.36089656728691455,0.2407850892734617,0.1625040226501837,0.4249624679268033
2676,0.19405981533520672,0.4209310862184669,0.3197425417665204,0.19405981533520672,0.21151907668036696
2677,0.16179174733736587,0.3709423291720415,0.25630116366935124,0.16179174733736587,0.3310317034916578
2678,0.14772143988734368,0.36533024428134153,0.26621760878799555,0.14772143988734368,0.33987499694816764
2679,0.10600530476388602,0.3113354497798891,0.21566029003200615,0.10600530476388602,0.26210448830695066
2680,0.15827295509182043,0.38423499142635564,0.2909240726690705,0.15827295509182043,0.16007841456117317
2681,0.1553972431077694,0.376761961722488,0.2757294372294372,0.1553972431077694,0.43472856517935254
2682,0.14603568857101723,0.36797778729617514,0.2748841974503159,0.14603568857101723,0.3389550688883837
2683,0.15161098310291854,0.3531698232899527,0.23811768037406839,0.15161098310291854,0.2600951996029048
2684,0.10952547432957559,0.2944772216816783,0.17790349470420544,0.10952547432957559,0.3143999021945107
2685,0.19170468187274906,0.43270367559135603,0.3419979874372139,0.19170468187274906,0.20370576183660294
2686,0.15851694532128296,0.36209239803185733,0.24515090542114865,0.15851694532128296,0.22324355841934868
2687,0.13738406434333583,0.33830659497742577,0.22184506126817988,0.13738406434333583,0.17864028564476625
2688,0.1592573151193187,0.3944528464220519,0.30539106260546645,0.1592573151193187,0.19952026578920518
2689,0.16227401077949263,0.37277087559013034,0.26399372962127543,0.16227401077949263,0.1945738440303657
2690,0.16656440644064394,0.39181401527975607,0.2954992176782242,0.16656440644064394,0.23191635820507822
2691,0.13388935574229688,0.3419615895007758,0.23714446751695778,0.13388935574229688,0.18055177562506575
2692,0.15154340434043398,0.36647494472915165,0.26486308077743537,0.15154340434043398,0.2682433075442229
2693,0.15916435110134447,0.3804697905571766,0.28061087891166425,0.15916435110134447,0.20090542521994137
2694,0.14685658501596827,0.350657457512813,0.24260174499368956,0.14685658501596827,0.4301692094313454
2695,0.15588211102398747,0.3853087514495484,0.29685328085112195,0.15588211102398747,0.2646013554647953
2696,0.13033199339846746,0.3517071516141651,0.2657503164313954,0.13033199339846746,0.31856255343402684
2697,0.1256566198039852,0.3495296782049131,0.2667461168018558,0.1256566198039852,0.2511071825838233
2698,0.16059669079834635,0.3951557043661421,0.30811802713559144,0.16059669079834635,0.23049371353153653
2699,0.12562085444864965,0.3405385608324969,0.2428354127676945,0.12562085444864965,0.20942695722356738
2700,0.13109259259259265,0.33409945822240905,0.23301373125963287,0.13109259259259265,0.15817045454545453
2701,0.1051210484193678,0.31119991032035454,0.21715772380197346,0.1051210484193678,0.22753928254810663
2702,0.14818277916586575,0.3643605491518406,0.26235553997194955,0.14818277916586575,0.28223406377813987
2703,0.11705464283998654,0.3252068189610571,0.22530435224214107,0.11705464283998654,0.16140449332048448
2704,0.16648391174258786,0.37832303596550254,0.2676782484458294,0.16648391174258786,0.282175626675601
2705,0.19464709131959448,0.4135028537275476,0.2987115248159062,0.19464709131959448,0.20183473185899045
2706,0.16208469704909378,0.36544879553668347,0.2477281969751794,0.16208469704909378,0.2679872795127033
2707,0.15014860192333102,0.3564975380101525,0.24769787217364306,0.15014860192333102,0.35576197793642017
2708,0.15562537048014227,0.36829394352155453,0.26533714608282455,0.15562537048014227,0.2729786380342497
2709,0.1251800423337162,0.31127066138966863,0.1901812381119049,0.1251800423337162,0.2878218924743709
2710,0.13826882509933225,0.35633690610574054,0.26313616201281664,0.13826882509933225,0.29108352858352865
2711,0.19205716720477212,0.4217675556814199,0.32142077695329546,0.19205716720477212,0.1786432642653858
2712,0.170909092729902,0.39793314518132017,0.30404810490283624,0.170909092729902,0.2242066475933348
2713,0.14098718133833882,0.35776601304217803,0.25755766340767844,0.14098718133833882,0.22457937676847778
2714,0.1733788782601389,0.39834807904131697,0.29793840156235607,0.1733788782601389,0.30125345877144444
2715,0.10457502072395698,0.2834731438291089,0.16379624621030386,0.10457502072395698,0.3970151092544896
2716,0.14806224385245897,0.35370548460823836,0.24128648151155868,0.14806224385245897,0.2635151640474221
2717,0.15541298322626115,0.3554414189590598,0.23405687146559728,0.15541298322626115,0.3162106097679221
2718,0.13219198091131287,0.34980635997729037,0.2562287581319551,0.13219198091131287,0.12804899189749386
2719,0.1310930924254624,0.3278053555909431,0.21642452633096138,0.1310930924254624,0.16896155844155847
2720,0.1558945550995896,0.34884586110827065,0.2209026120173621,0.1558945550995896,0.26424840147230144
2721,0.13233819764464927,0.3511249570106424,0.25857351873198625,0.13233819764464927,0.20188333333333341
2722,0.11562040301057551,0.31443003805624203,0.20661927009133313,0.11562040301057551,0.2938875878220141
2723,0.16001557452838125,0.3766706354476765,0.2753101218385905,0.16001557452838125,0.27998221246191285
2724,0.1265554808876943,0.3494214907104054,0.2637320196454223,0.1265554808876943,0.14481781751804
2725,0.1472463248676953,0.3407741108081641,0.21905557188093772,0.1472463248676953,0.21077249860638678
2726,0.14988387427181357,0.36216606150403297,0.25656437446443875,0.14988387427181357,0.28985605219099136
2727,0.1328595824781656,0.34877827965072694,0.25283739434512265,0.1328595824781656,0.3288665191069606
2728,0.12523291050035246,0.3425868477018004,0.253707874402896,0.12523291050035246,0.20899358413531643
2729,0.19145172736770055,0.4175932767402571,0.31528309874511307,0.19145172736770055,0.2318966087439951
2730,0.12376686306745234,0.3198369942981595,0.20814026246141432,0.12376686306745234,0.20581121033581276
2731,0.11743939545591041,0.3131158086705501,0.2053528264292795,0.11743939545591041,0.23093317901234567
2732,0.16430443135245898,0.3706884988011492,0.25376813489738037,0.16430443135245898,0.10228170041963142
2733,0.12714265796096036,0.3281955876823267,0.22110585944273276,0.12714265796096036,0.20870265227632
2734,0.13039654951667623,0.3343457900085359,0.22689848098371934,0.13039654951667623,0.21152797614397273
2735,0.17884546537703952,0.3888754722959847,0.27606001383789036,0.17884546537703952,0.2209953737285813
2736,0.14412756480832753,0.3806221051841116,0.29998908075156816,0.14412756480832753,0.28718180944207616
2737,0.15479906755516734,0.3699683063713964,0.2693384776324581,0.15479906755516734,0.2311320414478309
2738,0.1417792237002762,0.3274447017631712,0.19433095612578982,0.1417792237002762,0.27372844742940183
2739,0.12918020487664106,0.33644638779830255,0.23053236584332287,0.12918020487664106,0.36149134494140334
2740,0.15204375270004325,0.36911902457063916,0.26915054374119185,0.15204375270004325,0.33520655030030033
2741,0.13070833883599667,0.31838608851083583,0.19735549934967828,0.13070833883599667,0.2686192810011708
2742,0.1697316601234998,0.40084200101563616,0.30722068178427275,0.1697316601234998,0.16881308887191238
2743,0.12408219243887207,0.328642341708998,0.2231202985402519,0.12408219243887207,0.3439018566572746
2744,0.14215484118852467,0.35446203337244403,0.2546143843678388,0.14215484118852467,0.22292381537087674
2745,0.12676788365568933,0.3396744741330716,0.2418131809547645,0.12676788365568933,0.28378743815138435
2746,0.17827625578083237,0.4032365162714726,0.30292052098128047,0.17827625578083237,0.3152080200501254
2747,0.10862061206120617,0.3135209363685137,0.21480064861461506,0.10862061206120617,0.3329175445989605
2748,0.12591599381308638,0.3283255317477524,0.22581907586933214,0.12591599381308638,0.12439924096174099
2749,0.13899666277357028,0.3533246123527163,0.249655899158292,0.13899666277357028,0.2890255366346969
2750,0.12153026298400951,0.3195109606166349,0.21296139526525082,0.12153026298400951,0.19091971793469883
2751,0.17069698878795508,0.3959222292520993,0.2974504809282884,0.17069698878795508,0.2669023785572542
2752,0.1477816736146986,0.37643483839284875,0.2863063295563003,0.1477816736146986,0.35066071639996377
2753,0.13099193770975748,0.33436461286303815,0.22774535030656126,0.13099193770975748,0.43026271542664984
2754,0.1408922767162407,0.3766095210635454,0.2944344886946094,0.1408922767162407,0.2070113277229353
2755,0.17000739957716707,0.39451919913205874,0.2980235991097833,0.17000739957716707,0.22547485568993952
2756,0.09522989241803285,0.2868203931453509,0.17818100145463606,0.09522989241803285,0.17960994066920022
2757,0.1392425742574257,0.3701878123526638,0.28889047619047614,0.1392425742574257,0.24143736687613254
2758,0.13443583504098366,0.3283110233939283,0.21275037670588937,0.13443583504098366,0.3390364304170559
2759,0.15403406090477037,0.3819860018171539,0.2909038818247671,0.15403406090477037,0.21497432544533998
2760,0.13512965186074427,0.3309652930606991,0.21367128239990968,0.13512965186074427,0.3477438843050832
2761,0.11403554327955798,0.30468264535136114,0.19029420414360626,0.11403554327955798,0.21691301910967634
2762,0.1616340634063407,0.3797514034469342,0.278234680081187,0.1616340634063407,0.23756019776449405
2763,0.1347120705381576,0.3164437410323493,0.1874633409883834,0.1347120705381576,0.14169520135037378
2764,0.13543327356557366,0.352893529766964,0.25692051240278047,0.13543327356557366,0.34978244221665267
2765,0.15528494713978847,0.38358233673962583,0.29359477919967464,0.15528494713978847,0.2911674642503833
2766,0.11675834920228516,0.3197036169936428,0.21789053558271537,0.11675834920228516,0.13039200616566338
2767,0.16437931158680796,0.37197553104790865,0.25919243892220134,0.16437931158680796,0.34289528047036394
2768,0.13397955967295483,0.34797155721454565,0.25098399508318175,0.13397955967295483,0.2750472672499904
2769,0.12269738612339033,0.3263690521654178,0.22034333208405485,0.12269738612339033,0.19942152644384692
2770,0.14142880372963354,0.36487699645833915,0.27789638545741124,0.14142880372963354,0.2614231728221911
2771,0.15455680640527525,0.3544579498483297,0.23480228688610882,0.15455680640527525,0.17330005679529425
2772,0.11908838574876628,0.3374209134011699,0.24766505530480737,0.11908838574876628,0.26405898142261774
2773,0.17683619364754102,0.37396554477752064,0.24725870225995933,0.17683619364754102,0.36791451753115034
2774,0.1385622679148691,0.3425061217236156,0.23588770761749295,0.1385622679148691,0.2540750415513224
2775,0.15640322580645163,0.3751967501698309,0.27458704872675854,0.15640322580645163,0.22650694444444447
2776,0.1648494368701838,0.37962106316245103,0.27554325258453455,0.1648494368701838,0.395111805793728
2777,0.14014282501937445,0.3696658731607697,0.2810460962827906,0.14014282501937445,0.26911607142857147
2778,0.14495677477975116,0.37089992896226187,0.2838863083650214,0.14495677477975116,0.2654576669377428
2779,0.1105706570657066,0.30474511231335666,0.19634891049530015,0.1105706570657066,0.1764955262674951
2780,0.14695493263746087,0.3642127403120702,0.26251561534921863,0.14695493263746087,0.2945101480975165
2781,0.1523058840473028,0.3734194560761128,0.27622714405762006,0.1523058840473028,0.20722113267341646
2782,0.1299837496599511,0.3429273694841184,0.2448872396483346,0.1299837496599511,0.3293814772965056
2783,0.1346911046808786,0.3534696418881247,0.25555707441449227,0.1346911046808786,0.2614835551706055
2784,0.1939341373360522,0.4223323891342891,0.32379650359647383,0.1939341373360522,0.3269855314655314
2785,0.13066754625957178,0.32928345740512255,0.22723182229110164,0.13066754625957178,0.32431453893570317
2786,0.11056574546734736,0.3131448328423473,0.21315817474999982,0.11056574546734736,0.27707962570621475
2787,0.14326429107517685,0.34753428513035844,0.2335399881103632,0.14326429107517685,0.3364421379535796
2788,0.15181352541016419,0.35872865845359736,0.24983026608686648,0.15181352541016419,0.2272935945633314
2789,0.11740496198479397,0.3279699186101803,0.23112991325077267,0.11740496198479397,0.27632251521298173
2790,0.1769235588972432,0.41257810527818495,0.3263090927618836,0.1769235588972432,0.2670844420144584
2791,0.13807387491197753,0.3372314613415985,0.22231517285924196,0.13807387491197753,0.22899041997517158
2792,0.12153682838271862,0.31169575112439757,0.20131784548335796,0.12153682838271862,0.17684072082257507
2793,0.1410103706548877,0.3568527723349182,0.2576848033600611,0.1410103706548877,0.3096891556887511
2794,0.15449178386854187,0.3533644293517137,0.2337452909663436,0.15449178386854187,0.2740970160674675
2795,0.1521077100409835,0.37850579616589086,0.2857961722498147,0.1521077100409835,0.2727865081516477
2796,0.09565686050657153,0.2597754812691713,0.1222372415251997,0.09565686050657153,0.2496323114225927
2797,0.14656328019973103,0.3752597238471509,0.2873928872948397,0.14656328019973103,0.2522359477829324
2798,0.15308860642903205,0.3705006764964338,0.27282414013480366,0.15308860642903205,0.19683526910939692
2799,0.13000000000000003,0.3351546760468448,0.23030935209368947,0.13000000000000003,0.2271567432093748
2800,0.1212468569874279,0.30241540170769676,0.17633708944053772,0.1212468569874279,0.15903891089700745
2801,0.14863837498149934,0.35539277341410086,0.24550879686520305,0.14863837498149934,0.0905023305826535
2802,0.15343179452690917,0.3769947264714352,0.28512586388905214,0.15343179452690917,0.23539961218577707
2803,0.1426463156374836,0.34676335921918855,0.23323408716340976,0.1426463156374836,0.2497970577609177
2804,0.1412610734381764,0.3407527639322683,0.22998338098818383,0.1412610734381764,0.31052777777777774
2805,0.14930893123572492,0.3774188447478724,0.28921982702429494,0.14930893123572492,0.3055584247046983
2806,0.16392754736303114,0.3859239786233781,0.2859928625206939,0.16392754736303114,0.188
2807,0.15545918309983583,0.3621417957640609,0.25436522532845013,0.15545918309983583,0.20719853514103162
2808,0.13369022017409116,0.3302411240988568,0.21610180784953134,0.13369022017409116,0.2608530932668863
2809,0.14514090419763176,0.3454620515765917,0.23264229475791992,0.14514090419763176,0.40447811447811444
2810,0.14895956725975232,0.3499908429328161,0.2370625513461276,0.14895956725975232,0.222088084921017
2811,0.12655556622495362,0.34360556398332576,0.2530999955167443,0.12655556622495362,0.3041486689895214
2812,0.09350712811404986,0.2653321021591525,0.13964994809020537,0.09350712811404986,0.2835564842153077
2813,0.13672129479805833,0.33625361709684226,0.22606464459756792,0.13672129479805833,0.2416666666666667
2814,0.13450000000000004,0.34497774816763177,0.24395549633526348,0.13450000000000004,0.2785087719298245
2815,0.15161344537815133,0.3511346585237183,0.23504242629113387,0.15161344537815133,0.38594410539571833
2816,0.1702889871559486,0.3792577642484456,0.264937554184994,0.1702889871559486,0.37046527046527045
2817,0.12381288422131143,0.34155413795878353,0.24948250747494416,0.12381288422131143,0.3028163282737678
2818,0.1128893561513931,0.3114591686246904,0.20713962494659469,0.1128893561513931,0.3425282356532357
2819,0.16359423212342372,0.3879974233225895,0.2898063823983317,0.16359423212342372,0.23620494463939268
2820,0.1306499433979623,0.32199952293522727,0.20269915907452998,0.1306499433979623,0.1909423580924025
2821,0.14003923671269494,0.34315013042763376,0.2342217874298777,0.14003923671269494,0.23748249241797625
2822,0.17172142960080702,0.4058174333288585,0.31819200745610293,0.17172142960080702,0.1645074074074074
2823,0.1692069848279392,0.3811572924671847,0.26990061527849096,0.1692069848279392,0.26783333333333337
2824,0.1354078874175101,0.3269631338212305,0.20811049280744082,0.1354078874175101,0.43015863919136615
2825,0.14568429815573775,0.34707029166474757,0.2347719870180197,0.14568429815573775,0.2533663072271521
2826,0.162077971960822,0.3994708385531697,0.3147857331846955,0.162077971960822,0.30105758223719736
2827,0.17228168433521823,0.36889743414523524,0.243231499620034,0.17228168433521823,0.32631416241388644
2828,0.10002502094431819,0.2898685780234065,0.18368711415817657,0.10002502094431819,0.17458702008644794
2829,0.16812114774940054,0.38054285027780077,0.26484340505680054,0.16812114774940054,0.23084363681992134
2830,0.1427316926770708,0.35708682887462934,0.255710272395117,0.1427316926770708,0.25815190365190366
2831,0.1860977443609023,0.43172546581463545,0.34525544290746635,0.1860977443609023,0.25499667774086376
2832,0.14934669569672127,0.35037206343998767,0.23305073548653277,0.14934669569672127,0.24924930478309226
2833,0.1719787885830605,0.37294690200238667,0.25293622683865236,0.1719787885830605,0.21910356963298142
2834,0.11314143782585552,0.32738536699265386,0.2384878583335966,0.11314143782585552,0.28085247238276656
2835,0.09287395718243106,0.28766159343944475,0.18257527251402733,0.09287395718243106,0.31385551409439927
2836,0.1719525006901353,0.3749717801140636,0.25503855884785676,0.1719525006901353,0.21317518743275493
2837,0.13675038402457756,0.32984134466539866,0.2101819212816422,0.13675038402457756,0.21670721224548975
2838,0.11245749311823834,0.3199759939488031,0.2220370016611296,0.11245749311823834,0.3142224150420295
2839,0.15472252201079237,0.3600044647844747,0.2465638855473647,0.15472252201079237,0.2663030314147417
2840,0.15937252120104534,0.36473995731870257,0.25373487223531455,0.15937252120104534,0.32814249303066506
2841,0.18252388668178954,0.4110134644322325,0.31297915550088595,0.18252388668178954,0.25401119208745443
2842,0.13725465850935709,0.35382779449203816,0.2591462719653621,0.13725465850935709,0.27809268256636677
2843,0.18030172068827532,0.3933734364496594,0.2781434315227681,0.18030172068827532,0.3661435786435787
2844,0.13401156018496307,0.3405610683555665,0.23609901634120686,0.13401156018496307,0.15180992747745
2845,0.1529637674202787,0.35771221087949184,0.24449688691842625,0.1529637674202787,0.2944428668701925
2846,0.12231234079366864,0.3270054467981164,0.22138621200889547,0.12231234079366864,0.24841947139377968
2847,0.18966601660166008,0.43778145760663023,0.35523088200994024,0.18966601660166008,0.3500733541411507
2848,0.1340384615384615,0.3260226787101787,0.20396843434343434,0.1340384615384615,0.263236187709546
2849,0.12482180200311563,0.3297269924745862,0.22381038094294117,0.12482180200311563,0.23209673995754743
2850,0.16055266949203403,0.3931983467138689,0.30429135444366967,0.16055266949203403,0.2738566958239089
2851,0.14772322232223226,0.37856050264263336,0.2926745606408022,0.14772322232223226,0.22867276422764227
2852,0.1484254563589824,0.36951436199703,0.27717781127609525,0.1484254563589824,0.21305410404325215
2853,0.11704990615457893,0.32047521038427706,0.2198506084593963,0.11704990615457893,0.3282426380250734
2854,0.10860328965263454,0.29684683705945336,0.18248709481363767,0.10860328965263454,0.4094584039651712
2855,0.14158764140226254,0.3676715868331139,0.2801678908617028,0.14158764140226254,0.4520140096618358
2856,0.13772505898517468,0.3499638350351765,0.25247755210000355,0.13772505898517468,0.18608501077324763
2857,0.13534204031345137,0.3426944899612566,0.2387048992956106,0.13534204031345137,0.24529161584889136
2858,0.1578005788208376,0.3671185990905894,0.25763604053950373,0.1578005788208376,0.14458567211103443
2859,0.14323113955686584,0.35319770734444406,0.2509331355751565,0.14323113955686584,0.2276820112670937
2860,0.18438151066692304,0.40262415574114696,0.29448529014844793,0.18438151066692304,0.28919458573330853
2861,0.11846074092780313,0.3188553757024356,0.2097892695492649,0.11846074092780313,0.33318151652623024
2862,0.16410998015491976,0.3820774622875356,0.2799349642652317,0.16410998015491976,0.22651022977244306
2863,0.16476897307589236,0.40131091685209114,0.3160838875523976,0.16476897307589236,0.35139195100612425
2864,0.12725087300349197,0.333327926500239,0.23015410699349403,0.12725087300349197,0.3072546066727884
2865,0.15042346095510217,0.3585034052713405,0.24815988863247662,0.15042346095510217,0.31625271420868906
2866,0.17827671083797442,0.4209476423766306,0.33634186307731245,0.17827671083797442,0.3155414145280451
2867,0.13710337550208046,0.3593284674683168,0.2664501839324728,0.13710337550208046,0.343617743116796
2868,0.11570611916264094,0.31643161212754783,0.21845098592981382,0.11570611916264094,0.4154131761695906
2869,0.1112882141019043,0.3321712882420378,0.253766148280267,0.1112882141019043,0.1239576652892562
2870,0.12157902151639348,0.31279513376508494,0.19843222449738293,0.12157902151639348,0.3455039557145172
2871,0.15541298322626115,0.37732257166215616,0.27781917687179,0.15541298322626115,0.29180839818376475
2872,0.11428213141057697,0.3206860271121993,0.22080779140324464,0.11428213141057697,0.25539574631865547
2873,0.13534204031345126,0.3255360446011119,0.20438800857532122,0.13534204031345126,0.25674918234435135
2874,0.1795,0.38231050073367573,0.25862100146735145,0.1795,0.2810670337100357
2875,0.1414878199198274,0.3500643373167298,0.2471530347938049,0.1414878199198274,0.19599465389406975
2876,0.1606453420153697,0.3850940339236799,0.2868973838166203,0.1606453420153697,0.12475416522227667
2877,0.16021037710521369,0.3755319682336715,0.2676431822569158,0.16021037710521369,0.22260201316298872
2878,0.13541861861140786,0.3439687149354925,0.23910019264816929,0.13541861861140786,0.3271439631336406
2879,0.1586346976029207,0.3541744886924432,0.232079582179045,0.1586346976029207,0.17224624998950755
2880,0.15291576665226642,0.38174021672234304,0.29264890014015327,0.15291576665226642,0.2747128583748764
2881,0.14267460317460318,0.3357132813555177,0.21507735636182904,0.14267460317460318,0.27255952247547754
2882,0.16711739351623744,0.37173749326967687,0.25124019950687876,0.16711739351623744,0.27697478488022265
2883,0.12319192647035279,0.33591770960398226,0.24345156626725895,0.12319192647035279,0.27923012035903705
2884,0.11776139856557384,0.3162000141932025,0.21087723125525734,0.11776139856557384,0.308033406683755
2885,0.1594703876676311,0.36701195418743937,0.2530831330396165,0.1594703876676311,0.2443036145611503
2886,0.15748543127973458,0.35092319566066155,0.22387552876185385,0.15748543127973458,0.25735613960417114
2887,0.15838481013164904,0.3731909843517718,0.27061234844024545,0.15838481013164904,0.2744675417366298
2888,0.1353823882388238,0.34383025054386795,0.23989572461008818,0.1353823882388238,0.3259309523809523
2889,0.1657060693028488,0.3778498258521056,0.2702875130985136,0.1657060693028488,0.18826153977701876
2890,0.14759487473941557,0.3373035445731448,0.2124173396674584,0.14759487473941557,0.23244745401001626
2891,0.17592805939580133,0.3772777634398541,0.2526994080881056,0.17592805939580133,0.33918614953731296
2892,0.17137935174069616,0.41627474451200996,0.3357907855426275,0.17137935174069616,0.27770438426176136
2893,0.17525038049311914,0.3900747915474161,0.282648822108594,0.17525038049311914,0.3213990035250793
2894,0.17496575353447896,0.3737328563740099,0.25053420567906176,0.17496575353447896,0.23192917604926885
2895,0.18011426530440733,0.4004746328785704,0.2957207351483261,0.18011426530440733,0.1876872061322807
2896,0.130190880763523,0.3240542819240384,0.2077268023210307,0.130190880763523,0.25611063544989177
2897,0.1715479607673723,0.4035043555054271,0.3119127894761097,0.1715479607673723,0.2601754334554335
2898,0.13861682790264873,0.34801057040587546,0.23978748500645347,0.13861682790264873,0.26208922824302144
2899,0.15443647656691134,0.36655544868452883,0.258237944235235,0.15443647656691134,0.2980945614585707
2900,0.16314452330219964,0.34944734471443084,0.21660564282446243,0.16314452330219964,0.26536321504063437
2901,0.1520499206972236,0.36692632387963714,0.2617528063648271,0.1520499206972236,0.20666085783019422
2902,0.13767511873847127,0.3187118336113298,0.186073429745717,0.13767511873847127,0.19389420061993493
2903,0.14928093112372445,0.35784141564313043,0.25012096903881187,0.14928093112372445,0.2845789332618601
2904,0.16524756784434194,0.3889217628914482,0.2913483900942125,0.16524756784434194,0.24829523039241708
2905,0.12239713685695514,0.3161363354280826,0.20547839714225505,0.12239713685695514,0.3153673079404786
2906,0.11428971073966573,0.33527117186232147,0.24896292224531152,0.11428971073966573,0.24599565661041067
2907,0.13090752652042437,0.3374508772054658,0.2340867013700829,0.13090752652042437,0.33042180504680496
2908,0.15549235250109034,0.3758786687654148,0.2787726325286491,0.15549235250109034,0.17722517119008346
2909,0.15277894467213127,0.3795489139990784,0.2905399386538944,0.15277894467213127,0.23920020401054884
2910,0.11959067921387875,0.3123790175119703,0.197576676596183,0.11959067921387875,0.19774294758602864
2911,0.16175025353648323,0.3697246052837395,0.26094870349451255,0.16175025353648323,0.2259501412822047
2912,0.17304397670362728,0.39456037383460146,0.2920327942619484,0.17304397670362728,0.2744215148835838
2913,0.14605574443517866,0.33359389476426893,0.20907630065818053,0.14605574443517866,0.1781917486774509
2914,0.14076065353410888,0.3664851526669843,0.27944899826575076,0.14076065353410888,0.1799085262563524
2915,0.0992127496159755,0.2915815846499891,0.18473767006802727,0.0992127496159755,0.2973034188034189
2916,0.1525759768914708,0.3490396987299619,0.22892744367698228,0.1525759768914708,0.38081155458356125
2917,0.14555429995479838,0.33347888796287384,0.20584917601615088,0.14555429995479838,0.2518240860215054
2918,0.1794999999999999,0.41239509960731724,0.3187901992146346,0.1794999999999999,0.16472040142650826
2919,0.16090017251662125,0.3752239408370457,0.2706475366408489,0.16090017251662125,0.22275252525252526
2920,0.15711308494974704,0.3738833662055401,0.2705405625115861,0.15711308494974704,0.21595315027671352
2921,0.19878446115288226,0.4133806311195376,0.2991923399333107,0.19878446115288226,0.15969530238280238
2922,0.1514139655862344,0.3505777620449543,0.2313275929174397,0.1514139655862344,0.3655496804019274
2923,0.1607194060419866,0.3869871320008795,0.2925354519177857,0.1607194060419866,0.2545939633489041
2924,0.15233714740390675,0.38147177382991915,0.28926925285202487,0.15233714740390675,0.27937125263328466
2925,0.17146353034868878,0.39281321311905876,0.29169936554073994,0.17146353034868878,0.3517388457059825
2926,0.14305301428662953,0.36122142592835005,0.267336823283441,0.14305301428662953,0.3069663582604759
2927,0.13723140542185078,0.34673773253439377,0.24601265422508606,0.13723140542185078,0.29431008775008777
2928,0.1741679467485919,0.40378540767161664,0.3092349218460495,0.1741679467485919,0.31959259259259254
2929,0.16657962109575017,0.3949863582033868,0.3018134742152733,0.16657962109575017,0.1399185062925521
2930,0.12691562985380545,0.3415417846831703,0.24525230965872977,0.12691562985380545,0.25099121096017646
2931,0.13914969845405173,0.34881999728935853,0.24434059767061356,0.13914969845405173,0.34406456130839425
2932,0.15196663651894285,0.3631609435124111,0.2623886139869366,0.15196663651894285,0.27337703166596605
2933,0.14712123953448253,0.3517856300183299,0.23632878096769477,0.14712123953448253,0.1116129388831556
2934,0.13889217686666588,0.3247937838916819,0.19880321405003198,0.13889217686666588,0.18823044560074226
2935,0.13471289285157145,0.35484405925768575,0.2632623328122286,0.13471289285157145,0.2483636363636364
2936,0.16204042109643527,0.3714743658975338,0.2588678896021972,0.16204042109643527,0.3014532443074816
2937,0.15439473684210517,0.3809439612533575,0.28609844882250457,0.15439473684210517,0.23962101068888134
2938,0.14343096846981995,0.3465154423707848,0.23416894780192954,0.14343096846981995,0.22427867138715432
2939,0.1696135787995311,0.3828912076556418,0.27455525771222133,0.1696135787995311,0.3585616222623327
2940,0.1527563536265284,0.363993158334603,0.2564736094161492,0.1527563536265284,0.18510080701272416
2941,0.14466098956890974,0.3718053006841511,0.2792886222304827,0.14466098956890974,0.2688841552424473
2942,0.12268027333357344,0.32994350093582714,0.22852645520450743,0.12268027333357344,0.31651750256127825
2943,0.11794459854861893,0.3064444294457721,0.1909996617943064,0.11794459854861893,0.20851351857137246
2944,0.15505199679711748,0.36374539493665814,0.25638679627908134,0.15505199679711748,0.20443915623714676
2945,0.16490021782305087,0.3549485679190888,0.2250967001920759,0.16490021782305087,0.27305670362158174
2946,0.14758320832083205,0.34423525152971685,0.22430408641776955,0.14758320832083205,0.2759594298245614
2947,0.12189224984892684,0.3003005715676998,0.1698166434375459,0.12189224984892684,0.25801934807992405
2948,0.10891626158727118,0.31372205591102664,0.21661158864751096,0.10891626158727118,0.17692553346017595
2949,0.1775934938524589,0.4036110456493286,0.3020351035937393,0.1775934938524589,0.25261375140222714
2950,0.13697018807523012,0.35470308457470506,0.2584657929989499,0.13697018807523012,0.2875151529149589
2951,0.10306140350877198,0.2779155245017665,0.15670824198598912,0.10306140350877198,0.12013667274641518
2952,0.15372229957071573,0.3659603758486183,0.25947615255580503,0.15372229957071573,0.3324458747802759
2953,0.11355281707140441,0.3295825850458396,0.23505953594887039,0.11355281707140441,0.2718263277940697
2954,0.13635450981334413,0.3691228801896581,0.2875367407526278,0.13635450981334413,0.22569932925051034
2955,0.112518566710039,0.30505626860562773,0.19107540379117738,0.112518566710039,0.2989512299756202
2956,0.15568609628240263,0.383210440035742,0.2890486875066786,0.15568609628240263,0.33821872265966746
2957,0.17107837739427575,0.386483929529722,0.2768111042708924,0.17107837739427575,0.2992270854523441
2958,0.17062008008946924,0.382845189732271,0.2684502192856034,0.17062008008946924,0.25507317155923975
2959,0.11686756047087835,0.3180195445391934,0.21130396813663013,0.11686756047087835,0.30062708475439714
2960,0.1592373509016922,0.383743227126531,0.2900117524496776,0.1592373509016922,0.32362240289069555
2961,0.1458382175832998,0.38303968190684995,0.3004029286471003,0.1458382175832998,0.17144574398960363
2962,0.16596624518174294,0.3765443652982846,0.2671562402330833,0.16596624518174294,0.23974454017231014
2963,0.12209180212325443,0.3481797243906575,0.264175844534806,0.12209180212325443,0.3224301902950687
2964,0.15980295921183676,0.3840227824671031,0.2884396465105326,0.15980295921183676,0.3373058773058773
2965,0.15624321556579623,0.3582538857281364,0.2410213403246803,0.15624321556579623,0.23584772807624627
2966,0.1313771939300104,0.34576022615883534,0.25076606445764993,0.1313771939300104,0.3170255627921532
2967,0.20045046960516222,0.43223556867666035,0.3345701981429963,0.20045046960516222,0.303680167055167
2968,0.15787928827444955,0.3693606625122956,0.26096274847569206,0.15787928827444955,0.19256187458773666
2969,0.12587672633554647,0.3058064066817512,0.17885936069240949,0.12587672633554647,0.1502425935246988
2970,0.16533960573476694,0.39970301806060105,0.3117268246516681,0.16533960573476694,0.20426331834680975
2971,0.20101670167016705,0.42648893270430843,0.3189444620682827,0.20101670167016705,0.24187314550744685
2972,0.14350000000000004,0.3574553284942591,0.25691065698851806,0.14350000000000004,0.343264126984127
2973,0.11542599705524621,0.316356309559885,0.21086062500927757,0.11542599705524621,0.4066929510155316
2974,0.14018832337253395,0.34456902987085736,0.23976141299664694,0.14018832337253395,0.10938697318007665
2975,0.16210845449197409,0.38234960537194246,0.2834823017599367,0.16210845449197409,0.2249092585219067
2976,0.1035131618456611,0.30302955081599725,0.19903277794067226,0.1035131618456611,0.2977610616798992
2977,0.1573798140770252,0.35306419157069346,0.2293687549873365,0.1573798140770252,0.2030367855121675
2978,0.09850000000000005,0.31057073365015364,0.22314146730030726,0.09850000000000005,0.1883048099941702
2979,0.1423008945318135,0.35776427891199214,0.2559267687603572,0.1423008945318135,0.31147931081264413
2980,0.13037354718735467,0.34549578737902886,0.24724448038334834,0.13037354718735467,0.284703627249681
2981,0.1525820387162956,0.36679156978052574,0.2664190621284602,0.1525820387162956,0.19374897690473647
2982,0.14362685145153803,0.3536317440340197,0.2510097851649633,0.14362685145153803,0.35755681277607876
2983,0.14110167521080214,0.3460604240755312,0.23891749772945822,0.14110167521080214,0.2974465890578333
2984,0.14284664618535592,0.37443129572392664,0.2911692990771414,0.14284664618535592,0.3273219754952449
2985,0.11576548899129548,0.3112005844425275,0.20087019090246416,0.11576548899129548,0.1990941346251653
2986,0.1291053141217754,0.3315546180758958,0.22289860790824084,0.1291053141217754,0.1763404223439622
2987,0.15769067889893562,0.3742910917755642,0.2732008257532571,0.15769067889893562,0.3062971274219521
2988,0.1337662570404506,0.3434595514957487,0.24138658891059617,0.1337662570404506,0.2147897738341923
2989,0.1578589743589744,0.35532595549104984,0.23693396226415098,0.1578589743589744,0.26517566782810686
2990,0.16570833333333324,0.37564079602263467,0.2658649253786028,0.16570833333333324,0.16180804259492784
2991,0.10932357043235714,0.3022724458002787,0.1958977507358432,0.10932357043235714,0.1942170713234349
2992,0.13629257064154615,0.33341022553767946,0.22323530979226666,0.13629257064154615,0.21237176291721743
2993,0.17901204019264308,0.40043863991565565,0.2958531994460252,0.17901204019264308,0.21951674686968803
2994,0.142891756702681,0.33342586476485925,0.20806821612435644,0.142891756702681,0.29962393162393164
2995,0.12674342705349567,0.3426548312436557,0.24882280838032003,0.12674342705349567,0.33279149108786205
2996,0.15766259185330675,0.34835642952718293,0.21938767534775233,0.15766259185330675,0.28576273669733426
2997,0.15249999999999997,0.35973009333032785,0.2494601866606557,0.15249999999999997,0.2298512034770473
2998,0.1666388069970519,0.3773539435123092,0.2654302730305146,0.1666388069970519,0.3392012934161568
2999,0.11534086642570371,0.3275966279980449,0.2325115231446824,0.11534086642570371,0.2793249374501898
3000,0.15310554908575755,0.37815596708127863,0.2871008359910422,0.15310554908575755,0.19416847384114938
3001,0.13814381700985356,0.34655849535500427,0.24682935669030137,0.13814381700985356,0.17496376268306094
3002,0.14253612748570316,0.3496948766700898,0.24431749836877342,0.14253612748570316,0.20648556425956965
3003,0.17093433072315425,0.40312699105210603,0.3103853206579035,0.17093433072315425,0.22530616459481573
3004,0.13280688722754885,0.33190080385838694,0.22018783326167612,0.13280688722754885,0.2777958954625621
3005,0.09022572178477692,0.28998423868704687,0.19151703380453994,0.09022572178477692,0.24666204394981128
3006,0.17183351747770254,0.394815801741662,0.29596456852791886,0.17183351747770254,0.16839834552066496
3007,0.13041807475678446,0.34102161186375657,0.24220707421394427,0.13041807475678446,0.288923627418928
3008,0.13874966391396204,0.35268775155237003,0.254876175276816,0.13874966391396204,0.15915868421314391
3009,0.1424115646258503,0.33008546539615324,0.2023478015406059,0.1424115646258503,0.1897222222222222
3010,0.1398260758196721,0.3640415322240903,0.2764309128088363,0.1398260758196721,0.2711517558528428
3011,0.15065524048887458,0.36815841587831916,0.27200635077888924,0.15065524048887458,0.36693965157956165
3012,0.13379916925232715,0.3503939926802605,0.2581896468558667,0.13379916925232715,0.21922310124021072
3013,0.13925090500362006,0.3457254576447466,0.23894910528225316,0.13925090500362006,0.30711079407853603
3014,0.11686149513568872,0.31750678225805395,0.21329057424473044,0.11686149513568872,0.17884510125889433
3015,0.15223925157323345,0.36234189942756534,0.2572052957086638,0.15223925157323345,0.2276594669882937
3016,0.11490096618357491,0.30932975660346146,0.20585758083977315,0.11490096618357491,0.32116347166613035
3017,0.18038824884792617,0.40885692292491804,0.30993734815398366,0.18038824884792617,0.20784161490683228
3018,0.15983719289242404,0.38327631907326076,0.2828782523616734,0.15983719289242404,0.1559659525834765
3019,0.17897400102459007,0.42006006192576656,0.3331721218023529,0.17897400102459007,0.20160161730241638
3020,0.15732643266848395,0.3586604178530207,0.24266797036907367,0.15732643266848395,0.24298342334839013
3021,0.12936589717229818,0.34494889516871075,0.2511659959928251,0.12936589717229818,0.28983712212552337
3022,0.13944893394422594,0.34465626732028354,0.24041466675211517,0.13944893394422594,0.25873866268372403
3023,0.14583629210651577,0.3488812822805847,0.23708998034813783,0.14583629210651577,0.2952086781178462
3024,0.14110002568053404,0.3580554477908071,0.2569108442205461,0.14110002568053404,0.19448846475162263
3025,0.1284439027519405,0.3201841472476125,0.19948048899134407,0.1284439027519405,0.2623946729551907
3026,0.1518097173689414,0.3982554761736071,0.32989151760933144,0.1518097173689414,0.30404821728591386
3027,0.13926850897216292,0.3519749492143684,0.256412880484411,0.13926850897216292,0.2715288700342629
3028,0.15840165929912225,0.37866285316337017,0.2775223877284958,0.15840165929912225,0.19971434530430637
3029,0.16424724766787124,0.3809440008031023,0.2773935062704622,0.16424724766787124,0.2477942824902043
3030,0.13195814132104458,0.34385635969449807,0.245796436746907,0.13195814132104458,0.31546444934791534
3031,0.16825384221311465,0.3774153305751178,0.26232297672400623,0.16825384221311465,0.3602845046942178
3032,0.13007115621845916,0.37183691823007003,0.3005315240232218,0.13007115621845916,0.21919831750791272
3033,0.10355524088385418,0.2929856299259711,0.1808607780842338,0.10355524088385418,0.19559852385939341
3034,0.17216375238669485,0.3768166293441032,0.2623057539148167,0.17216375238669485,0.2172342226354815
3035,0.13826412750859038,0.35089371623353716,0.2502591774498937,0.13826412750859038,0.32876716326625577
3036,0.12013364055299545,0.3224450967123703,0.2186229123187498,0.12013364055299545,0.20203351939686948
3037,0.14248259088581675,0.35661033047455737,0.2572554791774813,0.14248259088581675,0.35460355409648875
3038,0.14478525641025644,0.3576384613627042,0.2587064099048956,0.14478525641025644,0.2736870063340652
3039,0.12419020762727119,0.31447035051237593,0.19556028577020945,0.12419020762727119,0.2038322382926184
3040,0.12490522540983597,0.3423130512964948,0.2498156517733176,0.12490522540983597,0.2190550589257486
3041,0.18978682021676258,0.43512790250374034,0.3516821645739557,0.18978682021676258,0.3350306739331129
3042,0.1594193548387096,0.38810390471705514,0.29636909975669096,0.1594193548387096,0.27377017062203574
3043,0.1724263368147471,0.3685989831212651,0.244345292613036,0.1724263368147471,0.22654207202594298
3044,0.1674031940599447,0.3922849057709903,0.29576342342209117,0.1674031940599447,0.17111603843311166
3045,0.16781832733093235,0.3771414639533539,0.262646273244843,0.16781832733093235,0.15041757127146124
3046,0.15163844698409143,0.3279693213684726,0.1866617487687624,0.15163844698409143,0.18536227661227656
3047,0.17545749247229164,0.38477114510934185,0.2666273052741004,0.17545749247229164,0.2616129951553149
3048,0.15235226704033633,0.367417143925031,0.2631297537693893,0.15235226704033633,0.32823263344621834
3049,0.12925549362547256,0.33869350223857586,0.24087601722620666,0.12925549362547256,0.22522921052201544
3050,0.1647988645840015,0.37910780688805124,0.26961788460809943,0.1647988645840015,0.24635503762968286
3051,0.1346968927875711,0.34548662671700453,0.24457946785886678,0.1346968927875711,0.25514755614449186
3052,0.1326622162216222,0.3504951197084877,0.2566658069737309,0.1326622162216222,0.12795703774611933
3053,0.1697715338931805,0.38408084080248744,0.27761861381861386,0.1697715338931805,0.304602615839904
3054,0.16599207378584804,0.3934326111978725,0.2968810748240488,0.16599207378584804,0.3028962221398262
3055,0.1236623678240934,0.31408631721982083,0.1958478987914547,0.1236623678240934,0.16394491129785246
3056,0.13960697864432303,0.34100869603855943,0.22680343478847276,0.13960697864432303,0.17634912239275877
3057,0.13648359173746785,0.34740750791804753,0.24584783236115942,0.13648359173746785,0.383616507936508
3058,0.13244840356320697,0.329073851200434,0.21725089527445413,0.13244840356320697,0.1351000625390869
3059,0.14139375437894108,0.34676754744059846,0.24074758612331482,0.14139375437894108,0.15675251236284143
3060,0.12589147826365218,0.31959969557404677,0.20441643462078918,0.12589147826365218,0.21714232394077354
3061,0.16356673240236652,0.3760032230902907,0.2668729813758484,0.16356673240236652,0.15754901331628743
3062,0.16191586265380234,0.39667732866768135,0.310522932027758,0.16191586265380234,0.2916191270724085
3063,0.13464105222549055,0.33725020155028734,0.2242182986495935,0.13464105222549055,0.22033441489444866
3064,0.17834420971553042,0.3905491111801435,0.2734098029292261,0.17834420971553042,0.13059116087446943
3065,0.15565694862779453,0.35510836047022226,0.23590282368485543,0.15565694862779453,0.252892012202357
3066,0.17806950852076064,0.41208486370622444,0.32103071037092756,0.17806950852076064,0.3460578301988513
3067,0.14561430211487617,0.3657563091039079,0.2702840139780634,0.14561430211487617,0.26209906221166107
3068,0.14496104239010424,0.35421536260908193,0.24950864043795534,0.14496104239010424,0.2046704331450094
3069,0.1530585615876333,0.38548563209289016,0.3018541410105138,0.1530585615876333,0.21439505686789154
3070,0.11239845861275156,0.3232146726532709,0.22763242808103873,0.11239845861275156,0.18749181696324657
3071,0.17177499109996436,0.37198618433650743,0.24842238647308618,0.17177499109996436,0.26340112666925336
3072,0.09719094342491134,0.3009023524577745,0.20442281806572643,0.09719094342491134,0.27776035617499023
3073,0.15786306763391333,0.3899715069969387,0.30421687872605074,0.15786306763391333,0.19271493212669683
3074,0.12165426997245186,0.3186834258998154,0.21105831185472712,0.12165426997245186,0.3292525913301681
3075,0.13321088884355542,0.3375311994662664,0.23064062124542198,0.13321088884355542,0.1394320132155426
3076,0.12456428309837052,0.3414390072669559,0.25674944833717084,0.12456428309837052,0.2731663295544326
3077,0.154763469793068,0.38239412091211744,0.28926130223809876,0.154763469793068,0.15651490514905148
3078,0.17163596217539479,0.3860837826465917,0.2768956409423939,0.17163596217539479,0.29818505613627566
3079,0.16710818525883628,0.39861960259935747,0.3040228346810423,0.16710818525883628,0.3380054306101251
3080,0.16677167019027475,0.4016244778900123,0.31170561539947506,0.16677167019027475,0.18974825298540465
3081,0.11060315287185156,0.29533204882752484,0.17445779191134653,0.11060315287185156,0.32855875334612783
3082,0.14334506055449905,0.35566694438166935,0.25564376765434055,0.14334506055449905,0.09164863740048165
3083,0.1604656872159272,0.3696790725722229,0.25742677071259135,0.1604656872159272,0.3163151484808766
3084,0.12222079546001059,0.3038265487088089,0.18121150649759665,0.12222079546001059,0.25482160374504875
3085,0.15300047801720854,0.3714959563118998,0.27199095658938244,0.15300047801720854,0.19647975017393973
3086,0.12291127328596124,0.33056404424627384,0.2293055419206252,0.12291127328596124,0.25664826160401377
3087,0.1394196227139635,0.35411470857185534,0.25539017171578365,0.1394196227139635,0.3014852232452233
3088,0.16383012820512813,0.38627077522315045,0.2848812940360445,0.16383012820512813,0.20144107778612796
3089,0.16970449695977913,0.4129840447597604,0.3285590955999625,0.16970449695977913,0.2607731218386956
3090,0.16282352658686808,0.38271554742680913,0.27978404167988213,0.16282352658686808,0.23844336043360442
3091,0.1404210526315789,0.3544894330226891,0.25213676078222036,0.1404210526315789,0.31897847282388214
3092,0.14771919211318102,0.3519504750220347,0.24146256581770736,0.14771919211318102,0.24705882352941178
3093,0.1768601238578356,0.38251556418278587,0.2633108806499006,0.1768601238578356,0.21672045211715793
3094,0.18766201408608882,0.40168851585184384,0.29005300353151015,0.18766201408608882,0.30892762295747367
3095,0.12048397435897427,0.3137493440037711,0.19753073928959347,0.12048397435897427,0.21752894368596082
3096,0.15868634733606557,0.37577579590990196,0.2711788971476727,0.15868634733606557,0.21694117647058828
3097,0.16072694672131144,0.3653729944598324,0.2482920954770419,0.16072694672131144,0.16428571428571426
3098,0.11223853043795244,0.29113324650704697,0.16878943213818903,0.11223853043795244,0.3120245245245245
3099,0.13799754081289345,0.3514998367110771,0.25000459179636725,0.13799754081289345,0.2175463425463426
3100,0.13183179977916826,0.3342877386616147,0.2269118777648929,0.13183179977916826,0.28061646220616643
3101,0.1439624145512211,0.3645697026849156,0.268214576267389,0.1439624145512211,0.3105723826871368
3102,0.1355475767612283,0.33078731106652887,0.21447946861060121,0.1355475767612283,0.28966156911292795
3103,0.14743484383000519,0.37683542141191795,0.28980115516382554,0.14743484383000519,0.25519728340024106
3104,0.17690782154250634,0.38468822121910407,0.26956079935319555,0.17690782154250634,0.3326322751322751
3105,0.1686723353466092,0.37127100102129096,0.24819733134936361,0.1686723353466092,0.2554040404040404
3106,0.13879458500988887,0.33865069781148227,0.22971222560318683,0.13879458500988887,0.2999421797904934
3107,0.17497560296362777,0.40058202133428666,0.2982128367413177,0.17497560296362777,0.2288501152631587
3108,0.16303534092682168,0.37451103223902726,0.2659513826244112,0.16303534092682168,0.21305655188904835
3109,0.16004468385658346,0.36441194896468154,0.24273453021619612,0.16004468385658346,0.19917859428284446
3110,0.10577481509926047,0.29443942428774195,0.18132921837696309,0.10577481509926047,0.15938159541717642
3111,0.1754533088720746,0.40605093546317755,0.310195253182206,0.1754533088720746,0.35699466883527603
3112,0.14039580354031234,0.3327492256712312,0.20870684426183783,0.14039580354031234,0.13370868866641958
3113,0.1295620839733743,0.3405797584296287,0.2410353489125088,0.1295620839733743,0.3969594371824212
3114,0.18271302085208332,0.4128116310843835,0.3151972204646003,0.18271302085208332,0.3043241273117434
3115,0.14548283843965437,0.3600453882087259,0.258125099538143,0.14548283843965437,0.26544323449663254
3116,0.12323497215287116,0.32714394929812696,0.22481795429051166,0.12323497215287116,0.21066366015884772
3117,0.14393197278911557,0.3626897678437625,0.2655155901092939,0.14393197278911557,0.16377077077077073
3118,0.1574636584106708,0.3828435629026301,0.2877598089839186,0.1574636584106708,0.3442133053826418
3119,0.14077375232237804,0.34576312917454066,0.23497875370432514,0.14077375232237804,0.18187653325268005
3120,0.14664121233457625,0.33200468665038735,0.20272694863162224,0.14664121233457625,0.09635139239323429
3121,0.15577444700230195,0.3693728902257452,0.26219688644688643,0.15577444700230195,0.3104218362282878
3122,0.15762724014336923,0.36834201484855067,0.2604295494103629,0.15762724014336923,0.1774571550784041
3123,0.15081774175481263,0.3456842431048464,0.22273300270006752,0.15081774175481263,0.1617594257809749
3124,0.10947505991941393,0.3035526333007438,0.19315514676265977,0.10947505991941393,0.2570613040047347
3125,0.14104166666666657,0.35769438003663,0.26330542673992674,0.14104166666666657,0.31436036120484945
3126,0.16668122438524585,0.4011978731905905,0.3120332976106893,0.16668122438524585,0.23272168970109472
3127,0.15998191614082963,0.3824906539694478,0.2840174756572364,0.15998191614082963,0.2137376752745812
3128,0.1323689672900198,0.3504845817366409,0.2532312288932421,0.1323689672900198,0.23624349121769897
3129,0.13252458229306707,0.32494220854781297,0.20783525250949186,0.13252458229306707,0.2937583047470306
3130,0.14284862341220728,0.3684786663614366,0.27626008589845874,0.14284862341220728,0.24652503631450995
3131,0.13273088692354773,0.33065866463150184,0.21785555541590834,0.13273088692354773,0.3006814335887612
3132,0.10479027902790278,0.2818339557105202,0.1580873533652349,0.10479027902790278,0.21150742866329067
3133,0.15077563140560038,0.37124444021423464,0.27293761761726854,0.15077563140560038,0.1903820477521979
3134,0.1297247276636024,0.34658634289261514,0.25772323045802553,0.1297247276636024,0.25848861267028644
3135,0.19054337956166417,0.42260885504656986,0.3241309509698114,0.19054337956166417,0.25567619562101734
3136,0.16384850358842573,0.39441573364002047,0.3021344601031895,0.16384850358842573,0.3628261093091296
3137,0.1201916929009445,0.32639340681683776,0.22540342783178657,0.1201916929009445,0.15836583707330343
3138,0.17610004001600632,0.3885918071806362,0.2769835343292597,0.17610004001600632,0.21276738621321659
3139,0.14974335865852725,0.3325502711244896,0.19461382493192464,0.14974335865852725,0.20540595130218597
3140,0.13580451127819557,0.347304161903253,0.25099930125011477,0.13580451127819557,0.32776790123456784
3141,0.10013870389344272,0.29817828998660306,0.1980791721863208,0.10013870389344272,0.20521458346832547
3142,0.1461396902350438,0.3513140653493528,0.241348750228618,0.1461396902350438,0.19187283338667865
3143,0.12343381976446498,0.30410947986811915,0.17635132020730837,0.12343381976446498,0.2342926048678261
3144,0.15155809292462857,0.36186437909094954,0.258612572332642,0.15155809292462857,0.21327246009410644
3145,0.1929509314384482,0.4133949761303623,0.30388808938382816,0.1929509314384482,0.25070360285404536
3146,0.13283157698908982,0.345501604101707,0.2463400542252343,0.13283157698908982,0.24228693643742838
3147,0.12850000000000003,0.3329694958431637,0.22793899168632736,0.12850000000000003,0.24796703296703299
3148,0.15303904249871994,0.3485924812609426,0.22710687752444536,0.15303904249871994,0.16868075747998318
3149,0.14092628205128208,0.36504849166337316,0.27224441922418224,0.14092628205128208,0.19299781391710258
3150,0.12532039879816448,0.3428279150273347,0.25301503245834045,0.12532039879816448,0.19845313075493076
3151,0.10920091543435125,0.3065794668609973,0.19975710285329218,0.10920091543435125,0.2383838383838384
3152,0.1682864766547009,0.37034267580444524,0.2511123982994886,0.1682864766547009,0.4179256235054324
3153,0.12444228930173373,0.30798418847890063,0.18208379835433378,0.12444228930173373,0.20002511845338378
3154,0.15124293697174784,0.32856522427044293,0.18864457459739012,0.15124293697174784,0.2718190427174473
3155,0.12144537815126052,0.30043250755358214,0.17397425880464326,0.12144537815126052,0.1320150584709408
3156,0.1297348789395158,0.33703637084062404,0.23460298380221656,0.1297348789395158,0.29394043191753116
3157,0.1626394593340294,0.3835425143276785,0.28280610998729805,0.1626394593340294,0.3165003987569782
3158,0.14170896556419216,0.3413342942382702,0.22425065734815608,0.14170896556419216,0.3883882141293994
3159,0.12678182818281833,0.34276446844359665,0.2489652805215566,0.12678182818281833,0.27482310153576117
3160,0.14388285000960246,0.3496916077313166,0.23961751544342827,0.14388285000960246,0.28733546264034066
3161,0.14007142857142843,0.3501340189447185,0.24312518074658013,0.14007142857142843,0.22670989304812839
3162,0.13684101048739797,0.33361990011678955,0.21655777925878322,0.13684101048739797,0.227832244160178
3163,0.1286530519981917,0.34371349579236826,0.24812088758835316,0.1286530519981917,0.24524869935831037
3164,0.135984181722168,0.35954915422352646,0.2721299450027169,0.135984181722168,0.27073917757262655
3165,0.13133324755532683,0.32044327928343885,0.205220063456224,0.13133324755532683,0.2730977907448495
3166,0.12382457341162625,0.3020085538243619,0.17036796082547137,0.12382457341162625,0.2807625431807251
3167,0.1599999999999999,0.3816252015705096,0.28325040314101935,0.1599999999999999,0.09530988831556533
3168,0.13796360741771874,0.35744491793199884,0.2639626210285603,0.13796360741771874,0.2431244354110208
3169,0.10945387276571215,0.31878700553266426,0.22766626553390418,0.10945387276571215,0.1434442486672088
3170,0.16712786029706939,0.3700224728847239,0.246789225175309,0.16712786029706939,0.2566142624485164
3171,0.12075485501942013,0.3140993298197387,0.20068894960063724,0.12075485501942013,0.2766864354832468
3172,0.12952702356557366,0.33025811531638216,0.21946218350161695,0.12952702356557366,0.24690880504314427
3173,0.16074981619936446,0.3977796605178236,0.31905968863691825,0.16074981619936446,0.12102247093755239
3174,0.13900852230621014,0.33025988317192134,0.20550272173142234,0.13900852230621014,0.3221374527112231
3175,0.16392453594682102,0.37514493749738964,0.26844080310113727,0.16392453594682102,0.2946965811965812
3176,0.14911292936099219,0.36615559194138053,0.2700853251607767,0.14911292936099219,0.28820829942877185
3177,0.14500000000000005,0.3522245839634248,0.2444491679268495,0.14500000000000005,0.2163486513486514
3178,0.15929918307137908,0.37537170606132486,0.2751450459798916,0.15929918307137908,0.1312617521367521
3179,0.11573105677752647,0.2995507802259294,0.1826394468968059,0.11573105677752647,0.2726843156843157
3180,0.15711308494974713,0.3651658598603631,0.253105549821232,0.15711308494974713,0.13441659311562223
3181,0.13553525641025646,0.329782759292206,0.21549500576389907,0.13553525641025646,0.2692754188219841
3182,0.19062738258577305,0.41558299814367927,0.3099112311158125,0.19062738258577305,0.23975079798810278
3183,0.12246315856859356,0.34568714726915856,0.26044797740113,0.12246315856859356,0.2181927653820149
3184,0.16143712567663263,0.39049228321467677,0.3001103150760883,0.16143712567663263,0.22916666666666666
3185,0.17494785865181478,0.3955443445535457,0.2921929718034618,0.17494785865181478,0.09314517241379303
3186,0.17424439228586636,0.39097822758636835,0.2844676706010039,0.17424439228586636,0.19442229170315128
3187,0.13244758701819387,0.3440554204789157,0.2462156669214436,0.13244758701819387,0.23914053214053216
3188,0.15890292758089378,0.35702171309640407,0.24023757103102056,0.15890292758089378,0.28784479949874686
3189,0.13145796216594935,0.30732741312107315,0.17473890191024757,0.13145796216594935,0.21284012647837552
3190,0.15523651140718678,0.36558956070909693,0.2597060986038203,0.15523651140718678,0.2922078383948413
3191,0.16947014925373133,0.36601986405660014,0.24509942960573755,0.16947014925373133,0.36981844589687723
3192,0.1559536953695369,0.3585649159138694,0.243222441088665,0.1559536953695369,0.2869387250819035
3193,0.11190778370242276,0.2952133430656774,0.17261111872650933,0.11190778370242276,0.26971832611832613
3194,0.13505718274488412,0.35883117784644186,0.2655479902031155,0.13505718274488412,0.3282373482726424
3195,0.16390053876420466,0.36621922104973864,0.245637364571068,0.16390053876420466,0.32723674655047197
3196,0.1319597988340059,0.34997536412118013,0.25503113057434834,0.1319597988340059,0.25662966731887227
3197,0.13801427918848855,0.3483914562734217,0.2497543541698664,0.13801427918848855,0.31449453551912565
3198,0.15581860630889316,0.37042212953662185,0.26920704645545745,0.15581860630889316,0.29052850467289715
3199,0.14029793227066134,0.3455912702095051,0.2385866758776875,0.14029793227066134,0.16538961769224925
3200,0.1936937536148063,0.3982155546751238,0.2760436021206351,0.1936937536148063,0.3514871824798296
3201,0.16742132919627659,0.3754901760475009,0.25913769370244855,0.16742132919627659,0.34018085147095667
3202,0.1451629662966297,0.3702921880183514,0.2812584434434435,0.1451629662966297,0.253204589528119
3203,0.13267423406653792,0.3435435003784648,0.23973853262385364,0.13267423406653792,0.11599521114235582
3204,0.16651880267689634,0.3764281794706734,0.2638187535875542,0.16651880267689634,0.2327654010145055
3205,0.12545541258562198,0.32829655396110496,0.22368228275096605,0.12545541258562198,0.2028257713248639
3206,0.14421781979968856,0.34828955161415254,0.24014346362892808,0.14421781979968856,0.27677572303229814
3207,0.1235247182377049,0.31262361110235387,0.1921977857292979,0.1235247182377049,0.23450832040064343
3208,0.15796596937243518,0.3879375140135559,0.29594308928224144,0.15796596937243518,0.2563575886123112
3209,0.12206124671663784,0.3287780803014917,0.22543366716970775,0.12206124671663784,0.2868751424014582
3210,0.14772143988734368,0.36418558512822913,0.2639282904817708,0.14772143988734368,0.3469700049120739
3211,0.14534615384615385,0.3672280769899687,0.2767638462876296,0.14534615384615385,0.23874000349877544
3212,0.1608366521194763,0.378387261782548,0.27610121932614334,0.1608366521194763,0.21749770932708115
3213,0.16144537685564514,0.37896567977558027,0.2780406058398704,0.16144537685564514,0.29923687423687423
3214,0.15942399239923985,0.36958616191289456,0.25932433902730934,0.15942399239923985,0.1578230039436936
3215,0.1431631569679725,0.34941766904594146,0.2395090241559379,0.1431631569679725,0.23832479262672807
3216,0.16104545163561873,0.35246806521556995,0.2248452271599024,0.16104545163561873,0.2894525844525844
3217,0.15737071254370047,0.3660007406866641,0.2532600562859272,0.15737071254370047,0.2488608791325327
3218,0.16646791148658377,0.4137943510689922,0.3386528791648168,0.16646791148658377,0.31127342762108756
3219,0.15345458183273308,0.35223561641232304,0.23156206915917987,0.15345458183273308,0.2771860987142376
3220,0.15687434114612542,0.3673440146417136,0.26193934699117644,0.15687434114612542,0.2661128992674614
3221,0.13703559256948122,0.33364199801787575,0.21821281089678918,0.13703559256948122,0.37158325893150135
3222,0.10891626158727118,0.31657971102732896,0.22232689888011564,0.10891626158727118,0.22198882918552035
3223,0.14974207778898657,0.3615369376394987,0.2585897197010242,0.14974207778898657,0.2918189591997302
3224,0.09836906604747168,0.278220347738913,0.16670256338288275,0.09836906604747168,0.1978327228327228
3225,0.15200581788499473,0.35329865241887315,0.23858566906775674,0.15200581788499473,0.13270897534668719
3226,0.13669558632973744,0.34705131792392724,0.24171146318837952,0.13669558632973744,0.1867089855072464
3227,0.1314884450419307,0.31140160213837126,0.1818263141928811,0.1314884450419307,0.3878349590165447
3228,0.1339408778356148,0.3436830200159967,0.24748428436076386,0.1339408778356148,0.38402557319223984
3229,0.15731461166388616,0.3596683574113031,0.24370749149483395,0.15731461166388616,0.2867529696690116
3230,0.11485977379641679,0.3218198541254098,0.22192016065798598,0.11485977379641679,0.29851607039576966
3231,0.13622289689158754,0.34930650193045665,0.25016721007773823,0.13622289689158754,0.26666169948934565
3232,0.1836373305057515,0.3935020547074951,0.2707294484034871,0.1836373305057515,0.33816107522280653
3233,0.1466969247876991,0.3547542165527346,0.24711458353007093,0.1466969247876991,0.34840851988764865
3234,0.14737234893957585,0.35809583966517455,0.2544469814511973,0.14737234893957585,0.3063431926442893
3235,0.15236344368793306,0.35428772370226236,0.23684856002865867,0.15236344368793306,0.29681956221342887
3236,0.16449999999999998,0.38937125460328087,0.29274250920656175,0.16449999999999998,0.22994198369565214
3237,0.13495557528920468,0.3314268805805156,0.21594261058262182,0.13495557528920468,0.16246180888006057
3238,0.13489157426518833,0.3583232015380657,0.26986325454575477,0.13489157426518833,0.16831581534315268
3239,0.16761583911556857,0.3590547293049129,0.2248777803786886,0.16761583911556857,0.31360021666557925
3240,0.13985876737779496,0.35234936447175413,0.2539811941879184,0.13985876737779496,0.13152723311546843
3241,0.13786760588169406,0.3476357486253987,0.2445362854874093,0.13786760588169406,0.2605561678455335
3242,0.16411152882205501,0.39273845655579664,0.2962538554674831,0.16411152882205501,0.16571922176376197
3243,0.13156705482717046,0.35867967136903056,0.27822523308372027,0.13156705482717046,0.16294805130226925
3244,0.15337394957983203,0.3676461395690123,0.26554437997836067,0.15337394957983203,0.24381258538624967
3245,0.1663711174409115,0.36701022878871925,0.24627822269561556,0.1663711174409115,0.22391837275558207
3246,0.13034234118852467,0.3292231853443688,0.21976168831168832,0.13034234118852467,0.2388513453115223
3247,0.11615772862455027,0.32901693750818684,0.2387184177672732,0.11615772862455027,0.1593616969285418
3248,0.12803890563859135,0.34137591366367676,0.2496740160501708,0.12803890563859135,0.2577622017504777
3249,0.13836994797919178,0.33784416452018173,0.22594843308198004,0.13836994797919178,0.2191793548387097
3250,0.13594779576797056,0.35595814610170806,0.26502070066747513,0.13594779576797056,0.2570254805105884
3251,0.1385464669738863,0.3567618935014065,0.2614308530550405,0.1385464669738863,0.31371677559912853
3252,0.18286499015227928,0.4321082562327904,0.3514865321610222,0.18286499015227928,0.13260412804350513
3253,0.12597947967167483,0.32032625026046335,0.20569354117757704,0.12597947967167483,0.3431045966928816
3254,0.10521533375201512,0.2879520671042314,0.16847346670443264,0.10521533375201512,0.1943024013024013
3255,0.20462831405302484,0.43215142385115635,0.325046219596263,0.20462831405302484,0.11665163337572967
3256,0.16969887955182067,0.4044380986660398,0.31447843822843824,0.16969887955182067,0.3648685280563838
3257,0.14730678139717276,0.3588010601259517,0.25598855745755794,0.14730678139717276,0.29792360845481464
3258,0.15460361036103604,0.35911930114309604,0.24603138156411994,0.15460361036103604,0.15027966689798752
3259,0.14907541130529423,0.34299174122881804,0.2218326598470476,0.14907541130529423,0.2050255009107468
3260,0.14926360563290014,0.3667466743503701,0.26496613743493996,0.14926360563290014,0.268210813509273
3261,0.13517517127617298,0.3445741919859121,0.2377980414194782,0.13517517127617298,0.3878190457429555
3262,0.13934258425842583,0.34833451539215743,0.24498386226746321,0.13934258425842583,0.1253530465949821
3263,0.1857170288681154,0.4012950733578158,0.28815608897940076,0.1857170288681154,0.35396093234251125
3264,0.14206979198070546,0.36877634896225164,0.2764131139630924,0.14206979198070546,0.21710482253147362
3265,0.1361960885229028,0.34161932253005345,0.24184646801430126,0.1361960885229028,0.3166292018390111
3266,0.14077433401639355,0.33887520818823375,0.22520174834368045,0.14077433401639355,0.18966815723154468
3267,0.13276288705154826,0.34141901093790644,0.23931224777271642,0.13276288705154826,0.23970190782247897
3268,0.13054200420042011,0.3404313264015052,0.24077864440217012,0.13054200420042011,0.2619078992317215
3269,0.14528597087690043,0.3362146992647852,0.21585745677576956,0.14528597087690043,0.311325338189745
3270,0.14505259786020877,0.3466612235872172,0.23121725145401673,0.14505259786020877,0.27490215930995543
3271,0.11873558897243094,0.29879955076316467,0.16912792358146728,0.11873558897243094,0.2937251984126984
3272,0.16409188147010345,0.3901653708995793,0.2951469788589517,0.16409188147010345,0.2299468905555187
3273,0.12719608852290265,0.3428847959345354,0.24437741482326547,0.12719608852290265,0.14545808966861604
3274,0.1394038461538461,0.35222128961001903,0.24963488691234584,0.1394038461538461,0.2779250779734689
3275,0.12044577831132458,0.32093560713320013,0.21297965764375107,0.12044577831132458,0.21579372662221497
3276,0.1446116446578632,0.3399242133126168,0.22162513730950728,0.1446116446578632,0.2304217350014451
3277,0.12870906297634332,0.32257303003192656,0.20572793411116638,0.12870906297634332,0.30335466362905394
3278,0.12621477318346058,0.32353933432284876,0.21664912227877642,0.12621477318346058,0.2258486590038314
3279,0.15800711430503483,0.36637950920894236,0.256744789807815,0.15800711430503483,0.16887217630853998
3280,0.1500738399241354,0.37131471297936636,0.27448174611046194,0.1500738399241354,0.26509040498353553
3281,0.07748696300273687,0.27747144608994756,0.18196896617442135,0.07748696300273687,0.2883005194805195
3282,0.1574918158690539,0.35486590398193774,0.2327481762257676,0.1574918158690539,0.18093370266097544
3283,0.16833853541416557,0.4085857910741717,0.3244945113200121,0.16833853541416557,0.12605290322580648
3284,0.15600380006080103,0.37059915564016943,0.2661907111587368,0.15600380006080103,0.31010343679037167
3285,0.13976701299950695,0.3684583650065234,0.28038270401403287,0.13976701299950695,0.18376543031005507
3286,0.15159054815573775,0.3515642765154044,0.23594745671933334,0.15159054815573775,0.1402250296498737
3287,0.15281976511624182,0.3495317577540926,0.22842398527570157,0.15281976511624182,0.2503210019640039
3288,0.15711257684426239,0.3724262282812557,0.27062730287398673,0.15711257684426239,0.3142347590724575
3289,0.13239405567403847,0.3489241447443537,0.2530601781406305,0.13239405567403847,0.31378940536765687
3290,0.1336980171286167,0.3471618984469926,0.24892776263675181,0.1336980171286167,0.2979323671497584
3291,0.12876890177760175,0.3316440460348883,0.22275028851457312,0.12876890177760175,0.21058335080597979
3292,0.18340355728690752,0.40608146220883157,0.3043558098438481,0.18340355728690752,0.26278084413961117
3293,0.13856015037593994,0.3446707741841989,0.24122124761651803,0.13856015037593994,0.15990266106442574
3294,0.12035368073250645,0.317378422500274,0.2080494835355351,0.12035368073250645,0.28259194151145417
3295,0.13080711264251904,0.3495177009898095,0.25642117669458087,0.13080711264251904,0.189002886002886
3296,0.1478705705272933,0.3738144933764144,0.28188784569824216,0.1478705705272933,0.21836368826719954
3297,0.14461038672217794,0.3255036056511529,0.19478643785794988,0.14461038672217794,0.34919485064011374
3298,0.15200581788499481,0.36571647783143746,0.2634213198928853,0.15200581788499481,0.1988595032714895
3299,0.17749235267656313,0.4007923526765632,0.2936,0.17749235267656313,0.27251055358948434
3300,0.14791700819672138,0.35292965325474457,0.24402529011604646,0.14791700819672138,0.23893703609986505
3301,0.15724377437743778,0.3872130550563728,0.29893856135787006,0.15724377437743778,0.3163578191511264
3302,0.1482395813328212,0.3495701335335387,0.233661104401435,0.1482395813328212,0.3063463570208438
3303,0.14210276027602767,0.34468509233293676,0.2341646641138182,0.14210276027602767,0.32738140441918984
3304,0.13584517636514953,0.3291378542470428,0.2115853557637865,0.13584517636514953,0.2770516475095786
3305,0.1382300999955949,0.35323502653623573,0.25300985308128165,0.1382300999955949,0.19070677739280284
3306,0.17222582504683667,0.40569785516438694,0.31694406023510047,0.17222582504683667,0.14392242156682167
3307,0.1531564836334108,0.359831889072716,0.2483508108786104,0.1531564836334108,0.23247572696663607
3308,0.1295018472585641,0.30537019164109774,0.16873668876506726,0.1295018472585641,0.27597598522167494
3309,0.11867676767676767,0.3039190499168809,0.19248456448022638,0.11867676767676767,0.22245582738702002
3310,0.1408183214903016,0.3566551742262546,0.257673705471906,0.1408183214903016,0.14116404951370473
3311,0.16701450145014493,0.39879554745027934,0.30756209200026874,0.16701450145014493,0.24599704869650763
3312,0.14215292602134708,0.366700573221014,0.27609529439933383,0.14215292602134708,0.22245621136088783
3313,0.16118174252608675,0.33305128741386725,0.18373908977556103,0.16118174252608675,0.12936312626824936
3314,0.1525690781572753,0.35555978011740264,0.23898140392025463,0.1525690781572753,0.22665444842970864
3315,0.16789579552874342,0.3936472892655797,0.29450298747367254,0.16789579552874342,0.26755214188511106
3316,0.15086787120602152,0.3864812038293748,0.30222666524670655,0.15086787120602152,0.19880402862647972
3317,0.13615220591765226,0.33730605564613414,0.2273076994569638,0.13615220591765226,0.21960570020357878
3318,0.2006527194811119,0.41394545385558257,0.2925854687489413,0.2006527194811119,0.2197634613855086
3319,0.13975784206812497,0.3538694037063947,0.2582231232765394,0.13975784206812497,0.24159558912267998
3320,0.11563758295298639,0.3312574362850368,0.24123970666410083,0.11563758295298639,0.19151737278753408
3321,0.1749386244572967,0.40196007803053596,0.3060429071464785,0.1749386244572967,0.3118893048590018
3322,0.12699999999999995,0.3226486367573052,0.20929727351461047,0.12699999999999995,0.19872992147359506
3323,0.1846528315174117,0.42807338632820513,0.3448411096215868,0.1846528315174117,0.26249215317011926
3324,0.12032108898008216,0.33213622578106117,0.23963027360195804,0.12032108898008216,0.2804500023118537
3325,0.1559797996767949,0.38208359868380326,0.2892075980140167,0.1559797996767949,0.26440730565730564
3326,0.13531089722886108,0.35676989377565493,0.2589179930935876,0.13531089722886108,0.2631992104669525
3327,0.15849008916543716,0.3606341904435951,0.24028820255631597,0.15849008916543716,0.19840277777777784
3328,0.16036723050745666,0.3741078077504811,0.2654811544860488,0.16036723050745666,0.3278984746186546
3329,0.14589914875198395,0.34842933304768675,0.23906036859140567,0.14589914875198395,0.23565304659498204
3330,0.13745883890311905,0.3174809501131396,0.18804422242004115,0.13745883890311905,0.3029982169153105
3331,0.1437556680906894,0.358512217938728,0.2585130996960772,0.1437556680906894,0.2984239445950015
3332,0.14462500000000003,0.3512641363203312,0.24627827264066238,0.14462500000000003,0.23075939146181412
3333,0.1445030003000299,0.344342447841821,0.22867889508358208,0.1445030003000299,0.19956446069241351
3334,0.16345486415425076,0.38531104621107165,0.28771236411364187,0.16345486415425076,0.2373352765994648
3335,0.1663951208974092,0.38274254015693115,0.27769483851904386,0.1663951208974092,0.35932722240642495
3336,0.1570587575164731,0.39318292016610834,0.30924832529927043,0.1570587575164731,0.2286293511556669
3337,0.12356921547244858,0.32477614459013204,0.22141385823536694,0.12356921547244858,0.3858652312599682
3338,0.1537693934187922,0.356202866148454,0.2428669454593237,0.1537693934187922,0.338236654788379
3339,0.1705465191177471,0.4066172868312137,0.31814153542693313,0.1705465191177471,0.2839890973224306
3340,0.13306297079423823,0.3472329271162583,0.2533399126440402,0.13306297079423823,0.3087068354675584
3341,0.14576428951442258,0.3662899913073157,0.2720514035857863,0.14576428951442258,0.2519807031594122
3342,0.13860902255639104,0.34395984995667817,0.24070165480057426,0.13860902255639104,0.29806008302494713
3343,0.15521488595438165,0.3617527010804321,0.24907563025210083,0.15521488595438165,0.22054044116429994
3344,0.16330418041804187,0.3831930828412223,0.28277780484636084,0.16330418041804187,0.19170671507886272
3345,0.1333221966205837,0.36047393164250946,0.2773034700438515,0.1333221966205837,0.2682815659315022
3346,0.13267199276695835,0.3262686096231693,0.20819323371242177,0.13267199276695835,0.30300406536363156
3347,0.11236146853594525,0.31824537869794817,0.21876782032400588,0.11236146853594525,0.2593621909750942
3348,0.16370279770645685,0.3584943231335845,0.23058305085425523,0.16370279770645685,0.3146634768740032
3349,0.1563347338935574,0.3628958360375042,0.2521222042878936,0.1563347338935574,0.30955178989723064
3350,0.12793181089229588,0.33195935675532967,0.23005509172606758,0.12793181089229588,0.4031804315718871
3351,0.1497458982583868,0.363610681352168,0.26372956618756255,0.1497458982583868,0.1828582464216439
3352,0.14548070169115507,0.3463761098387318,0.23479081629515355,0.14548070169115507,0.237858504398827
3353,0.1446416305491858,0.3771888446643486,0.2930944282303256,0.1446416305491858,0.17584029954719604
3354,0.13694759116145858,0.373473081357537,0.29805098039215683,0.13694759116145858,0.2538128326296265
3355,0.1558946318483892,0.37885723608547905,0.2859252084741798,0.1558946318483892,0.3305422100605496
3356,0.13549157586521382,0.3570973341132424,0.2672115164960571,0.13549157586521382,0.17965414288859427
3357,0.19428105112420446,0.441884841607603,0.35820758096679706,0.19428105112420446,0.26310702847123657
3358,0.1567829511318045,0.3813964140706162,0.28722692587762333,0.1567829511318045,0.2759365079365079
3359,0.15952400240023992,0.3730179860151913,0.2659879672299027,0.15952400240023992,0.3588801404832822
3360,0.14905852971311473,0.346089168531558,0.22506127763688655,0.14905852971311473,0.32419883210051714
3361,0.13781183520238727,0.33276679130169656,0.21890991219861858,0.13781183520238727,0.24642515215094563
3362,0.16078149941332176,0.3658303021446826,0.24809760546272167,0.16078149941332176,0.2432264188042831
3363,0.16361473413042865,0.4029563843192775,0.3206833003776977,0.16361473413042865,0.3552825552825553
3364,0.10059983993597442,0.29642832160354493,0.19365696333514104,0.10059983993597442,0.20052619383802178
3365,0.13560241024102407,0.3318655032942089,0.2155261861063696,0.13560241024102407,0.19657563025210084
3366,0.10831739142609133,0.3190404921673268,0.22744620148247088,0.10831739142609133,0.31188808631506953
3367,0.1488843658371702,0.3639581840192584,0.26314763636417643,0.1488843658371702,0.29862225532515385
3368,0.13079996313497005,0.3431199212002739,0.2486399161306077,0.13079996313497005,0.29900703967514314
3369,0.16641796718687474,0.36173476404463545,0.2336335937155214,0.16641796718687474,0.2640327461607949
3370,0.14929351740696287,0.36211378581734044,0.2566405368207551,0.14929351740696287,0.2693535281027217
3371,0.14419809818381152,0.3336277170270475,0.20985923768647194,0.14419809818381152,0.2344474009264025
3372,0.08509333600963474,0.27476338046656634,0.16434008891386315,0.08509333600963474,0.26844755625084554
3373,0.17267495229828267,0.3946295594588597,0.2919092143211541,0.17267495229828267,0.23038641686182665
3374,0.11970696412420864,0.33178400406125497,0.23215407987409264,0.11970696412420864,0.228492289524868
3375,0.166847670250896,0.3784988699501605,0.26730239939852896,0.166847670250896,0.2987854361538573
3376,0.11645932124593196,0.3248711874295306,0.22482373236719708,0.11645932124593196,0.2258160410309067
3377,0.1481525511821768,0.32382645340361793,0.18834780444288224,0.1481525511821768,0.3504583333333333
3378,0.13680007480269285,0.3511561145757288,0.25371207954607194,0.13680007480269285,0.20766622749231448
3379,0.1753480055680891,0.39080184664008033,0.2809076821439825,0.1753480055680891,0.27865478691657786
3380,0.13104352869645924,0.3298761362084417,0.2186652150239649,0.13104352869645924,0.32973888553804565
3381,0.12995569863540266,0.3549623226473556,0.2730132480239059,0.12995569863540266,0.26748922056384744
3382,0.1336205174180327,0.35208005402557213,0.2579190732150788,0.1336205174180327,0.2530665254697513
3383,0.12853831106621608,0.3530594684571934,0.2710423147819547,0.12853831106621608,0.28807964156858107
3384,0.13723953290003246,0.3600843536348532,0.26768964146964147,0.13723953290003246,0.16579062500000002
3385,0.09139938993899395,0.2774624459175701,0.16712611195715232,0.09139938993899395,0.05795402637114387
3386,0.13577211864949712,0.3259617994567974,0.20637936161460052,0.13577211864949712,0.2797277624985872
3387,0.15121893687574736,0.37491624309285554,0.28139461243421626,0.15121893687574736,0.2625785353472756
3388,0.15999537237193961,0.3746125589134683,0.2712343730830573,0.15999537237193961,0.27516183574879227
3389,0.1341323132313231,0.3464888227286827,0.24671301899471915,0.1341323132313231,0.37538567692948804
3390,0.13495197034475034,0.3358525245353242,0.2228011083811477,0.13495197034475034,0.30980317529360596
3391,0.1587329569318278,0.37502995368334296,0.2715939935030304,0.1587329569318278,0.20066224472715097
3392,0.13325165932522778,0.3443140716561697,0.2431248246618838,0.13325165932522778,0.1256888888888889
3393,0.11982346723044403,0.3232091779353107,0.21777142140973338,0.11982346723044403,0.36762752036024493
3394,0.16450233659816918,0.3820602735697996,0.27711587394326087,0.16450233659816918,0.31347611003861003
3395,0.149013301330133,0.3672322889920875,0.2684379753239089,0.149013301330133,0.34403436041083096
3396,0.1654871794871796,0.3813586987978725,0.27874303862138583,0.1654871794871796,0.3093668560541626
3397,0.16233068790476457,0.38543575080616155,0.2882101258027939,0.16233068790476457,0.1654299311075782
3398,0.1386401274649832,0.3269261734236336,0.20357209191730088,0.1386401274649832,0.21519991954947704
3399,0.2081351154566257,0.42792689439043885,0.3125835578676262,0.2081351154566257,0.13273847610280506
3400,0.1516462732185275,0.3712946180065967,0.2712966895761383,0.1516462732185275,0.23707129410775118
3401,0.10513354474982385,0.3080462023090448,0.20682531511844193,0.10513354474982385,0.3331586600142551
3402,0.11270951354248761,0.3072053115202801,0.19699159595558507,0.11270951354248761,0.1348178026417701
3403,0.1362801268498943,0.3137603927327034,0.18196053176561822,0.1362801268498943,0.23281772514533092
3404,0.16674724843397049,0.36909319649280636,0.2516918961176718,0.16674724843397049,0.2635248809161853
3405,0.146263327612212,0.3462270196297544,0.22992738403508473,0.146263327612212,0.38062743707905006
3406,0.15930734767025082,0.37305033319594205,0.26648597105138233,0.15930734767025082,0.18907780849912847
3407,0.1555571700924398,0.3883634288560599,0.29961251752724016,0.1555571700924398,0.30840198165807153
3408,0.14177150860344143,0.3515442624422104,0.24554550767753786,0.14177150860344143,0.23473761238593666
3409,0.12955497381151504,0.3270866164695395,0.216063285316049,0.12955497381151504,0.2592133093545522
3410,0.1726278801843317,0.38884321301918373,0.281430665669704,0.1726278801843317,0.330183574879227
3411,0.1867251844265574,0.40666326268355085,0.2968761565139869,0.1867251844265574,0.28676940965355596
3412,0.15935338345864652,0.37032583665876473,0.2579449064002363,0.15935338345864652,0.12129581529581525
3413,0.1555395627444152,0.3431779854423916,0.21427684539595276,0.1555395627444152,0.30805189075630257
3414,0.14703817512488043,0.34449560339249796,0.22891485653523508,0.14703817512488043,0.31262585454117714
3415,0.11637133102793336,0.32162436730997324,0.22450607256407978,0.11637133102793336,0.33093090213456344
3416,0.13926978590233172,0.3609239745662599,0.26630837732785634,0.13926978590233172,0.3846190907213447
3417,0.12422247760561062,0.35453537736865276,0.27562579952608424,0.12422247760561062,0.25302627365860786
3418,0.11095724526369692,0.3113087090421227,0.2087029275568516,0.11095724526369692,0.20886015414052478
3419,0.16818369175627232,0.3869872637792017,0.28360714404585863,0.16818369175627232,0.19966739329282301
3420,0.15378211529459782,0.37236485135638775,0.2741654721235799,0.15378211529459782,0.2424244540842585
3421,0.1178105788934427,0.32426655551486044,0.22291195324283555,0.1178105788934427,0.2239900251978108
3422,0.13904599577491839,0.3610789901684198,0.26906598878700283,0.13904599577491839,0.21223799921259082
3423,0.1423545826932924,0.3570925981931982,0.25847603099981165,0.1423545826932924,0.3097358238301296
3424,0.1734999999999999,0.3983666402293114,0.2987332804586229,0.1734999999999999,0.19843879453767907
3425,0.14990377255768525,0.3542790868400433,0.23975062856471602,0.14990377255768525,0.23834338215049916
3426,0.17113184843830004,0.3998854966148946,0.30450729635318907,0.17113184843830004,0.19380549943426728
3427,0.12209943359093754,0.30886408977094965,0.18852931236002426,0.12209943359093754,0.33874326904344443
3428,0.17317197875166013,0.3875772132758625,0.27781046904840473,0.17317197875166013,0.33621304791029555
3429,0.1424783870153899,0.35353102635915745,0.25310527868753524,0.1424783870153899,0.18166806962691273
3430,0.14227332013672106,0.3738135646385433,0.28808048900364436,0.14227332013672106,0.22998500903892857
3431,0.1650761328482985,0.3951860495838715,0.3022198334711459,0.1650761328482985,0.30610665545337906
3432,0.12816785096984834,0.31768898943769286,0.1990422769356891,0.12816785096984834,0.39159802515937236
3433,0.11228283313133255,0.3157538622267233,0.21494205819078144,0.11228283313133255,0.20413489409141586
3434,0.15698619801251387,0.3553292517868529,0.23568610754867803,0.15698619801251387,0.3613989922467976
3435,0.1553341545191256,0.3703988232542236,0.26412933747019585,0.1553341545191256,0.27453009826470837
3436,0.13923890495561975,0.3625374555236672,0.2725971011360948,0.13923890495561975,0.17708696475937855
3437,0.13323488893955573,0.34923902994190614,0.2540082820047008,0.13323488893955573,0.23243745774171742
3438,0.1275377358490567,0.31588472464457484,0.1996939775910364,0.1275377358490567,0.299272599531616
3439,0.15138297225024422,0.3443681782993434,0.2219704120981984,0.15138297225024422,0.27912290976996856
3440,0.1880841373461975,0.40855659265492006,0.2999449106174451,0.1880841373461975,0.2701664812460267
3441,0.17505214134818517,0.3920173973535552,0.28293051201074004,0.17505214134818517,0.14811946400181691
3442,0.11478087348490015,0.33546109323197987,0.2453604394941594,0.11478087348490015,0.34113904658916827
3443,0.1577345944454001,0.3858603932751199,0.29425159765943965,0.1577345944454001,0.32697723321572836
3444,0.11947925204918039,0.31932014830787614,0.21068179251739155,0.11947925204918039,0.2675330086726897
3445,0.14964150037605414,0.3727166029832374,0.28015020521436657,0.14964150037605414,0.1189683973247289
3446,0.16197409740974086,0.3781961960157681,0.2744441972120544,0.16197409740974086,0.16202635905803298
3447,0.12100000000000002,0.3384437885151523,0.24888757703030448,0.12100000000000002,0.22004071294559102
3448,0.1233749174441923,0.3339465056082431,0.23914317632810173,0.1233749174441923,0.3726246973365617
3449,0.15483933349647583,0.3568882696129816,0.24509787223301155,0.15483933349647583,0.28717786588000277
3450,0.16859364024812676,0.4006838117643924,0.30718034303253117,0.16859364024812676,0.2599384023854363
3451,0.1184153176090055,0.3166752689457541,0.20651990267349718,0.1184153176090055,0.21811500525548155
3452,0.14878150614754104,0.3541041571479694,0.24464530200085682,0.14878150614754104,0.33897492718222494
3453,0.13138228234605848,0.3405410034315295,0.23631744217094205,0.13138228234605848,0.273985770804298
3454,0.16447921611392657,0.3844784027451008,0.28699837326234845,0.16447921611392657,0.37359455059465074
3455,0.1293058950122205,0.3499894761194549,0.2613671622144689,0.1293058950122205,0.22279365079365082
3456,0.16776324590741057,0.3882926324224095,0.2870587730299978,0.16776324590741057,0.16340948903178004
3457,0.16519746557333748,0.3797228031420426,0.2740506751374102,0.16519746557333748,0.265067197054475
3458,0.15356360636063604,0.3642136435367953,0.2563000743523185,0.15356360636063604,0.22635864688738247
3459,0.1517934793479348,0.35336981250072147,0.2371526663055733,0.1517934793479348,0.29793582685475084
3460,0.10459717353506888,0.29215122046116687,0.18410809385219606,0.10459717353506888,0.16729608367251883
3461,0.10275880703522818,0.30466958760600044,0.2058215611415446,0.10275880703522818,0.21600293709759114
3462,0.16572316813621163,0.3900190101221779,0.29159168397193247,0.16572316813621163,0.19605440223436665
3463,0.11464365746298523,0.30917584567115663,0.2000643764163428,0.11464365746298523,0.13307576400679116
3464,0.15030742960719282,0.36622951254572766,0.26684416587706977,0.15030742960719282,0.20180873311803105
3465,0.13539675090831152,0.3547653447871059,0.25973718775758875,0.13539675090831152,0.36047557343881426
3466,0.15476414232845767,0.36430405968045565,0.253079834703996,0.15476414232845767,0.20788991168257678
3467,0.13768755078433031,0.34650617762028924,0.2446372536719179,0.13768755078433031,0.3799233444040746
3468,0.16727053325651361,0.3725127220166901,0.2564843775203529,0.16727053325651361,0.3030381352692566
3469,0.15778857838882193,0.4032236212104978,0.32987008564335174,0.15778857838882193,0.28160349841765775
3470,0.13823277066100004,0.3430731815553172,0.23668082178863442,0.13823277066100004,0.27083333333333326
3471,0.12317976447152107,0.34265075738476586,0.25394198582648964,0.12317976447152107,0.35342926456401963
3472,0.17292094315395348,0.40570133451606477,0.3145607827242225,0.17292094315395348,0.2436032786885246
3473,0.17993340163934418,0.4045339875667088,0.3042011718547291,0.17993340163934418,0.327596690265312
3474,0.1534878384653569,0.3708642149138126,0.27275275289691137,0.1534878384653569,0.22655882884768444
3475,0.13962558869073577,0.3727659209766768,0.2912806645718821,0.13962558869073577,0.2056805765041059
3476,0.14823492893971577,0.33474505637190816,0.20502025486438474,0.14823492893971577,0.15305607707509883
3477,0.1668847978527226,0.376255246848031,0.2637408979906168,0.1668847978527226,0.3120249820029793
3478,0.13776625018503622,0.33622098274782597,0.22090946512557946,0.13776625018503622,0.253975468975469
3479,0.15482450768227654,0.36728866532914095,0.26192831529372884,0.15482450768227654,0.22985151049667174
3480,0.15838359279902625,0.3593534863948894,0.24293978719172638,0.15838359279902625,0.3091766130180886
3481,0.16036385601162315,0.3670754490748678,0.25742318612648923,0.16036385601162315,0.23692669296175134
3482,0.1408078805088961,0.37130175209321864,0.2929877431686451,0.1408078805088961,0.16747714000854577
3483,0.12119485677942715,0.3108762987832608,0.19336288400766727,0.12119485677942715,0.17789724422790745
3484,0.11775641025641036,0.3126757084935198,0.20483859647421881,0.11775641025641036,0.38725938961096873
3485,0.13028537648888233,0.3352696731397975,0.22696859330183028,0.13028537648888233,0.20823957497048406
3486,0.13927419484121267,0.33801656511143197,0.2274847405404386,0.13927419484121267,0.2637562734921498
3487,0.1374484645788994,0.36785535497724153,0.2848137807966843,0.1374484645788994,0.2768171076804551
3488,0.16787592601481613,0.39063009268148285,0.2905083333333333,0.16787592601481613,0.21126601597829364
3489,0.14857322929171668,0.3640578278631078,0.2619691971427822,0.14857322929171668,0.2880739317060671
3490,0.11812647421228666,0.30537647421228664,0.18750000000000006,0.11812647421228666,0.08542033779321923
3491,0.10728787969828443,0.3130979675066145,0.21362017561666025,0.10728787969828443,0.2197765797844562
3492,0.13735245075290847,0.34257582945601067,0.23444675740620438,0.13735245075290847,0.3324288306163306
3493,0.1682898608747874,0.37691317612479125,0.26524663050000774,0.1682898608747874,0.1866320346320346
3494,0.14499014934095447,0.33693026179993363,0.21188022491795835,0.14499014934095447,0.1997025267201188
3495,0.13740217882705008,0.33343554634047234,0.21606673502684448,0.13740217882705008,0.21945127204199755
3496,0.1494730256691213,0.34476296494783604,0.21757987855742944,0.1494730256691213,0.12500322077066606
3497,0.1196546956020742,0.3085654082269934,0.18982142524983842,0.1196546956020742,0.15291384295653737
3498,0.1216937227661763,0.33361647048348925,0.23684549543462596,0.1216937227661763,0.2033798762442831
3499,0.12444772013051912,0.31278182093714224,0.19766820161324627,0.12444772013051912,0.3046920148108695
3500,0.13922690490761966,0.34293957685303383,0.23342534389082836,0.13922690490761966,0.1875440181694867
3501,0.16185408540854077,0.3936079506358193,0.30550773045455704,0.16185408540854077,0.3441241481563482
3502,0.15176702508960566,0.3510810044067744,0.23262795863433744,0.15176702508960566,0.3416197281771053
3503,0.11741280779897469,0.3084259749991339,0.19202633440031833,0.11741280779897469,0.24304990369851684
3504,0.11621112111211127,0.31684691885524785,0.21127159548627317,0.11621112111211127,0.26949897343888723
3505,0.1254647435897437,0.3390879179048417,0.24724634863019618,0.1254647435897437,0.14622893979140317
3506,0.14913331333133303,0.36572197469582923,0.26517732272899225,0.14913331333133303,0.29615029085140143
3507,0.14067827868852467,0.3582383012498808,0.26412004512271237,0.14067827868852467,0.2676903117807073
3508,0.17233284858647818,0.3853467182567344,0.27902773934051234,0.17233284858647818,0.2355371741172958
3509,0.1640800878577252,0.37664137369295914,0.26312257167046793,0.1640800878577252,0.2793330223704674
3510,0.13965015940573872,0.3572180779989012,0.26113583718632505,0.13965015940573872,0.29363718154844776
3511,0.14183398020958782,0.3577731507098588,0.25887834100054197,0.14183398020958782,0.28588568882696236
3512,0.16801840736294515,0.3810488491132239,0.2700608835005574,0.16801840736294515,0.22392681861710617
3513,0.1294660778289811,0.34070172504419244,0.2414712944304227,0.1294660778289811,0.27816040483471677
3514,0.15283576537224583,0.36515834084000254,0.2596451509355133,0.15283576537224583,0.2921352657004831
3515,0.14449013459559254,0.33874870466449697,0.22051714013780888,0.14449013459559254,0.3157524692602297
3516,0.15836614951707356,0.38014263475175525,0.28055297046936345,0.15836614951707356,0.2423391953360241
3517,0.16037804448641352,0.37644670652840995,0.2711373240839928,0.16037804448641352,0.40778884795768755
3518,0.14708433703613322,0.36039154338570056,0.25761441269913465,0.14708433703613322,0.4036609559701023
3519,0.14639357069672126,0.3666960932305916,0.2696050450677406,0.14639357069672126,0.19244397659149304
3520,0.13302474390419855,0.3349256845797594,0.22280188135112172,0.13302474390419855,0.2962017162210672
3521,0.1483942307692307,0.35797990804214597,0.24817135454583056,0.1483942307692307,0.21575044563279855
3522,0.1459202951306247,0.3310143394889441,0.20118808871663868,0.1459202951306247,0.23286007776376633
3523,0.12161907048204346,0.3299963281207102,0.22975451527733362,0.12161907048204346,0.19688047936997088
3524,0.13981032412965194,0.35474970282924495,0.2578787573991861,0.13981032412965194,0.2664867317525013
3525,0.15446247380378988,0.368154042318112,0.26638313702864425,0.15446247380378988,0.22580895292241226
3526,0.11950000000000002,0.3271296519689564,0.22825930393791266,0.11950000000000002,0.20390190406345066
3527,0.13383600409614754,0.34673503672329087,0.24879806525428666,0.13383600409614754,0.2582350649705108
3528,0.16697478151459164,0.3798724109536725,0.2667952588781617,0.16697478151459164,0.22878474809089216
3529,0.1616134843026247,0.4116433707542918,0.33505977290333416,0.1616134843026247,0.2568902218013025
3530,0.1601074602488351,0.3523454236703468,0.22647592684302345,0.1601074602488351,0.21485701716913325
3531,0.14109809565011877,0.34366490778572445,0.23013362427121137,0.14109809565011877,0.3350989688057999
3532,0.1460320615177745,0.37218587086898813,0.28130761870242715,0.1460320615177745,0.1677243397479817
3533,0.14717286914765904,0.3721496512711334,0.2799535642469488,0.14717286914765904,0.34527540619185
3534,0.1500165380043941,0.379948717483919,0.29486435895904983,0.1500165380043941,0.10679499460684999
3535,0.15453634085213036,0.3422122781657857,0.2153518746273107,0.15453634085213036,0.2341654135338346
3536,0.12888276247341926,0.3384894153648562,0.23621330578287386,0.12888276247341926,0.3162060408801271
3537,0.14759570553128853,0.36561425801306735,0.26803710496355765,0.14759570553128853,0.3199193200778643
3538,0.15902329749103944,0.3936055069482489,0.3091644189144189,0.15902329749103944,0.20198042394763704
3539,0.15894783116529862,0.3691302742211231,0.259364886111649,0.15894783116529862,0.2994229880504391
3540,0.1504798321884357,0.38031669339386004,0.29167372241084866,0.1504798321884357,0.18563446451377488
3541,0.15719878496185244,0.36480737681560566,0.25221718370750634,0.15719878496185244,0.3653267892858003
3542,0.1609086547115695,0.380879720558022,0.2809421316929049,0.1609086547115695,0.23783565116615973
3543,0.12767387225940136,0.3513385140220692,0.2653292835253358,0.12767387225940136,0.17775004414777146
3544,0.15919861115000145,0.36466504236292074,0.2509328624258387,0.15919861115000145,0.19340927569760522
3545,0.1312177459713743,0.33206796959862045,0.22470044725449234,0.1312177459713743,0.14756613379008474
3546,0.15481432573029216,0.36561147295011787,0.25959429443965143,0.15481432573029216,0.273702380952381
3547,0.14522292089168357,0.3411139757491422,0.22178210971491724,0.14522292089168357,0.19293563148243625
3548,0.13347027356012564,0.3427487813721277,0.24355701562400417,0.13347027356012564,0.16938285570638512
3549,0.1484837197395158,0.3481994939738731,0.2314315484687146,0.1484837197395158,0.3361178451178451
3550,0.13608782321334986,0.3472770111655188,0.2473783759043379,0.13608782321334986,0.3576536016536017
3551,0.1711798515104966,0.3847153834597417,0.2740710638984901,0.1711798515104966,0.18758730158730152
3552,0.15029096262160768,0.357561631842343,0.2475413384414707,0.15029096262160768,0.21621025603223742
3553,0.1659999999999999,0.3884166686123417,0.28883333722468346,0.1659999999999999,0.319225146692138
3554,0.13321888887555555,0.31888926937225187,0.19334076099339265,0.13321888887555555,0.28065448504983387
3555,0.15205123263326015,0.36981790283163823,0.26853334039675625,0.15205123263326015,0.25401831063214086
3556,0.14749884792626725,0.3688053621908179,0.2736130285291013,0.14749884792626725,0.24454874236721907
3557,0.1558864110229351,0.3851228027205066,0.29747278339514294,0.1558864110229351,0.2690221057862223
3558,0.1953714139344262,0.4215055508434743,0.3172682738180962,0.1953714139344262,0.23618137191277902
3559,0.12707595544459377,0.33967138234310945,0.24219085379703142,0.12707595544459377,0.33859547669782064
3560,0.1692445744574458,0.391101722735248,0.2907142965556044,0.1692445744574458,0.1591710832784844
3561,0.12725087300349197,0.35149722518380644,0.2664927043606289,0.12725087300349197,0.26254244481912464
3562,0.16549719887955178,0.3762825478633194,0.26657069796753524,0.16549719887955178,0.3860014619883041
3563,0.10037884221311484,0.2873913386271737,0.17602499282811784,0.10037884221311484,0.16468376770100915
3564,0.13094393598169535,0.3383265904025561,0.23576530884172153,0.13094393598169535,0.3684375670602921
3565,0.1533097520733968,0.34283822038935113,0.21205693663190864,0.1533097520733968,0.33619484105999176
3566,0.14222277227722777,0.3505030443853636,0.24556054421627174,0.14222277227722777,0.29433385376008336
3567,0.14578070175438587,0.3527123770039444,0.24086335049911706,0.14578070175438587,0.30830076590076594
3568,0.1074959328113241,0.2952111671305577,0.18243046863846715,0.1074959328113241,0.1689373112982679
3569,0.15429242744570437,0.35283433214932464,0.2360838094072405,0.15429242744570437,0.324531048344441
3570,0.1651566342213115,0.3773269004263291,0.2663405324100352,0.1651566342213115,0.3924260624606109
3571,0.11509643954918043,0.3153693698779195,0.21254586065747821,0.11509643954918043,0.36486273583047785
3572,0.15452867934191153,0.36323526609511625,0.25241317350640946,0.15452867934191153,0.2112103470122046
3573,0.14043535780639377,0.3261271473281,0.20038357904341253,0.14043535780639377,0.2569349323882144
3574,0.13031861708742704,0.34696261843988796,0.257288002704922,0.13031861708742704,0.3571638489912241
3575,0.17321997951967233,0.3686707084920936,0.2399014579448426,0.17321997951967233,0.3939050715385729
3576,0.15235665028773254,0.3701629471582226,0.2686125937409802,0.15235665028773254,0.2931655001354222
3577,0.158061987704918,0.3750162321986339,0.2709084889874318,0.158061987704918,0.18311771561771562
3578,0.17219899279597117,0.3907663494493663,0.2851347133067902,0.17219899279597117,0.30958449700769447
3579,0.10977706292810968,0.3262481646872655,0.23794220351831158,0.10977706292810968,0.237852417649867
3580,0.15024737572985317,0.3667402462318181,0.26498574100392985,0.15024737572985317,0.24116129032258068
3581,0.16311089755910047,0.3593608975591005,0.23650000000000002,0.16311089755910047,0.22765718786400263
3582,0.1380316408063923,0.336179806228777,0.22429633084476952,0.1380316408063923,0.22377582894116965
3583,0.16048542349491124,0.36769409284974996,0.2584173387096774,0.16048542349491124,0.1858032555679614
3584,0.14781094474609774,0.34777550518156053,0.2329291208709256,0.14781094474609774,0.2281556152927121
3585,0.1507756314056003,0.39087326421570434,0.31219526562020805,0.1507756314056003,0.14688087406015038
3586,0.11126577615478253,0.3209089052316523,0.22428625815373943,0.11126577615478253,0.2497348315384698
3587,0.12972296770166958,0.34077583452613325,0.24310573364892737,0.12972296770166958,0.40384478645348215
3588,0.1580539384624006,0.39627412000183604,0.31344036307887085,0.1580539384624006,0.19958644133644135
3589,0.15765059142129112,0.36937126419430655,0.2614413455460308,0.15765059142129112,0.3532682433845225
3590,0.14956060606060612,0.3613810624082561,0.2606409126953001,0.14956060606060612,0.3035727199842814
3591,0.16313047661812816,0.3832047145809563,0.2781484759256563,0.16313047661812816,0.32645177575340484
3592,0.11010509739179919,0.3190515200776361,0.22189284537167384,0.11010509739179919,0.1660623041474654
3593,0.15414618665258398,0.35625336654878326,0.24121435979239864,0.15414618665258398,0.3056900170536535
3594,0.1312981510015408,0.36629169950738766,0.2949870970116937,0.1312981510015408,0.24543547420740397
3595,0.16163316410016357,0.3683532170121687,0.2554401058240102,0.16163316410016357,0.2559644230769231
3596,0.1394025902590259,0.3475679979361084,0.243330815354165,0.1394025902590259,0.13153708020374683
3597,0.1387626262626262,0.3631708452693325,0.2738164380134126,0.1387626262626262,0.2614478998206032
3598,0.11366502186834143,0.3122087540321226,0.20308746432756244,0.11366502186834143,0.13657488183743563
3599,0.11699103081555522,0.3245361467746747,0.22909023191823902,0.11699103081555522,0.23523776223776222
3600,0.16044157345309626,0.3786080249792154,0.27233290305223845,0.16044157345309626,0.18426160185170523
3601,0.07822668616070184,0.2603986425216569,0.1493439127219101,0.07822668616070184,0.17674880565736026
3602,0.13435216271143044,0.3431040364490402,0.2395037474752195,0.13435216271143044,0.33300668883961565
3603,0.14018328338381636,0.33180757490641616,0.21124858304519956,0.14018328338381636,0.2744653023743933
3604,0.1577791847375565,0.38669834572568307,0.293838321976253,0.1577791847375565,0.3185227288675564
3605,0.17524844320033947,0.3981598441621622,0.2938228019236454,0.17524844320033947,0.30520745678485905
3606,0.12695811987704914,0.2876118215883112,0.13730740342252418,0.12695811987704914,0.13080250930155257
3607,0.1606251461894615,0.38479033287545295,0.28633037337198286,0.1606251461894615,0.1331081081081082
3608,0.13704135458677424,0.35637420811815324,0.26466570706275794,0.13704135458677424,0.10861627853212705
3609,0.12894871794871804,0.31772322161172173,0.1995490073260074,0.12894871794871804,0.270827646544182
3610,0.1636627358584909,0.3934207629655494,0.30151605421411704,0.1636627358584909,0.29209790625881416
3611,0.13798110122442778,0.3516095264102002,0.25025685037154494,0.13798110122442778,0.2494987468671679
3612,0.14423470759847767,0.33635323930613525,0.21523706341531518,0.14423470759847767,0.11001378612313276
3613,0.13726889907559633,0.3352222107631368,0.22090662337508093,0.13726889907559633,0.27568362193362184
3614,0.15145975135602177,0.3677753757070536,0.2666312487020637,0.15145975135602177,0.12213623097769438
3615,0.15131892636035849,0.3623810606000271,0.25812426847933734,0.15131892636035849,0.2439702769383495
3616,0.15969548872180458,0.37780722797809785,0.27922347851258655,0.15969548872180458,0.21350128008192518
3617,0.1750091136440149,0.40355563893811663,0.31009305058820347,0.1750091136440149,0.2483793794310233
3618,0.15670303272945654,0.35634461186112565,0.23928315826333818,0.15670303272945654,0.2740171957671958
3619,0.14402265745007684,0.3369205366741932,0.21579575844823268,0.14402265745007684,0.41205888376856115
3620,0.10618486493410843,0.3244119512684414,0.23845417266866598,0.10618486493410843,0.27456381189037354
3621,0.1678635810475413,0.37686915774662305,0.2650111533981635,0.1678635810475413,0.14900886503677202
3622,0.13242855771077403,0.3176326611898106,0.1934082069580732,0.13242855771077403,0.26648972207553445
3623,0.18684136362908513,0.3995649638383997,0.285447200418629,0.18684136362908513,0.3877282276546983
3624,0.1546942777110845,0.35488545873810473,0.23838236205404056,0.1546942777110845,0.21311177061742356
3625,0.14518589743589755,0.35564569207783225,0.25391958928386943,0.14518589743589755,0.19952475785699833
3626,0.1401527152715272,0.3561594519700651,0.2580134733970758,0.1401527152715272,0.34061769244734924
3627,0.1746759948159171,0.3925614193453446,0.2857708490588551,0.1746759948159171,0.3024696879348042
3628,0.10978846153846158,0.28721919287967573,0.1638614626824283,0.10978846153846158,0.3405710492706863
3629,0.14256280628062812,0.36603815956408614,0.27595070656691606,0.14256280628062812,0.1786731083393337
3630,0.13468489273957093,0.3272819008662583,0.2081940162533747,0.13468489273957093,0.2095012187253567
3631,0.16515677164377918,0.37500398363100584,0.2626944239744534,0.16515677164377918,0.32123569803674185
3632,0.17243737587289382,0.38813104954560007,0.28138734734541254,0.17243737587289382,0.21345302099334357
3633,0.135863779300743,0.3532030035513166,0.25967844850114724,0.135863779300743,0.28063646343462856
3634,0.15099999999999997,0.3774231527456854,0.2868463054913708,0.15099999999999997,0.26539739500265813
3635,0.15526450384275306,0.37515917933375637,0.2757893509820065,0.15526450384275306,0.3345801008920378
3636,0.14057440858408254,0.33501396610887896,0.21687911504959292,0.14057440858408254,0.2460671312926632
3637,0.14271023356840856,0.35674493376540434,0.2560694003939916,0.14271023356840856,0.16040310381586304
3638,0.15075093500374007,0.3600649106262263,0.25262795124497256,0.15075093500374007,0.2365373563218391
3639,0.12133099673516415,0.333154081694372,0.23664616991841564,0.12133099673516415,0.2616863691803003
3640,0.15495360500562816,0.3666566796499894,0.2574061492887226,0.15495360500562816,0.2853710828491891
3641,0.13087208720872084,0.3186609630842099,0.195577751750978,0.13087208720872084,0.24397739727972284
3642,0.198384203954714,0.43775899137878604,0.34574957484814406,0.198384203954714,0.1980563384343002
3643,0.1631067913779585,0.3960679068147659,0.30892223087361476,0.1631067913779585,0.2607958192384422
3644,0.16564450732209585,0.3896367685435389,0.2969845224428861,0.16564450732209585,0.13454454062805385
3645,0.14210477508761268,0.3517274293429059,0.24824530851058643,0.14210477508761268,0.33673761673761676
3646,0.18402166954740407,0.42601472816500674,0.3389861172352053,0.18402166954740407,0.2602794337666879
3647,0.14799999999999996,0.3519927101623829,0.23998542032476589,0.14799999999999996,0.32051767305777995
3648,0.11451572109363438,0.30884558695705083,0.19965973172683296,0.11451572109363438,0.1784904091591592
3649,0.14620146004098356,0.37027425053862345,0.27714558099527975,0.14620146004098356,0.2710567296996663
3650,0.14941382516552035,0.3751920070022063,0.2815563636733718,0.14941382516552035,0.16522447600903858
3651,0.13432448420141396,0.33159809045945843,0.220547212516089,0.13432448420141396,0.2990946670679291
3652,0.14793784405965377,0.3696893922452802,0.2775030963712529,0.14793784405965377,0.27108044733044734
3653,0.14494698047355548,0.358043805636871,0.2591936503266311,0.14494698047355548,0.2745801994301994
3654,0.17089995839933436,0.3648946185070282,0.2349893202153877,0.17089995839933436,0.19519606542528628
3655,0.18420148133319986,0.3908346853763166,0.26726640808623353,0.18420148133319986,0.3646574046032707
3656,0.14544368709899363,0.3601497146286987,0.25941205505941023,0.14544368709899363,0.11002564102564105
3657,0.14607078853046593,0.37394198848094157,0.2857423999009513,0.14607078853046593,0.1908351254480287
3658,0.17243285924786983,0.3911960596769777,0.2885264008582156,0.17243285924786983,0.3113394350550114
3659,0.14627192982456144,0.3302752063365336,0.20300655302394438,0.14627192982456144,0.3030246604337514
3660,0.16375944698983053,0.38089041422390224,0.28026193446814346,0.16375944698983053,0.17041890120789208
3661,0.10156550683934054,0.2846407153432934,0.16615041700790562,0.10156550683934054,0.2873052465702633
3662,0.13973416242984754,0.34901419351469853,0.24456006216970205,0.13973416242984754,0.3344862829812958
3663,0.12483384536610333,0.30255174810205254,0.1724358054718983,0.12483384536610333,0.15348604965585055
3664,0.19138103157734626,0.44449673895572595,0.36523141475675935,0.19138103157734626,0.2547638248847926
3665,0.15387370898784636,0.3798762819208812,0.2860051458660695,0.15387370898784636,0.1605017421602788
3666,0.12965384615384604,0.3315821744507843,0.22085665659387643,0.12965384615384604,0.3070176059662041
3667,0.13552025856377475,0.3239999051779348,0.20195929322832018,0.13552025856377475,0.21689993028254373
3668,0.1359358974358975,0.3475835842038849,0.2502953735359748,0.1359358974358975,0.3028985507246377
3669,0.13321445830444903,0.34207991603172017,0.24373091545454223,0.13321445830444903,0.12472129250754814
3670,0.17451328135324437,0.41055066073831226,0.3240747587701358,0.17451328135324437,0.3000243056211666
3671,0.140882337878497,0.36498158550063875,0.27419849524428364,0.140882337878497,0.2514195050282192
3672,0.150555524874039,0.37087768587045045,0.2726443219928229,0.150555524874039,0.3214830586975748
3673,0.17134219762364972,0.40922530810301094,0.3217662209587224,0.17134219762364972,0.18764469620136456
3674,0.162156699641187,0.39103247986213685,0.2987515604418997,0.162156699641187,0.24962603692097016
3675,0.15796858486905524,0.3764406175621398,0.2759440653861691,0.15796858486905524,0.24301928072095952
3676,0.11940363111169795,0.3022815337526492,0.17975580528190266,0.11940363111169795,0.22627990094631867
3677,0.1356851353946611,0.3481121539799702,0.24985403717061822,0.1356851353946611,0.2448570292788286
3678,0.1493675856307436,0.3576769089834368,0.2546186467053865,0.1493675856307436,0.2307555789250258
3679,0.16185868365044576,0.38545775593350495,0.2891981445661185,0.16185868365044576,0.30719723734272913
3680,0.14528297829782985,0.36653608162493534,0.273506206654211,0.14528297829782985,0.22544126632954067
3681,0.11502865537103091,0.3024220412827916,0.1827867718235215,0.11502865537103091,0.31616376131944085
3682,0.13974838713552873,0.33373250643203844,0.21696823859301945,0.13974838713552873,0.16697737001941698
3683,0.17776522652265225,0.4026319469061256,0.3007334407669466,0.17776522652265225,0.2679039210233593
3684,0.1577375129541973,0.3872809388118409,0.29608685171528737,0.1577375129541973,0.12775342853603727
3685,0.20669708478833915,0.41269047840395146,0.28298678723122456,0.20669708478833915,0.25064712824547597
3686,0.15224893899575603,0.36532803219822046,0.26115818640492894,0.15224893899575603,0.1937965991563969
3687,0.17559381148345685,0.41775371717692256,0.3323198113869314,0.17559381148345685,0.3485004873764152
3688,0.16825324675324663,0.3832963743826515,0.2730862552588097,0.16825324675324663,0.2603685878283916
3689,0.15310966435532913,0.36117299153633836,0.24912665436201853,0.15310966435532913,0.3390261871460739
3690,0.12545522997805167,0.3270001481422399,0.22308983632837645,0.12545522997805167,0.04002345471521944
3691,0.14255421356519504,0.3632933097021367,0.26847819227388325,0.14255421356519504,0.2629570771675478
3692,0.16885906792138783,0.3818195410228016,0.2709209462028275,0.16885906792138783,0.19051282051282054
3693,0.16636669951409838,0.38631672252379934,0.2869000460194019,0.16636669951409838,0.19257754010695183
3694,0.12376165886201808,0.31470151658006495,0.20087971543609368,0.12376165886201808,0.3088936298372189
3695,0.15215241419080455,0.3662567836726873,0.26120873896376545,0.15215241419080455,0.2142521689451912
3696,0.12989797503112105,0.3573156012933191,0.2768352525243961,0.12989797503112105,0.24137908595950397
3697,0.15712521269142218,0.3650573273689076,0.2518642293549708,0.15712521269142218,0.24688034188034186
3698,0.1302956505736827,0.3348822443137428,0.23017318748012028,0.1302956505736827,0.19087625438668143
3699,0.0936806296136171,0.2823445633814283,0.17532786753562252,0.0936806296136171,0.27059412515964243
3700,0.13753304303278696,0.32770256942392595,0.207339052782278,0.13753304303278696,0.30586158192090396
3701,0.14049999999999987,0.3387992870972407,0.2235985741944816,0.14049999999999987,0.20900078577563364
3702,0.16044384710155354,0.38214514278683265,0.28340259137055807,0.16044384710155354,0.28642232767232767
3703,0.1334395491803279,0.3397929994065722,0.23670690045248866,0.1334395491803279,0.3003200283708758
3704,0.1377729605213125,0.33613454860187175,0.21972317616111853,0.1377729605213125,0.2504634920634921
3705,0.12129420239395869,0.3472339349925748,0.2638794651972322,0.12129420239395869,0.21234133308120684
3706,0.11240079007900795,0.3007821719660033,0.1857627637739907,0.11240079007900795,0.3977947481543782
3707,0.14725691598360657,0.3418061119036249,0.22209839184003677,0.14725691598360657,0.4011293706293706
3708,0.12639244460821225,0.32764099691898096,0.22249710462153738,0.12639244460821225,0.2900538175356766
3709,0.16237147977470545,0.3830944989601504,0.28244603837088983,0.16237147977470545,0.14524171791907178
3710,0.15457761883379312,0.3670087851939484,0.26386233272031057,0.15457761883379312,0.2692430729601782
3711,0.13952645588417767,0.34236516753043683,0.23367742329251825,0.13952645588417767,0.22098599560618554
3712,0.1564231740656683,0.3610145739831505,0.24518279983496433,0.1564231740656683,0.19972730707178493
3713,0.15688319487538793,0.3711914935249199,0.26861659729906406,0.15688319487538793,0.1897846938624198
3714,0.15719878496185252,0.3969620194805035,0.31652646903730197,0.15719878496185252,0.22069086255191733
3715,0.1156727528989686,0.3257334042480817,0.22812130269822628,0.1156727528989686,0.1872802197802198
3716,0.19110404161664654,0.4117814915993846,0.30335489996547604,0.19110404161664654,0.26216883116883116
3717,0.13248839535814322,0.3528815404822779,0.2637862902482693,0.13248839535814322,0.24955441511893134
3718,0.11961672197374124,0.32544528090889424,0.22865711787030613,0.11961672197374124,0.23406381882229615
3719,0.1735864998158556,0.3861740291501844,0.27617505866865755,0.1735864998158556,0.19324488800226725
3720,0.13784365631166673,0.3502586630384408,0.25183001345354805,0.13784365631166673,0.2891030478955008
3721,0.15881152349631983,0.3656726637626818,0.24772228053272388,0.15881152349631983,0.19889523118576102
3722,0.13694566681634485,0.33000261262028496,0.21411389160788025,0.13694566681634485,0.2176900157026525
3723,0.11491399253432452,0.3157237475788111,0.20861951008897323,0.11491399253432452,0.13062550334324355
3724,0.12408381785469572,0.3361005320649114,0.23703342842043146,0.12408381785469572,0.23556307875599464
3725,0.14267718244133612,0.3485306019060787,0.2327068389294852,0.14267718244133612,0.3237034922447426
3726,0.16466237756865756,0.3646182141481452,0.24191167315897535,0.16466237756865756,0.18284339984822104
3727,0.13558911081236802,0.3401627902246839,0.23414735882463178,0.13558911081236802,0.16737933376193126
3728,0.14116433597238406,0.35757708581148046,0.2578254996781928,0.14116433597238406,0.3018377195263605
3729,0.11716762003432121,0.32305814463203697,0.2227810491954315,0.11716762003432121,0.2464166284928997
3730,0.11138951820389814,0.3351608324193527,0.2535426284309092,0.11138951820389814,0.19969963430982923
3731,0.16054002419598754,0.36200265979639606,0.2499252712008171,0.16054002419598754,0.1916571428571429
3732,0.18038912433617865,0.42171110472077356,0.3346439607691898,0.18038912433617865,0.25929598074610394
3733,0.19585541898726078,0.4077783950385861,0.2888459521026506,0.19585541898726078,0.38591100142539914
3734,0.13266452046896024,0.3445466065713058,0.24276417220469113,0.13266452046896024,0.11206528765352297
3735,0.12889188918891897,0.3318840223377011,0.2259842662975643,0.12889188918891897,0.16853577063746555
3736,0.1902431070317287,0.4156527444529242,0.31381927484239097,0.1902431070317287,0.3165623253303609
3737,0.12028968253968256,0.30455896613057265,0.18153856718178019,0.12028968253968256,0.33277366273573167
3738,0.15329451780712283,0.38572898492730423,0.29886893424036276,0.15329451780712283,0.1275686722365812
3739,0.16720651686831825,0.37436940599547247,0.2603257782543084,0.16720651686831825,0.2363422459893048
3740,0.17297423510466983,0.3954699579203395,0.2989914456313393,0.17297423510466983,0.2826928667590823
3741,0.15972445384073297,0.3630218242333012,0.24859474078513638,0.15972445384073297,0.3632931508147025
3742,0.1268620645491803,0.32810055123041604,0.21847697336247135,0.1268620645491803,0.2107995570321152
3743,0.14042351155067928,0.3540002802719354,0.25715353744251235,0.14042351155067928,0.32304172354172356
3744,0.1598172652198963,0.37286231089294,0.2670900913460873,0.1598172652198963,0.3088046452963995
3745,0.12649959010464387,0.308447791661725,0.17589640311416224,0.12649959010464387,0.36640791954745444
3746,0.13349285668524563,0.34211154071178707,0.23723736805308285,0.13349285668524563,0.362677192822523
3747,0.19187266961368443,0.41667218110638116,0.3085990229853934,0.19187266961368443,0.35447665515653837
3748,0.14823811430287262,0.3495981892089758,0.2367201498122063,0.14823811430287262,0.22738696081068965
3749,0.15097576979706806,0.3580262344728961,0.2491009293516561,0.15097576979706806,0.2925481820092476
3750,0.15077903221282332,0.36691518303058684,0.26327230163552695,0.15077903221282332,0.32124781160659027
3751,0.1471864589135234,0.35252076584700887,0.23966861386697086,0.1471864589135234,0.1423196039122775
3752,0.1480955726070824,0.3614005182421036,0.2566098912700424,0.1480955726070824,0.12616264694766033
3753,0.12400320512820519,0.3319650694965961,0.23492372873678186,0.12400320512820519,0.2235926234589337
3754,0.1288783405064559,0.32573639944227073,0.21071611787162972,0.1288783405064559,0.2630165794493079
3755,0.138984613784385,0.3412229266531265,0.229476625737483,0.138984613784385,0.3118828285876341
3756,0.11582811324078082,0.30951142668363363,0.2003666268857056,0.11582811324078082,0.18556152372531684
3757,0.19479508196721307,0.41306287893545035,0.3015355939364745,0.19479508196721307,0.29567764730885715
3758,0.14957558481462374,0.34957918532933363,0.2340072010294199,0.14957558481462374,0.3845764456321268
3759,0.13104801920768305,0.34286775237784606,0.24563946634032593,0.13104801920768305,0.2920920332160858
3760,0.1681684098450552,0.3937433497883437,0.29514987988657687,0.1681684098450552,0.11422419651056022
3761,0.15175373621053226,0.36597586047248354,0.2644442485239026,0.15175373621053226,0.2659809636349225
3762,0.14577354934580125,0.33327423586927013,0.2110013730469378,0.14577354934580125,0.29830785323439873
3763,0.11499999999999994,0.2879462058972567,0.1558924117945135,0.11499999999999994,0.21024314289136425
3764,0.17241924734455857,0.3861859511254311,0.27353340756174505,0.17241924734455857,0.2745909090909091
3765,0.1406889087556349,0.3496292382691813,0.24488065902709272,0.1406889087556349,0.16706037767456444
3766,0.12142383729313194,0.32338237509432877,0.21491707560239365,0.12142383729313194,0.17945185598084146
3767,0.1241634615384616,0.3229326758441815,0.2165384286114398,0.1241634615384616,0.16105683019368094
3768,0.16642583852078396,0.39904121150936056,0.3142307459771532,0.16642583852078396,0.32565849828131843
3769,0.13562508061641,0.35398415720325205,0.25771815317368413,0.13562508061641,0.25192058972907866
3770,0.14015590182593513,0.35419767408430813,0.25808354451674614,0.14015590182593513,0.2755443667443668
3771,0.1303095066532161,0.34214823161408847,0.24167744992174467,0.1303095066532161,0.19683726647000985
3772,0.13516628264208913,0.3442141141897941,0.24209566309540986,0.13516628264208913,0.09261090186231424
3773,0.12611283597408426,0.3154699548249962,0.19271423770182383,0.12611283597408426,0.25530515437292434
3774,0.1420606018779682,0.3486101336447417,0.2420990635335471,0.1420606018779682,0.3164343434343434
3775,0.1255913331519739,0.31431423376135326,0.19344580121875876,0.1255913331519739,0.1731528822055138
3776,0.14147512449760605,0.3430480265135162,0.2291458040318201,0.14147512449760605,0.14631656687376038
3777,0.13683106070617634,0.3460645441795783,0.24046696694680403,0.13683106070617634,0.2899828343236608
3778,0.1847772259801352,0.4000933214598146,0.2876321909593587,0.1847772259801352,0.32615768765133174
3779,0.12379086316345263,0.34588050255665864,0.260179278786412,0.12379086316345263,0.29706539306104524
3780,0.17636768374128964,0.4015443014326445,0.30735323538270976,0.17636768374128964,0.20174284570578965
3781,0.16125300181150698,0.38723511834045854,0.289964233057903,0.16125300181150698,0.2985903062758144
3782,0.1470839770775016,0.33587588339402674,0.21158381263305026,0.1470839770775016,0.1304787047037287
3783,0.136366775578192,0.34282461354435423,0.23491567593232449,0.136366775578192,0.2834947962938393
3784,0.11902163338453661,0.31669021199868086,0.20733715722828852,0.11902163338453661,0.27412794304592175
3785,0.1464241268566841,0.34914036765864065,0.24043248160391312,0.1464241268566841,0.1331008561613083
3786,0.17618471624462018,0.39755299218555734,0.2957365518818743,0.17618471624462018,0.2532901234567902
3787,0.18431814035550972,0.3969599060267427,0.282283531342466,0.18431814035550972,0.14553207372185922
3788,0.1391404215226185,0.3597153426320881,0.2661498422189392,0.1391404215226185,0.14670836978711
3789,0.16821807931321675,0.39471926978940725,0.30100238095238097,0.16821807931321675,0.1496983653669945
3790,0.12130303273041863,0.31873477586020266,0.20686348625956807,0.12130303273041863,0.23154298426823455
3791,0.13722105393914863,0.347518893235252,0.2425956785922067,0.13722105393914863,0.203314722352418
3792,0.16317536837220104,0.3658019877932986,0.2482532388421952,0.16317536837220104,0.3355667761357417
3793,0.17655508766002634,0.3761799267027426,0.25524967808543253,0.17655508766002634,0.24025335480407944
3794,0.14597309730973096,0.3328655974786505,0.20378500033783908,0.14597309730973096,0.20983990958315135
3795,0.1232637674956299,0.3092318647501706,0.18693619450908144,0.1232637674956299,0.2960957537760046
3796,0.13233955201485287,0.3381763830281047,0.23467366202650372,0.13233955201485287,0.2878615457047661
3797,0.1543515625000001,0.35975451873796427,0.24880591247592837,0.1543515625000001,0.09846885521885523
3798,0.15891583065329035,0.3917421260612687,0.30465259081595664,0.15891583065329035,0.23332425025448283
3799,0.18891666666666668,0.39474720173873123,0.26866107014412904,0.18891666666666668,0.19670987926801872
3800,0.15676696105981536,0.3695458193421731,0.26855771656471544,0.15676696105981536,0.2824787344889647
3801,0.14850156626168184,0.3812828148481091,0.30056249717285455,0.14850156626168184,0.29520876084160985
3802,0.16305233431773652,0.3877339977745522,0.29436332691363143,0.16305233431773652,0.07816957112841431
3803,0.12299328584492476,0.3192540239072938,0.21152147612473807,0.12299328584492476,0.2585151155104612
3804,0.1425738659173023,0.32993084289382524,0.20771395395304576,0.1425738659173023,0.23356436029297178
3805,0.14284223631326953,0.3656414905662057,0.2765985085058723,0.14284223631326953,0.22531740770622424
3806,0.16534521136698957,0.38425917046658664,0.2848279181991942,0.16534521136698957,0.27435905871865296
3807,0.15838461538461526,0.3890130298024388,0.29725682883564697,0.15838461538461526,0.18462090105044937
3808,0.1659691004476103,0.38393773917991636,0.27593727746461205,0.1659691004476103,0.3135616029377299
3809,0.14429070660522272,0.33272528926175704,0.20586916531306862,0.14429070660522272,0.2259613241560145
3810,0.14477826894740226,0.3445951724140013,0.23163380693319813,0.14477826894740226,0.32879012955643394
3811,0.12925827388985278,0.33654407082329474,0.2305715938668838,0.12925827388985278,0.237388494580882
3812,0.13943289128067138,0.3490333797726842,0.2432009769840257,0.13943289128067138,0.16934262707356001
3813,0.13750000000000004,0.3429647671710992,0.23592953434219832,0.13750000000000004,0.3032171420243235
3814,0.10237033329997001,0.2936238146495238,0.1865069626991076,0.10237033329997001,0.17473838398866723
3815,0.13910566086065584,0.36325202553961894,0.27629272935792626,0.13910566086065584,0.22880341880341876
3816,0.14050000000000004,0.3404407208970859,0.2268814417941717,0.14050000000000004,0.2816154144620811
3817,0.13769690078760313,0.33119188281407214,0.211989964052938,0.13769690078760313,0.3517825280905848
3818,0.1438091868244982,0.3394524760473252,0.22628657844565392,0.1438091868244982,0.30450576415495956
3819,0.15862003238269293,0.36647259575433766,0.25770512674328955,0.15862003238269293,0.3083250541657621
3820,0.16305233431773652,0.38484134371474027,0.2885780187940075,0.16305233431773652,0.1836047559449312
3821,0.16498037848086544,0.3821287952365834,0.2742968335114359,0.16498037848086544,0.2023098582232708
3822,0.12609683286710777,0.3239407950452804,0.21468792435634543,0.12609683286710777,0.216874788787144
3823,0.14322810683575912,0.35182228097807694,0.24418834828463554,0.14322810683575912,0.19616666666666666
3824,0.1347224103318253,0.363796655231774,0.27814848979989737,0.1347224103318253,0.2655956384733986
3825,0.14245965535448565,0.3427852912752707,0.22865127184157003,0.14245965535448565,0.25764738136239407
3826,0.13750000000000004,0.3407357738453461,0.23147154769069211,0.13750000000000004,0.3229832058779427
3827,0.12876972336065584,0.31023877856148746,0.1839381104016633,0.12876972336065584,0.1372333339255364
3828,0.1674901160627483,0.3939409323078529,0.2969016324902091,0.1674901160627483,0.21595956446299697
3829,0.14429264856557367,0.36987118266600716,0.27915706820086694,0.14429264856557367,0.1981165501430925
3830,0.14776491969704247,0.3411555810324884,0.22078132267089182,0.14776491969704247,0.30530797080025224
3831,0.14655696324331244,0.38154848419952037,0.2969830419124158,0.14655696324331244,0.29444819966781
3832,0.1713787515006003,0.3988711972192599,0.3039848914373192,0.1713787515006003,0.23495446586742466
3833,0.09771099801549199,0.29357126556039265,0.18872053508980138,0.09771099801549199,0.3151206446468848
3834,0.12089823498292704,0.3232096501578424,0.22262283034983088,0.12089823498292704,0.3619881336571326
3835,0.17380785611073077,0.3893441906579317,0.2820726690944018,0.17380785611073077,0.4271929824561404
3836,0.10264912280701759,0.2883708024293091,0.1774433592445831,0.10264912280701759,0.216865535441508
3837,0.15668872031240003,0.37259967625040125,0.2708219118760024,0.15668872031240003,0.297979793833242
3838,0.13525438596491232,0.334495551979843,0.22548233202986134,0.13525438596491232,0.33841067369541045
3839,0.13881219489730123,0.3643021607821468,0.27497993176969104,0.13881219489730123,0.22258417508417508
3840,0.10625834170271165,0.2995712931587067,0.18962590291199005,0.10625834170271165,0.20846673138373176
3841,0.13463471037269867,0.3526533860059566,0.25503735126651583,0.13463471037269867,0.22941904784424472
3842,0.1441405478221822,0.3536349491503775,0.24498880265639056,0.1441405478221822,0.2551253352775245
3843,0.13784294871794867,0.34375972194199406,0.23383354644809073,0.13784294871794867,0.26945205875549383
3844,0.13105276156264029,0.3526543326483334,0.26020314217138624,0.13105276156264029,0.29917113056996447
3845,0.15212072664969337,0.36331766767375734,0.25539388204812796,0.15212072664969337,0.2536835232668566
3846,0.15363461538461548,0.36112000888492224,0.25397078700061354,0.15363461538461548,0.2777714340833536
3847,0.15146372024240073,0.38014606812442564,0.2863646957640497,0.15146372024240073,0.26983552631578944
3848,0.1468530853085309,0.35537113074357696,0.2490360908700921,0.1468530853085309,0.21227793650793653
3849,0.13774714207403194,0.33695868053557043,0.22242307692307695,0.13774714207403194,0.27320469118440727
3850,0.13691249124912486,0.357304880341514,0.2647847781847782,0.13691249124912486,0.12130816223416474
3851,0.18959535383677467,0.401937299690628,0.2806838917077067,0.18959535383677467,0.34711257614311053
3852,0.13859447004608302,0.3406386070684809,0.22908827404479581,0.13859447004608302,0.22430900008466687
3853,0.14869327731092427,0.3727019636870291,0.27901737275220967,0.14869327731092427,0.18332708005956058
3854,0.12800780999935996,0.3332442668862192,0.23047291377371865,0.12800780999935996,0.24936251125963516
3855,0.12368962181389936,0.31555935926887385,0.19673947490994909,0.12368962181389936,0.2689993731626459
3856,0.10446426763842495,0.31862043301719783,0.22331233075754575,0.10446426763842495,0.24885268543035532
3857,0.12635394265232977,0.3394266844099925,0.24314548351532547,0.12635394265232977,0.20138562947086652
3858,0.12900367648532018,0.3409426586730126,0.2468779643753849,0.12900367648532018,0.27101837711009236
3859,0.14787923308366943,0.35617955607395,0.24960064598056125,0.14787923308366943,0.17370238187032083
3860,0.1632109688438754,0.39384253618783016,0.30326313468790955,0.1632109688438754,0.228658428085909
3861,0.16368570187970977,0.3448620446404778,0.20335268552153607,0.16368570187970977,0.3026871980676329
3862,0.14508519469816084,0.3511328147357847,0.24109524007524774,0.14508519469816084,0.2876751229135521
3863,0.12618861199257042,0.32670340376767115,0.21402958355020157,0.12618861199257042,0.28455877841154614
3864,0.17674680367952955,0.39683526556208254,0.29517692376510596,0.17674680367952955,0.19596777950310557
3865,0.15647454908376696,0.3703753652063519,0.26580163224516984,0.15647454908376696,0.3132995754245754
3866,0.14759487473941565,0.3538753193133241,0.24556088914781693,0.14759487473941565,0.29299544754163204
3867,0.17018519475486085,0.39635417302086756,0.30633795653201346,0.17018519475486085,0.14098692251670308
3868,0.15111558613622805,0.34494876708977557,0.223666361907095,0.15111558613622805,0.17554175905395414
3869,0.1600420802295249,0.381852900124651,0.28062163979025223,0.1600420802295249,0.3184706797706798
3870,0.1604472419757831,0.39066175602853226,0.29842902810549815,0.1604472419757831,0.11349028160882679
3871,0.16215821021917737,0.36849694584543424,0.25767747125251383,0.16215821021917737,0.27915103651982454
3872,0.12126180836707144,0.3358996092026759,0.23927560167120882,0.12126180836707144,0.3144282583409856
3873,0.16038159054134166,0.3673777443874955,0.2569923076923077,0.16038159054134166,0.16240003247675877
3874,0.14499038461538452,0.3584337646881214,0.2538867601454736,0.14499038461538452,0.25855129433146673
3875,0.1553529086804054,0.3731380011632148,0.2745701849656188,0.1553529086804054,0.13554165559464182
3876,0.14879438059770161,0.38387533938948754,0.3021619175835719,0.14879438059770161,0.2624182162534436
3877,0.1492649310597242,0.36264416008550204,0.25975845805155573,0.1492649310597242,0.20842372598162068
3878,0.1620751643795596,0.3837823563970999,0.28341438403508046,0.1620751643795596,0.2792335756790285
3879,0.15657543017206885,0.37771950021235945,0.2782881400805813,0.15657543017206885,0.29125543024227224
3880,0.13704188851112975,0.3335833137876084,0.2210828505529574,0.13704188851112975,0.25696007696007694
3881,0.1304442109981232,0.3446682743221865,0.25044812664812666,0.1304442109981232,0.16500191041630813
3882,0.14784145716983244,0.35983918749042787,0.2549954606411909,0.14784145716983244,0.2124988753936122
3883,0.15457127298353504,0.38512538641626815,0.29510822686546606,0.15457127298353504,0.23811183994670232
3884,0.142727564102564,0.3773160401239464,0.29517695204276473,0.142727564102564,0.2751743011510453
3885,0.14491760260397366,0.33547702781847366,0.218118850429,0.14491760260397366,0.25309218232747643
3886,0.11721389726523873,0.3139577613100033,0.2024877280895292,0.11721389726523873,0.34284852402499466
3887,0.13359294871794875,0.3579993469469691,0.2748127964580407,0.13359294871794875,0.32402465704449923
3888,0.1377734608775071,0.34034316823043576,0.22713941470585725,0.1377734608775071,0.16005425158569175
3889,0.1609670850409835,0.37124216732346793,0.2595501645649688,0.1609670850409835,0.2813053012967201
3890,0.14565030341092278,0.35624423760787743,0.25118786839390933,0.14565030341092278,0.3349095607235142
3891,0.13541404290554465,0.3343824993291729,0.22193691284725658,0.13541404290554465,0.08042016806722686
3892,0.18198502869316924,0.40458094495073116,0.30219183251512377,0.18198502869316924,0.3230584078702359
3893,0.1563685942500972,0.37686208918749686,0.28198698987479937,0.1563685942500972,0.27871387871387876
3894,0.16496001401261123,0.3999174932507311,0.31091495847623973,0.16496001401261123,0.37250483812555146
3895,0.13873464334019647,0.3456395987852384,0.2438099108900839,0.13873464334019647,0.2153281483417502
3896,0.13630128205128209,0.3542323625148892,0.25686216092721426,0.13630128205128209,0.28097868910956686
3897,0.15745181522904364,0.3909982867363604,0.3050929430146334,0.15745181522904364,0.2097109961681991
3898,0.11593910256410257,0.3133099876185972,0.20274177010898914,0.11593910256410257,0.16381906478287273
3899,0.16970409412649692,0.40015628346686094,0.30590437868072795,0.16970409412649692,0.19589520981202801
3900,0.14690148058067332,0.34495594575984095,0.22410893035833523,0.14690148058067332,0.21409615768488616
3901,0.12284245821239118,0.33955700919167686,0.2514291019585713,0.12284245821239118,0.21944917321767415
3902,0.1317614581830424,0.3189989706320303,0.1984750248979759,0.1317614581830424,0.3022848229801311
3903,0.1158321266950156,0.3102250241447644,0.19478579489949752,0.1158321266950156,0.2513768115942029
3904,0.14780933662997958,0.35156285200330883,0.2405070307466586,0.14780933662997958,0.31034834411675194
3905,0.15372184737412903,0.36158830400477343,0.25273291326128877,0.15372184737412903,0.30887693492893575
3906,0.1484357189715035,0.3504796838021691,0.2360879296613311,0.1484357189715035,0.17403164937097176
3907,0.16041636654661856,0.37300775140854514,0.26418276972385313,0.16041636654661856,0.19395835483318175
3908,0.15454360436043607,0.36756739701919205,0.263047585317512,0.15454360436043607,0.1656968295358126
3909,0.17493639745974732,0.4013709770601637,0.3058691592008328,0.17493639745974732,0.288855454209141
3910,0.15473231596835824,0.37897006086340645,0.2894754897900966,0.15473231596835824,0.1812565930238344
3911,0.1360243284949607,0.33146833111454765,0.2198880052391738,0.1360243284949607,0.35413337806127954
3912,0.1285914771727129,0.3515010223220358,0.26581909029864575,0.1285914771727129,0.3328789553196333
3913,0.14929326301721757,0.34236355450825195,0.22014058298206876,0.14929326301721757,0.187813787341918
3914,0.1158934971838198,0.31002820783235596,0.19826942129707226,0.1158934971838198,0.06856810035842295
3915,0.13431410256410264,0.33477715614918385,0.22692610717016248,0.13431410256410264,0.3615927334500923
3916,0.14968796992481204,0.3641475677977915,0.25791919574595895,0.14968796992481204,0.23510467386502365
3917,0.17927258178093583,0.4062512538211957,0.30795734408051967,0.17927258178093583,0.1464955742359294
3918,0.15396205053527715,0.3898226345077601,0.306721167944966,0.15396205053527715,0.3283554396795247
3919,0.17415811390864244,0.38939757805123243,0.28247892828517995,0.17415811390864244,0.22961127277327936
3920,0.1567928205354246,0.383861037551697,0.2951364340325449,0.1567928205354246,0.24706148683812615
3921,0.15436362726453798,0.37074851756430083,0.26676978059952566,0.15436362726453798,0.16483344152951204
3922,0.1918670221069444,0.3942419661037668,0.264749887993645,0.1918670221069444,0.1898783284618969
3923,0.12813584277575063,0.3395790768955049,0.24288646823950866,0.12813584277575063,0.21330936911218956
3924,0.17004394470311526,0.3856885086178228,0.278289127829415,0.17004394470311526,0.2794182548053725
3925,0.1393660777158953,0.34327415769830844,0.2328161599648263,0.1393660777158953,0.32050350533305083
3926,0.14223631268141312,0.37324998816255855,0.2880273509622907,0.14223631268141312,0.25417108585858583
3927,0.15750686994165244,0.3737824415275689,0.2685511431718328,0.15750686994165244,0.2528587570621469
3928,0.1709118023553508,0.3860280556881413,0.278232506665581,0.1709118023553508,0.26114864810654687
3929,0.134003560056961,0.34045182219946574,0.23589652428500954,0.134003560056961,0.2666726659715865
3930,0.1426653046999868,0.3512711803872844,0.2492117513745952,0.1426653046999868,0.3245564397288535
3931,0.15217030327294567,0.36631828134247735,0.2652959561390634,0.15217030327294567,0.39888876918288685
3932,0.15554166666666663,0.34978185866422934,0.22248038399512537,0.15554166666666663,0.267429431146028
3933,0.1552537694899191,0.36464283305846,0.25177812713708175,0.1552537694899191,0.2328319343258367
3934,0.14029272927292732,0.3478392223358618,0.24109298612586894,0.14029272927292732,0.3536960801425604
3935,0.151637806698442,0.36893546909353464,0.2675953247901852,0.151637806698442,0.18439615044453755
3936,0.16109603841536618,0.3775489260119791,0.27490577519322584,0.16109603841536618,0.22112917011304106
3937,0.15303807171723657,0.34125095717301046,0.2154257709115478,0.15303807171723657,0.2925739101745423
3938,0.129507512120194,0.3326156929775684,0.2262163617147488,0.129507512120194,0.1991625028389734
3939,0.18111844486077083,0.3881380181951171,0.27003914666869255,0.18111844486077083,0.25310890107716966
3940,0.13506739701454296,0.32911745130106296,0.21410010857304004,0.13506739701454296,0.2281558674463938
3941,0.15782958549554735,0.3756953437948342,0.27173151659857364,0.15782958549554735,0.3356251267574753
3942,0.10766147125186033,0.29029422478367506,0.1712655070636295,0.10766147125186033,0.40346504687259377
3943,0.16112201418848815,0.3492826216249144,0.21932121487285255,0.16112201418848815,0.2681172997011008
3944,0.18756730842310315,0.42424299311637953,0.33135136938655274,0.18756730842310315,0.34552333354028264
3945,0.15369429408163998,0.35518695222564306,0.23798531628800612,0.15369429408163998,0.23365650336380883
3946,0.12940207373271895,0.3420508212578852,0.2442974950503326,0.12940207373271895,0.19486244219472568
3947,0.14952364020757244,0.36132137404023595,0.2545954676653269,0.14952364020757244,0.22045287702932853
3948,0.11276310524209686,0.31948045343693865,0.22343469638968363,0.11276310524209686,0.2705402261506609
3949,0.16130096320385273,0.36725440162294004,0.2529068768381746,0.16130096320385273,0.24233279025250568
3950,0.1248237876563557,0.32274203172679916,0.21283648814088693,0.1248237876563557,0.3429438907345884
3951,0.13665834613415256,0.3302125457659384,0.21210839926357167,0.13665834613415256,0.21135042295599482
3952,0.1513618256430789,0.36907129864537813,0.26741894600459865,0.1513618256430789,0.2555963773069036
3953,0.15780325140809015,0.36081651098801637,0.24502651915985252,0.15780325140809015,0.22024883316851357
3954,0.12530329167400106,0.3172335800620121,0.19986057677602193,0.12530329167400106,0.31920760529381215
3955,0.10838517665130575,0.3113894415852134,0.21100852986781532,0.10838517665130575,0.13388053317572401
3956,0.15248304255208187,0.3636695386292029,0.25337299215424214,0.15248304255208187,0.27399956615642895
3957,0.1367656641604011,0.34687841725689295,0.24122550619298377,0.1367656641604011,0.13909799098460063
3958,0.13773958596010907,0.3237168529557599,0.1989545339913017,0.13773958596010907,0.21491519378616147
3959,0.15610855390794068,0.37022942357691757,0.26524173933795386,0.15610855390794068,0.3437561369649655
3960,0.16884904549659413,0.3821874922281892,0.27467689346319024,0.16884904549659413,0.3934619128651757
3961,0.1587089568358273,0.37901100962175105,0.2796041055718475,0.1587089568358273,0.252993525278964
3962,0.14262623690075582,0.3636911729239063,0.26912987204630096,0.14262623690075582,0.275443919716647
3963,0.13177087602459026,0.32799843534230155,0.21545511863542266,0.13177087602459026,0.3928183765260227
3964,0.1771734552557529,0.3830573827769566,0.2647678550424074,0.1771734552557529,0.1435268475705634
3965,0.13293270250689468,0.3371220040869205,0.2283786031600517,0.13293270250689468,0.12750867066656535
3966,0.11884473789515813,0.319187371960027,0.2146852681297377,0.11884473789515813,0.3663444227932719
3967,0.15687979054719142,0.35527321235981635,0.24178684362524988,0.15687979054719142,0.16967552034793415
3968,0.11889362519201233,0.32422055589045695,0.2226538613968892,0.11889362519201233,0.2546278195488722
3969,0.1728397435897435,0.39261871607960064,0.28555794497971426,0.1728397435897435,0.2750046685340803
3970,0.1810063843157974,0.4185068897639077,0.32700101089622063,0.1810063843157974,0.2352687474461732
3971,0.13996953277989357,0.3595395116158724,0.2631399576719577,0.13996953277989357,0.21906410282240063
3972,0.15560437445739367,0.3684055684063739,0.2636023878979605,0.15560437445739367,0.34901587301587306
3973,0.14283064516129032,0.3436952263306325,0.22972916233868437,0.14283064516129032,0.23211429307327308
3974,0.16185447962822866,0.379886309194868,0.2790636591332787,0.16185447962822866,0.2967473328129066
3975,0.16834991492343107,0.3805634664780708,0.2724271031092794,0.16834991492343107,0.1939379467963539
3976,0.1857409706997807,0.4137638590325228,0.31404577666548406,0.1857409706997807,0.3644197134387352
3977,0.15741556622649058,0.35999932862150874,0.24216752479003628,0.15741556622649058,0.28670032081824537
3978,0.16821791840807185,0.36450424627406,0.24157265573197625,0.16821791840807185,0.3258745267271913
3979,0.1537989431957727,0.3503807660960312,0.22916364580051696,0.1537989431957727,0.22828763942984676
3980,0.16685754301720693,0.3925358168267307,0.2973565476190476,0.16685754301720693,0.18034782608695654
3981,0.1326435462967407,0.3425669582404093,0.24184682388733725,0.1326435462967407,0.30734921680573857
3982,0.17245958383353333,0.390943503443986,0.2839678392209052,0.17245958383353333,0.15221507221507224
3983,0.13943968896600473,0.3404277837293296,0.2239761895266496,0.13943968896600473,0.24087810337810336
3984,0.15539960919982054,0.37841522004238204,0.2810312216851229,0.15539960919982054,0.2112890825498429
3985,0.1392278484059518,0.3470022566426634,0.24554881647342316,0.1392278484059518,0.3734922801213123
3986,0.1410506202480993,0.34170888868389726,0.23031653687159592,0.1410506202480993,0.22956139060507988
3987,0.16956460646064608,0.3835955256636775,0.27506183840606285,0.16956460646064608,0.24892949451752022
3988,0.13980448717948704,0.3483408422337756,0.24107271010857703,0.13980448717948704,0.25692757005191663
3989,0.13116806722689084,0.32689259604803333,0.21344905764228506,0.13116806722689084,0.2883792405851229
3990,0.12779985879491665,0.34178365882128486,0.2469676000527364,0.12779985879491665,0.2839315651519477
3991,0.15162707550454424,0.37155020846615316,0.2758462659232179,0.15162707550454424,0.24258581073126528
3992,0.15182395396312548,0.35440990282005197,0.24517189771385295,0.15182395396312548,0.26806039762706424
3993,0.1259966309084144,0.3150469487520742,0.19410063568731956,0.1259966309084144,0.25833333333333336
3994,0.1750709364322082,0.4085647777161957,0.31998768256797505,0.1750709364322082,0.2689792672237431
3995,0.17481286532160312,0.3939569519740597,0.2892881733049133,0.17481286532160312,0.2974508050089446
3996,0.15384848484848496,0.3575820747443373,0.24546717979170474,0.15384848484848496,0.30336852519898305
3997,0.13253154450471208,0.356029158842191,0.2689952286749578,0.13253154450471208,0.17681649653312792
3998,0.1627998890042035,0.3839569839787687,0.2873141899491305,0.1627998890042035,0.23822943794101034
3999,0.17444825819672127,0.38426132257220497,0.26762612875096736,0.17444825819672127,0.21612353431508755
4000,0.18608974358974356,0.4167531982895316,0.3213269093995761,0.18608974358974356,0.30689202460368137
4001,0.1547765059542144,0.37540566946207676,0.2782583270157247,0.1547765059542144,0.11827642679900743
4002,0.15136338633863392,0.3610556897215255,0.2543846067657832,0.15136338633863392,0.19718167701863354
4003,0.13724069155861063,0.33919487358234557,0.22590836404746983,0.13724069155861063,0.2865478610143244
4004,0.15176443351960675,0.3692167941646075,0.26990472129000154,0.15176443351960675,0.27569322393259404
4005,0.10488023410353721,0.31640376628683564,0.22404706436659683,0.10488023410353721,0.19365354768325066
4006,0.15088878481853732,0.3768640019322027,0.28395043422733074,0.15088878481853732,0.3335886768169959
4007,0.12959551352821658,0.33306530265616485,0.22693957825589656,0.12959551352821658,0.2633263533274623
4008,0.11893806530245685,0.33466217520606784,0.24044821980722197,0.11893806530245685,0.38941423311764484
4009,0.1485510950658962,0.35875205435074176,0.255401918569691,0.1485510950658962,0.2541269841269841
4010,0.11338861809115605,0.3382795575201911,0.2607818788580701,0.11338861809115605,0.24894739602903265
4011,0.15354190533614717,0.3333921546661314,0.20070049865996853,0.15354190533614717,0.2063835953201263
4012,0.15716295265181052,0.34578558984863716,0.21524527439365326,0.15716295265181052,0.1611778925023027
4013,0.13120037129505158,0.3293393978362658,0.21827805308242848,0.13120037129505158,0.3269932271537953
4014,0.15086990050448995,0.3443909123376793,0.2240420236663788,0.15086990050448995,0.3634236825607553
4015,0.16181067673745023,0.35797336714756434,0.2343253808202282,0.16181067673745023,0.16017705331488322
4016,0.1611387239762525,0.3920893642725931,0.3019012805926811,0.1611387239762525,0.25672978752283276
4017,0.15169347739095643,0.35257726471514755,0.23776757464838227,0.15169347739095643,0.27957938415750916
4018,0.17712435963114756,0.3872818996128704,0.2733150799634457,0.17712435963114756,0.17722338830584705
4019,0.21344986610948993,0.44057190813746777,0.3312440840559556,0.21344986610948993,0.22580175098419414
4020,0.16519183840130655,0.3847921869014952,0.2802006970003772,0.16519183840130655,0.20153769223898324
4021,0.14559110477770967,0.3642812591643833,0.2643803087733473,0.14559110477770967,0.18650343682601753
4022,0.1778203380065297,0.3948773404907143,0.2871140049683693,0.1778203380065297,0.238074715700428
4023,0.16850792812685012,0.3994905919421886,0.30796532763067713,0.16850792812685012,0.2854714057871952
4024,0.1517884343836379,0.3603072104633148,0.25203755215935386,0.1517884343836379,0.25164768806073157
4025,0.17024866695489263,0.3914164863069993,0.2913356387042133,0.17024866695489263,0.20874255340292572
4026,0.14649999999999996,0.35189552910052907,0.2417910582010582,0.14649999999999996,0.09621087754421083
4027,0.163686736722522,0.3946414659736348,0.3039094585022256,0.163686736722522,0.22328633904718448
4028,0.15343910256410248,0.3643958295542177,0.25491345398023024,0.15343910256410248,0.265007215007215
4029,0.20649999999999993,0.45765894699951615,0.37331789399903237,0.20649999999999993,0.33428417679766287
4030,0.14653127200563348,0.35127417685272916,0.23948580969419142,0.14653127200563348,0.2646181710899848
4031,0.1141209647703423,0.3283139461813796,0.2353859628220746,0.1141209647703423,0.2741345068384508
4032,0.11609387807377049,0.32870597470970464,0.23422419327186833,0.11609387807377049,0.3108766576077831
4033,0.1764999999999999,0.390142789709422,0.27828557941884413,0.1764999999999999,0.2974199490187863
4034,0.14893595123379785,0.3620420563016775,0.2632122101357594,0.14893595123379785,0.2796631545338442
4035,0.17462777671083796,0.36655658225522014,0.2348576110887644,0.17462777671083796,0.2711098219890592
4036,0.14586286757639833,0.3497837668682019,0.24084179858360724,0.14586286757639833,0.1777048230309073
4037,0.1249643954918034,0.3107412959190236,0.1895538008544405,0.1249643954918034,0.19339318893666715
4038,0.14691156399889407,0.35687974243215037,0.25393635686651256,0.14691156399889407,0.17247471304848355
4039,0.15541232108898012,0.36394882262507844,0.25607300307219666,0.15541232108898012,0.12080405673003383
4040,0.10910056005600563,0.3098769085010122,0.20855269689001313,0.10910056005600563,0.35582215226686786
4041,0.1598928435622481,0.37351773888651363,0.2652497906485311,0.1598928435622481,0.20920286576168928
4042,0.1386418578959377,0.3465977513555554,0.2439117869192354,0.1386418578959377,0.29031041409430275
4043,0.14232692307692302,0.347419117253123,0.23618438835240002,0.14232692307692302,0.1890157528852382
4044,0.15287820512820505,0.3631149290648806,0.253473447873351,0.15287820512820505,0.178497059635192
4045,0.12616726690676267,0.34562957015849055,0.2549246065034557,0.12616726690676267,0.20964339457567813
4046,0.1753880062080993,0.40561108734110995,0.31044616226602123,0.1753880062080993,0.1526634694850604
4047,0.15218302757988234,0.390244654059153,0.30812325295854126,0.15218302757988234,0.202721864342554
4048,0.17124237011166474,0.3689118103497061,0.24033888047608276,0.17124237011166474,0.16505942205942206
4049,0.15312091125249022,0.35503110719600584,0.24282039188703125,0.15312091125249022,0.20960501792114702
4050,0.1546762820512822,0.36559287429170445,0.2608331844808446,0.1546762820512822,0.2715720602373144
4051,0.1514037504600073,0.3939048358832754,0.31900217084653615,0.1514037504600073,0.23041145238435176
4052,0.1640198803180851,0.3826354846422682,0.28023120864836626,0.1640198803180851,0.3115939110070257
4053,0.17343081558424928,0.3568132523862417,0.21476487360398483,0.17343081558424928,0.18291751530500805
4054,0.15822842232035314,0.3853841381968879,0.28831143175306934,0.15822842232035314,0.3572198770064624
4055,0.11004271348737411,0.30459686280358866,0.19410829863242918,0.11004271348737411,0.2940531452815045
4056,0.13608782321334983,0.3340938718878889,0.22101209734907823,0.13608782321334983,0.19597236119112355
4057,0.14457167314677044,0.35660672857422554,0.25407011085491027,0.14457167314677044,0.25474093865328706
4058,0.14157966188524587,0.3465980984556388,0.23603687314078592,0.14157966188524587,0.20865837668303938
4059,0.10813141025641029,0.3005343811890154,0.18680594186521016,0.10813141025641029,0.2450038191563615
4060,0.15026939700928146,0.35917435732674174,0.25380992063492064,0.15026939700928146,0.18989220630964526
4061,0.200385090321057,0.4292623434301675,0.322754506218221,0.200385090321057,0.303885197144389
4062,0.12823258887273695,0.3421353086202725,0.24380543949507122,0.12823258887273695,0.2835228516694034
4063,0.14847847945210968,0.3524420289804774,0.24192709905673548,0.14847847945210968,0.2500214845833778
4064,0.1508747490967483,0.3431863730620982,0.22262324793069982,0.1508747490967483,0.21735739265450643
4065,0.15205175282804534,0.3627663308528113,0.2564291560495319,0.15205175282804534,0.13956511754499368
4066,0.15516843270821074,0.37538925266599055,0.2794416399155597,0.15516843270821074,0.1823365384615384
4067,0.16386531513448416,0.3887755938801288,0.2968205574912892,0.16386531513448416,0.34217880559985814
4068,0.15209423769507807,0.36172632374090885,0.25226417209166163,0.15209423769507807,0.2650292397660819
4069,0.1434373936542889,0.37414192521746814,0.28740906312635844,0.1434373936542889,0.19029809893809901
4070,0.13686132511556248,0.34924204024136496,0.25376143025160497,0.13686132511556248,0.19495375923695374
4071,0.16751940749309174,0.3822877406095433,0.2785366662329032,0.16751940749309174,0.24488012807013684
4072,0.10804700074836217,0.3198848814552355,0.23067576141374668,0.10804700074836217,0.2968067115617433
4073,0.14365501238242695,0.3659788642333407,0.27264770370182745,0.14365501238242695,0.17515211640211636
4074,0.14191676968685848,0.36183751559520483,0.26684149181669264,0.14191676968685848,0.25640838206627675
4075,0.1463249232996931,0.3728433678748804,0.2840368891503746,0.1463249232996931,0.23042105263157903
4076,0.14837971807548916,0.37791467688023517,0.29106991760949197,0.14837971807548916,0.17314746877902376
4077,0.1478152166954741,0.35774644524214017,0.25286245709333216,0.1478152166954741,0.24705615476801918
4078,0.1653717948717948,0.4029418392476375,0.3161400887516853,0.1653717948717948,0.3044343341049119
4079,0.09699334477887304,0.2801630099930904,0.16633933042843474,0.09699334477887304,0.2853005770041168
4080,0.1495755848146238,0.3638388790651762,0.26252658850110494,0.1495755848146238,0.28399608241492175
4081,0.15491521072981346,0.36217810678859375,0.25452579211756055,0.15491521072981346,0.3493035802243659
4082,0.15040105062311854,0.35194973068119745,0.23409736011615787,0.15040105062311854,0.32702210570838025
4083,0.16253970286885236,0.37050684736297484,0.2559342889882449,0.16253970286885236,0.1991064491064491
4084,0.14884836454112355,0.34603809701664373,0.22737946495104042,0.14884836454112355,0.22532601455216228
4085,0.1592661232145432,0.36172414798547126,0.241916049541856,0.1592661232145432,0.23765044120718465
4086,0.16520023020718652,0.4039501343310868,0.31849980824780055,0.16520023020718652,0.283759930402877
4087,0.15907651886698024,0.3709773753655231,0.26080171299708577,0.15907651886698024,0.35110166360679396
4088,0.13385346167907403,0.35911373019992104,0.26852053704169404,0.13385346167907403,0.11882273383481495
4089,0.1841750247000987,0.41194310124225664,0.3115361530843158,0.1841750247000987,0.2533682916078474
4090,0.11766576205514924,0.3261949112985473,0.227058298486796,0.11766576205514924,0.3066967654381192
4091,0.1635954941116231,0.3816720375024127,0.27915308678157913,0.1635954941116231,0.274035197740113
4092,0.17209306157918564,0.36845860717008816,0.24373109118180517,0.17209306157918564,0.32285815162472453
4093,0.15365014556827689,0.3697776600917758,0.26525502904699777,0.15365014556827689,0.2746779209004096
4094,0.12011315183665303,0.3331814453759789,0.23713658707865168,0.12011315183665303,0.2582357597501227
4095,0.13242577630292252,0.3168929523510201,0.1939343520961952,0.13242577630292252,0.15849938293041996
4096,0.1274914958639339,0.3338050709560829,0.23062715018429805,0.1274914958639339,0.12842240501018817
4097,0.15423494493977974,0.35372104245769964,0.23497219503583977,0.15423494493977974,0.25985210874591397
4098,0.14667445775020432,0.35798382319630545,0.2506187308922022,0.14667445775020432,0.2266276502511208
4099,0.11205860262218648,0.32636370053975383,0.2336101958351347,0.11205860262218648,0.2178579310344827
4100,0.11266151181442534,0.3372968730336402,0.2572707224384298,0.11266151181442534,0.27104066811909944
4101,0.1871434573829531,0.4153525612411394,0.3134182077163725,0.1871434573829531,0.3581644757193347
4102,0.1012459524353532,0.29830382417204654,0.19211574347338667,0.1012459524353532,0.15239794645919688
4103,0.14094560104093687,0.34111136133787257,0.22533152059387138,0.14094560104093687,0.23331094664331284
4104,0.11435550528629411,0.31794268371611173,0.21317435685963518,0.11435550528629411,0.22885756455997278
4105,0.13346219621962202,0.315007546957248,0.18609070147525195,0.13346219621962202,0.21853035566583953
4106,0.16644391110257753,0.3810502943742661,0.273212766543377,0.16644391110257753,0.2796303107241903
4107,0.16822772657450077,0.3727716660306299,0.25408787891225826,0.16822772657450077,0.26102878202878205
4108,0.12179226844001911,0.31779558281947834,0.2100066287589185,0.12179226844001911,0.16516805266805262
4109,0.1530820227961333,0.350616714052951,0.22806938251363534,0.1530820227961333,0.25290573706994757
4110,0.14945512820512818,0.367464489264098,0.26601872211793964,0.14945512820512818,0.17743329831932775
4111,0.15486315924219138,0.3795358196466836,0.2853453208089843,0.15486315924219138,0.28676258991142517
4112,0.15334247232900383,0.3717174613272905,0.2727499779965733,0.15334247232900383,0.2676768772024939
4113,0.16634438443844385,0.3765036054311107,0.2653184419853337,0.16634438443844385,0.32110477389726305
4114,0.15881433159373748,0.3593208595974847,0.2440130560074944,0.15881433159373748,0.13456545856102933
4115,0.1401249999999999,0.358879211740017,0.2615084234800341,0.1401249999999999,0.19030380460588792
4116,0.1362049648118757,0.34811187923884074,0.24481382885393002,0.1362049648118757,0.3672923276416237
4117,0.12816451017376085,0.32424884605825366,0.20816867176898562,0.12816451017376085,0.3954075780849975
4118,0.10866061606160618,0.31009950748106757,0.20787778283892275,0.10866061606160618,0.2678100721280807
4119,0.1237868575514943,0.31570772239539574,0.19484172968780292,0.1237868575514943,0.1854210384718859
4120,0.1377734608775071,0.35242927305774263,0.251311624360471,0.1377734608775071,0.2915499192078935
4121,0.10673983524954855,0.3059448637530961,0.20041005700709513,0.10673983524954855,0.20521501272935697
4122,0.1316877790401818,0.3525019432456796,0.2636283284109957,0.1316877790401818,0.35948136506587225
4123,0.12351544824717205,0.33609544086649873,0.24115998523865348,0.12351544824717205,0.23901894586894584
4124,0.154844444844715,0.3697617607437522,0.2648346317980744,0.154844444844715,0.1069559268747089
4125,0.14157966188524587,0.35803658317348497,0.2589138425764782,0.14157966188524587,0.06892385354758232
4126,0.13329096186567926,0.32752509113590056,0.20846825854044276,0.13329096186567926,0.2002244121841518
4127,0.16422842232035334,0.3890628510757402,0.29566885751077365,0.16422842232035334,0.22047131276771936
4128,0.15823576218596738,0.37033069510396244,0.26118986583599013,0.15823576218596738,0.2075939130981576
4129,0.14089268926892692,0.318110759039754,0.18243613954165416,0.14089268926892692,0.3483283853565321
4130,0.15298786579727908,0.3666262308167885,0.26027673003901897,0.15298786579727908,0.23798965254992566
4131,0.12375700934579442,0.3277876024622489,0.22006118623290902,0.12375700934579442,0.33442501942501945
4132,0.12019851434426239,0.3032547104681892,0.1811123922478537,0.12019851434426239,0.2084368246039593
4133,0.16989195598444162,0.404312147775397,0.3128403835819108,0.16989195598444162,0.35732253468316466
4134,0.13688656998208212,0.325200558868564,0.20562797777296388,0.13688656998208212,0.29217848542925945
4135,0.16345718287314917,0.3838613371954751,0.28180830864465184,0.16345718287314917,0.18414942017352748
4136,0.12780075038782066,0.31329239088869093,0.1929832810017406,0.12780075038782066,0.20199095022624428
4137,0.14342503720535765,0.35109391387825584,0.24333775334579638,0.14342503720535765,0.16670582839330944
4138,0.12136594637855139,0.29892711260648436,0.16812233245586589,0.12136594637855139,0.1991705570291777
4139,0.14926093104372412,0.3476287958391808,0.22973572959091332,0.14926093104372412,0.2182666666666667
4140,0.13997117794486216,0.359595652372274,0.2622489488548237,0.13997117794486216,0.2046166375337676
4141,0.14176872669664434,0.37135364827476675,0.28816984315624483,0.14176872669664434,0.2699951725077321
4142,0.13264423150447324,0.33246380202259257,0.22763914103623867,0.13264423150447324,0.2545645933014355
4143,0.10821540575460711,0.3040728845033174,0.19671495749742046,0.10821540575460711,0.09430509207761717
4144,0.2011336348108531,0.42191193057545895,0.30855659152921167,0.2011336348108531,0.21816904428904432
4145,0.12527928821750334,0.2947993509941472,0.15504012555328783,0.12527928821750334,0.23249976736099764
4146,0.09916006402561028,0.27817534460700505,0.1560305611627895,0.09916006402561028,0.30346363971945367
4147,0.13015088060352242,0.3338689443097142,0.22743612741238353,0.13015088060352242,0.2018909201107343
4148,0.15259378150453662,0.3544839412297208,0.23978031945036835,0.15259378150453662,0.24986253908128905
4149,0.14815492878770892,0.3623926760381938,0.26347549450096985,0.14815492878770892,0.31931035736149377
4150,0.1422363126814131,0.3572681200132063,0.2560636146635862,0.1422363126814131,0.36382751751172804
4151,0.15798397435897427,0.3732301649972348,0.2664923812765211,0.15798397435897427,0.28405888595362283
4152,0.15330709165386583,0.38792336274729433,0.30423254218685697,0.15330709165386583,0.24782051282051282
4153,0.16279496717986863,0.3885708693844534,0.29355180440916956,0.16279496717986863,0.37951733909938246
4154,0.17042109500805153,0.39532275629243135,0.30280332256875964,0.17042109500805153,0.25270634920634927
4155,0.1330592055862736,0.3361303708783918,0.22314233058423644,0.1330592055862736,0.2547333396530477
4156,0.0871308987123537,0.29460152561611097,0.20594125380751455,0.0871308987123537,0.3728302471184266
4157,0.1524341394782874,0.37570212747209036,0.28353597598760594,0.1524341394782874,0.23179108475103508
4158,0.164131430584919,0.3758768270584353,0.2684907929470326,0.164131430584919,0.2568614595379004
4159,0.15460384345911315,0.372269764591057,0.26933184226388757,0.15460384345911315,0.16528081494057728
4160,0.12967467444993275,0.3332588979139264,0.23016844692798732,0.12967467444993275,0.27514680087354504
4161,0.15004208981084854,0.35933718929163533,0.25559019896157353,0.15004208981084854,0.4341968464495473
4162,0.15357176914830642,0.37070097503597416,0.2702584117753355,0.15357176914830642,0.12447087496384689
4163,0.16320296881187515,0.3821570800933437,0.279908222562937,0.16320296881187515,0.26444058740570364
4164,0.16111565408867987,0.3750866319290571,0.2709419556807545,0.16111565408867987,0.2796602570615728
4165,0.1480597537784006,0.3689857040561256,0.27185190055544994,0.1480597537784006,0.32542470241622784
4166,0.1351562500000001,0.33711939610212355,0.22892629220424698,0.1351562500000001,0.2653410772417875
4167,0.13099209920992094,0.3307492930557743,0.21951438769170667,0.13099209920992094,0.23561039853412735
4168,0.15250000000000005,0.3712791269344714,0.27255825386894267,0.15250000000000005,0.2708995623619426
4169,0.13174488497953993,0.32705158315732596,0.21161339635557208,0.13174488497953993,0.3146841742204356
4170,0.11839595746043952,0.3008075002467074,0.17982308557253573,0.11839595746043952,0.30518264149022495
4171,0.1434264771781576,0.3439730476696074,0.23109314098289957,0.1434264771781576,0.30460154914529913
4172,0.1462531253125313,0.3653049710526609,0.2681036914802592,0.1462531253125313,0.30136734729652415
4173,0.15888239906546547,0.3689301992466064,0.26009560036228196,0.15888239906546547,0.3124600737477337
4174,0.11249167334060418,0.3036307670265706,0.18527818737193283,0.11249167334060418,0.26248790662074245
4175,0.12176574500768052,0.31071192517551594,0.19189236033567084,0.12176574500768052,0.16976272669397036
4176,0.1374537972728476,0.34904890720806736,0.24419021987043957,0.1374537972728476,0.22121328177288616
4177,0.15843673359978558,0.38181583770388966,0.2867582082082082,0.15843673359978558,0.36075582075582074
4178,0.12144343109489758,0.3154912388508845,0.20209561551197383,0.12144343109489758,0.38208824587008483
4179,0.15824242424242427,0.3906186858360067,0.3077525231871649,0.15824242424242427,0.2356275138327304
4180,0.13214912280701763,0.33025567094087516,0.22121309626771507,0.13214912280701763,0.19603921568627453
4181,0.14243216049109927,0.3312477924242115,0.2106312638662245,0.14243216049109927,0.2016787439613526
4182,0.17774700698802803,0.41931248330182,0.33513095262758413,0.17774700698802803,0.2365925085096195
4183,0.1311576919227305,0.3234839755173302,0.2076525671891994,0.1311576919227305,0.25134838877368565
4184,0.13876799083024727,0.35484700368706423,0.25515802571363394,0.13876799083024727,0.31505457617829735
4185,0.14808735830409045,0.3552864296249265,0.2453981426416721,0.14808735830409045,0.2129152005013742
4186,0.14737847118005115,0.3621151146535476,0.25947328694699295,0.14737847118005115,0.1793701774535579
4187,0.13663281250000003,0.33929566145228995,0.23132569790457994,0.13663281250000003,0.17736952861952865
4188,0.1348111346018323,0.3200917984401798,0.19656132767669504,0.1348111346018323,0.2597437207899895
4189,0.13951260936695825,0.3510705101723342,0.2451158016107519,0.13951260936695825,0.03927932270423927
4190,0.10044320709131346,0.2823229215480585,0.16375942891349007,0.10044320709131346,0.27452777777777776
4191,0.09969253838243583,0.28986508472666134,0.18134509268845098,0.09969253838243583,0.21773901254195374
4192,0.17245997535960564,0.4056593956764065,0.3143988406336017,0.17245997535960564,0.3398239299280965
4193,0.1643486758839455,0.37673824823565205,0.26477914470341307,0.1643486758839455,0.31301220279624614
4194,0.17528343821556094,0.39654756216251313,0.2945282478939043,0.17528343821556094,0.14037897498164992
4195,0.1605758303321329,0.35688844512099516,0.23462522957772453,0.1605758303321329,0.15730949319618562
4196,0.1410112044817926,0.35141774209940413,0.2468130752352229,0.1410112044817926,0.28423225562014465
4197,0.16470914304939194,0.3747720767273175,0.260125867355851,0.16470914304939194,0.1860745935436158
4198,0.13071318707261156,0.32495335114864665,0.21048032815207016,0.13071318707261156,0.3013012536938665
4199,0.18354008864141827,0.397548776777369,0.2840173762719015,0.18354008864141827,0.1678341337241671
4200,0.11651145624542418,0.32170740341676296,0.22039189434267753,0.11651145624542418,0.2684684368552903
4201,0.13230791516234647,0.3415684991954333,0.23652116806617368,0.13230791516234647,0.17851372924648784
4202,0.12572054303278696,0.33018719377549793,0.227933301485422,0.12572054303278696,0.21150218697882245
4203,0.14105122048819524,0.3658801350742613,0.27565782917213216,0.14105122048819524,0.31967508136348066
4204,0.1596591087412531,0.3653035229495947,0.25328882841668304,0.1596591087412531,0.21335261729088476
4205,0.12900800320128053,0.34636243031978253,0.25270885423700395,0.12900800320128053,0.32285167215733246
4206,0.1388510348813409,0.33742897339492595,0.22715587702717005,0.1388510348813409,0.3657528781752959
4207,0.133076979706805,0.32373186076670785,0.20230976211980578,0.133076979706805,0.33862032276391413
4208,0.17418394777265736,0.3970492740138523,0.29573065248238983,0.17418394777265736,0.31692203703703703
4209,0.1477047092125578,0.3668587694690954,0.2643081205130751,0.1477047092125578,0.26405694117363526
4210,0.14243186475409833,0.2998857562219767,0.14190778293575673,0.14243186475409833,0.2840795331308862
4211,0.13420088342615713,0.3499467130848899,0.2554916593174656,0.13420088342615713,0.3820168414287396
4212,0.16274688355123126,0.3877805136390008,0.291067260175539,0.16274688355123126,0.20108468493026216
4213,0.13708640552995396,0.34298200710816745,0.23579120315642701,0.13708640552995396,0.3444342806072736
4214,0.14752320232023192,0.35866969565849605,0.25329298667652816,0.14752320232023192,0.34752763024740757
4215,0.1658182894821074,0.3702494483944816,0.25386231782474833,0.1658182894821074,0.2772988833452127
4216,0.15697854579497583,0.36255511985734545,0.25015314812473916,0.15697854579497583,0.27936160211210925
4217,0.15225693902775617,0.36529048882895265,0.2610670996023931,0.15225693902775617,0.2496443801625623
4218,0.12910202252944192,0.34148958078108393,0.24477511650328398,0.12910202252944192,0.14547219741563355
4219,0.13984814853334715,0.3430964113351297,0.2334965256035651,0.13984814853334715,0.31411337709422393
4220,0.09712025164337308,0.28825554592567165,0.17727058856459724,0.09712025164337308,0.20766137109327262
4221,0.15759346628307566,0.3693648168315804,0.26054270109700944,0.15759346628307566,0.19243737680138084
4222,0.14554796560503436,0.3491988327283262,0.23930173424658358,0.14554796560503436,0.23016527791919808
4223,0.12575000000000006,0.3426367776607689,0.24777355532153764,0.12575000000000006,0.21056910457913236
4224,0.09871679686718753,0.2932736626452745,0.18811373155617392,0.09871679686718753,0.24235416015062033
4225,0.11613346841917498,0.29768837248129804,0.17810980812424618,0.11613346841917498,0.1628285043036107
4226,0.142681441460976,0.32854242939410333,0.2047219758662547,0.142681441460976,0.16154881420599132
4227,0.13255659048716484,0.31677424921732356,0.19143531746031747,0.13255659048716484,0.22076884920634923
4228,0.1662040746838434,0.3862366405539217,0.28206513174015657,0.1662040746838434,0.25203780234348216
4229,0.12167507684426239,0.31456360148199963,0.20177704927547457,0.12167507684426239,0.18959591627821254
4230,0.10083993597438982,0.3003377681955898,0.2009956644424,0.10083993597438982,0.18604607220199423
4231,0.14051839760593082,0.33178678623497526,0.21053677725808892,0.14051839760593082,0.30459209495209494
4232,0.0987113217213115,0.29958589173659467,0.1987491400305663,0.0987113217213115,0.37819597069597066
4233,0.15470085307639675,0.37552252607372394,0.2766433459946544,0.15470085307639675,0.28521043846435695
4234,0.13416025156175593,0.3535628154334275,0.2598051277433431,0.13416025156175593,0.22055166583685998
4235,0.14631933859036372,0.3465930195276911,0.23054736187465477,0.14631933859036372,0.10963425778766689
4236,0.12940366950416,0.3403754404877456,0.2389435419671712,0.12940366950416,0.23439344847273766
4237,0.1488527410964387,0.35019390473533074,0.2366823272777841,0.1488527410964387,0.2329107692307693
4238,0.13816244239631328,0.3453772828695011,0.23942968094637548,0.13816244239631328,0.15027478741219202
4239,0.1525937815045367,0.37746432235609023,0.2857410817031071,0.1525937815045367,0.26616095880975343
4240,0.15049269670358764,0.35742875744228,0.24387212147738463,0.15049269670358764,0.23153979429233668
4241,0.16460555068793484,0.3666214177957374,0.2480317342156052,0.16460555068793484,0.17590533101550046
4242,0.149736627690385,0.3777707671358966,0.29206827889102316,0.149736627690385,0.16605557814523658
4243,0.11438953802336892,0.3305019399902387,0.2422248039337396,0.11438953802336892,0.2029226006191951
4244,0.1507499889678302,0.3549296629937274,0.23935934805179443,0.1507499889678302,0.12230751760163527
4245,0.1539361899729389,0.3601962681142278,0.2505201562825778,0.1539361899729389,0.1851687115052969
4246,0.14172453600905785,0.3541624211189222,0.2538757702197288,0.14172453600905785,0.3234700683452436
4247,0.15478315412186378,0.37903999682413114,0.28451368540453476,0.15478315412186378,0.0574571503884143
4248,0.1384356069697115,0.35891073112293814,0.26695024830645325,0.1384356069697115,0.16617829247882865
4249,0.14628092312369256,0.3632012700394639,0.2648406938315427,0.14628092312369256,0.2109601694336271
4250,0.1688879921858737,0.3664621263504091,0.24314826832907074,0.1688879921858737,0.0792095120005704
4251,0.1601373471608732,0.3753451849446516,0.27141567556755675,0.1601373471608732,0.1986821165951601
4252,0.1535564933427779,0.34912370424603895,0.22513442180652204,0.1535564933427779,0.19412007422279634
4253,0.16804883975823132,0.3826593425087944,0.27422100550112627,0.16804883975823132,0.32026667888563043
4254,0.14156280628062803,0.3365832732246561,0.217040933888056,0.14156280628062803,0.1780579422359695
4255,0.13139740876043848,0.3392146789146577,0.23763454030843845,0.13139740876043848,0.1634734299516908
4256,0.10759429648211058,0.29690348806157596,0.18261838315893086,0.10759429648211058,0.2481803788548616
4257,0.17621217455313556,0.39338316322201744,0.2843419773377637,0.17621217455313556,0.3453928790393283
4258,0.13645959135346164,0.3651512380584562,0.281383293409989,0.13645959135346164,0.27599118888563634
4259,0.1172576052737899,0.30655294852218096,0.19059068649678207,0.1172576052737899,0.24476722149455798
4260,0.14666366090691046,0.36812737898439024,0.2699274361549595,0.14666366090691046,0.25607787893547135
4261,0.10497125554008867,0.29721395654901134,0.18748540201784533,0.10497125554008867,0.20711592120606362
4262,0.1364023902390239,0.32193420388663796,0.1960636272952282,0.1364023902390239,0.30203851851851854
4263,0.1498446989191971,0.37096291147559296,0.2802364251127917,0.1498446989191971,0.29306758229138896
4264,0.12231234079366862,0.30539795569624895,0.17817122980516067,0.12231234079366862,0.2716692573216998
4265,0.1461726690676271,0.37364593036783067,0.2839465226004072,0.1461726690676271,0.17991229869528758
4266,0.17922101088404352,0.4165579617843323,0.32767390180057754,0.17922101088404352,0.08242954171656519
4267,0.14500117823093317,0.3707359453050493,0.2804695341482322,0.14500117823093317,0.2865916366383844
4268,0.1410865335381465,0.3574831784166745,0.26079328975705596,0.1410865335381465,0.2797114386218551
4269,0.17500890374513406,0.3943935718459582,0.2897693362016483,0.17500890374513406,0.3098977206312098
4270,0.1063190101039215,0.30418397813461207,0.20272993606138107,0.1063190101039215,0.18346132000283247
4271,0.1538482491517829,0.36703057210015044,0.26336464589673514,0.1538482491517829,0.17935074647389723
4272,0.11521084084336342,0.2982952635574621,0.17616884542819738,0.11521084084336342,0.17427756209437373
4273,0.127435018195226,0.3608821682511757,0.28889430011189937,0.127435018195226,0.1954991520633126
4274,0.15452360236023605,0.3655117273461661,0.2589762499718602,0.15452360236023605,0.24982287238476292
4275,0.11574948796722993,0.32842796935944024,0.23535696278442061,0.11574948796722993,0.25214912280701757
4276,0.15534647163376072,0.36766214588248386,0.2596313484974462,0.15534647163376072,0.26081752622377624
4277,0.14589629426659367,0.352932240924412,0.2450718933156366,0.14589629426659367,0.1274645262145262
4278,0.1256821391260493,0.32699805148776395,0.2216318247234294,0.1256821391260493,0.28195187422107176
4279,0.11247570812943404,0.31942356857593995,0.2208957208930119,0.11247570812943404,0.21232734243949197
4280,0.1482803886055001,0.37106426469459813,0.27456775217819607,0.1482803886055001,0.2793405883522162
4281,0.15564957650388228,0.35895747680990864,0.2476158006120528,0.15564957650388228,0.2157415360261545
4282,0.16027559206417835,0.3717168708676312,0.2648825576069057,0.16027559206417835,0.2054828548644338
4283,0.13204545454545458,0.3292753179374851,0.22445972678406106,0.13204545454545458,0.24945948764421755
4284,0.1441506656426012,0.37337246485297904,0.2884435984207558,0.1441506656426012,0.1757801367911086
4285,0.15748553698328496,0.3656464249571956,0.25232177594782135,0.15748553698328496,0.27176541534750487
4286,0.10577481509926036,0.3066921824218398,0.2058347346451589,0.10577481509926036,0.1405248525624214
4287,0.144738273200517,0.3554130105615232,0.25234947472201236,0.144738273200517,0.13934925214524074
4288,0.1577487922705314,0.37594925634570936,0.2804009281503559,0.1577487922705314,0.30578454332552696
4289,0.13314938111479407,0.31138988151636604,0.180481000803144,0.13314938111479407,0.24610336246018405
4290,0.156875278218123,0.37786138932923413,0.2779722222222223,0.156875278218123,0.22206360069146647
4291,0.14799789810829753,0.35952793188208176,0.2570600675475685,0.14799789810829753,0.23698617031353608
4292,0.11265947635466607,0.32251668246695503,0.230714412224578,0.11265947635466607,0.2879293208511475
4293,0.1258916891689169,0.30722214026469497,0.18066090219155617,0.1258916891689169,0.47692505497623605
4294,0.16205263600639325,0.3670494493323966,0.25399362665200664,0.16205263600639325,0.23529179315175341
4295,0.13786923668032797,0.3429355379025788,0.2371326024445018,0.13786923668032797,0.22639779474130617
4296,0.13687146892655364,0.34494664965254,0.23615036145197277,0.13687146892655364,0.2692005462458218
4297,0.1603060211508529,0.36719808324541425,0.2527841241891227,0.1603060211508529,0.3158634734441186
4298,0.15217366946778704,0.3751802338142025,0.2820131286928308,0.15217366946778704,0.1638368524541963
4299,0.1268154374229889,0.3466354362159193,0.25663999758586076,0.1268154374229889,0.34077640372071294
4300,0.14107053251408086,0.3573004605058589,0.26045985598355603,0.14107053251408086,0.29528863578282183
4301,0.13839011404410567,0.34010104220633064,0.22942185632444995,0.13839011404410567,0.2903515580570279
4302,0.13340215716486897,0.36177836449654344,0.275752414663349,0.13340215716486897,0.22286411568565112
4303,0.195056305630563,0.41800156718205506,0.3098905231029841,0.195056305630563,0.31947363053613065
4304,0.16935732581967214,0.3811072304907328,0.27149980934212137,0.16935732581967214,0.18337332920002192
4305,0.15653624487704926,0.37917379406833956,0.2852750983825807,0.15653624487704926,0.28827954389522153
4306,0.14752081595997182,0.36516193980801137,0.27128224769607917,0.14752081595997182,0.32063035481467683
4307,0.1658239419705048,0.39682168301825194,0.30399548209549426,0.1658239419705048,0.30073210518690235
4308,0.1735,0.4036298744483971,0.3092597488967942,0.1735,0.12902875816993475
4309,0.13600475121181926,0.326691731518878,0.2073739606141174,0.13600475121181926,0.31778091135844394
4310,0.1764999999999999,0.39497271372494325,0.2879454274498866,0.1764999999999999,0.17323753642893788
4311,0.12740705128205138,0.3278020735064413,0.22179004444877987,0.12740705128205138,0.253473405238829
4312,0.1341162302554437,0.3580999131175937,0.2689673657243001,0.1341162302554437,0.13979282100594279
4313,0.16375944698983053,0.3881360028983284,0.2947531118169958,0.16375944698983053,0.1370016233766233
4314,0.15412993071002226,0.35665711254281074,0.24205436366557692,0.15412993071002226,0.24505194805194808
4315,0.1474496661530559,0.37355295798425514,0.2792065836623985,0.1474496661530559,0.14743462642462793
4316,0.13626625166794226,0.36828213532321197,0.2850317673105394,0.13626625166794226,0.3018488993249535
4317,0.12123950190328672,0.3314877105328825,0.23249641725919162,0.12123950190328672,0.3428382648493986
4318,0.13623889695558786,0.33077524077513565,0.2130726876390956,0.13623889695558786,0.3088610196156807
4319,0.13047959738955417,0.32283960392592215,0.20372001307273585,0.13047959738955417,0.30776250543714656
4320,0.11376396004098367,0.3077963291521397,0.1990647382223122,0.11376396004098367,0.27501656197829455
4321,0.1593233486943164,0.354973252590957,0.23029980779328124,0.1593233486943164,0.23108248536950027
4322,0.12803981819345756,0.3373688743858596,0.23865811238480406,0.12803981819345756,0.28589992767502287
4323,0.16054597848360658,0.35025559689834473,0.22141923682947634,0.16054597848360658,0.23090391975438443
4324,0.14611255646829574,0.3335388794842473,0.20685264603190306,0.14611255646829574,0.1640850853632182
4325,0.15841412271043936,0.3735760323551446,0.27132381928941035,0.15841412271043936,0.3282230692660206
4326,0.14058155551284512,0.32541607932236893,0.19466904761904763,0.14058155551284512,0.33101942403650186
4327,0.13591979027889478,0.3453756235019598,0.2439116664461301,0.13591979027889478,0.29649062954016514
4328,0.10422033857548216,0.3203242672314501,0.23120785731193583,0.10422033857548216,0.25208254105297057
4329,0.1475637050192804,0.36544604276110304,0.2677646754836454,0.1475637050192804,0.3198377581120944
4330,0.14819014580855477,0.361387545440112,0.2553947992631145,0.14819014580855477,0.27125179303432423
4331,0.15555655847897054,0.3648540860025028,0.2565950550470644,0.15555655847897054,0.3357639738050596
4332,0.1655627523317555,0.3888267682030686,0.29152803174262626,0.1655627523317555,0.18636826684696867
4333,0.13842893884090451,0.3378493294036734,0.22984078112553785,0.13842893884090451,0.3073989218852628
4334,0.16266714461942675,0.363504828717695,0.2406753681965366,0.16266714461942675,0.23387160287400197
4335,0.14628680812731462,0.33898725330069795,0.21840089034676666,0.14628680812731462,0.17251480242784598
4336,0.12278324050957053,0.32326694833971104,0.2149674156602811,0.12278324050957053,0.2843947594501719
4337,0.1625640195009302,0.3631217329121527,0.24011542682244508,0.1625640195009302,0.09444830058423208
4338,0.11975072018436722,0.2987875882118028,0.1700737360548712,0.11975072018436722,0.2657587596373804
4339,0.14988244253115113,0.36429383944740856,0.25982279383251494,0.14988244253115113,0.31677171954052946
4340,0.12233632172131151,0.321725181889726,0.21177772033682896,0.12233632172131151,0.33897505954883
4341,0.12233516905737712,0.30764981403064634,0.18762928994653852,0.12233516905737712,0.45265044941714383
4342,0.11756449285817332,0.32962516032701994,0.23312133493769321,0.11756449285817332,0.24083795357223348
4343,0.15692103578516098,0.3774569926599055,0.278071913749489,0.15692103578516098,0.2870446141283834
4344,0.15617590935121003,0.3625388187851182,0.24772581886781628,0.15617590935121003,0.3043570739975635
4345,0.11349416716007107,0.3158898054300341,0.212791276539926,0.11349416716007107,0.3088673881463255
4346,0.11942307692307685,0.3149781468328223,0.20111013981949089,0.11942307692307685,0.31418267419962337
4347,0.14963159579277546,0.35982821329811143,0.254393235010672,0.14963159579277546,0.3408625782819331
4348,0.16171696486785933,0.37822374760266353,0.27401356546960837,0.16171696486785933,0.20176189514772191
4349,0.12285148514851484,0.34635156763775066,0.2630001649784717,0.12285148514851484,0.1648438276298872
4350,0.18899727371864777,0.4245850926372901,0.33417563783728466,0.18899727371864777,0.24499620733249053
4351,0.16613836980599986,0.37231987839225356,0.25936301717250737,0.16613836980599986,0.2148557726090928
4352,0.14360280615000545,0.3655893454771133,0.2739730786542157,0.14360280615000545,0.3112906403940886
4353,0.17397070601392545,0.39396374027017367,0.2919860685124964,0.17397070601392545,0.22263703502093596
4354,0.1152097342183353,0.3133819910445562,0.20234451365244183,0.1152097342183353,0.30960782900067296
4355,0.17474475530071734,0.38557402136981467,0.27265853213819463,0.17474475530071734,0.19173574435514734
4356,0.13635550694801857,0.34756921330352664,0.2524274127110162,0.13635550694801857,0.31405053180250325
4357,0.1571992481203007,0.34513727620675044,0.21087605617289945,0.1571992481203007,0.18714024469119428
4358,0.1657060693028488,0.37270354153315244,0.25999494446060734,0.1657060693028488,0.12715810061398286
4359,0.15591334806488288,0.37221485224338935,0.27160300835701295,0.15591334806488288,0.24503763952582847
4360,0.1678571440008966,0.40039031722623997,0.3080663464506867,0.1678571440008966,0.24164860220772932
4361,0.12831687526750102,0.33374843979029667,0.22986312904559122,0.12831687526750102,0.22368193658714675
4362,0.12156413111392371,0.3138453520807055,0.20156244193356365,0.12156413111392371,0.29065601040885625
4363,0.1562752176139272,0.37312799548743125,0.27070555574700805,0.1562752176139272,0.17131679604456557
4364,0.14263511782786892,0.3360936416473745,0.2169170476390112,0.14263511782786892,0.13306057030481805
4365,0.14940581415830018,0.365301956103787,0.26679228389097376,0.14940581415830018,0.35024491452073425
4366,0.1378503401360544,0.3414520356933213,0.23120339111453372,0.1378503401360544,0.4091575801153266
4367,0.1257341743018281,0.322115179440269,0.2117620102768818,0.1257341743018281,0.3784418480070654
4368,0.1309901433691756,0.3671387610183062,0.29229723529826124,0.1309901433691756,0.2778109708586567
4369,0.16498789580633288,0.3863505571567325,0.2857253227007992,0.16498789580633288,0.11125479817340278
4370,0.1615599461158509,0.3827868347302853,0.28645377722886883,0.1615599461158509,0.3029952562236027
4371,0.12570064111029744,0.3356680895206452,0.23893489682069557,0.12570064111029744,0.26632820071971586
4372,0.16475297596421237,0.37488771696331835,0.262269481998212,0.16475297596421237,0.30097358107294747
4373,0.14287390857729854,0.3760909998237451,0.2994341824928932,0.14287390857729854,0.20604031912615123
4374,0.18207607321717145,0.40208993225601436,0.2950277180776858,0.18207607321717145,0.24382141769242283
4375,0.15173899129544288,0.3673052537544647,0.2661325249180436,0.15173899129544288,0.25403131313131316
4376,0.15783128520225284,0.4040719540409048,0.33048133767730387,0.15783128520225284,0.19938205815584203
4377,0.16704027321812961,0.3819441074208073,0.27780766840535537,0.16704027321812961,0.22236152830380337
4378,0.15177631663352362,0.36693640085580415,0.2683201684445611,0.15177631663352362,0.2562785143561473
4379,0.1680728406222623,0.3786294102839627,0.26611313932340075,0.1680728406222623,0.2687020929681315
4380,0.12332593037214891,0.32145116767011606,0.2132504745959343,0.12332593037214891,0.19922578928576334
4381,0.1621674347158218,0.38997345270096695,0.29761203597029035,0.1621674347158218,0.2376430887120542
4382,0.13015549237953086,0.34652994495966444,0.2517489051602671,0.13015549237953086,0.2789389650862143
4383,0.1564512288786483,0.38769683813831624,0.2994912185193359,0.1564512288786483,0.21491879458157348
4384,0.1423222206209669,0.34902369919774756,0.24340295715356136,0.1423222206209669,0.3481335090030742
4385,0.1887570370281481,0.4420264596155833,0.36553884517487034,0.1887570370281481,0.2653981106612686
4386,0.1437868254273093,0.33972864283154525,0.21988363480847178,0.1437868254273093,0.32836983471074377
4387,0.13604548364381286,0.341389454809102,0.23368794233057835,0.13604548364381286,0.11608380202474693
4388,0.15852260972602522,0.3760131912664029,0.2759811630807554,0.15852260972602522,0.15535267002314046
4389,0.141814192433263,0.35953031164244087,0.2644322384183557,0.141814192433263,0.34347216902997835
4390,0.19246210728291652,0.4297821330869101,0.33864005160798716,0.19246210728291652,0.3017506955937189
4391,0.1085792892686284,0.3200167941733919,0.22887500980952702,0.1085792892686284,0.26508360225181693
4392,0.15815804303278685,0.37056469066781234,0.2618132952700509,0.15815804303278685,0.31059479849637206
4393,0.165279569892473,0.3749666481281595,0.26337415647137297,0.165279569892473,0.28330830427845
4394,0.12554332623897843,0.34000740505476923,0.2449281576315816,0.12554332623897843,0.24925283638207363
4395,0.14137058371735792,0.34702541687217814,0.23830966630964046,0.14137058371735792,0.22659570383031577
4396,0.15259068161345207,0.3639378558103896,0.259694348393875,0.15259068161345207,0.4092725563608698
4397,0.14819892879571506,0.3554414724633062,0.24648508733518223,0.14819892879571506,0.37144544997486173
4398,0.1345138087065066,0.34073993986236706,0.23445226231172098,0.1345138087065066,0.2145472843944631
4399,0.12332593037214891,0.32881119405887554,0.2279705273734533,0.12332593037214891,0.23922455937884884
4400,0.18561049944950445,0.41628634547814647,0.32035169205728403,0.18561049944950445,0.4224137931034483
4401,0.18618338421194472,0.4096202077589725,0.3088736470940556,0.18618338421194472,0.28688636363636366
4402,0.12259119134498427,0.3087547506316263,0.18632711857328405,0.12259119134498427,0.15327162408309952
4403,0.12415105375174025,0.3277565051566267,0.22421090280977285,0.12415105375174025,0.26546743518087257
4404,0.1649215303032731,0.37735802911140504,0.2708729976162638,0.1649215303032731,0.18606944444444437
4405,0.1632589690358762,0.3939897004660036,0.3034614628602549,0.1632589690358762,0.19696038321816162
4406,0.13341188935444753,0.33827202509525944,0.23072027148162377,0.13341188935444753,0.23997168794029763
4407,0.1458892664049401,0.35456758054866144,0.24935662828744287,0.1458892664049401,0.3312896526512645
4408,0.13392937174869943,0.3402374771259029,0.2336162107544069,0.13392937174869943,0.17762783203235966
4409,0.11765600719669485,0.3271594750343444,0.22800693567529895,0.11765600719669485,0.297143527909248
4410,0.1533184714649727,0.35983752594425195,0.24903810895855846,0.1533184714649727,0.3112901809924131
4411,0.1750550323531297,0.39507371922181655,0.29203737373737376,0.1750550323531297,0.2073998703954963
4412,0.1382616439233775,0.33015614547807326,0.21178900310939153,0.1382616439233775,0.21666466131907303
4413,0.15935535074244742,0.37658605419715285,0.2734614069094108,0.15935535074244742,0.26219256030370225
4414,0.12232757072294573,0.32002910078271496,0.2064030601195384,0.12232757072294573,0.14770059519075263
4415,0.15574094896379584,0.4030765652465427,0.33167123256549363,0.15574094896379584,0.20614285714285716
4416,0.1427462348644551,0.3400568247403194,0.22262117975172868,0.1427462348644551,0.20074828108402562
4417,0.14486495553128415,0.34541941702602696,0.23210892298948566,0.14486495553128415,0.1811855947895373
4418,0.1418141327194475,0.36949597784010085,0.2853636902413067,0.1418141327194475,0.23488544891640864
4419,0.1230075563524591,0.33089712733342486,0.23277914196193164,0.1230075563524591,0.2088167830888711
4420,0.17321540662789614,0.4036452136323447,0.30585961400889705,0.17321540662789614,0.28300104942261806
4421,0.18454281712685064,0.3947362240209543,0.27538681378820723,0.18454281712685064,0.2518406817842554
4422,0.1603019323671498,0.38309959561644735,0.2905953264985951,0.1603019323671498,0.24683102034641857
4423,0.1600326337245856,0.3842798663079992,0.2864944651668272,0.1600326337245856,0.25763247830000074
4424,0.10606805066628085,0.29027158079628157,0.17740706026000147,0.10606805066628085,0.2675111526091918
4425,0.18130054727880815,0.3901248796974922,0.27264866483736816,0.18130054727880815,0.11362793674387878
4426,0.12700000000000003,0.33450769061583585,0.2330153812316716,0.12700000000000003,0.21999314872966028
4427,0.1148862956265703,0.31317439818292125,0.2055762051127019,0.1148862956265703,0.36395881895881893
4428,0.1460116881870111,0.3461650171198567,0.23130665786569132,0.1460116881870111,0.2192848848848849
4429,0.14452220319383474,0.34772612571332556,0.2374078450389816,0.14452220319383474,0.23057784900770642
4430,0.15345458183273317,0.38126667997148106,0.2896241962774958,0.15345458183273317,0.32448475284215816
4431,0.14448299829982997,0.34477868920036986,0.22959138180107974,0.14448299829982997,0.2647475788231495
4432,0.14748343828639535,0.35996036767014117,0.25295385876749166,0.14748343828639535,0.3523305368466659
4433,0.12900975872322212,0.32890190513402523,0.22078429282160628,0.12900975872322212,0.23621874482530225
4434,0.12580559712901712,0.33615342321597363,0.23269565217391303,0.12580559712901712,0.3267037786774629
4435,0.17491034958527862,0.38645984918548915,0.2770989992004211,0.17491034958527862,0.31900365701836286
4436,0.10271880687522753,0.297701955525991,0.191966297301527,0.10271880687522753,0.24027017623477798
4437,0.15632662408605774,0.3742283213589841,0.27480339454585284,0.15632662408605774,0.19485013609292046
4438,0.12237839949671227,0.347998558149221,0.2692403173050176,0.12237839949671227,0.1891488041432836
4439,0.14978552111504062,0.36441109005674444,0.2632511378834076,0.14978552111504062,0.2461440377804014
4440,0.15249999999999989,0.3589040794239198,0.24780815884783974,0.15249999999999989,0.22273326253200465
4441,0.12868349204061952,0.33708446124758273,0.2378019384139265,0.12868349204061952,0.24413418762140873
4442,0.13923270943849464,0.3698511537295892,0.2892368885821891,0.13923270943849464,0.30714995407865076
4443,0.12118746672750777,0.3567045112104896,0.2830340889659637,0.12118746672750777,0.14025759809648913
4444,0.1537829431317725,0.36333500295246246,0.25510411964137997,0.1537829431317725,0.3432348193514694
4445,0.13556265664160394,0.3613140107916237,0.2725027083000394,0.13556265664160394,0.3106702486174627
4446,0.12652900815979742,0.33627158421159853,0.23348515210360216,0.12652900815979742,0.24145224048262942
4447,0.1051743598672703,0.3104201262239606,0.21149153271338061,0.1051743598672703,0.20960783097146735
4448,0.1446515724378794,0.3667615396258639,0.2712199343759689,0.1446515724378794,0.28367365967365965
4449,0.14022315083575226,0.3570654207924414,0.26268453991337826,0.14022315083575226,0.30045030828790753
4450,0.1303965495166763,0.34665073508832245,0.2515083711432923,0.1303965495166763,0.3673088360730885
4451,0.13431777028297537,0.34707858050800744,0.24752162045006404,0.13431777028297537,0.14866092242976445
4452,0.1284994863893169,0.3107374517915755,0.18047593080451726,0.1284994863893169,0.40336877988356257
4453,0.1646313990168292,0.360692057193341,0.23312131635302366,0.1646313990168292,0.2070195209057309
4454,0.1708585240749884,0.391316015671903,0.2829149831938294,0.1708585240749884,0.2765156532356532
4455,0.1558849809771364,0.3609316024831551,0.2530932430120374,0.1558849809771364,0.33755442140858816
4456,0.13836611318007452,0.3204801488492647,0.19022807133838038,0.13836611318007452,0.1727337662337663
4457,0.13748616803278685,0.3423795947347891,0.23278685340400454,0.13748616803278685,0.35346966183574885
4458,0.14969693278773114,0.34770462018805015,0.22901537480063802,0.14969693278773114,0.31322433725094334
4459,0.1543297667245036,0.38788560714660447,0.3081116808442017,0.1543297667245036,0.28536998509345257
4460,0.14222183149361575,0.35440146889440216,0.25535927480157283,0.14222183149361575,0.3449779375404161
4461,0.16985834333733482,0.4010766301325845,0.31043657359049925,0.16985834333733482,0.24880382229520165
4462,0.15363208317980104,0.3418376235422798,0.21441108072495751,0.15363208317980104,0.32481922077922076
4463,0.1086162350386081,0.2989313436212868,0.1826302171653574,0.1086162350386081,0.15901271118262264
4464,0.16466237756865748,0.38693543378614803,0.28654611243498107,0.16466237756865748,0.20406906695727872
4465,0.13326902887139117,0.34485387022614866,0.24416968270951503,0.13326902887139117,0.3632451725519761
4466,0.12656123478741427,0.3279904276781982,0.2178583857815679,0.12656123478741427,0.2941942655046103
4467,0.14521660334407402,0.3447036427957175,0.2259740789032869,0.14521660334407402,0.19266518970879848
4468,0.1510817797762878,0.36889201614745526,0.26862047274233497,0.1510817797762878,0.264503286949489
4469,0.16093657462985195,0.37937044623472943,0.27586774320975493,0.16093657462985195,0.39312126245847173
4470,0.11907130713071314,0.3161768390383396,0.206211063815253,0.11907130713071314,0.23943317558084232
4471,0.13481203007518808,0.3422606344780178,0.23489720880565956,0.13481203007518808,0.12808258005435424
4472,0.1736050945851265,0.37680273069549997,0.25339527222074687,0.1736050945851265,0.23672858010071163
4473,0.16106198770491814,0.37317346624099773,0.26722295707215926,0.16106198770491814,0.26152442523263636
4474,0.12970395284771608,0.3134410491704571,0.18947419264548207,0.12970395284771608,0.16157651478171095
4475,0.10874282297129194,0.31120669526161715,0.21092774458065044,0.10874282297129194,0.23928345310538013
4476,0.10902959626186175,0.3144976190689618,0.21793604561420016,0.10902959626186175,0.43176589055899406
4477,0.14385288528852888,0.35827171882262415,0.25883766706819056,0.14385288528852888,0.25228816602694965
4478,0.13248068261435286,0.321408856372268,0.19685634751583028,0.13248068261435286,0.2728041458058849
4479,0.1333582322690206,0.36260642872986415,0.283496392921687,0.1333582322690206,0.19500259776977336
4480,0.1398120300751881,0.3401692207320588,0.2307143813137415,0.1398120300751881,0.2689903366138925
4481,0.1679846194547662,0.42182967907856583,0.3496901192475993,0.1679846194547662,0.19404093178387843
4482,0.15505199679711748,0.35621294025763717,0.2413218869210394,0.15505199679711748,0.3757344735909252
4483,0.1432905878208516,0.3411396453428829,0.2266981150440625,0.1432905878208516,0.13847575189038605
4484,0.15458360836083612,0.32571389734917,0.17926057797666778,0.15458360836083612,0.14424519308150402
4485,0.14075430510210624,0.359013336127259,0.2625180620503056,0.14075430510210624,0.3598543356526865
4486,0.14779835466764918,0.37159221825876143,0.2765877271822244,0.14779835466764918,0.20752850252261523
4487,0.09971879887519552,0.26526091959016695,0.13108424142994293,0.09971879887519552,0.3208743396872653
4488,0.12005714651803455,0.32667575339349586,0.2292372137509227,0.12005714651803455,0.3543966218966219
4489,0.1334275588409415,0.3405916473605358,0.23632817703918868,0.1334275588409415,0.31031115797114683
4490,0.15814423076923073,0.35558609123434703,0.23088372093023257,0.15814423076923073,0.31286739056576474
4491,0.11904932537581626,0.3173035141456612,0.21350837753968993,0.11904932537581626,0.296104922745239
4492,0.14748683973607454,0.3636935533706895,0.2654134272692299,0.14748683973607454,0.26259456115779645
4493,0.14554300430042993,0.34528145044390224,0.23047689228694446,0.14554300430042993,0.3878105953474875
4494,0.16010533896677542,0.37293765660637734,0.2666646352792038,0.16010533896677542,0.2462150618457068
4495,0.12923721835961108,0.34976382825985586,0.2580532198004896,0.12923721835961108,0.3618431481481481
4496,0.12231285925143696,0.32163948389481734,0.21365324928676072,0.12231285925143696,0.2748804348588831
4497,0.12216682670763725,0.29349922245350907,0.15866479149174367,0.12216682670763725,0.3709693084693085
4498,0.11822962229839556,0.296827007814506,0.17619477103222084,0.11822962229839556,0.3657742839889579
4499,0.09550965096509653,0.2883306537701456,0.18364200561009816,0.09550965096509653,0.3051840760868594
4500,0.14048537692243052,0.34199313743400206,0.23201552102314316,0.14048537692243052,0.3067069923102965
4501,0.13330688238315364,0.3476618092555067,0.2547098537447063,0.13330688238315364,0.2762950157162102
4502,0.15856162239298358,0.37349175167769005,0.272860258569413,0.15856162239298358,0.2973458602466236
4503,0.15443578297252744,0.3597077889619442,0.24654401197883344,0.15443578297252744,0.14256440281030447
4504,0.14391227015502017,0.3384045866553348,0.22198463300062926,0.14391227015502017,0.33355152082340456
4505,0.1417792237002763,0.3450188520704137,0.2294792567402748,0.1417792237002763,0.06586989212160833
4506,0.1776604641856742,0.3969396918995993,0.29155845542785025,0.1776604641856742,0.23980627334372853
4507,0.09934474180716951,0.32376392479273636,0.24483836597113362,0.09934474180716951,0.2548563182848897
4508,0.13429690800845023,0.3482606992885746,0.25192758256024883,0.13429690800845023,0.22739555715191306
4509,0.14544368709899358,0.3465354693403454,0.2321835644827036,0.14544368709899358,0.3994042397660818
4510,0.16657743097238903,0.39358407945437335,0.3000132969639687,0.16657743097238903,0.171417629239406
4511,0.09927956263878349,0.3083312753362834,0.21210342539499985,0.09927956263878349,0.08213456284153006
4512,0.14845981883753423,0.3566988442789396,0.24647805088281086,0.14845981883753423,0.1459379281665171
4513,0.13827679196731218,0.36391071401279973,0.2782678440909751,0.13827679196731218,0.25987472923037713
4514,0.1457177840224808,0.34936569704757897,0.23329582605019622,0.1457177840224808,0.1360244107744108
4515,0.12846034473780132,0.35331880239870717,0.26571691532181163,0.12846034473780132,0.24998250906321035
4516,0.1829009118954542,0.4046635774280176,0.29752533106512685,0.1829009118954542,0.2445589109136477
4517,0.16320573408947703,0.3565827441207876,0.2317540200626212,0.16320573408947703,0.24084267007281648
4518,0.09999910182395756,0.30846788332673614,0.2179375630055572,0.09999910182395756,0.20943589743589744
4519,0.13840318513975575,0.343180750922386,0.23155513156526042,0.13840318513975575,0.18878904731214252
4520,0.13816986794717884,0.34857581503272383,0.24781189417108995,0.13816986794717884,0.19870394420394422
4521,0.1597829591318365,0.38720458232759297,0.29484324639151294,0.1597829591318365,0.278750812276236
4522,0.13271663145765322,0.3459552928521388,0.24947732278897117,0.13271663145765322,0.18595218737901664
4523,0.13447435897435903,0.3036767325718297,0.16440474719494136,0.13447435897435903,0.21978338942314105
4524,0.14757242897158868,0.35695800914790465,0.2517711603526319,0.14757242897158868,0.24779865820681624
4525,0.13948248470791816,0.33726592731940375,0.2195668852229712,0.13948248470791816,0.3163018630670804
4526,0.144630899355288,0.3620109829204756,0.2657601671303753,0.144630899355288,0.29292956158064076
4527,0.1580198163170612,0.3669273596884767,0.2568150867428311,0.1580198163170612,0.3317441347841348
4528,0.16747187520020493,0.39014079465477924,0.2883378389091486,0.16747187520020493,0.26867887716161865
4529,0.12969423558897247,0.33228996600999733,0.22919146084204975,0.12969423558897247,0.3118493230625584
4530,0.13303190059368555,0.34467652972148655,0.246289258255602,0.13303190059368555,0.22613366837504764
4531,0.12184553821528614,0.3314296932409454,0.2351683100513186,0.12184553821528614,0.23955838345864666
4532,0.15335509472606246,0.35407839952559417,0.2364466095990635,0.15335509472606246,0.3307634599787884
4533,0.1598421014692986,0.3626754551239551,0.24766670730931306,0.1598421014692986,0.26404418896222176
4534,0.1603357243928152,0.3642147547721182,0.2447580607586059,0.1603357243928152,0.30738450088212116
4535,0.13112983703252534,0.3322532508972892,0.22024682772952764,0.13112983703252534,0.19662998569839502
4536,0.162998266828376,0.40067888802422275,0.3153612423916935,0.162998266828376,0.24261096960944295
4537,0.12144139413941403,0.31297995594707834,0.19807712361532862,0.12144139413941403,0.09259579989619517
4538,0.15358292463216897,0.356343544722887,0.23952124018143603,0.15358292463216897,0.3677240355979849
4539,0.10280469953775045,0.2900549796335262,0.17150056019155158,0.10280469953775045,0.21464369458267246
4540,0.1499329731892758,0.35912987249332584,0.2533937986081002,0.1499329731892758,0.1483530356007629
4541,0.14230769230769225,0.36555754262331314,0.27149970063124174,0.14230769230769225,0.26387417357003806
4542,0.14257594774590154,0.3493011484366757,0.24045040138154833,0.14257594774590154,0.16114214335327467
4543,0.14861324529811912,0.37449941933457376,0.28277234807290924,0.14861324529811912,0.19706063128301504
4544,0.14072947880060435,0.34382344135141496,0.23018792510162123,0.14072947880060435,0.12105811062846226
4545,0.13999246936400359,0.34597989074765134,0.23197484276729555,0.13999246936400359,0.36431132075471695
4546,0.15469167250525473,0.3563052978796853,0.2422272507488611,0.15469167250525473,0.3287312783565938
4547,0.14999329932993305,0.37541350521005684,0.2848404117602476,0.14999329932993305,0.2652832216533457
4548,0.09810991099109907,0.3183548227931706,0.23848982360414303,0.09810991099109907,0.2269479598039304
4549,0.1231817716333846,0.32007601066935554,0.20978847807194187,0.1231817716333846,0.30872727272727274
4550,0.11350000000000002,0.3085580374141778,0.19911607482835558,0.11350000000000002,0.3044107966107966
4551,0.12189375320020485,0.3194944560529226,0.20920140570543544,0.12189375320020485,0.2621540993642334
4552,0.165604410441044,0.3956059166721805,0.30300301246227285,0.165604410441044,0.3667213554508636
4553,0.15034240032641172,0.38539141905466845,0.3040980374565134,0.15034240032641172,0.23451164090147136
4554,0.17035048069421596,0.3962785396855925,0.297856117982753,0.17035048069421596,0.24656911495973996
4555,0.16294089766376843,0.36680564869427584,0.25172950206101485,0.16294089766376843,0.3044097195907541
4556,0.16277896711586837,0.37200865678388906,0.26045937933604135,0.16277896711586837,0.40428507181263085
4557,0.12938607270865338,0.3297969557266808,0.2198217660360548,0.12938607270865338,0.2316240631348439
4558,0.1849898991111698,0.3926570667079562,0.27333433519357275,0.1849898991111698,0.22715221743068278
4559,0.13964510953817313,0.3439192662285555,0.2375483133807647,0.13964510953817313,0.22311232782811735
4560,0.172,0.371935888246705,0.24787177649340997,0.172,0.21565378289473686
4561,0.15651630284609003,0.3584840860348036,0.23893556637742708,0.15651630284609003,0.16783549719760243
4562,0.11967943329690878,0.29798956607008037,0.17162026554634327,0.11967943329690878,0.22910822281167115
4563,0.11891971305503515,0.3234207085599604,0.21900199100985046,0.11891971305503515,0.24621032468846676
4564,0.17041036172359134,0.3751470960523165,0.25447346865745035,0.17041036172359134,0.20072111489223787
4565,0.16168496473985897,0.37227105440521013,0.26217217933070236,0.16168496473985897,0.3393650793650793
4566,0.16777993880068576,0.37310697379793634,0.2586540699945012,0.16777993880068576,0.298502879941892
4567,0.11029246770817074,0.3284937960190351,0.2414026566217288,0.11029246770817074,0.16069522326064384
4568,0.12249734191606208,0.33518083411972993,0.2383669844073356,0.12249734191606208,0.3181999709793827
4569,0.17764521452145215,0.3999636933120589,0.29563695758121344,0.17764521452145215,0.2895641830811685
4570,0.17433110727875828,0.4054203777846128,0.310178541011709,0.17433110727875828,0.32147533167495856
4571,0.1676856388117257,0.3718371456544579,0.25630301368546454,0.1676856388117257,0.25534505934505936
4572,0.13686180840163925,0.35101230925104393,0.2513010016988093,0.13686180840163925,0.23882692657619348
4573,0.14119219691908913,0.3618279165928042,0.2682714393474302,0.14119219691908913,0.32027875666395583
4574,0.17435599078341008,0.41974686712584314,0.33978175268486605,0.17435599078341008,0.28238266283524904
4575,0.14231966809563273,0.3565973581453823,0.2585553800994992,0.14231966809563273,0.2702392658144871
4576,0.1881001376022017,0.441258424875707,0.3653165745470106,0.1881001376022017,0.13848799175463905
4577,0.142462796279628,0.3151189132818953,0.17431223400453463,0.142462796279628,0.1630438851104308
4578,0.12597147954367272,0.3344885378878952,0.23403411668844493,0.12597147954367272,0.23436543679695948
4579,0.11047569223504183,0.2982987181254512,0.1846460517808188,0.11047569223504183,0.2375039223144032
4580,0.11126043706524753,0.3007559859077623,0.18899109768502967,0.11126043706524753,0.15155259353291722
4581,0.12493019829960195,0.3361731822572882,0.23548596791537246,0.12493019829960195,0.18738856331048243
4582,0.19343811381487325,0.42205855538624015,0.32324088314273375,0.19343811381487325,0.3349648215164079
4583,0.14376218248991218,0.33640988640571995,0.2122954078316155,0.14376218248991218,0.33796251050221393
4584,0.16241660363615992,0.3613304767322711,0.24082774619222236,0.16241660363615992,0.2652525318182547
4585,0.1354078874175101,0.32965001226004637,0.21348424968507254,0.1354078874175101,0.2920648246337535
4586,0.14030458786065195,0.34183654755969867,0.23106391939809345,0.14030458786065195,0.19455114379084967
4587,0.12705547198796627,0.33151407385664794,0.22591720373736332,0.12705547198796627,0.19545240245220896
4588,0.13338218821882192,0.3223938544572823,0.20102333247692078,0.13338218821882192,0.32754079822583937
4589,0.12848799412120412,0.3319459111863583,0.22791583413030841,0.12848799412120412,0.14519875357793388
4590,0.11005325140809016,0.3091952900743548,0.20428407733252926,0.11005325140809016,0.2265716602174314
4591,0.1356435782972527,0.33845130204187324,0.22961544748924106,0.1356435782972527,0.30526710838129323
4592,0.13468619786976,0.33889293490645656,0.2334134740733932,0.13468619786976,0.28007346656611365
4593,0.15274364701926313,0.3887675221683139,0.30904775029810155,0.15274364701926313,0.16363869556369556
4594,0.13815612362045043,0.34673552615257686,0.2421588050642529,0.13815612362045043,0.261787152116256
4595,0.16242358897130682,0.40076581119352905,0.32068444444444444,0.16242358897130682,0.1527798554915636
4596,0.17082588597842827,0.39092174474775765,0.2831917175386588,0.17082588597842827,0.31530129842486165
4597,0.13042159453011165,0.3498094387365447,0.25677568841286613,0.13042159453011165,0.24225314058843775
4598,0.15926692175642942,0.36581296635736843,0.256092089201878,0.15926692175642942,0.23374182976493618
4599,0.17654504053648284,0.38995137137094404,0.27981266166892244,0.17654504053648284,0.2771486849168008
4600,0.17669209966235128,0.4100984986273709,0.3188127979300393,0.17669209966235128,0.1587786996374783
4601,0.1675359408033826,0.40113618253070216,0.3102004834546391,0.1675359408033826,0.2279706359049063
4602,0.14676356233605312,0.3595814242798384,0.2636357238875706,0.14676356233605312,0.28064765694076044
4603,0.1417869111476447,0.3594268588544798,0.26327989541367025,0.1417869111476447,0.32913528311965806
4604,0.1891443704709601,0.41385750762466333,0.3064262743074065,0.1891443704709601,0.14936331553126378
4605,0.13317252866935742,0.3239198055153185,0.20149455369192218,0.13317252866935742,0.16026766163129796
4606,0.12666181618161818,0.33074749974997497,0.22517136713671365,0.12666181618161818,0.2312197473971668
4607,0.16162473360384338,0.3874096225707523,0.2975697779338178,0.16162473360384338,0.3352967311964455
4608,0.12692999667775423,0.323752544412304,0.20964509546909957,0.12692999667775423,0.1827171912755437
4609,0.12456411167166347,0.3253974889349669,0.22266675452660678,0.12456411167166347,0.23447430014430012
4610,0.1697997951868919,0.3816232698861495,0.269646949398515,0.1697997951868919,0.18326759497812128
4611,0.14911320467831582,0.36700169200716043,0.26977697465768924,0.14911320467831582,0.12860246482868165
4612,0.10521649773422365,0.3077103003138355,0.2059876051592237,0.10521649773422365,0.2462377269195451
4613,0.1316433757423582,0.36444553112380446,0.2836043107628925,0.1316433757423582,0.28949787775891345
4614,0.11380927835051555,0.31872942924910197,0.216840301797173,0.11380927835051555,0.09079258473744156
4615,0.1522980769230769,0.3765357028929971,0.28047525193984035,0.1522980769230769,0.31170642433845386
4616,0.17117027667857537,0.39057035886097313,0.2838001643647955,0.17117027667857537,0.2694080650704549
4617,0.17647833735605262,0.4062306315126348,0.3085045883131643,0.17647833735605262,0.2147982396205469
4618,0.1271666666666667,0.32112448759830614,0.20891564186327893,0.1271666666666667,0.24268993410036194
4619,0.18831284880364357,0.4136191525053432,0.3126126074033992,0.18831284880364357,0.20328081143917226
4620,0.15741826022947297,0.3837952607665299,0.2917540010741138,0.15741826022947297,0.27303544825790593
4621,0.16440048668032786,0.3812033153867551,0.2746056574128545,0.16440048668032786,0.3471883350780553
4622,0.14649117627054903,0.3328521655889448,0.2047219786367916,0.14649117627054903,0.22912429833419765
4623,0.155577600025712,0.3753122644791995,0.27146932890697506,0.155577600025712,0.3244182076461358
4624,0.1519798988541067,0.3668116612945648,0.26566352488091616,0.1519798988541067,0.31731651267339067
4625,0.11749756784434204,0.32181212579384666,0.21962911589900921,0.11749756784434204,0.38050039462325813
4626,0.15369809882737023,0.3541840051182367,0.23797181258173306,0.15369809882737023,0.25119798057776555
4627,0.16053065910372774,0.3566888650078346,0.23231641180821366,0.16053065910372774,0.23533848114000783
4628,0.13003161255220755,0.34931779171323285,0.2595723583220506,0.13003161255220755,0.3273718436864854
4629,0.14610616915303073,0.3547206054652853,0.243228872624509,0.14610616915303073,0.34885715873456913
4630,0.14623494014467708,0.3597689324545744,0.25906798461979474,0.14623494014467708,0.28171467051467053
4631,0.14285174069627854,0.3535481873165379,0.24839289324051878,0.14285174069627854,0.35423602000125115
4632,0.17220341207349077,0.39468244012513787,0.29395805610329406,0.17220341207349077,0.35374803973981994
4633,0.12324679487179487,0.3205073904677872,0.20752119119198462,0.12324679487179487,0.3262222984562607
4634,0.113352841309501,0.30862356125438284,0.20154143988976364,0.113352841309501,0.30464306062578966
4635,0.16151751390692373,0.366689542645303,0.24834405747675845,0.16151751390692373,0.22007307333189693
4636,0.16248419841984188,0.38801155640273954,0.29205471596579524,0.16248419841984188,0.3407721980292313
4637,0.12423086492345975,0.3207142342255742,0.20896673860422893,0.12423086492345975,0.32010739310739317
4638,0.19595815919681023,0.42245224727809655,0.3189881761625726,0.19595815919681023,0.10052721455092993
4639,0.14201449971192615,0.34956432178371716,0.24209964414358198,0.14201449971192615,0.26520571499755885
4640,0.11170082008200825,0.3112887892938726,0.20617593842372872,0.11170082008200825,0.12967148659415612
4641,0.10095833333333339,0.2895324585224073,0.18114825037814786,0.10095833333333339,0.2614645258445259
4642,0.1594353558627752,0.3659296560789456,0.25198860043234084,0.1594353558627752,0.26694887090817854
4643,0.14643107769423552,0.36848715538847115,0.2721121553884712,0.14643107769423552,0.31094172212139537
4644,0.1251933913934426,0.32613198489708645,0.21687718700728767,0.1251933913934426,0.3269662184712256
4645,0.1460108827859933,0.3617281576469501,0.26343454972191355,0.1460108827859933,0.19440731481481482
4646,0.15698505217335634,0.3692855083484697,0.26160091235022664,0.15698505217335634,0.19636977058029692
4647,0.1399417506234214,0.3566556208348697,0.25842774042289657,0.1399417506234214,0.2576055660289531
4648,0.1488758631186018,0.3420458595855519,0.22133999293390033,0.1488758631186018,0.2280920540168146
4649,0.15945135688684078,0.38750881365805356,0.2951149135424255,0.15945135688684078,0.3184599511267988
4650,0.14181782517493713,0.3261923723649382,0.19874909438000213,0.14181782517493713,0.22383189961950126
4651,0.1298157254644669,0.3327160121033621,0.2248005732777904,0.1298157254644669,0.2252113136979897
4652,0.1389999999999999,0.3542906335813856,0.2565812671627712,0.1389999999999999,0.2706599034574364
4653,0.11950000000000002,0.306643332564332,0.187286665128664,0.11950000000000002,0.25973701058852494
4654,0.14971372324633175,0.35641616877422466,0.24540489105578578,0.14971372324633175,0.1847618880132702
4655,0.1502698443205843,0.3573786619837752,0.25021763532638186,0.1502698443205843,0.2149576092345441
4656,0.13940372491804465,0.34785183456825547,0.24089621930042168,0.13940372491804465,0.216555501930502
4657,0.16187270819062732,0.38015283432425956,0.27456025226726455,0.16187270819062732,0.27116524163293154
4658,0.11139659446319948,0.3264430387133145,0.24009288850022997,0.11139659446319948,0.2934956676216155
4659,0.13802399329670142,0.37183032523745396,0.28561266388150497,0.13802399329670142,0.2689058092010848
4660,0.15262818312389223,0.35014347975430565,0.2290305932608268,0.15262818312389223,0.1813844893431663
4661,0.14403049325019732,0.36160300282668223,0.2621450191529699,0.14403049325019732,0.3407037698412698
4662,0.137910394265233,0.35205342274411244,0.25428605695775885,0.137910394265233,0.14069116669712856
4663,0.17906082432973186,0.39947145507375975,0.29482126148805576,0.17906082432973186,0.3946666666666666
4664,0.18170208083233283,0.4296427376306457,0.34888131359662566,0.18170208083233283,0.29940691693867727
4665,0.11798827707209217,0.3280357686544852,0.2290949831647861,0.11798827707209217,0.2599037620297463
4666,0.13821319044815816,0.3430997887417593,0.23777319658720228,0.13821319044815816,0.2514837407177559
4667,0.12784468802968427,0.3371966481112299,0.2337039201630912,0.12784468802968427,0.173869849389031
4668,0.11564047642878594,0.3075282957221538,0.19177563858673563,0.11564047642878594,0.33446376609167305
4669,0.13857850922131137,0.34932256174292653,0.24548810504323024,0.13857850922131137,0.26620679912215967
4670,0.167909220633148,0.35157012019850625,0.21432179913071647,0.167909220633148,0.25585134759655453
4671,0.14537339674304653,0.3646990152301356,0.2666512369741782,0.14537339674304653,0.1793860983701276
4672,0.13655874591027223,0.3235422472602091,0.19596700269987372,0.13655874591027223,0.28564471155030935
4673,0.14701556953565528,0.35315744958189366,0.2452837600924768,0.14701556953565528,0.18348894308943092
4674,0.1387788461538462,0.36351820718395145,0.2784787220602105,0.1387788461538462,0.3036535934053175
4675,0.15740381446103127,0.3871576394402414,0.29750764995842016,0.15740381446103127,0.19674918409116054
4676,0.10468269230769238,0.29300722226895914,0.1826490599225336,0.10468269230769238,0.35296773703095535
4677,0.13840245775729657,0.3423260398708328,0.23284716422707255,0.13840245775729657,0.22614694512622724
4678,0.12975087601267063,0.328568802533569,0.21963585304179684,0.12975087601267063,0.35503049053896507
4679,0.14429070660522272,0.33527307602160117,0.21096473883275696,0.14429070660522272,0.24634710570194446
4680,0.15135922349571343,0.37476252560224455,0.2768066042130621,0.15135922349571343,0.23858950253186106
4681,0.13584428417195454,0.35436321073497745,0.26503785312604583,0.13584428417195454,0.3074638487208009
4682,0.1633769680611785,0.3798733272140651,0.27099271830577315,0.1633769680611785,0.2850453288140876
4683,0.13503827444956484,0.34672412111947,0.24737169333981035,0.13503827444956484,0.2204466704825802
4684,0.12494328148005895,0.31641375609761335,0.20094094923510875,0.12494328148005895,0.34324636583888546
4685,0.14700532690366713,0.360461971244871,0.2559132886824077,0.14700532690366713,0.275613121757275
4686,0.13841845878136202,0.32354839110957023,0.19525986465641643,0.13841845878136202,0.1537001165814726
4687,0.15516428104352292,0.3698546863593404,0.27038081063163494,0.15516428104352292,0.17824931893077056
4688,0.10873856565526979,0.30142597285361183,0.1943748143966842,0.10873856565526979,0.24056704980842908
4689,0.15029629599961541,0.34361687530244833,0.2176411586056658,0.15029629599961541,0.3447790129635971
4690,0.1144024992385259,0.32579422703764677,0.2357834555982418,0.1144024992385259,0.15650216482113036
4691,0.1453388923649548,0.3538257242910544,0.2439736638521991,0.1453388923649548,0.1991721721721722
4692,0.12538702959034911,0.31515362692020205,0.19353319465970584,0.12538702959034911,0.2125840336134453
4693,0.12719332627967733,0.3496046523296659,0.25982265209997707,0.12719332627967733,0.2913510222885223
4694,0.16071802352338535,0.37402274967336135,0.26860945229995203,0.16071802352338535,0.17053877454099747
4695,0.17287564036885236,0.40541985110679424,0.31208842147588367,0.17287564036885236,0.36531122565414126
4696,0.12464913689281418,0.308141605192386,0.18898493659914356,0.12464913689281418,0.18913617376775269
4697,0.13890384615384607,0.35540408704042276,0.25600048177315327,0.13890384615384607,0.09559136059136064
4698,0.12079722091946565,0.31067446751170696,0.1967544931844827,0.12079722091946565,0.2497317600974683
4699,0.17139907786885245,0.38243073871133154,0.26806332168495817,0.17139907786885245,0.18290503557744942
4700,0.14251020522597296,0.3367552655926889,0.21949012073343196,0.14251020522597296,0.4054052696247302
4701,0.18505570557055698,0.40645611182739894,0.2988008125136838,0.18505570557055698,0.15862398707730924
4702,0.1230163392024837,0.3436424254276111,0.2552521724502548,0.1230163392024837,0.2847312910506873
4703,0.15533017554527853,0.37722362713362007,0.27978690317668303,0.15533017554527853,0.3421102652137135
4704,0.15966949091505647,0.3632606327481338,0.24818228366615463,0.15966949091505647,0.1960000000000001
4705,0.1557536753675368,0.38372649532715786,0.2939456399192422,0.1557536753675368,0.18383078152862325
4706,0.1564558679333237,0.3756058941767935,0.27030005248693967,0.1564558679333237,0.3254464285714286
4707,0.1286562319953908,0.34574661661077544,0.25218076923076926,0.1286562319953908,0.32831765755064657
4708,0.1814431955038137,0.4335947695552308,0.3543031481028342,0.1814431955038137,0.27015752350437944
4709,0.16294987468671682,0.39101627750114076,0.30213280562884787,0.16294987468671682,0.3143895598091756
4710,0.15233440138419396,0.36458683190038427,0.26250486103238063,0.15233440138419396,0.20590213096805923
4711,0.12543451029389974,0.32453708396520653,0.21220514734261353,0.12543451029389974,0.10400325441604893
4712,0.16297932994867004,0.38567818006213656,0.2883977002269331,0.16297932994867004,0.32239263837119964
4713,0.12561533660847166,0.3419391749772595,0.2486476767375757,0.12561533660847166,0.3454822629843828
4714,0.13910463106687368,0.36778861525905426,0.28236796838436123,0.13910463106687368,0.32932350951374206
4715,0.1692807158664795,0.3818595387118679,0.2731576456907769,0.1692807158664795,0.24351970723266742
4716,0.1527137987870254,0.3809493696313063,0.2924711416885619,0.1527137987870254,0.23735448616314225
4717,0.1470067844342038,0.3455627491274184,0.22911192938642924,0.1470067844342038,0.2546416650355582
4718,0.11429353456724449,0.31694754660008695,0.21530802406568494,0.11429353456724449,0.24413306451612904
4719,0.13876784797123773,0.3500489356020825,0.24356217526168955,0.13876784797123773,0.24045796525482913
4720,0.16248610910954178,0.3734590415318718,0.26194586484466004,0.16248610910954178,0.1549549685321593
4721,0.1560870054926235,0.38631051115087023,0.3034470113164936,0.1560870054926235,0.24607259514848825
4722,0.11905130513051311,0.31191815543628026,0.19773370061153434,0.11905130513051311,0.27515779617470737
4723,0.14929326301721757,0.3702829519231177,0.27597937781180026,0.14929326301721757,0.18835861388580588
4724,0.14906772108353736,0.35242320396285226,0.23971096575862982,0.14906772108353736,0.1773393632616933
4725,0.14732371297665858,0.3631318442463683,0.25961626253941944,0.14732371297665858,0.344712133440947
4726,0.14777492709970835,0.3399408935759364,0.216331932952456,0.14777492709970835,0.3958310707603009
4727,0.1505600442456596,0.3578909937683932,0.24466189904546704,0.1505600442456596,0.420662599469496
4728,0.16920298481193916,0.39134219415572635,0.29027841868757426,0.16920298481193916,0.17983386055643957
4729,0.13848611750023,0.340409490026188,0.2298467450519159,0.13848611750023,0.26930491576730714
4730,0.14787700757393796,0.36906516552393376,0.2763763158999916,0.14787700757393796,0.29651936187698213
4731,0.11779056984205731,0.32086143114827337,0.2171417226124322,0.11779056984205731,0.20917632803226027
4732,0.13921325816251778,0.33134794791913763,0.20926937951323968,0.13921325816251778,0.3578968138779459
4733,0.118932460195172,0.33138945227644595,0.23391398416254786,0.118932460195172,0.32073056142823586
4734,0.14522894681025628,0.34529161787054397,0.2321253421205755,0.14522894681025628,0.29945043772494756
4735,0.14866795954064954,0.36251189417230273,0.25768786926330645,0.14866795954064954,0.2495043372922209
4736,0.16055581175641692,0.36185206658928537,0.24459250966573676,0.16055581175641692,0.3245177759722435
4737,0.15878141986493172,0.36384611998174854,0.2541294002336337,0.15878141986493172,0.21138852687716325
4738,0.1203586408841108,0.3434319020015745,0.2571465222349273,0.1203586408841108,0.2973093413004956
4739,0.12007080212534416,0.3291759984106966,0.23021039257070494,0.12007080212534416,0.39956245261330003
4740,0.11628084312337257,0.2988784289105552,0.1761951715743654,0.11628084312337257,0.22241693376068375
4741,0.13931831518106247,0.34138408257635733,0.23213153479058973,0.13931831518106247,0.2937527368267406
4742,0.14628273884813223,0.37494899009359306,0.2833325024909216,0.14628273884813223,0.22403744403744405
4743,0.11205169099152505,0.31828084343098095,0.22345830487891183,0.11205169099152505,0.2650298660193713
4744,0.136841010487398,0.3582038023117451,0.2657255836486943,0.136841010487398,0.24759785806876408
4745,0.13650124881161466,0.3563814079935112,0.257760318363793,0.13650124881161466,0.1827049277422412
4746,0.10452570647658724,0.31250231112775,0.2149532093023256,0.10452570647658724,0.2113572438858452
4747,0.12743724385245908,0.3383587600062303,0.24184303230754242,0.12743724385245908,0.26799403639666153
4748,0.12503090757408025,0.36445027866902213,0.2918387421898837,0.12503090757408025,0.2727198029842097
4749,0.14020871805539997,0.35554910029387965,0.2566807644769593,0.14020871805539997,0.14717260220443584
4750,0.12525499458358005,0.31054033377373735,0.1805706783803146,0.12525499458358005,0.2485900163866266
4751,0.1775237563041031,0.39787973458418036,0.2947119565601544,0.1775237563041031,0.14539331000656702
4752,0.15766548961863647,0.3865574419501442,0.2947839046630155,0.15766548961863647,0.2995605353252412
4753,0.13537314331593725,0.34821255543075535,0.24467882422963605,0.13537314331593725,0.24418730199980196
4754,0.15406490387501956,0.3688055467693454,0.26748128578865177,0.15406490387501956,0.2079188807235726
4755,0.17226056106996968,0.38381167356539336,0.27210222499084735,0.17226056106996968,0.2641752136752137
4756,0.15453481392557009,0.3824411202495739,0.29081261264800745,0.15453481392557009,0.3539412809151332
4757,0.11937562562262212,0.3136634093487169,0.20257556745218963,0.11937562562262212,0.30536275938818314
4758,0.13031965403018042,0.3417662266649404,0.24389314526952,0.13031965403018042,0.2601157753581996
4759,0.13796360741771865,0.35711447016011366,0.26330172548479003,0.13796360741771865,0.2231410561532265
4760,0.10940599451209465,0.3348308771202999,0.25184976521641045,0.10940599451209465,0.3371541971610382
4761,0.16667562724014334,0.3845652120529166,0.2807791696255465,0.16667562724014334,0.10522004495013342
4762,0.11898577652434512,0.2935125410172209,0.16605352898575163,0.11898577652434512,0.2306581920903955
4763,0.12552732341114092,0.3281660894724845,0.2252775321226872,0.12552732341114092,0.17127146042363434
4764,0.1592561024409763,0.3813667485546841,0.2822212922274155,0.1592561024409763,0.216171756497118
4765,0.12556139213143097,0.3215240164387049,0.21092524861454773,0.12556139213143097,0.2842012987012986
4766,0.12403024392780994,0.3247313895392956,0.21840229122297145,0.12403024392780994,0.352248562679665
4767,0.15549235250109025,0.38902672378766245,0.3050687425731445,0.15549235250109025,0.2418201487491548
4768,0.16743223815189123,0.3807491696573006,0.27363386301081866,0.16743223815189123,0.2979025176890261
4769,0.17537297510312028,0.39762740915071504,0.29550886809518956,0.17537297510312028,0.23935162337662336
4770,0.14395667803557985,0.3755659211933515,0.29021848631554337,0.14395667803557985,0.31044991789819376
4771,0.14122819821513583,0.3469340856011642,0.23841177477205677,0.14122819821513583,0.2974440184253268
4772,0.18491682189081024,0.41803703100560385,0.32524041822958716,0.18491682189081024,0.14112643998513563
4773,0.1153254320659935,0.29918347069236406,0.17271607725274113,0.1153254320659935,0.21878824612628572
4774,0.13959311953656856,0.34854642050508733,0.24090660193703753,0.13959311953656856,0.16185462892516506
4775,0.13541861861140794,0.33738239222468336,0.22592754722655078,0.13541861861140794,0.185008103008103
4776,0.18777252944188427,0.39079584030402864,0.2650466217242887,0.18777252944188427,0.1379469933146183
4777,0.19220542139517025,0.3961242942060589,0.2688377456217773,0.19220542139517025,0.24594604040954732
4778,0.14136278627862786,0.34522707775833805,0.23472858295942034,0.14136278627862786,0.23015530016407976
4779,0.10676923076923071,0.303710846253571,0.19588323096868052,0.10676923076923071,0.19321652318594607
4780,0.17562702257281268,0.3879273294898379,0.2746006138340504,0.17562702257281268,0.150190143767402
4781,0.14230257345880545,0.35509012338520257,0.25257509985279425,0.14230257345880545,0.23365393854511501
4782,0.15703455677312766,0.36059279936892774,0.24611648519160023,0.15703455677312766,0.3098109936967
4783,0.15035860654917088,0.34794557384011304,0.23117393458188434,0.15035860654917088,0.15701677965667685
4784,0.15515811090764103,0.3653596559303566,0.2544030900454311,0.15515811090764103,0.2592027263585338
4785,0.15706625678958977,0.35480511262919057,0.23547771167920156,0.15706625678958977,0.3013910914761354
4786,0.15789843258807187,0.37756368419134884,0.28033050320655395,0.15789843258807187,0.295951951951952
4787,0.14823492893971585,0.3656396438212087,0.26680942976298583,0.14823492893971585,0.23601529953917055
4788,0.1623641864186418,0.38470728511702085,0.28568619739675805,0.1623641864186418,0.12827937355203417
4789,0.15024737572985322,0.3498715614442411,0.2312483714287757,0.15024737572985322,0.34913892078071174
4790,0.09556472268564638,0.3002321062816933,0.2053347671920937,0.09556472268564638,0.11167514999857821
4791,0.1317035364212953,0.3242442467560964,0.2040814206696022,0.1317035364212953,0.3640497352546034
4792,0.16433548078501073,0.40281201956806323,0.321953077566105,0.16433548078501073,0.25377135954954133
4793,0.14150070562576178,0.33257560527051117,0.21314979928949876,0.14150070562576178,0.1675187828638304
4794,0.15114406888163362,0.3637395197673019,0.2581909017713365,0.15114406888163362,0.19531451136824
4795,0.17369592215607188,0.3917021443979008,0.2840124444836578,0.17369592215607188,0.20627187473961667
4796,0.15830200501253142,0.38050985604998205,0.2794157020749014,0.15830200501253142,0.34324217548702673
4797,0.15412669646110902,0.3723095547179748,0.26936571651373153,0.15412669646110902,0.33909353037912143
4798,0.1652489896722048,0.3846666345706755,0.28583528979694145,0.1652489896722048,0.3009201825201825
4799,0.1460485268041196,0.3642705984276648,0.2654441432470904,0.1460485268041196,0.27572856070458124
4800,0.11177883111532451,0.2869423199554872,0.15832697768032544,0.11177883111532451,0.16986324786324786
4801,0.11698950332821303,0.3302991275007928,0.2386192483451596,0.11698950332821303,0.29746783625731
4802,0.21482349857330946,0.44699939713901915,0.3423517971314194,0.21482349857330946,0.1596477519956023
4803,0.17315088587920965,0.3808010511201312,0.2673003304818431,0.17315088587920965,0.23566211827699005
4804,0.11515018962730643,0.32263304092307576,0.22596570259153875,0.11515018962730643,0.18086158192090396
4805,0.134926267281106,0.3433342859291246,0.2408160372960373,0.134926267281106,0.2094412976093045
4806,0.14350000000000004,0.3559124486496862,0.25382489729937235,0.14350000000000004,0.25406396053226665
4807,0.12611789554531494,0.34409489131668813,0.25395399154274634,0.12611789554531494,0.2352319588237377
4808,0.13277659697955818,0.34209684670365376,0.23864049944819116,0.13277659697955818,0.2510737110808847
4809,0.14327291509166032,0.33447252489836216,0.21139921961340366,0.14327291509166032,0.23342902680197758
4810,0.15081893527574108,0.36942096892886045,0.2712040673062387,0.15081893527574108,0.0895414103428575
4811,0.15528494713978863,0.3623277597601594,0.25108562524074163,0.15528494713978863,0.27964639427314464
4812,0.15642379237923792,0.35908976928696634,0.24233195381545675,0.15642379237923792,0.228112229599486
4813,0.1425673076923077,0.3434493090540961,0.22776400272357672,0.1425673076923077,0.242670028421926
4814,0.12249999999999994,0.31315159135179876,0.19630318270359762,0.12249999999999994,0.1917310364348298
4815,0.17049999999999998,0.3932540096139068,0.29250801922781355,0.17049999999999998,0.1852217473952006
4816,0.1314524427150887,0.32197249372415315,0.2040401020181289,0.1314524427150887,0.2167811130941743
4817,0.15590611448048514,0.3784625899868285,0.28311295101268674,0.15590611448048514,0.08360941586748043
4818,0.12422239113279582,0.3274454918080962,0.21944620135060078,0.12422239113279582,0.20500578703703703
4819,0.141892568943513,0.3549709556079357,0.2551567733288455,0.141892568943513,0.20604935932278676
4820,0.17634013605442173,0.4046295810564181,0.3085788900039928,0.17634013605442173,0.20192850899821654
4821,0.13683038914490533,0.3346247679321018,0.21958875757439286,0.13683038914490533,0.24905605855245322
4822,0.1095222088835535,0.2918031427889284,0.17256186781074984,0.1095222088835535,0.17566972438489764
4823,0.17160006041957584,0.38870899219636473,0.2832178635535777,0.17160006041957584,0.27149778257650414
4824,0.1651302357358381,0.3765927937641328,0.2699251160565894,0.1651302357358381,0.10333560410304593
4825,0.1809999999999999,0.4264656064298234,0.3449312128596469,0.1809999999999999,0.1347158364024036
4826,0.14596132172131143,0.3632580960409927,0.26359354863936246,0.14596132172131143,0.22128060659650337
4827,0.14253995932811322,0.35657270706133787,0.2540654954664493,0.14253995932811322,0.27601954997560785
4828,0.1349379687418578,0.33425278477254344,0.21862963206137134,0.1349379687418578,0.21294007610304624
4829,0.13090793468564865,0.3406884359325837,0.24056100249387008,0.13090793468564865,0.26571794690611816
4830,0.17160934172391165,0.39342097199629766,0.29362326054477206,0.17160934172391165,0.1357894808716034
4831,0.16149999999999998,0.40008648033269645,0.3181729606653929,0.16149999999999998,0.2866910956499988
4832,0.1618438615017839,0.39923270946987827,0.31577769593618865,0.1618438615017839,0.28845084886429045
4833,0.17162726457973246,0.39712175453970433,0.2999889799199438,0.17162726457973246,0.24609168699124245
4834,0.15785985016748097,0.3808198737524453,0.2829200471699286,0.15785985016748097,0.188100858412666
4835,0.1060792141038575,0.30226602055828466,0.1983736129088544,0.1060792141038575,0.19200666508288458
4836,0.1783087190320722,0.3953416370072837,0.285065835950423,0.1783087190320722,0.2495188405797102
4837,0.14430670762928827,0.35802486667673705,0.25643631809489753,0.14430670762928827,0.3041390758193183
4838,0.15310554908575763,0.3570744994062704,0.24493790064102564,0.15310554908575763,0.2586124307000204
4839,0.1665476190476191,0.3916451523315603,0.2951950665678823,0.1665476190476191,0.27577299051804627
4840,0.14737320142084248,0.36214217019978007,0.25853793755787513,0.14737320142084248,0.10784592822636298
4841,0.1286518651865187,0.3472517415006807,0.25719975262832406,0.1286518651865187,0.2677640195053988
4842,0.18667883913127037,0.4093597105155252,0.3053617427685097,0.18667883913127037,0.21328912770996683
4843,0.17203651715736287,0.39376889948698146,0.29246476465923726,0.17203651715736287,0.3376747541824528
4844,0.11405689992016727,0.32134454710164695,0.21957529436295936,0.11405689992016727,0.16823193719599638
4845,0.08414810547875066,0.25985178158352096,0.14140735220954054,0.08414810547875066,0.38158709551656916
4846,0.1487828981054786,0.36974050439742334,0.27391521258388934,0.1487828981054786,0.3199971684053652
4847,0.13218681241720992,0.3514988775721326,0.2616241303098453,0.13218681241720992,0.260183109073589
4848,0.19166509035771015,0.378372107506026,0.23541403429663174,0.19166509035771015,0.16350026322716504
4849,0.14342503720535754,0.3498444254551222,0.24083877649952923,0.14342503720535754,0.17139489034750804
4850,0.15699999999999997,0.36680844520153644,0.2576168904030729,0.15699999999999997,0.22515933525475512
4851,0.18865882749002066,0.43917246089751144,0.36302726681498154,0.18865882749002066,0.321768392921308
4852,0.14906772108353744,0.36792569582410095,0.27071594948112715,0.14906772108353744,0.1262849357222974
4853,0.14730769230769236,0.3641353025234578,0.26865522043153095,0.14730769230769236,0.2992610675584412
4854,0.11037973872950828,0.3099621924540437,0.20416490744907087,0.11037973872950828,0.17441172481774037
4855,0.1535961711594557,0.3797596035158713,0.2893268647128312,0.1535961711594557,0.31961793238245884
4856,0.17108781362007167,0.3788240306960189,0.26347243415189436,0.17108781362007167,0.1953912363067293
4857,0.13186510229658555,0.33513341831861676,0.22053663204406249,0.13186510229658555,0.17853459252441808
4858,0.1380797735460627,0.3559985547133925,0.2568375623346595,0.1380797735460627,0.20290909775962812
4859,0.14710903032950132,0.355934339161222,0.2526506176634415,0.14710903032950132,0.24674224224224234
4860,0.13130746058660128,0.33392991808334577,0.222244914993489,0.13130746058660128,0.13991704744119524
4861,0.14104304480271634,0.3415430987688348,0.23300010793223697,0.14104304480271634,0.2926794121077658
4862,0.1355555768892303,0.33994474370743544,0.2327783336364103,0.1355555768892303,0.26211787385272495
4863,0.15327069254213202,0.35424438129620595,0.24194737750814788,0.15327069254213202,0.21812225705329158
4864,0.1528843703321039,0.3540316018161478,0.24029446296808776,0.1528843703321039,0.17778659611992942
4865,0.14048921642852275,0.3494182989694561,0.2428581650818667,0.14048921642852275,0.25279773766156105
4866,0.18020020481310797,0.4026492670466971,0.29889812446717823,0.18020020481310797,0.16935334716402933
4867,0.1311152617867047,0.321120311401443,0.1990100992294765,0.1311152617867047,0.3362780952603357
4868,0.14661735289881747,0.35896770826286606,0.2547007107280972,0.14661735289881747,0.3223013632564111
4869,0.14587877624167947,0.33852211983431607,0.21528668718527322,0.14587877624167947,0.3055175743576667
4870,0.15700655128405178,0.3764119771650517,0.27781085176199993,0.15700655128405178,0.16326023008591814
4871,0.15897389738973905,0.38061549951796503,0.2832832042564519,0.15897389738973905,0.3216768813841985
4872,0.16930725481702524,0.3921910266789661,0.2967675437238817,0.16930725481702524,0.38178647022653456
4873,0.12792717086834743,0.33471506277972796,0.23357578382276112,0.12792717086834743,0.19160149142116356
4874,0.14140258576548906,0.3701708700156188,0.28453656850025955,0.14140258576548906,0.21198261095348592
4875,0.1622658289222188,0.35883125400923455,0.2371308501740315,0.1622658289222188,0.17974057334170332
4876,0.17287442783155688,0.36362199629973163,0.23449513693634955,0.17287442783155688,0.24982377248420026
4877,0.16546276465952775,0.3743970491355173,0.261868568951979,0.16546276465952775,0.2976997353743607
4878,0.14627532812181043,0.3708610224330926,0.28217138862256436,0.14627532812181043,0.2559613189121625
4879,0.12090663422131154,0.3322266477509236,0.23864002705922419,0.12090663422131154,0.15628665223665222
4880,0.1259600680239366,0.34546221790108655,0.2530042997542997,0.1259600680239366,0.2269067313827363
4881,0.1597869591478365,0.35607707692047047,0.23258023554526788,0.1597869591478365,0.1926753409804257
4882,0.15246002176557205,0.36627097690651567,0.2636219102818872,0.15246002176557205,0.3035
4883,0.17301997631962115,0.4011946407315048,0.30534932882376736,0.17301997631962115,0.2226078289424483
4884,0.16156584085525885,0.3916959227530026,0.3002601637954875,0.16156584085525885,0.2697326523951911
4885,0.10890349064048496,0.28547917115528587,0.15615136102960187,0.10890349064048496,0.33974640804597694
4886,0.12575000000000006,0.34170010865114364,0.24590021730228723,0.12575000000000006,0.37457777777777784
4887,0.11871761392729123,0.32030662578826885,0.2151780237219552,0.11871761392729123,0.25404091760590347
4888,0.14607568921102743,0.35221690919731086,0.24328243997256688,0.14607568921102743,0.22273216374269011
4889,0.11551344086021513,0.31639169274057105,0.2127565037607119,0.11551344086021513,0.14513658986175115
4890,0.15131296047152273,0.375073631833258,0.2795213427234704,0.15131296047152273,0.20867435097941256
4891,0.13288944997515184,0.33261738687843123,0.21745587380655879,0.13288944997515184,0.28320775797411313
4892,0.1593906180622502,0.3814754412446344,0.2841696463647684,0.1593906180622502,0.3045871592416215
4893,0.12610383458165297,0.3327892140877927,0.2293707590122795,0.12610383458165297,0.24372535284242808
4894,0.1432024198194738,0.37430925917100333,0.29221367870305903,0.1432024198194738,0.19858248070769802
4895,0.17999387916150927,0.40623744902865266,0.30848713973428676,0.17999387916150927,0.28600540852233614
4896,0.15885388538853884,0.3710659702085274,0.2644241696399771,0.15885388538853884,0.29833863178346076
4897,0.15156767900402676,0.3763592929020302,0.2795832277960067,0.15156767900402676,0.28809703563751754
4898,0.13277659697955815,0.34538053341855807,0.2452078728779998,0.13277659697955815,0.2017443878513488
4899,0.17788626283005868,0.3971637983597745,0.28855507105943157,0.17788626283005868,0.24010565705480957
4900,0.1505077361237781,0.3668791043810414,0.2667427365145266,0.1505077361237781,0.25712753177560177
4901,0.1496929624426113,0.36948123679357364,0.2745765487019247,0.1496929624426113,0.29373827020915766
4902,0.13851790633608824,0.3286970230511322,0.20835823343008797,0.13851790633608824,0.26333641730226165
4903,0.1379437994194775,0.3585228531348569,0.26415810743075874,0.1379437994194775,0.33888325445120576
4904,0.14611311131113108,0.35013421981114334,0.23804221700002448,0.14611311131113108,0.30368762408075384
4905,0.1946654824345571,0.409055860811582,0.2927807567540498,0.1946654824345571,0.2739255555825747
4906,0.1692033812869052,0.3750899255188991,0.2587730884639876,0.1692033812869052,0.26605051877004343
4907,0.15767297487936643,0.36673904348491015,0.2531321372110874,0.15767297487936643,0.24912446202737465
4908,0.16164265254196608,0.3757653952246205,0.2702454853653088,0.16164265254196608,0.2356692603171477
4909,0.1272588730354922,0.3382662513912683,0.2400147567115522,0.1272588730354922,0.3835996552467141
4910,0.14005507172131135,0.34095631332146603,0.22680248320030927,0.14005507172131135,0.18768766404199472
4911,0.1756204481792716,0.4078922909448032,0.31354368553106315,0.1756204481792716,0.2577549719288229
4912,0.13229396658279702,0.3283317482344812,0.2140755633033684,0.13229396658279702,0.21772698412698407
4913,0.14755570489127826,0.3565178959267449,0.24992438207093326,0.14755570489127826,0.2465545446190607
4914,0.15250000000000005,0.36742077736545714,0.2648415547309142,0.15250000000000005,0.2601229739702263
4915,0.12394730437775946,0.3185374855342198,0.2071803623129207,0.12394730437775946,0.49572307060657667
4916,0.13715705128205136,0.3423192948113025,0.23832448705850234,0.13715705128205136,0.16583541295305998
4917,0.16191004947879137,0.3803280548335437,0.2758360107095047,0.16191004947879137,0.30362590413570023
4918,0.1703556192091661,0.3821276864619774,0.26954413450562265,0.1703556192091661,0.37140294149221686
4919,0.12849560736746096,0.3361068427846842,0.23322247083444653,0.12849560736746096,0.25118464385262224
4920,0.1498838742718135,0.37907258636793606,0.29037742419224505,0.1498838742718135,0.37791191767835036
4921,0.16654387523561404,0.38067281839753003,0.27425788632383197,0.16654387523561404,0.3362956972017894
4922,0.17562501250125018,0.38337399721875887,0.26649796943501736,0.17562501250125018,0.2094643336183148
4923,0.1154353669658715,0.3043030171788649,0.1877353004259868,0.1154353669658715,0.240979205114186
4924,0.17369181162087335,0.4056602004459786,0.31393677765021055,0.17369181162087335,0.25294215620760174
4925,0.12837128098594658,0.34143603388768395,0.2471295058034748,0.12837128098594658,0.23343703429223725
4926,0.1685065831862621,0.3805154682613204,0.2710177701501165,0.1685065831862621,0.252189982692829
4927,0.14989173426774818,0.35834239216793135,0.24990131580036623,0.14989173426774818,0.2883630576782622
4928,0.16973829531812723,0.3730757330631388,0.25467487549002316,0.16973829531812723,0.2768892106877445
4929,0.12822047597665032,0.33271427850739255,0.23098760506148458,0.12822047597665032,0.17594655213552857
4930,0.12182973387041932,0.3338651554117531,0.23807084308266752,0.12182973387041932,0.3802142696055739
4931,0.17822300889203557,0.38713066452588474,0.26981531126769837,0.17822300889203557,0.2798703703703703
4932,0.13697440361134788,0.34352423249356034,0.23909965776442488,0.13697440361134788,0.13772079354337424
4933,0.1278620071684588,0.33542944780252426,0.23313488126813095,0.1278620071684588,0.19412682758954
4934,0.14604053313273505,0.3334539182328966,0.20682677020032314,0.14604053313273505,0.25230058086036344
4935,0.14011271127112715,0.36573666594147713,0.2772479093406999,0.14011271127112715,0.2879441833330981
4936,0.1466121794871794,0.3592421246766915,0.25325989037902413,0.1466121794871794,0.26177093059446
4937,0.12140343045488733,0.31698545964231784,0.20516405837486096,0.12140343045488733,0.15900062596302006
4938,0.15292302766393448,0.36560978475566197,0.262373514183455,0.15292302766393448,0.21893902439024387
4939,0.15849999999999997,0.33721894415246567,0.1964378883049314,0.15849999999999997,0.2725792715792716
4940,0.16298325782429832,0.3751117176963975,0.26925691974419835,0.16298325782429832,0.1986426060702368
4941,0.1503687084548922,0.35809177834351,0.25044613977723573,0.1503687084548922,0.20560803670745267
4942,0.11689938239011821,0.3089042506807275,0.19500973658121856,0.11689938239011821,0.20355086919350246
4943,0.14923693094772383,0.3584186859083301,0.2513635099212126,0.14923693094772383,0.24508305678899667
4944,0.16426568007329426,0.3766815594698331,0.26683175879307763,0.16426568007329426,0.25453877342464304
4945,0.18907866559311634,0.4170959971322175,0.3180346630782023,0.18907866559311634,0.3407899729602711
4946,0.13181786898955258,0.33596523172049475,0.22829472546188437,0.13181786898955258,0.27192537143998835
4947,0.14045071335927356,0.36731993376733785,0.27873844081612853,0.14045071335927356,0.3310837196235426
4948,0.1568831948753879,0.3802057724557772,0.2866451551607786,0.1568831948753879,0.19148036548171263
4949,0.12746752076869194,0.32823833763078347,0.21754163372418323,0.12746752076869194,0.27110287383667686
4950,0.10203429840170579,0.2927141154819186,0.18635963416042572,0.10203429840170579,0.37948290320509737
4951,0.15902515708158638,0.3855198925507314,0.29498947093829014,0.15902515708158638,0.22633193953237055
4952,0.11370192157475399,0.32220463759204887,0.22900543203458984,0.11370192157475399,0.23028258906868537
4953,0.1087588230352922,0.31155401647341113,0.21159038687623796,0.1087588230352922,0.24415880331010925
4954,0.1482999699729756,0.3565081998531814,0.24641645976041154,0.1482999699729756,0.14293829626260396
4955,0.1350997382733244,0.3352375788464059,0.2252756811461631,0.1350997382733244,0.21330273760016785
4956,0.16170896483585934,0.38495786092576245,0.2874977921798062,0.16170896483585934,0.24260966998763134
4957,0.12628731492597034,0.3237999950238397,0.2110253601957387,0.12628731492597034,0.19336060606060612
4958,0.1657428106706573,0.37141157426810945,0.2563375271949042,0.1657428106706573,0.2415865713442335
4959,0.1490700521878764,0.35098041980666894,0.24082073523758504,0.1490700521878764,0.2271255052264809
4960,0.14037659823014517,0.3398158526772125,0.22687850889413458,0.14037659823014517,0.24915767505222053
4961,0.134748892995572,0.33886053494887924,0.23122328390661456,0.134748892995572,0.17902246825354656
4962,0.11750299434756853,0.30127284644025737,0.17653970418537768,0.11750299434756853,0.2537074948964712
4963,0.15295576729227675,0.37302934908995644,0.27514716359535935,0.15295576729227675,0.2983588880872894
4964,0.161014101410141,0.3577951762883478,0.23356214975641348,0.161014101410141,0.2324777985268182
4965,0.11861983142844543,0.30027169059475933,0.17130371833262792,0.11861983142844543,0.3208783444077561
4966,0.13364733951417915,0.34561029155820433,0.24392590408805037,0.13364733951417915,0.2876694421436563
4967,0.20189660573472398,0.45319861253184285,0.36960401359423767,0.20189660573472398,0.309253016591252
4968,0.16533075990735668,0.38846816272212636,0.2902748056295393,0.16533075990735668,0.3200783255272419
4969,0.16017117154962368,0.38519443868475506,0.2890465342702627,0.16017117154962368,0.2567120836694153
4970,0.1257112064137237,0.32624240986048203,0.21906240689351675,0.1257112064137237,0.26836382886960125
4971,0.15568494873979496,0.3471164039459055,0.21986291041222106,0.15568494873979496,0.25314865400254394
4972,0.1327588870355482,0.36185946772263283,0.28020116137416934,0.1327588870355482,0.2394735023041475
4973,0.1385191269298046,0.36093731235998744,0.2688363708603657,0.1385191269298046,0.28631763099505037
4974,0.14895156640399757,0.358265513490699,0.24862789417340275,0.14895156640399757,0.19663475868393898
4975,0.11105099622012947,0.30416024787228435,0.19621850330430973,0.11105099622012947,0.39838859020310635
4976,0.13643559096945548,0.3417193372497891,0.23456749256066717,0.13643559096945548,0.28542979854158945
4977,0.15492716333845366,0.35803121072025146,0.2422080947635956,0.15492716333845366,0.1983820458007765
4978,0.13269118724257603,0.3457385269932778,0.25009467950140357,0.13269118724257603,0.3384443406992427
4979,0.12956650218683405,0.3302755742369715,0.21841814410027488,0.12956650218683405,0.2751638069853962
4980,0.1454827645264376,0.345441886436071,0.23691824381926685,0.1454827645264376,0.1913364055299539
4981,0.1618219064080404,0.3826684927087734,0.281693172601466,0.1618219064080404,0.4289654463183875
4982,0.1551222958799698,0.37056944870816516,0.2658943056563906,0.1551222958799698,0.17809404230494427
4983,0.12509170917091705,0.3105979217206456,0.18701242509945704,0.12509170917091705,0.29228199830472557
4984,0.15110275255800557,0.36385550367402963,0.2615055022320481,0.15110275255800557,0.32580557069949867
4985,0.17206293702090492,0.3913865588540225,0.2896472436662352,0.17206293702090492,0.3724883884588318
4986,0.15443124071158762,0.3575248528737037,0.24518722432423223,0.15443124071158762,0.1420421900805766
4987,0.136406015037594,0.33361758827448373,0.22242314647377942,0.136406015037594,0.14612419595470438
4988,0.1486312383881093,0.36513947969061755,0.2630164826050165,0.1486312383881093,0.19138357705286846
4989,0.15327189441988603,0.38195857884112927,0.29537336884248655,0.15327189441988603,0.27236137319903103
4990,0.18420231365347603,0.407343646873917,0.3012826664408819,0.18420231365347603,0.29976846278479674
4991,0.14044551282051274,0.3635479942706551,0.2702049629002846,0.14044551282051274,0.22840950729568799
4992,0.14487543834366148,0.3496605108742764,0.24157014506122987,0.14487543834366148,0.1757404690588259
4993,0.14281464413722478,0.33667253205373804,0.2157157758330266,0.14281464413722478,0.2844051533585902
4994,0.1542941769281012,0.3495166169255415,0.2294448799948805,0.1542941769281012,0.25373093937028357
4995,0.13105639097744362,0.3282340967054041,0.21135541145592096,0.13105639097744362,0.22975874125874116
4996,0.18557371794871788,0.4245962202520639,0.33204500460669195,0.18557371794871788,0.21215281850765724
4997,0.1320699506640151,0.3482851808098334,0.25243046029163646,0.1320699506640151,0.29938015904749204
4998,0.15207350735073497,0.3732007575868866,0.27625450047230315,0.15207350735073497,0.2678938621482482
4999,0.17403509829451377,0.3962923101468471,0.2895144237046666,0.17403509829451377,0.22067443502824854
5000,0.14800000000000005,0.36728149806751337,0.27056299613502666,0.14800000000000005,0.326547619047619
