replication,scenario,method,true,estimate,bias,se,ciLow,ciHigh,covered
1,main,Structured EHR estimator,0.6384910746262612,1.436617110586768,0.7981260359605068,0.1532014550451798,1.1363422586982157,1.7368919624753203,0
1,main,Naive AI estimator,0.6384910746262612,0.2302617019057805,-0.4082293727204807,0.09544537047699164,0.043188775770876875,0.4173346280406841,0
1,main,ISE causal estimator,0.6384910746262612,0.6707553561213858,0.032264281495124614,0.12951060247353588,0.4169145752732555,0.9245961369695161,1
1,main,Design erasure estimator,0.6384910746262612,1.2180994269965342,0.579608352370273,0.14194983394301702,0.9398777524682208,1.4963211015248477,0
1,main,Post index leakage estimator,0.6384910746262612,0.30746621770959803,-0.33102485691666317,0.09907479056354067,0.11327962820505832,0.5016528072141377,0
1,main,Oracle prospective estimator,0.6384910746262612,0.6551293383518673,0.01663826372560606,0.12861844753118437,0.4030371811907459,0.9072214955129887,1
2,main,Structured EHR estimator,0.6434211646588345,1.4340931090508227,0.7906719443919882,0.14189496494991846,1.1559789777489824,1.712207240352663,0
2,main,Naive AI estimator,0.6434211646588345,-0.07258545598591286,-0.7160066206447473,0.09799864971488505,-0.26466280942708753,0.11949189745526183,0
2,main,ISE causal estimator,0.6434211646588345,0.3694205615314317,-0.27400060312740276,0.11647186720554462,0.14113570180856427,0.5977054212542992,0
2,main,Design erasure estimator,0.6434211646588345,0.8717925057750504,0.22837134111621593,0.13284318097437386,0.6114198710652776,1.1321651404848232,1
2,main,Post index leakage estimator,0.6434211646588345,0.060448879481934836,-0.5829722851768997,0.1051630611127148,-0.14567072029898617,0.2665684792628559,0
2,main,Oracle prospective estimator,0.6434211646588345,0.3779569918980907,-0.2654641727607438,0.11672030853296704,0.1491851871734753,0.6067287966227061,0
3,main,Structured EHR estimator,0.6386169462460421,1.653104272217684,1.014487325971642,0.14661203610981918,1.3657446814424385,1.9404638629929296,0
3,main,Naive AI estimator,0.6386169462460421,0.3135637914790722,-0.32505315476696994,0.11047784203513167,0.09702722109021414,0.5301003618679303,0
3,main,ISE causal estimator,0.6386169462460421,0.8836556106764308,0.2450386644303887,0.11734212640702985,0.6536650429186524,1.1136461784342093,0
3,main,Design erasure estimator,0.6386169462460421,1.3527476314232616,0.7141306851772194,0.13993232518902252,1.0784802740527775,1.6270149887937457,0
3,main,Post index leakage estimator,0.6386169462460421,0.380218295415013,-0.25839865083102914,0.11338692292202857,0.157979926487837,0.602456664342189,0
3,main,Oracle prospective estimator,0.6386169462460421,0.8701934454025574,0.23157649915651524,0.11686186562055204,0.6411441887862754,1.0992427020188393,0
4,main,Structured EHR estimator,0.6454940466081129,1.4436287943378092,0.7981347477296963,0.14573675878213352,1.1579847471248275,1.729272841550791,0
4,main,Naive AI estimator,0.6454940466081129,0.1659663856635503,-0.4795276609445627,0.10430122516047807,-0.03846401565098673,0.3703967869780873,0
4,main,ISE causal estimator,0.6454940466081129,0.653384446418514,0.007890399810401072,0.11966198642706034,0.41884695302147573,0.8879219398155522,1
4,main,Design erasure estimator,0.6454940466081129,1.100941177130657,0.45544713052254404,0.12781278999140383,0.8504281087475054,1.3514542455138085,0
4,main,Post index leakage estimator,0.6454940466081129,0.23809679783448165,-0.40739724877363126,0.10729528158521363,0.027798045927462933,0.44839554974150037,0
4,main,Oracle prospective estimator,0.6454940466081129,0.627736307954893,-0.017757738653219945,0.11843267930123265,0.395608256524477,0.859864359385309,1
5,main,Structured EHR estimator,0.6323012051671282,1.11420617291313,0.4819049677460019,0.14224656490120352,0.8354029057067711,1.393009440119489,0
5,main,Naive AI estimator,0.6323012051671282,0.1439814244757337,-0.4883197806913945,0.09179276650789475,-0.03593239787974001,0.3238952468312074,0
5,main,ISE causal estimator,0.6323012051671282,0.602819451697872,-0.02948175346925619,0.10954310641356742,0.3881149631272799,0.8175239402684641,1
5,main,Design erasure estimator,0.6323012051671282,0.9515347080172242,0.319233502850096,0.12452623218121082,0.707463292942051,1.1956061230923973,0
5,main,Post index leakage estimator,0.6323012051671282,0.13207104589289353,-0.5002301592742346,0.09648656217869403,-0.05704261597734675,0.3211847077631338,0
5,main,Oracle prospective estimator,0.6323012051671282,0.5976854829946636,-0.03461572217246456,0.10970902369488288,0.3826557965526932,0.812715169436634,1
6,main,Structured EHR estimator,0.6230744084185672,1.4106722491697545,0.7875978407511873,0.13945086718628488,1.1373485494846363,1.6839959488548728,0
6,main,Naive AI estimator,0.6230744084185672,0.22572920759823561,-0.3973452008203316,0.08939693584517233,0.050511213341697836,0.4009472018547734,0
6,main,ISE causal estimator,0.6230744084185672,0.7180140661651351,0.09493965774656787,0.10420841321851776,0.5137655762568403,0.9222625560734299,1
6,main,Design erasure estimator,0.6230744084185672,1.2422306951255846,0.6191562867070174,0.1236877436185105,0.999802717633304,1.4846586726178652,0
6,main,Post index leakage estimator,0.6230744084185672,0.21200540528523226,-0.41106900313333494,0.09948011143217085,0.017024386878177394,0.4069864236922871,0
6,main,Oracle prospective estimator,0.6230744084185672,0.7072786192755429,0.08420421085697571,0.10329874877100922,0.5048130716843648,0.909744166866721,1
7,main,Structured EHR estimator,0.6559931427754516,1.2940369543348453,0.6380438115593937,0.13104087586710336,1.0371968376353227,1.550877071034368,0
7,main,Naive AI estimator,0.6559931427754516,0.10740590356923307,-0.5485872392062185,0.08109158008059114,-0.05153359338872557,0.2663454005271917,0
7,main,ISE causal estimator,0.6559931427754516,0.6420095957483583,-0.013983547027093368,0.10221328577953315,0.4416715556204733,0.8423476358762432,1
7,main,Design erasure estimator,0.6559931427754516,1.0377154101784394,0.38172226740298776,0.12361056752276307,0.7954386978338237,1.279992122523055,0
7,main,Post index leakage estimator,0.6559931427754516,0.12273812924466942,-0.5332550135307822,0.08576052727264481,-0.0453525042097144,0.2908287626990532,0
7,main,Oracle prospective estimator,0.6559931427754516,0.6362744744179321,-0.019718668357519564,0.1024690830058396,0.43543507172648643,0.8371138771093777,1
8,main,Structured EHR estimator,0.6563338862120308,1.3163942415801306,0.6600603553680998,0.12565280140450638,1.0701147508272981,1.5626737323329631,0
8,main,Naive AI estimator,0.6563338862120308,0.20957277636326677,-0.44676110984876405,0.08175142142274035,0.04933999037469569,0.3698055623518378,0
8,main,ISE causal estimator,0.6563338862120308,0.5924993740114083,-0.06383451220062253,0.09511198147556153,0.4060798903193077,0.7789188577035089,1
8,main,Design erasure estimator,0.6563338862120308,0.9691911981390726,0.3128573119270418,0.11087767531574266,0.751870954520217,1.1865114417579283,0
8,main,Post index leakage estimator,0.6563338862120308,0.23596965063882247,-0.42036423557320834,0.08858673319700254,0.062339653572697495,0.40959964770494744,0
8,main,Oracle prospective estimator,0.6563338862120308,0.5924929477590885,-0.06384093845294236,0.09567920489501205,0.4049617061648648,0.7800241893533121,1
9,main,Structured EHR estimator,0.6359024522067634,1.6409335099070075,1.005031057700244,0.1411166360323338,1.3643449032836332,1.9175221165303817,0
9,main,Naive AI estimator,0.6359024522067634,0.06668273678976754,-0.5692197154169959,0.12271201486619837,-0.17383281234798126,0.30719828592751636,0
9,main,ISE causal estimator,0.6359024522067634,0.6523597036053714,0.016457251398607986,0.13023848010495487,0.3970922825996599,0.907627124611083,1
9,main,Design erasure estimator,0.6359024522067634,1.1615101335437346,0.5256076813369711,0.14524773978537409,0.8768245635644014,1.4461957035230677,0
9,main,Post index leakage estimator,0.6359024522067634,0.11648019785387302,-0.5194222543528905,0.1281139762214157,-0.13462319554010177,0.36758359124784784,0
9,main,Oracle prospective estimator,0.6359024522067634,0.6636017366466219,0.027699284439858474,0.12891721239107928,0.4109240003601065,0.9162794729331374,1
10,main,Structured EHR estimator,0.6293463640460458,1.4255769697569811,0.7962306057109353,0.13969040220553205,1.1517837814341383,1.699370158079824,0
10,main,Naive AI estimator,0.6293463640460458,0.14812777559584966,-0.48121858845019616,0.09276335125493068,-0.033688392863814476,0.3299439440555138,0
10,main,ISE causal estimator,0.6293463640460458,0.5481336751027184,-0.08121268894332745,0.10683685016888693,0.3387334487717,0.7575339014337368,1
10,main,Design erasure estimator,0.6293463640460458,0.9223868305955518,0.293040466549506,0.1267170422670234,0.674021427752186,1.1707522334389178,0
10,main,Post index leakage estimator,0.6293463640460458,0.21236671942010052,-0.4169796446259453,0.09773570678341885,0.020804734124599572,0.4039287047156015,0
10,main,Oracle prospective estimator,0.6293463640460458,0.5526219098485844,-0.07672445419746143,0.10636080782013957,0.34415472652111084,0.7610890931760579,1
11,main,Structured EHR estimator,0.6108100785487707,1.1205973806670202,0.5097873021182495,0.1513582981293624,0.8239351163334698,1.4172596450005706,0
11,main,Naive AI estimator,0.6108100785487707,0.011295080995770083,-0.5995149975530006,0.09460606560097239,-0.17413280758213578,0.19672296957367597,0
11,main,ISE causal estimator,0.6108100785487707,0.48871807242580967,-0.122092006122961,0.11916642809633299,0.255151873356997,0.7222842714946223,1
11,main,Design erasure estimator,0.6108100785487707,0.8790708301749385,0.2682607516261678,0.1318651048699386,0.6206152246298589,1.137526435720018,0
11,main,Post index leakage estimator,0.6108100785487707,0.026100188996170427,-0.5847098895526003,0.09751812895097581,-0.16503534374774215,0.217235721740083,0
11,main,Oracle prospective estimator,0.6108100785487707,0.46465871764013056,-0.14615136090864012,0.117367930329335,0.23461757419463397,0.6946998610856272,1
12,main,Structured EHR estimator,0.6436029006367558,1.5491524845864666,0.9055495839497107,0.13337655686630373,1.2877344331285112,1.810570536044422,0
12,main,Naive AI estimator,0.6436029006367558,0.17129539381883796,-0.4723075068179179,0.0997334084241441,-0.024182086692484478,0.36677287433016037,0
12,main,ISE causal estimator,0.6436029006367558,0.7554829222353157,0.11188002159855981,0.11098518892960403,0.5379519519332918,0.9730138925373395,1
12,main,Design erasure estimator,0.6436029006367558,1.033357779995898,0.3897548793591421,0.13207825253659078,0.77448440502418,1.2922311549676158,0
12,main,Post index leakage estimator,0.6436029006367558,0.19960003818112118,-0.4440028624556347,0.10413561407463427,-0.004505765405161982,0.4037058417674043,0
12,main,Oracle prospective estimator,0.6436029006367558,0.7378689598026985,0.09426605916594266,0.1112621287493882,0.5197951874538976,0.9559427321514994,1
13,main,Structured EHR estimator,0.6156984468648434,1.3962468219187982,0.7805483750539548,0.14523703562636106,1.1115822320911306,1.6809114117464659,0
13,main,Naive AI estimator,0.6156984468648434,0.07595679110178724,-0.5397416557630562,0.09404168960761838,-0.10836492052914479,0.26027850273271924,0
13,main,ISE causal estimator,0.6156984468648434,0.5964081500834375,-0.019290296781405925,0.11169904836142848,0.37747801529503766,0.8153382848718373,1
13,main,Design erasure estimator,0.6156984468648434,0.8814704224189148,0.2657719755540714,0.11938851189535615,0.6474689391040167,1.115471905733813,0
13,main,Post index leakage estimator,0.6156984468648434,0.07234800351575697,-0.5433504433490864,0.0973561155590836,-0.11846998298004689,0.2631659900115608,0
13,main,Oracle prospective estimator,0.6156984468648434,0.570641088945984,-0.04505735791885945,0.11188849483143602,0.35133963907636934,0.7899425388155986,1
14,main,Structured EHR estimator,0.6653780802545967,1.3813643316883235,0.7159862514337269,0.13912892749625755,1.1086716337956588,1.6540570295809882,0
14,main,Naive AI estimator,0.6653780802545967,0.10972640205803438,-0.5556516781965622,0.107792110430122,-0.10154613438500473,0.3209989385010735,0
14,main,ISE causal estimator,0.6653780802545967,0.6430124321602988,-0.022365648094297863,0.11837858950392921,0.4109903967325975,0.8750344675880001,1
14,main,Design erasure estimator,0.6653780802545967,1.1182613938141301,0.4528833135595335,0.1330588852730349,0.8574659786789818,1.3790568089492785,0
14,main,Post index leakage estimator,0.6653780802545967,0.18237148463597302,-0.48300659561862364,0.11241326694263039,-0.03795851857158253,0.40270148784352855,0
14,main,Oracle prospective estimator,0.6653780802545967,0.6225816913894978,-0.042796388865098844,0.1161965088192993,0.3948365341036712,0.8503268486753244,1
15,main,Structured EHR estimator,0.64658686788337,1.4866229619274167,0.8400360940440467,0.13405354591154306,1.2238780119407924,1.749367911914041,0
15,main,Naive AI estimator,0.64658686788337,0.22772187677657965,-0.41886499110679043,0.0909977751830855,0.04936623741773208,0.4060775161354272,0
15,main,ISE causal estimator,0.64658686788337,0.8135539750051906,0.1669671071218205,0.10044592627887028,0.6166799594986048,1.0104279905117763,1
15,main,Design erasure estimator,0.64658686788337,1.16131522604568,0.51472835816231,0.12082885106169484,0.9244906779647581,1.398139774126602,0
15,main,Post index leakage estimator,0.64658686788337,0.21207726341816138,-0.4345096044652087,0.09868530172472213,0.018654072037706,0.40550045479861674,0
15,main,Oracle prospective estimator,0.64658686788337,0.809188270426546,0.1626014025431759,0.10019650213610494,0.6128031262397803,1.0055734146133117,1
16,main,Structured EHR estimator,0.6681495215346337,1.595566592575587,0.9274170710409534,0.13834006448959857,1.324420066175974,1.8667131189752002,0
16,main,Naive AI estimator,0.6681495215346337,0.24883367909341642,-0.4193158424412173,0.11839160102322199,0.016786141087901302,0.4808812170989315,0
16,main,ISE causal estimator,0.6681495215346337,0.9084800580088555,0.24033053647422176,0.11766078818451642,0.6778649131672032,1.1390952028505077,0
16,main,Design erasure estimator,0.6681495215346337,1.2668420601015222,0.5986925385668885,0.1289573424800446,1.0140856688406348,1.5195984513624097,0
16,main,Post index leakage estimator,0.6681495215346337,0.21569702649255051,-0.4524524950420832,0.12589852337882018,-0.031064079329937044,0.4624581323150381,0
16,main,Oracle prospective estimator,0.6681495215346337,0.9072051040864937,0.23905558255186,0.11699510373135144,0.6778947007730449,1.1365155073999424,0
17,main,Structured EHR estimator,0.63692455607779,1.2786378778926721,0.6417133218148822,0.14705629392833622,0.9904075417931332,1.566868213992211,0
17,main,Naive AI estimator,0.63692455607779,0.09284146398104512,-0.5440830920967449,0.0920479025180355,-0.08757242495430448,0.2732553529163947,0
17,main,ISE causal estimator,0.63692455607779,0.5133047734392251,-0.12361978263856488,0.11184317778630287,0.29409214497807146,0.7325174019003787,1
17,main,Design erasure estimator,0.63692455607779,0.8834330825321804,0.24650852645439048,0.12671017622422787,0.6350811371326939,1.131785027931667,1
17,main,Post index leakage estimator,0.63692455607779,0.13200498573328676,-0.5049195703445032,0.09862672661481305,-0.061303398431746814,0.3253133698983203,0
17,main,Oracle prospective estimator,0.63692455607779,0.5078625640713191,-0.12906199200647084,0.11135005371751161,0.2896164587849964,0.7261086693576418,1
18,main,Structured EHR estimator,0.6501403588842839,1.535591705322948,0.8854513464386641,0.13418866788560502,1.272581916267162,1.7986014943787338,0
18,main,Naive AI estimator,0.6501403588842839,0.234598697407305,-0.4155416614769789,0.09762777563585531,0.04324825716102859,0.4259491376535814,0
18,main,ISE causal estimator,0.6501403588842839,0.7844300020104457,0.13428964312616176,0.10978974586507216,0.5692421001149042,0.9996179039059871,1
18,main,Design erasure estimator,0.6501403588842839,1.1449716632102327,0.4948313043259488,0.12473832766219656,0.9004845409923274,1.389458785428138,0
18,main,Post index leakage estimator,0.6501403588842839,0.3075277936849293,-0.3426125651993546,0.10456532540394706,0.10257975589319304,0.5124758314766655,0
18,main,Oracle prospective estimator,0.6501403588842839,0.7867556697245109,0.13661531084022704,0.10885989064438112,0.5733902840615239,1.000121055387498,1
19,main,Structured EHR estimator,0.6349127051956572,1.3821435978295284,0.7472308926338712,0.13166368900278744,1.1240827673840652,1.6402044282749917,0
19,main,Naive AI estimator,0.6349127051956572,0.3514925972077345,-0.2834201079879227,0.09384190889062072,0.1675624557821179,0.5354227386333511,0
19,main,ISE causal estimator,0.6349127051956572,0.7574975049554392,0.12258479975978198,0.1064150283068762,0.5489240494739619,0.9660709604369165,1
19,main,Design erasure estimator,0.6349127051956572,1.1677871563388031,0.5328744511431459,0.1222902546074101,0.9280982573082793,1.4074760553693269,0
19,main,Post index leakage estimator,0.6349127051956572,0.36986997664758864,-0.2650427285480686,0.09700739428450518,0.1797354838499585,0.5600044694452188,0
19,main,Oracle prospective estimator,0.6349127051956572,0.7353105794261601,0.10039787423050284,0.10486633407403717,0.5297725646410472,0.940848594211273,1
20,main,Structured EHR estimator,0.6616737815727133,1.3346436307383756,0.6729698491656623,0.1374434259607663,1.0652545158552735,1.6040327456214776,0
20,main,Naive AI estimator,0.6616737815727133,0.2574763919455032,-0.4041973896272101,0.09111699747006524,0.07888707690417532,0.4360657069868311,0
20,main,ISE causal estimator,0.6616737815727133,0.6230702000504851,-0.0386035815222282,0.11378348671576108,0.4000545660875934,0.8460858340133768,1
20,main,Design erasure estimator,0.6616737815727133,0.9372413412639412,0.2755675596912279,0.11971555133327091,0.7025988606507302,1.1718838218771521,0
20,main,Post index leakage estimator,0.6616737815727133,0.30094245061004443,-0.36073133096266885,0.09518095406852382,0.11438778063573773,0.48749712058435113,0
20,main,Oracle prospective estimator,0.6616737815727133,0.6097260373315148,-0.051947744241198524,0.11186729269141292,0.39046614365634547,0.828985931006684,1
21,main,Structured EHR estimator,0.6423269429189506,1.3880929646206808,0.7457660217017301,0.13575724189183125,1.1220087705126915,1.65417715872867,0
21,main,Naive AI estimator,0.6423269429189506,0.10373816804481979,-0.5385887748741308,0.09542728979274294,-0.08329931994895635,0.29077565603859595,0
21,main,ISE causal estimator,0.6423269429189506,0.7491187663319712,0.10679182341302051,0.0993103280948161,0.5544705232661316,0.9437670093978108,1
21,main,Design erasure estimator,0.6423269429189506,1.043289721588545,0.4009627786695944,0.11781504812460686,0.8123722272643156,1.2742072159127744,0
21,main,Post index leakage estimator,0.6423269429189506,0.07982456527628616,-0.5625023776426645,0.09607037290478325,-0.108473365617089,0.26812249616966133,0
21,main,Oracle prospective estimator,0.6423269429189506,0.7316888241895984,0.0893618812706477,0.09961698902066221,0.5364395257091004,0.9269381226700963,1
22,main,Structured EHR estimator,0.6578202221769878,1.477536066093281,0.8197158439162933,0.13902979761472525,1.2050376627684196,1.7500344694181424,0
22,main,Naive AI estimator,0.6578202221769878,0.17381463783843287,-0.4840055843385549,0.09204469070992137,-0.006592955953013013,0.35422223162987876,0
22,main,ISE causal estimator,0.6578202221769878,0.5919733750101734,-0.06584684716681433,0.10485919910199666,0.38644934477026,0.7974974052500869,1
22,main,Design erasure estimator,0.6578202221769878,1.0311232939210782,0.3733030717440904,0.11444713291442722,0.8068069134088008,1.2554396744333556,0
22,main,Post index leakage estimator,0.6578202221769878,0.20471494100249538,-0.4531052811744924,0.10065066427873101,0.007439639016182609,0.40199024298880814,0
22,main,Oracle prospective estimator,0.6578202221769878,0.601091190688922,-0.05672903148806574,0.1057492061963852,0.39382274654400706,0.808359634833837,1
23,main,Structured EHR estimator,0.6381721399093224,1.4197299368438783,0.7815577969345558,0.13946656096309307,1.1463754773562158,1.6930843963315407,0
23,main,Naive AI estimator,0.6381721399093224,0.16231353008389449,-0.47585860982542794,0.09773659062492324,-0.02925018754095504,0.353877247708744,0
23,main,ISE causal estimator,0.6381721399093224,0.769800618633837,0.13162847872451455,0.1130160831222351,0.5482890957142562,0.9913121415534177,1
23,main,Design erasure estimator,0.6381721399093224,1.2809290313760402,0.6427568914667178,0.12528737028584622,1.0353657856157816,1.5264922771362988,0
23,main,Post index leakage estimator,0.6381721399093224,0.1433784179471508,-0.49479372196217164,0.0999408404777827,-0.05250562938930328,0.33926246528360493,0
23,main,Oracle prospective estimator,0.6381721399093224,0.7486062833845164,0.11043414347519398,0.11308847656571208,0.5269528693157207,0.9702596974533121,1
24,main,Structured EHR estimator,0.6494026764912292,1.5786754468446058,0.9292727703533766,0.13152022001007882,1.3208958156248514,1.8364550780643603,0
24,main,Naive AI estimator,0.6494026764912292,0.3744396658263415,-0.2749630106648877,0.08809391647749693,0.2017755895304475,0.5471037421222354,0
24,main,ISE causal estimator,0.6494026764912292,0.8119189786916033,0.16251630220037416,0.09967138308925569,0.6165630678366623,1.0072748895465444,1
24,main,Design erasure estimator,0.6494026764912292,1.187613618263197,0.5382109417719677,0.1226722426680949,0.9471760226337309,1.4280512138926629,0
24,main,Post index leakage estimator,0.6494026764912292,0.4312823878961799,-0.21812028859504928,0.09294497730748467,0.24911023237350993,0.6134545434188499,0
24,main,Oracle prospective estimator,0.6494026764912292,0.80334747478189,0.15394479829066077,0.09910940185638745,0.6090930471433705,0.9976019024204094,1
25,main,Structured EHR estimator,0.6561786027715363,1.4088572197431528,0.7526786169716165,0.1349570223914096,1.1443414558559901,1.6733729836303155,0
25,main,Naive AI estimator,0.6561786027715363,0.25188929391461296,-0.4042893088569233,0.08896586438434123,0.07751619972130414,0.4262623881079218,0
25,main,ISE causal estimator,0.6561786027715363,0.7279131984302037,0.07173459565866747,0.10621018126693263,0.5197412431470159,0.9360851537133916,1
25,main,Design erasure estimator,0.6561786027715363,1.0569394931484841,0.40076089037694784,0.1256865456062297,0.8105938637602739,1.3032851225366944,0
25,main,Post index leakage estimator,0.6561786027715363,0.26611968764663396,-0.3900589151249023,0.09425421256119561,0.08138143102669057,0.4508579442665773,0
25,main,Oracle prospective estimator,0.6561786027715363,0.7339339400937712,0.07775533732223494,0.1051572955693185,0.527825640777907,0.9400422394096355,1
26,main,Structured EHR estimator,0.6281115831510975,1.4211491945220718,0.7930376113709743,0.1401357799879777,1.1464830657456355,1.695815323298508,0
26,main,Naive AI estimator,0.6281115831510975,0.15759809474477549,-0.470513488406322,0.0890228092216894,-0.016886611329735735,0.3320828008192867,0
26,main,ISE causal estimator,0.6281115831510975,0.6242030103916033,-0.003908572759494189,0.10873672156565824,0.4110790361229132,0.8373269846602934,1
26,main,Design erasure estimator,0.6281115831510975,1.0637809117997616,0.43566932864866414,0.12422656908079675,0.8202968364014,1.3072649871981232,0
26,main,Post index leakage estimator,0.6281115831510975,0.269879301743373,-0.3582322814077245,0.0959417533821314,0.08183346511439546,0.4579251383723505,0
26,main,Oracle prospective estimator,0.6281115831510975,0.642284972516175,0.014173389365077504,0.10731988351044837,0.4319380008356962,0.8526319441966538,1
27,main,Structured EHR estimator,0.6468025756672853,1.2056761590522787,0.5588735833849934,0.13865637057825217,0.9339096727189045,1.4774426453856528,0
27,main,Naive AI estimator,0.6468025756672853,0.006050345361197441,-0.6407522303060879,0.09321803200043713,-0.1766569973596593,0.1887576880820542,0
27,main,ISE causal estimator,0.6468025756672853,0.4243399219597736,-0.22246265370751167,0.11071548616322331,0.20733756907985593,0.6413422748396913,0
27,main,Design erasure estimator,0.6468025756672853,0.8660698248759497,0.21926724920866447,0.12638875034183486,0.6183478742059534,1.113791775545946,1
27,main,Post index leakage estimator,0.6468025756672853,0.04782519619620177,-0.5989773794710835,0.09909333135624454,-0.14639773326203753,0.24204812565444106,0
27,main,Oracle prospective estimator,0.6468025756672853,0.4341726426017615,-0.21262993306552375,0.10862305519555482,0.2212714544184741,0.647073830785049,1
28,main,Structured EHR estimator,0.6488890947701899,1.4289424777167719,0.780053382946582,0.14375096128528142,1.1471905935976203,1.7106943618359234,0
28,main,Naive AI estimator,0.6488890947701899,0.03590747075192249,-0.6129816240182674,0.09340373647664012,-0.14716385274229213,0.21897879424613712,0
28,main,ISE causal estimator,0.6488890947701899,0.6916884943782635,0.04279939960807366,0.11477000327798875,0.4667392879534056,0.9166377008031215,1
28,main,Design erasure estimator,0.6488890947701899,1.038997357636973,0.39010826286678324,0.13249696523734517,0.7793033057717766,1.2986914095021695,0
28,main,Post index leakage estimator,0.6488890947701899,0.0381771489413124,-0.6107119458288774,0.0955325715407734,-0.14906669127860345,0.22542098916122827,0
28,main,Oracle prospective estimator,0.6488890947701899,0.700345864765271,0.0514567699950812,0.11359836004755232,0.4776930790720685,0.9229986504584736,1
29,main,Structured EHR estimator,0.6321000674230586,1.5326163722957173,0.9005163048726588,0.1333040777163322,1.2713403799717062,1.7938923646197285,0
29,main,Naive AI estimator,0.6321000674230586,0.27668475548613586,-0.3554153119369227,0.09214465486676843,0.09608123194726975,0.45728827902500196,0
29,main,ISE causal estimator,0.6321000674230586,0.690701588032785,0.058601520609726454,0.09990636202602753,0.4948851184617711,0.886518057603799,1
29,main,Design erasure estimator,0.6321000674230586,1.0640403049949452,0.4319402375718866,0.12076185457642764,0.827347070025147,1.3007335399647433,0
29,main,Post index leakage estimator,0.6321000674230586,0.3558950943320177,-0.27620497309104086,0.10600665768897306,0.1481220452616305,0.5636681434024049,0
29,main,Oracle prospective estimator,0.6321000674230586,0.6714786940565084,0.03937862663344982,0.0985542840603263,0.47831229729826885,0.8646450908147479,1
30,main,Structured EHR estimator,0.6513540922870082,1.2300041715630166,0.5786500792760083,0.13966733017568125,0.9562562044186813,1.5037521387073518,0
30,main,Naive AI estimator,0.6513540922870082,-0.005647179104232598,-0.6570012713912409,0.09792618424274567,-0.1975825002200141,0.18628814201154892,0
30,main,ISE causal estimator,0.6513540922870082,0.5660496304866884,-0.08530446180031981,0.12018409204062135,0.3304888100870706,0.8016104508863062,1
30,main,Design erasure estimator,0.6513540922870082,0.9724125721200371,0.3210584798330288,0.13013525600118492,0.7173474703577146,1.2274776738823596,0
30,main,Post index leakage estimator,0.6513540922870082,0.035184505939807084,-0.6161695863472012,0.10115686549824554,-0.1630829504367542,0.23345196231636833,0
30,main,Oracle prospective estimator,0.6513540922870082,0.5576009079636448,-0.09375318432336344,0.12030119110166897,0.32181057340437363,0.7933912425229159,1
31,main,Structured EHR estimator,0.6409958339755956,1.478641621077118,0.8376457871015225,0.1369687061415094,1.2101829570397595,1.7471002851144766,0
31,main,Naive AI estimator,0.6409958339755956,0.0033745419322186356,-0.6376212920433769,0.10278141673868929,-0.19807703487561237,0.20482611874004966,0
31,main,ISE causal estimator,0.6409958339755956,0.5968330757134357,-0.044162758262159874,0.1090916455010956,0.3830134505312883,0.8106527008955831,1
31,main,Design erasure estimator,0.6409958339755956,0.871167387437758,0.23017155346216245,0.12424835233933414,0.6276406168526631,1.1146941580228529,1
31,main,Post index leakage estimator,0.6409958339755956,0.060142407686779926,-0.5808534262888156,0.1101682872244383,-0.15578743527311914,0.276072250646679,0
31,main,Oracle prospective estimator,0.6409958339755956,0.5862727129086309,-0.05472312106696464,0.10923201972579319,0.37217795424607625,0.8003674715711856,1
32,main,Structured EHR estimator,0.6464839097033984,1.0672491335304317,0.4207652238270333,0.14128098202183403,0.7903384087676371,1.3441598582932264,0
32,main,Naive AI estimator,0.6464839097033984,-0.05649287582396883,-0.7029767855273672,0.08647329390654071,-0.22598053188078862,0.11299478023285095,0
32,main,ISE causal estimator,0.6464839097033984,0.4086194215421184,-0.23786448816128003,0.1155291955715082,0.18218219822196233,0.6350566448622744,0
32,main,Design erasure estimator,0.6464839097033984,0.8960820032901752,0.24959809358677676,0.13007202763997266,0.6411408291158287,1.1510231774645217,1
32,main,Post index leakage estimator,0.6464839097033984,-0.04915899097582234,-0.6956429006792207,0.08746887147284504,-0.22059797906259865,0.12227999711095396,0
32,main,Oracle prospective estimator,0.6464839097033984,0.42220452530233343,-0.22427938440106499,0.11309065593488196,0.20054683966996478,0.6438622109347021,0
33,main,Structured EHR estimator,0.6547133402116082,1.7528203219646055,1.0981069817529971,0.15546566005069404,1.4481076282652452,2.057533015663966,0
33,main,Naive AI estimator,0.6547133402116082,0.2413248349951015,-0.4133885052165067,0.1197453458051984,0.00662395721691264,0.4760257127732903,0
33,main,ISE causal estimator,0.6547133402116082,0.9176999282406354,0.2629865880290272,0.13401837129837804,0.6550239204958144,1.1803759359854564,0
33,main,Design erasure estimator,0.6547133402116082,1.3432837721446402,0.688570431933032,0.15031363670877684,1.0486690441954376,1.6378985000938429,0
33,main,Post index leakage estimator,0.6547133402116082,0.2518342564441101,-0.4028790837674981,0.12407302867369928,0.008651120243659521,0.4950173926445607,0
33,main,Oracle prospective estimator,0.6547133402116082,0.9066711222351588,0.25195778202355057,0.1330345897590247,0.6459233263074704,1.1674189181628472,1
34,main,Structured EHR estimator,0.6628795971013005,1.3859978229011443,0.7231182257998438,0.1349145798172543,1.1215652464593258,1.6504303993429628,0
34,main,Naive AI estimator,0.6628795971013005,0.10378771154676655,-0.5590918855545339,0.09594069810465303,-0.08425605673835337,0.2918314798318865,0
34,main,ISE causal estimator,0.6628795971013005,0.5842436038301867,-0.07863599327111381,0.1113446127221355,0.3660081628948011,0.8024790447655723,1
34,main,Design erasure estimator,0.6628795971013005,0.9709861304232982,0.30810653332199767,0.12456055733112313,0.7268474380542969,1.2151248227922995,0
34,main,Post index leakage estimator,0.6628795971013005,0.14510944971889778,-0.5177701473824028,0.09626639433411162,-0.043572683175961,0.3337915826137565,0
34,main,Oracle prospective estimator,0.6628795971013005,0.5698905626583357,-0.0929890344429648,0.11079846322880979,0.35272557472986854,0.7870555505868029,1
35,main,Structured EHR estimator,0.6259430806249584,1.5012787137519612,0.8753356331270028,0.14665046559765854,1.2138438011805506,1.7887136263233718,0
35,main,Naive AI estimator,0.6259430806249584,0.11830318747050363,-0.5076398931544548,0.10042553506792713,-0.07853086126263355,0.3151372362036408,0
35,main,ISE causal estimator,0.6259430806249584,0.6781825701610943,0.052239489536135886,0.11438739400334486,0.4539832779145384,0.9023818624076502,1
35,main,Design erasure estimator,0.6259430806249584,1.0621481894092772,0.43620510878431884,0.13236011107256232,0.8027223717070551,1.3215740071114994,0
35,main,Post index leakage estimator,0.6259430806249584,0.118695109497032,-0.5072479711279264,0.10403424716602692,-0.08521201494838075,0.32260223394244475,0
35,main,Oracle prospective estimator,0.6259430806249584,0.6515336323749534,0.025590551749995027,0.11481380850849525,0.42649856769830274,0.8765686970516041,1
36,main,Structured EHR estimator,0.623194061003029,1.3998437721198445,0.7766497111168155,0.1418123241008292,1.1218916168822193,1.6777959273574696,0
36,main,Naive AI estimator,0.623194061003029,0.21822176745912766,-0.4049722935439013,0.09349030439154378,0.03498077085170187,0.40146276406655346,0
36,main,ISE causal estimator,0.623194061003029,0.6160236723114852,-0.007170388691543739,0.1136799882171509,0.3932108954058695,0.838836449217101,1
36,main,Design erasure estimator,0.623194061003029,1.0325723910920097,0.4093783300889807,0.13180095444526002,0.7742425203793001,1.2909022618047192,0
36,main,Post index leakage estimator,0.623194061003029,0.25095482482174847,-0.3722392361812805,0.09668755135901631,0.06144722415807649,0.4404624254854205,0
36,main,Oracle prospective estimator,0.623194061003029,0.627615050347329,0.004420989344300019,0.1123300459364484,0.40744816031189013,0.8477819403827679,1
37,main,Structured EHR estimator,0.649899552522501,1.5305802668412136,0.8806807143187126,0.14836090878430905,1.239792885623968,1.8213676480584593,0
37,main,Naive AI estimator,0.649899552522501,0.28590493858411886,-0.3639946139383821,0.09132250186991729,0.10691283491908096,0.46489704224915673,0
37,main,ISE causal estimator,0.649899552522501,0.7837555884361834,0.13385603591368245,0.11641878214355529,0.555574775434815,1.0119364014375518,1
37,main,Design erasure estimator,0.649899552522501,1.1958412929748234,0.5459417404523225,0.13509520074271097,0.93105469951911,1.4606278864305369,0
37,main,Post index leakage estimator,0.649899552522501,0.28481703423218085,-0.3650825182903201,0.09799736892712324,0.0927421911350193,0.4768918773293424,0
37,main,Oracle prospective estimator,0.649899552522501,0.7605644564355938,0.1106649039130928,0.1159165295198394,0.5333680585767085,0.987760854294479,1
38,main,Structured EHR estimator,0.642089204017944,1.3120589775240157,0.6699697735060717,0.1327113750475065,1.0519446824309029,1.5721732726171285,0
38,main,Naive AI estimator,0.642089204017944,0.09347019979095314,-0.5486190042269908,0.09931917320673976,-0.10119537969425679,0.2881357792761631,0
38,main,ISE causal estimator,0.642089204017944,0.6161334108973626,-0.025955793120581383,0.10836511336525177,0.40373778870146915,0.8285290330932561,1
38,main,Design erasure estimator,0.642089204017944,0.9410360778447684,0.2989468738268244,0.12236391949288149,0.7012027956387207,1.1808693600508162,0
38,main,Post index leakage estimator,0.642089204017944,0.09439834071552491,-0.5476908633024191,0.10521922620311751,-0.1118313426425854,0.3006280240736352,0
38,main,Oracle prospective estimator,0.642089204017944,0.5879164921906753,-0.05417271182726868,0.1070058475447188,0.3781850310030265,0.7976479533783242,1
39,main,Structured EHR estimator,0.6450080225041935,1.537991707679736,0.8929836851755425,0.13754295401371422,1.2684075178128562,1.8075758975466159,0
39,main,Naive AI estimator,0.6450080225041935,0.20638426586758318,-0.43862375663661035,0.09231596344829844,0.02544497750891825,0.3873235542262481,0
39,main,ISE causal estimator,0.6450080225041935,0.8169900606975713,0.17198203819337776,0.1090568047606114,0.603238723366773,1.0307413980283697,1
39,main,Design erasure estimator,0.6450080225041935,1.1772450185527927,0.5322369960485992,0.118274285274493,0.9454274194147865,1.409062617690799,0
39,main,Post index leakage estimator,0.6450080225041935,0.21851319496657087,-0.4264948275376227,0.09529989568703925,0.03172539941997393,0.4053009905131678,0
39,main,Oracle prospective estimator,0.6450080225041935,0.7897072490486838,0.1446992265444903,0.10858121358764003,0.5768880704169094,1.0025264276804582,1
40,main,Structured EHR estimator,0.6328767475792015,1.3636388758109539,0.7307621282317524,0.1375496886764187,1.0940414860051733,1.6332362656167345,0
40,main,Naive AI estimator,0.6328767475792015,0.13036970103824935,-0.5025070465409522,0.08964221905350246,-0.045329048306615466,0.30606845038311414,0
40,main,ISE causal estimator,0.6328767475792015,0.6357592993646877,0.0028825517854861316,0.10652254310129626,0.42697511488614703,0.8445434838432283,1
40,main,Design erasure estimator,0.6328767475792015,0.9353771564017569,0.30250040882255536,0.12714008744135183,0.6861825850167074,1.1845717277868064,0
40,main,Post index leakage estimator,0.6328767475792015,0.15205673344304607,-0.4808200141361555,0.09683717660147426,-0.03774413269584348,0.3418575995819356,0
40,main,Oracle prospective estimator,0.6328767475792015,0.6186112557595523,-0.014265491819649201,0.10549028138775624,0.41185030423955016,0.8253722072795545,1
41,main,Structured EHR estimator,0.6314518436720229,1.3594321085520125,0.7279802648799896,0.13745003858722948,1.0900300329210426,1.6288341841829823,0
41,main,Naive AI estimator,0.6314518436720229,0.16821342050014151,-0.46323842317188135,0.08850250043921021,-0.005251480360710492,0.3416783213609935,0
41,main,ISE causal estimator,0.6314518436720229,0.638533065541897,0.007081221869874144,0.10847688779046087,0.42591836547259376,0.8511477656112003,1
41,main,Design erasure estimator,0.6314518436720229,1.0663521817046353,0.4349003380326124,0.1199223804542759,0.8313043160142546,1.301400047395016,0
41,main,Post index leakage estimator,0.6314518436720229,0.18530790790971755,-0.4461439357623054,0.09107663418513179,0.006797704906859242,0.3638181109125759,0
41,main,Oracle prospective estimator,0.6314518436720229,0.6049207164101355,-0.026531127261887444,0.1088563051790551,0.39156235825918745,0.8182790745610835,1
42,main,Structured EHR estimator,0.6434592290852948,1.4224663276674523,0.7790070985821574,0.14113867918337775,1.145834516468032,1.6990981388668727,0
42,main,Naive AI estimator,0.6434592290852948,0.12460537031218592,-0.518853858773109,0.09737433768854235,-0.06624833155735708,0.3154590721817289,0
42,main,ISE causal estimator,0.6434592290852948,0.8007824554738834,0.15732322638858853,0.10915677591362988,0.5868351746831688,1.014729736264598,1
42,main,Design erasure estimator,0.6434592290852948,1.150835790458276,0.5073765613729811,0.11995218206463476,0.9157295136115919,1.38594206730496,0
42,main,Post index leakage estimator,0.6434592290852948,0.06858485564748046,-0.5748743734378143,0.09866751666365686,-0.12480347701328698,0.2619731883082479,0
42,main,Oracle prospective estimator,0.6434592290852948,0.7749781947389973,0.13151896565370247,0.10921019424580769,0.5609262140172142,0.9890301754607804,1
43,main,Structured EHR estimator,0.6679988665426312,1.5803793813324856,0.9123805147898544,0.1452786380231377,1.2956332508071355,1.8651255118578356,0
43,main,Naive AI estimator,0.6679988665426312,0.10582302025609457,-0.5621758462865366,0.09184453029285439,-0.07419225911790002,0.28583829963008917,0
43,main,ISE causal estimator,0.6679988665426312,0.6191811375958174,-0.0488177289468138,0.10856343992431144,0.40639679534416695,0.8319654798474678,1
43,main,Design erasure estimator,0.6679988665426312,0.9616695668307024,0.2936707002880712,0.12483493568958125,0.7169930928791232,1.2063460407822817,0
43,main,Post index leakage estimator,0.6679988665426312,0.15757228197689302,-0.5104265845657382,0.10322530120085711,-0.04474930837678692,0.35989387233057296,0
43,main,Oracle prospective estimator,0.6679988665426312,0.5853886183742779,-0.08261024816835327,0.1081016127488896,0.3735094573864543,0.7972677793621015,1
44,main,Structured EHR estimator,0.6367419825890505,1.4553532664442417,0.8186112838551912,0.13240791914451622,1.19583374492099,1.7148727879674934,0
44,main,Naive AI estimator,0.6367419825890505,0.16725003980003703,-0.4694919427890134,0.09112553515331566,-0.011356009100461667,0.34585608870053575,0
44,main,ISE causal estimator,0.6367419825890505,0.7440657556681658,0.10732377307911534,0.10829796208545674,0.5318017499806706,0.956329761355661,1
44,main,Design erasure estimator,0.6367419825890505,1.0054057687926985,0.36866378620364804,0.12101901226657108,0.7682085047502192,1.2426030328351778,0
44,main,Post index leakage estimator,0.6367419825890505,0.2185996586727866,-0.4181423239162638,0.09379702964478412,0.034757480569009735,0.4024418367765635,0
44,main,Oracle prospective estimator,0.6367419825890505,0.7219928788877431,0.08525089629869265,0.10922046053122998,0.5079207762465323,0.9360649815289539,1
45,main,Structured EHR estimator,0.6466149111649316,1.4393425637388133,0.7927276525738817,0.14532320521982195,1.1545090815079622,1.7241760459696645,0
45,main,Naive AI estimator,0.6466149111649316,0.19236058982575477,-0.45425432133917687,0.08869725890938528,0.018513962363359643,0.36620721728814987,0
45,main,ISE causal estimator,0.6466149111649316,0.7042341294262109,0.05761921826127925,0.11481028915064533,0.47920596269094606,0.9292622961614757,1
45,main,Design erasure estimator,0.6466149111649316,1.1047401258563072,0.45812521469137557,0.12841714454550182,0.8530425225471236,1.3564377291654908,0
45,main,Post index leakage estimator,0.6466149111649316,0.23133515745942543,-0.4152797537055062,0.08998616892002556,0.05496226637617532,0.4077080485426755,0
45,main,Oracle prospective estimator,0.6466149111649316,0.6872941946775384,0.040679283512606745,0.11326037608999878,0.4653038575411408,0.909284531813936,1
46,main,Structured EHR estimator,0.633957098791879,1.4469241797018308,0.8129670809099518,0.12931890144355357,1.1934591328724657,1.700389226531196,0
46,main,Naive AI estimator,0.633957098791879,0.11640379511561687,-0.5175533036762622,0.0946584830234342,-0.06912683161031417,0.3019344218415479,0
46,main,ISE causal estimator,0.633957098791879,0.7571021250008724,0.12314502620899337,0.10410324772175643,0.5530597594662298,0.961144490535515,1
46,main,Design erasure estimator,0.633957098791879,1.1839581216855517,0.5500010228936727,0.1157541562659179,0.9570799754043526,1.4108362679667508,0
46,main,Post index leakage estimator,0.633957098791879,0.10499250507164376,-0.5289645937202352,0.1034873060429239,-0.0978426147724871,0.30782762491577464,0
46,main,Oracle prospective estimator,0.633957098791879,0.7579672514543955,0.12401015266251647,0.10397638617991205,0.5541735345417679,0.9617609683670231,1
47,main,Structured EHR estimator,0.6435630313722087,1.5990277077697643,0.9554646763975556,0.15329840442732645,1.2985628350922045,1.8994925804473242,0
47,main,Naive AI estimator,0.6435630313722087,0.16329219547873738,-0.4802708358934713,0.10573647864280604,-0.043951302661162456,0.37053569361863725,0
47,main,ISE causal estimator,0.6435630313722087,0.6791874923204201,0.03562446094821137,0.12458800995589712,0.4349949928068617,0.9233799918339785,1
47,main,Design erasure estimator,0.6435630313722087,1.0161834879171996,0.3726204565449909,0.1342946366142846,0.7529660001532018,1.2794009756811975,0
47,main,Post index leakage estimator,0.6435630313722087,0.23590336613098445,-0.40765966524122427,0.11283867040853418,0.01473957213025745,0.45706716013171145,0
47,main,Oracle prospective estimator,0.6435630313722087,0.6563669279470844,0.012803896574875684,0.12322089757170109,0.4148539687065503,0.8978798871876186,1
48,main,Structured EHR estimator,0.6368911398379252,1.2667287836876056,0.6298376438496803,0.13647840112426113,0.9992311174840538,1.5342264498911573,0
48,main,Naive AI estimator,0.6368911398379252,0.05593450805213064,-0.5809566317857946,0.08831697757519956,-0.1171667679952605,0.2290357840995218,0
48,main,ISE causal estimator,0.6368911398379252,0.5396930772323821,-0.09719806260554309,0.10949243099921092,0.32508791247392876,0.7542982419908355,1
48,main,Design erasure estimator,0.6368911398379252,0.9091316912097828,0.27224055137185754,0.12055731040886793,0.6728393628084016,1.1454240196111638,0
48,main,Post index leakage estimator,0.6368911398379252,0.08653613371440184,-0.5503550061235234,0.09424946789845252,-0.09819282336656511,0.2712650907953688,0
48,main,Oracle prospective estimator,0.6368911398379252,0.5359915036896422,-0.10089963614828301,0.10952356091370344,0.32132532429878347,0.750657683080501,1
49,main,Structured EHR estimator,0.6323313308000582,1.166232428859681,0.5339010980596228,0.1456714797906305,0.8807163284700452,1.4517485292493169,0
49,main,Naive AI estimator,0.6323313308000582,0.0835216284946885,-0.5488097023053697,0.09505558247546185,-0.10278731315721673,0.26983057014659373,0
49,main,ISE causal estimator,0.6323313308000582,0.59067637770633,-0.04165495309372824,0.11032577529125859,0.37443785813546315,0.8069148972771968,1
49,main,Design erasure estimator,0.6323313308000582,1.0321833864298633,0.3998520556298051,0.1336048821691633,0.7703178173783032,1.2940489554814234,0
49,main,Post index leakage estimator,0.6323313308000582,0.10206934004576272,-0.5302619907542955,0.10134728726311534,-0.09657134298994334,0.30071002308146877,0
49,main,Oracle prospective estimator,0.6323313308000582,0.5669293846697971,-0.06540194613026107,0.11001861449723535,0.35129290025521587,0.7825658690843784,1
50,main,Structured EHR estimator,0.6131653349813652,1.5035427040537015,0.8903773690723363,0.127394779003522,1.2538489372067985,1.7532364709006045,0
50,main,Naive AI estimator,0.6131653349813652,0.2387011689128304,-0.3744641660685347,0.09666853952264742,0.04923083144844148,0.42817150637721935,0
50,main,ISE causal estimator,0.6131653349813652,0.7849173141751615,0.17175197919379637,0.10525463034292944,0.5786182387030199,0.9912163896473032,1
50,main,Design erasure estimator,0.6131653349813652,1.2985910328333488,0.6854256978519836,0.12028614413564163,1.062830190327491,1.5343518753392065,0
50,main,Post index leakage estimator,0.6131653349813652,0.2824866119361905,-0.33067872304517465,0.10113011246493431,0.08427159150491928,0.4807016323674618,0
50,main,Oracle prospective estimator,0.6131653349813652,0.7856466357590711,0.17248130077770596,0.10399285582223712,0.5818206383474864,0.9894726331706558,1
51,main,Structured EHR estimator,0.6257875095630272,1.3610243584983175,0.7352368489352903,0.1415944377401863,1.0834992605275524,1.6385494564690826,0
51,main,Naive AI estimator,0.6257875095630272,0.023395574916277233,-0.60239193464675,0.09716998010194813,-0.16705758608354113,0.21384873591609557,0
51,main,ISE causal estimator,0.6257875095630272,0.6046158632243507,-0.02117164633867652,0.10466589144668377,0.39947071598885053,0.8097610104598508,1
51,main,Design erasure estimator,0.6257875095630272,1.041834088144059,0.4160465785810319,0.12017939032664339,0.806282483103838,1.2773856931842802,0
51,main,Post index leakage estimator,0.6257875095630272,0.037809596512551884,-0.5879779130504753,0.10371090745621271,-0.16546378210162502,0.2410829751267288,0
51,main,Oracle prospective estimator,0.6257875095630272,0.5954696766586481,-0.03031783290437906,0.10281057964150477,0.3939609405612988,0.7969784127559975,1
52,main,Structured EHR estimator,0.6345162908399078,1.266290802545884,0.6317745117059763,0.13271624621960162,1.006166959955465,1.5264146451363032,0
52,main,Naive AI estimator,0.6345162908399078,0.24944083541248957,-0.3850754554274182,0.09077703700982633,0.07151784287322999,0.42736382795174915,0
52,main,ISE causal estimator,0.6345162908399078,0.7061251978591976,0.07160890701928979,0.11297511481203926,0.4846939728276006,0.9275564228907945,1
52,main,Design erasure estimator,0.6345162908399078,1.007693805520637,0.37317751468072924,0.1262185594478299,0.7603054290028904,1.2550821820383837,0
52,main,Post index leakage estimator,0.6345162908399078,0.2625141639859183,-0.3720021268539895,0.09391935501269426,0.07843222816103756,0.44659609981079906,0
52,main,Oracle prospective estimator,0.6345162908399078,0.6995843413288076,0.06506805048889985,0.11328074879301908,0.4775540736944902,0.9216146089631251,1
53,main,Structured EHR estimator,0.6524558220804618,1.2728188748613602,0.6203630527808984,0.13742090291538428,1.003473905147207,1.5421638445755135,0
53,main,Naive AI estimator,0.6524558220804618,0.21113174620571468,-0.44132407587474715,0.09147116907719806,0.03184825481440648,0.3904152375970229,0
53,main,ISE causal estimator,0.6524558220804618,0.6359033282851325,-0.016552493795329304,0.10758287721639892,0.4250408889409907,0.8467657676292744,1
53,main,Design erasure estimator,0.6524558220804618,0.9570199459105126,0.3045641238300508,0.11640693157354522,0.7288623600263641,1.1851775317946613,0
53,main,Post index leakage estimator,0.6524558220804618,0.2396534199169358,-0.41280240216352604,0.09508925253083816,0.05327848495649301,0.4260283548773786,0
53,main,Oracle prospective estimator,0.6524558220804618,0.6183840159668735,-0.03407180611358829,0.10573597395734372,0.41114150701047986,0.8256265249232673,1
54,main,Structured EHR estimator,0.6354208730365495,1.183034265885452,0.5476133928489025,0.12635326496904561,0.9353818665461227,1.4306866652247814,0
54,main,Naive AI estimator,0.6354208730365495,0.13886667725824214,-0.49655419577830734,0.08196997070130066,-0.021794465316307132,0.2995278198327914,0
54,main,ISE causal estimator,0.6354208730365495,0.5454670806233163,-0.0899537924132332,0.09461800542996186,0.36001578998059103,0.7309183712660415,1
54,main,Design erasure estimator,0.6354208730365495,0.9524859396329328,0.31706506659638334,0.11094489482950909,0.735033945767095,1.1699379334987707,0
54,main,Post index leakage estimator,0.6354208730365495,0.14610293655993284,-0.48931793647661664,0.08962890176791669,-0.02956971090518387,0.3217755840250496,0
54,main,Oracle prospective estimator,0.6354208730365495,0.5379486915530626,-0.09747218148348691,0.09344954745614223,0.3547875785390238,0.7211098045671014,1
55,main,Structured EHR estimator,0.6500127362980914,1.19927585446289,0.5492631181647987,0.1452543460211137,0.9145773362615073,1.483974372664273,0
55,main,Naive AI estimator,0.6500127362980914,-0.1452232033950747,-0.7952359396931661,0.09521303818840117,-0.331840758244341,0.0413943514541916,0
55,main,ISE causal estimator,0.6500127362980914,0.4227990407274758,-0.2272136955706156,0.10871964800672247,0.20970853063429978,0.6358895508206519,0
55,main,Design erasure estimator,0.6500127362980914,0.7883082127638652,0.13829547646577378,0.12469041738735878,0.543914994684642,1.0327014308430884,1
55,main,Post index leakage estimator,0.6500127362980914,-0.14814250763370632,-0.7981552439317977,0.10144886147341484,-0.3469822761215994,0.05069726085418677,0
55,main,Oracle prospective estimator,0.6500127362980914,0.38009809970361746,-0.26991463659447396,0.1079823646189925,0.1684526650503922,0.5917435343568427,0
56,main,Structured EHR estimator,0.6514793065819311,0.9547396172119048,0.3032603106299737,0.13115085954035247,0.6976839325128139,1.2117953019109957,0
56,main,Naive AI estimator,0.6514793065819311,0.011083389327378491,-0.6403959172545526,0.09795835328254687,-0.18091498310641338,0.20308176176117035,0
56,main,ISE causal estimator,0.6514793065819311,0.4444729682316522,-0.20700633835027887,0.10641408556161254,0.23590136053089164,0.6530445759324128,1
56,main,Design erasure estimator,0.6514793065819311,0.7476176284869149,0.09613832190498384,0.12993416976662106,0.49294665574433766,1.0022886012294923,1
56,main,Post index leakage estimator,0.6514793065819311,0.0016138573403413643,-0.6498654492415897,0.10216953062621105,-0.1986384226870323,0.20186613736771503,0
56,main,Oracle prospective estimator,0.6514793065819311,0.4255118726575813,-0.22596743392434981,0.104452214998794,0.22078553125994504,0.6302382140552175,0
57,main,Structured EHR estimator,0.6455342681730776,1.395874822533396,0.7503405543603183,0.13512137701548785,1.1310369235830398,1.660712721483752,0
57,main,Naive AI estimator,0.6455342681730776,0.16075390781310386,-0.48478036035997374,0.0999062765025607,-0.035062394131915114,0.3565702097581228,0
57,main,ISE causal estimator,0.6455342681730776,0.7091614492417124,0.06362718106863485,0.11287188573357132,0.48793255320391266,0.9303903452795121,1
57,main,Design erasure estimator,0.6455342681730776,0.9970886022104157,0.35155433403733816,0.13205500887754823,0.7382607848104212,1.2559164196104102,0
57,main,Post index leakage estimator,0.6455342681730776,0.17163075217335078,-0.4739035159997268,0.1061823885600209,-0.03648672940429018,0.37974823375099176,0
57,main,Oracle prospective estimator,0.6455342681730776,0.7069543424581962,0.06142007428511864,0.11330621573308773,0.4848741596213443,0.9290345252950482,1
58,main,Structured EHR estimator,0.639714018359311,1.3081953262792174,0.6684813079199065,0.13786398171866757,1.037981922110629,1.5784087304478058,0
58,main,Naive AI estimator,0.639714018359311,-0.07208521043463356,-0.7117992287939445,0.08682570806281183,-0.24226359823774474,0.09809317736847761,0
58,main,ISE causal estimator,0.639714018359311,0.5305956713717783,-0.10911834698753264,0.10490208001227395,0.3249875945477214,0.7362037481958352,1
58,main,Design erasure estimator,0.639714018359311,0.9054349447066846,0.26572092634737365,0.12107589959504406,0.6681261815003983,1.142743707912971,0
58,main,Post index leakage estimator,0.639714018359311,-0.06131324136496129,-0.7010272597242723,0.09068414364624414,-0.2390541629115998,0.11642768018167722,0
58,main,Oracle prospective estimator,0.639714018359311,0.5238885101947552,-0.11582550816455572,0.10477132332812893,0.3185367164716225,0.729240303917888,1
59,main,Structured EHR estimator,0.6427484632835132,1.1888447328742433,0.5460962695907301,0.13642564978454785,0.9214504592965296,1.456239006451957,0
59,main,Naive AI estimator,0.6427484632835132,0.14236407251863212,-0.5003843907648811,0.09876642538551073,-0.051218121236968894,0.33594626627423313,0
59,main,ISE causal estimator,0.6427484632835132,0.6656584259216919,0.022909962638178683,0.11060167878706972,0.44887913549903524,0.8824377163443485,1
59,main,Design erasure estimator,0.6427484632835132,1.0870119040172481,0.4442634407337349,0.1210479369641694,0.8497579475674761,1.32426586046702,0
59,main,Post index leakage estimator,0.6427484632835132,0.05638670883243886,-0.5863617544510743,0.10572680493166665,-0.15083782883362779,0.2636112464985055,0
59,main,Oracle prospective estimator,0.6427484632835132,0.6733183537405572,0.030569890457043947,0.11118618715668654,0.4553934269134515,0.8912432805676628,1
60,main,Structured EHR estimator,0.6557774966809153,1.3505574207177398,0.6947799240368244,0.14367848564398225,1.0689475888555346,1.6321672525799449,0
60,main,Naive AI estimator,0.6557774966809153,0.18273065607011293,-0.4730468406108024,0.09914161413580713,-0.011586907636069038,0.3770482197762949,0
60,main,ISE causal estimator,0.6557774966809153,0.7048799339013552,0.04910243722043983,0.11267821934370516,0.48403062398769303,0.9257292438150173,1
60,main,Design erasure estimator,0.6557774966809153,0.9186754252860339,0.2628979286051185,0.12852361986281557,0.6667691303549153,1.1705817202171525,0
60,main,Post index leakage estimator,0.6557774966809153,0.2048174743712799,-0.45096002230963544,0.10775121944144643,-0.0063749157339551,0.4160098644765149,0
60,main,Oracle prospective estimator,0.6557774966809153,0.6906375677067125,0.034860071025797135,0.11303353880257555,0.4690918316536644,0.9121833037597605,1
61,main,Structured EHR estimator,0.6306704454755654,1.2810448058727093,0.6503743603971439,0.13334222044742533,1.0196940537957557,1.5423955579496629,0
61,main,Naive AI estimator,0.6306704454755654,0.2327202764481205,-0.3979501690274449,0.08338744457019585,0.06928088509053662,0.39615966780570433,0
61,main,ISE causal estimator,0.6306704454755654,0.6606443659000449,0.02997392042447955,0.10818743779058143,0.44859698783050533,0.8726917439695845,1
61,main,Design erasure estimator,0.6306704454755654,1.0257233187818922,0.39505287330632677,0.13511219090657298,0.7609034246050091,1.290543212958775,0
61,main,Post index leakage estimator,0.6306704454755654,0.24840072875480032,-0.38226971672076504,0.09118903820954181,0.06967021386409836,0.42713124364550226,0
61,main,Oracle prospective estimator,0.6306704454755654,0.6397630870404467,0.00909264156488132,0.10796876585598945,0.42814430596270736,0.8513818681181861,1
62,main,Structured EHR estimator,0.6438326848682682,1.369571396535784,0.7257387116675159,0.1380477354858749,1.0989978349834693,1.640144958088099,0
62,main,Naive AI estimator,0.6438326848682682,0.1439287088605502,-0.49990397600771797,0.09521190023991999,-0.042686615609692974,0.3305440333307934,0
62,main,ISE causal estimator,0.6438326848682682,0.6491006586048509,0.005267973736582721,0.10859979341920681,0.4362450635032056,0.8619562537064962,1
62,main,Design erasure estimator,0.6438326848682682,1.0831185722726901,0.439285887404422,0.11756865844881419,0.8526840017130144,1.313553142832366,0
62,main,Post index leakage estimator,0.6438326848682682,0.13177013540814259,-0.5120625494601256,0.097834382973144,-0.05998525521921963,0.3235255260355048,0
62,main,Oracle prospective estimator,0.6438326848682682,0.6356792660860702,-0.008153418782197996,0.10789387064776335,0.424207279616454,0.8471512525556864,1
63,main,Structured EHR estimator,0.6519843544485077,1.4469903390605232,0.7950059846120155,0.14905096020448458,1.1548504570597333,1.739130221061313,0
63,main,Naive AI estimator,0.6519843544485077,2.7271911713849507e-05,-0.6519570825367939,0.09904947422995863,-0.1941096975790051,0.19416424140243277,0
63,main,ISE causal estimator,0.6519843544485077,0.47248331297207974,-0.17950104147642792,0.11481517116348237,0.2474455774916543,0.6975210484525052,1
63,main,Design erasure estimator,0.6519843544485077,0.9180114882868808,0.2660271338383732,0.12898377413027995,0.6652032909915322,1.1708196855822295,0
63,main,Post index leakage estimator,0.6519843544485077,0.07395125199428527,-0.5780331024542223,0.10670034671393591,-0.1351814275650291,0.2830839315535997,0
63,main,Oracle prospective estimator,0.6519843544485077,0.46932866701760345,-0.1826556874309042,0.11433176711217924,0.24523840347773215,0.6934189305574747,1
64,main,Structured EHR estimator,0.6254971830099714,1.2181611679047983,0.592663984894827,0.14707691594153402,0.9298904126593917,1.506431923150205,0
64,main,Naive AI estimator,0.6254971830099714,0.0936849281743545,-0.5318122548356169,0.08880111723605319,-0.08036526160830976,0.26773511795701876,0
64,main,ISE causal estimator,0.6254971830099714,0.5694736958797,-0.05602348713027139,0.1027978420437748,0.36798992547390136,0.7709574662854985,1
64,main,Design erasure estimator,0.6254971830099714,1.030626663747641,0.4051294807376695,0.12299463274353616,0.78955718357031,1.2716961439249719,0
64,main,Post index leakage estimator,0.6254971830099714,0.07967509894325382,-0.5458220840667175,0.10035750503719337,-0.11702561092964518,0.2763758088161528,0
64,main,Oracle prospective estimator,0.6254971830099714,0.5490755943191684,-0.07642158869080296,0.10206295000002968,0.34903221231911025,0.7491189763192265,1
65,main,Structured EHR estimator,0.6314484267508863,1.3524307390005552,0.7209823122496689,0.14427550560967897,1.0696507480055844,1.635210729995526,0
65,main,Naive AI estimator,0.6314484267508863,0.134200335933058,-0.4972480908178283,0.09555647369142573,-0.05309035250213642,0.3214910243682524,0
65,main,ISE causal estimator,0.6314484267508863,0.628454268989673,-0.0029941577612132564,0.10324864465637758,0.426086925463173,0.8308216125161731,1
65,main,Design erasure estimator,0.6314484267508863,0.955981957655534,0.32453353090464765,0.12231356379986874,0.7162473726077913,1.1957165427032768,0
65,main,Post index leakage estimator,0.6314484267508863,0.1109544523544573,-0.520493974396429,0.10015320387499228,-0.08534582724052756,0.3072547319494422,0
65,main,Oracle prospective estimator,0.6314484267508863,0.6191394640935427,-0.012308962657343603,0.10304177077620018,0.41717759337219035,0.821101334814895,1
66,main,Structured EHR estimator,0.6377085613129994,1.4139467248691628,0.7762381635561635,0.14361402886471233,1.1324632282943266,1.6954302214439991,0
66,main,Naive AI estimator,0.6377085613129994,0.1077714399105181,-0.5299371214024813,0.09813628818259094,-0.08457568492736015,0.3001185647483964,0
66,main,ISE causal estimator,0.6377085613129994,0.5893363599816418,-0.048372201331357556,0.1169264578371269,0.36016050262087307,0.8185122173424105,1
66,main,Design erasure estimator,0.6377085613129994,0.9852428229637802,0.34753426165078083,0.1322678227913545,0.7259978902927253,1.244487755634835,0
66,main,Post index leakage estimator,0.6377085613129994,0.16914398093646188,-0.4685645803765375,0.10254942191413298,-0.03185288601523875,0.3701408478881625,0
66,main,Oracle prospective estimator,0.6377085613129994,0.5976070629448834,-0.04010149836811594,0.11662135024234631,0.3690292164698846,0.8261849094198822,1
67,main,Structured EHR estimator,0.6483270253470427,1.4159237310959074,0.7675967057488647,0.1423151313398681,1.136986073669766,1.694861388522049,0
67,main,Naive AI estimator,0.6483270253470427,0.1617877121864738,-0.48653931316056886,0.08988717159190944,-0.014391144133668682,0.3379665685066163,0
67,main,ISE causal estimator,0.6483270253470427,0.7164456251228457,0.06811859977580303,0.11638588321681942,0.4883292940178796,0.9445619562278118,1
67,main,Design erasure estimator,0.6483270253470427,1.021410863777945,0.3730838384309024,0.12238790863635914,0.7815305628506812,1.261291164705209,0
67,main,Post index leakage estimator,0.6483270253470427,0.1863458006235364,-0.4619812247235063,0.09883295481956275,-0.007366790822806585,0.38005839206987935,0
67,main,Oracle prospective estimator,0.6483270253470427,0.7026740350980545,0.05434700975101181,0.11542429813666208,0.4764424107501968,0.9289056594459122,1
68,main,Structured EHR estimator,0.6515165077362751,1.5762732343483181,0.924756726612043,0.14114597483858193,1.2996271236646975,1.8529193450319388,0
68,main,Naive AI estimator,0.6515165077362751,0.3115352129761594,-0.33998129476011574,0.09868687172108107,0.1181089444028405,0.5049614815494783,0
68,main,ISE causal estimator,0.6515165077362751,0.7983479425733006,0.14683143483702543,0.11736474933441998,0.5683130338778374,1.0283828512687636,1
68,main,Design erasure estimator,0.6515165077362751,1.0886510280967536,0.4371345203604785,0.13612427616592276,0.8218474468115451,1.3554546093819622,0
68,main,Post index leakage estimator,0.6515165077362751,0.3730706589787686,-0.2784458487575065,0.10430209726857691,0.1686385483323579,0.5775027696251793,0
68,main,Oracle prospective estimator,0.6515165077362751,0.7865012312940713,0.13498472355779623,0.11701503102594733,0.5571517704832145,1.0158506921049282,1
69,main,Structured EHR estimator,0.6500163914468293,1.4417849960212448,0.7917686045744154,0.14369384811652422,1.1601450537128573,1.7234249383296323,0
69,main,Naive AI estimator,0.6500163914468293,0.2274345563216697,-0.4225818351251596,0.08900817381032768,0.05297853565342747,0.40189057698991193,0
69,main,ISE causal estimator,0.6500163914468293,0.7353726530817734,0.08535626163494403,0.10809078695382189,0.5235147106522824,0.9472305955112643,1
69,main,Design erasure estimator,0.6500163914468293,1.0618092961094199,0.41179290466259055,0.1280610899762524,0.8108095597559652,1.3128090324628745,0
69,main,Post index leakage estimator,0.6500163914468293,0.20238068105394008,-0.44763571039288924,0.09435702061632718,0.0174409206459388,0.38732044146194133,0
69,main,Oracle prospective estimator,0.6500163914468293,0.7509002976019421,0.10088390615511278,0.10666530492525997,0.5418362999484325,0.9599642952554517,1
70,main,Structured EHR estimator,0.6581556001201985,1.2489199821680443,0.5907643820478459,0.1390706172033308,0.9763415724495159,1.5214983918865728,0
70,main,Naive AI estimator,0.6581556001201985,0.1964610926487208,-0.46169450747147767,0.08783973721400176,0.024295207709277344,0.36862697758816426,0
70,main,ISE causal estimator,0.6581556001201985,0.6696415796397882,0.01148597951958974,0.10607390722885851,0.4617367214712255,0.8775464378083508,1
70,main,Design erasure estimator,0.6581556001201985,0.9519153477063041,0.2937597475861057,0.12081110742967392,0.7151255771441433,1.188705118268465,0
70,main,Post index leakage estimator,0.6581556001201985,0.2241545270245433,-0.43400107309565517,0.09175142700620978,0.04432173009237214,0.40398732395671444,0
70,main,Oracle prospective estimator,0.6581556001201985,0.6600771857156091,0.0019215855954106686,0.1046285660491937,0.4550051962591895,0.8651491751720288,1
71,main,Structured EHR estimator,0.6367434562941607,1.55777128911816,0.9210278328239994,0.13691441531210075,1.2894190351064427,1.8261235431298775,0
71,main,Naive AI estimator,0.6367434562941607,0.011770229560286075,-0.6249732267338747,0.09615511997068778,-0.17669380558226194,0.20023426470283412,0
71,main,ISE causal estimator,0.6367434562941607,0.7069224502337084,0.07017899393954763,0.11594811126919391,0.4796641521460883,0.9341807483213285,1
71,main,Design erasure estimator,0.6367434562941607,1.1555170170687754,0.5187735607746147,0.1258033725122687,0.9089424069447287,1.402091627192822,0
71,main,Post index leakage estimator,0.6367434562941607,0.053183875440658834,-0.5835595808535019,0.09726881350874848,-0.13746299903648818,0.24383074991780584,0
71,main,Oracle prospective estimator,0.6367434562941607,0.6751591597498241,0.038415703455663364,0.11606233652424831,0.4476769801622974,0.9026413393373508,1
72,main,Structured EHR estimator,0.64204377849089,1.2806668375907746,0.6386230590998846,0.14702946684775495,0.9924890825691749,1.5688445926123742,0
72,main,Naive AI estimator,0.64204377849089,0.09198182127816736,-0.5500619572127227,0.09594807988853472,-0.09607641530336071,0.28004005785969543,0
72,main,ISE causal estimator,0.64204377849089,0.5856473067547886,-0.056396471736101406,0.12300928257057311,0.3445491129164653,0.8267455005931119,1
72,main,Design erasure estimator,0.64204377849089,1.0826582417628114,0.44061446327192144,0.12859007575546083,0.8306216932821082,1.3346947902435147,0
72,main,Post index leakage estimator,0.64204377849089,0.12993120244314513,-0.5121125760477448,0.09876098626014765,-0.06364033062674426,0.32350273551303455,0
72,main,Oracle prospective estimator,0.64204377849089,0.5635075956377755,-0.07853618285311448,0.1233733174125567,0.3216958935091644,0.8053192977663867,1
73,main,Structured EHR estimator,0.6357524174670919,1.3281948967159138,0.692442479248822,0.14741228074053692,1.0392668264644616,1.6171229669673661,0
73,main,Naive AI estimator,0.6357524174670919,0.12785389773164912,-0.5078985197354428,0.08466878092358827,-0.03809691287858388,0.2938047083418821,0
73,main,ISE causal estimator,0.6357524174670919,0.6650097326609694,0.02925731519387753,0.10698264457621956,0.45532374929157904,0.8746957160303598,1
73,main,Design erasure estimator,0.6357524174670919,1.0454064834734345,0.4096540660063426,0.13923504794946662,0.7725057894924798,1.318307177454389,0
73,main,Post index leakage estimator,0.6357524174670919,0.08778945098971695,-0.547962966477375,0.09103298942064815,-0.09063520827475342,0.26621411025418734,0
73,main,Oracle prospective estimator,0.6357524174670919,0.6469358884995159,0.011183471032424008,0.10685288709123919,0.43750422980068704,0.8563675471983447,1
74,main,Structured EHR estimator,0.6447789742076818,1.2564770818463762,0.6116981076386944,0.13489429924523197,0.9920842553257215,1.5208699083670307,0
74,main,Naive AI estimator,0.6447789742076818,0.005040270728735583,-0.6397387034789462,0.09107888085215356,-0.17347433574148538,0.18355487719895655,0
74,main,ISE causal estimator,0.6447789742076818,0.5035014228885405,-0.14127755131914133,0.10967946014409534,0.28852968100611365,0.7184731647709673,1
74,main,Design erasure estimator,0.6447789742076818,0.9691262351617652,0.3243472609540834,0.12899754838987626,0.7162910403176077,1.2219614300059227,0
74,main,Post index leakage estimator,0.6447789742076818,0.06166542543407319,-0.5831135487736087,0.09460018386838681,-0.12375093494796496,0.24708178581611134,0
74,main,Oracle prospective estimator,0.6447789742076818,0.49683047781061196,-0.14794849639706986,0.10997995833273153,0.28126975947845817,0.7123911961427658,1
75,main,Structured EHR estimator,0.660803623002151,1.2943649671530246,0.6335613441508736,0.13498176292272707,1.0298007118244796,1.5589292224815696,0
75,main,Naive AI estimator,0.660803623002151,0.07189080340459154,-0.5889128195975595,0.097960390781783,-0.12011156252770312,0.2638931693368862,0
75,main,ISE causal estimator,0.660803623002151,0.6865716107533664,0.02576798775121536,0.11364107437611926,0.46383510497617264,0.9093081165305601,1
75,main,Design erasure estimator,0.660803623002151,1.0818390269599465,0.4210354039577955,0.1252432664306666,0.83636222475584,1.327315829164053,0
75,main,Post index leakage estimator,0.660803623002151,0.04145212701174659,-0.6193514959904044,0.09763349611049148,-0.14990952536481672,0.23281377938830988,0
75,main,Oracle prospective estimator,0.660803623002151,0.6623136929522584,0.0015100699501073844,0.1134801969400654,0.4398925069497302,0.8847348789547866,1
76,main,Structured EHR estimator,0.605827030196253,1.5084595096232953,0.9026324794270424,0.15830122725716408,1.1981891041992538,1.8187299150473368,0
76,main,Naive AI estimator,0.605827030196253,0.14279919638946337,-0.4630278338067896,0.0962977085010589,-0.04594431227261206,0.3315427050515388,0
76,main,ISE causal estimator,0.605827030196253,0.6423552137693599,0.03652818357310694,0.11698429018601923,0.4130660050047622,0.8716444225339576,1
76,main,Design erasure estimator,0.605827030196253,1.071239263379279,0.46541223318302616,0.13851106686331238,0.7997575723271868,1.3427209544313714,0
76,main,Post index leakage estimator,0.605827030196253,0.1915978965157984,-0.41422913368045455,0.10447411145896934,-0.013171361943781518,0.39636715497537833,0
76,main,Oracle prospective estimator,0.605827030196253,0.6471478704828797,0.04132084028662675,0.11528901752395986,0.4211813961359184,0.8731143448298411,1
77,main,Structured EHR estimator,0.6212331716742031,1.4768005551223193,0.8555673834481162,0.1364783544782588,1.209302980344932,1.7442981298997067,0
77,main,Naive AI estimator,0.6212331716742031,0.18992116345575027,-0.43131200821845284,0.10208896882077435,-0.010173215432967453,0.390015542344468,0
77,main,ISE causal estimator,0.6212331716742031,0.701886922028474,0.08065375035427091,0.10938673218179769,0.48748892695215057,0.9162849171047975,1
77,main,Design erasure estimator,0.6212331716742031,1.0796942573771307,0.45846108570292754,0.12858073472898954,0.8276760173083111,1.3317124974459502,0
77,main,Post index leakage estimator,0.6212331716742031,0.21410936314383117,-0.40712380853037194,0.10588419211537184,0.0065763465977023705,0.42164237968996,0
77,main,Oracle prospective estimator,0.6212331716742031,0.7035597777075893,0.08232660603338615,0.10931859623742679,0.4892953290822327,0.9178242263329458,1
78,main,Structured EHR estimator,0.6764729179307564,1.3845036098605057,0.7080306919297493,0.13636982758865324,1.1172187477867452,1.6517884719342661,0
78,main,Naive AI estimator,0.6764729179307564,0.11297748375113141,-0.563495434179625,0.09902187863172177,-0.08110539836704324,0.3070603658693061,0
78,main,ISE causal estimator,0.6764729179307564,0.6526657423329678,-0.023807175597788555,0.12157071574550053,0.41438713947178674,0.8909443451941489,1
78,main,Design erasure estimator,0.6764729179307564,0.9888944698646585,0.3124215519339021,0.12557658548689946,0.7427643623103355,1.2350245774189814,0
78,main,Post index leakage estimator,0.6764729179307564,0.14655335671959238,-0.529919561211164,0.10184217559590719,-0.053057307448385715,0.3461640208875705,0
78,main,Oracle prospective estimator,0.6764729179307564,0.6557145429059336,-0.020758375024822806,0.12022789916733215,0.4200678605379625,0.8913612252739046,1
79,main,Structured EHR estimator,0.6218035240419691,1.5035448243783094,0.8817413003363402,0.13794441040357067,1.2331737799873108,1.773915868769308,0
79,main,Naive AI estimator,0.6218035240419691,0.2135307220231524,-0.40827280201881677,0.10533788672063416,0.007068464050709461,0.4199929799955954,0
79,main,ISE causal estimator,0.6218035240419691,0.7883872873126272,0.16658376327065805,0.11583614064854099,0.5613484516414868,1.0154261229837676,1
79,main,Design erasure estimator,0.6218035240419691,1.2050635965775964,0.5832600725356273,0.13266729718395354,0.9450356940970475,1.4650914990581454,0
79,main,Post index leakage estimator,0.6218035240419691,0.24962915035146838,-0.37217437369050077,0.10942503758070603,0.03515607669328458,0.4641022240096522,0
79,main,Oracle prospective estimator,0.6218035240419691,0.7793961257013141,0.15759260165934497,0.11508808729656227,0.5538234746000521,1.0049687768025761,1
80,main,Structured EHR estimator,0.6382533208288251,1.5472387853270424,0.9089854644982173,0.1416331973398375,1.2696377185409609,1.824839852113124,0
80,main,Naive AI estimator,0.6382533208288251,0.25332991542813876,-0.38492340540068637,0.10408483844888783,0.049323632068318635,0.4573361987879589,0
80,main,ISE causal estimator,0.6382533208288251,0.7844179028964852,0.14616458206766003,0.11571456452582095,0.5576173564258762,1.0112184493670942,1
80,main,Design erasure estimator,0.6382533208288251,1.267298594497949,0.6290452736691238,0.12788539774790295,1.016643214912059,1.5179539740838388,0
80,main,Post index leakage estimator,0.6382533208288251,0.30680377222813443,-0.3314495486006907,0.10823710090760005,0.09465905444923833,0.5189484900070305,0
80,main,Oracle prospective estimator,0.6382533208288251,0.7867315021501852,0.14847818132136004,0.11513227209735641,0.5610722488393666,1.0123907554610037,1
81,main,Structured EHR estimator,0.6399842351797534,1.5882309514729498,0.9482467162931963,0.1337518175709261,1.3260773890339346,1.850384513911965,0
81,main,Naive AI estimator,0.6399842351797534,0.2646354936669618,-0.37534874151279163,0.09349989941940072,0.08137569080493642,0.4478952965289872,0
81,main,ISE causal estimator,0.6399842351797534,0.7792090548009587,0.13922481962120525,0.11128967556323169,0.5610812906970246,0.9973368189048928,1
81,main,Design erasure estimator,0.6399842351797534,1.1745242070965827,0.5345399719168292,0.12163292890450018,0.9361236664437623,1.4129247477494031,0
81,main,Post index leakage estimator,0.6399842351797534,0.29749400962749717,-0.3424902255522563,0.0980656847479518,0.10528526752151166,0.48970275173348266,0
81,main,Oracle prospective estimator,0.6399842351797534,0.7921069484579168,0.1521227132781634,0.11016405114127341,0.5761854082210209,1.0080284886948128,1
82,main,Structured EHR estimator,0.642522366564267,1.3428640694831147,0.7003417029188477,0.1369537249146886,1.074434768650325,1.6112933703159042,0
82,main,Naive AI estimator,0.642522366564267,0.1864472676148296,-0.4560750989494374,0.09016664346475617,0.00972064642390752,0.3631738888057517,0
82,main,ISE causal estimator,0.642522366564267,0.6053831744980177,-0.03713919206624927,0.10671180709929944,0.3962280325833908,0.8145383164126446,1
82,main,Design erasure estimator,0.642522366564267,1.0057810288931381,0.36325866232887116,0.12238286641180811,0.7659106107259943,1.245651447060282,0
82,main,Post index leakage estimator,0.642522366564267,0.2483816709617294,-0.3941406956025376,0.09447972734313478,0.06320140536918523,0.43356193655427355,0
82,main,Oracle prospective estimator,0.642522366564267,0.6021031314594331,-0.04041923510483392,0.10635098206530728,0.3936552066114308,0.8105510563074354,1
83,main,Structured EHR estimator,0.6349216710319345,1.2339071498316774,0.5989854787997428,0.14860243182372593,0.9426463834571746,1.5251679162061802,0
83,main,Naive AI estimator,0.6349216710319345,0.09445997095970628,-0.5404617000722283,0.09317269661797926,-0.08815851441153306,0.27707845633094563,0
83,main,ISE causal estimator,0.6349216710319345,0.574621723352235,-0.060299947679699484,0.12532688045173146,0.3289810376668414,0.8202624090376287,1
83,main,Design erasure estimator,0.6349216710319345,0.9421943924538659,0.3072727214219314,0.14651652338543805,0.6550220066184074,1.2293667782893245,0
83,main,Post index leakage estimator,0.6349216710319345,0.1347749188858703,-0.5001467521460643,0.09484986456547001,-0.051130815662450924,0.3206806534341915,0
83,main,Oracle prospective estimator,0.6349216710319345,0.5704165691089937,-0.06450510192294079,0.12386972422798691,0.3276319096221394,0.8132012285958481,1
84,main,Structured EHR estimator,0.6565220022462973,1.400126413312992,0.7436044110666947,0.14957750242220766,1.106954508565465,1.693298318060519,0
84,main,Naive AI estimator,0.6565220022462973,0.03401752366359688,-0.6225044785827004,0.09816582778194562,-0.15838749878901653,0.22642254611621027,0
84,main,ISE causal estimator,0.6565220022462973,0.7079087966869402,0.05138679444064287,0.11108472935959567,0.4901827271421327,0.9256348662317477,1
84,main,Design erasure estimator,0.6565220022462973,1.0407925503867972,0.3842705481404999,0.13654560528043025,0.7731631640371539,1.3084219367364405,0
84,main,Post index leakage estimator,0.6565220022462973,-0.036823505971881,-0.6933455082181783,0.1064985115532219,-0.24556058861619592,0.17191357667243393,0
84,main,Oracle prospective estimator,0.6565220022462973,0.7030825466312297,0.0465605443849324,0.11167722699182653,0.48419518172724973,0.9219699115352097,1
85,main,Structured EHR estimator,0.6220773858211005,1.241239926945875,0.6191625411247744,0.13893906387575636,0.9689193617493925,1.5135604921423573,0
85,main,Naive AI estimator,0.6220773858211005,0.1303013734721091,-0.4917760123489914,0.08993131572226445,-0.045964005343529235,0.30656675228774743,0
85,main,ISE causal estimator,0.6220773858211005,0.6221757359013593,9.835008025882441e-05,0.10247265503477562,0.4213293320331991,0.8230221397695195,1
85,main,Design erasure estimator,0.6220773858211005,0.8740804181430275,0.252003032321927,0.1200887483714434,0.6387064713349985,1.1094543649510566,0
85,main,Post index leakage estimator,0.6220773858211005,0.1178671091715132,-0.5042102766495873,0.09618195635151283,-0.07064952527745195,0.3063837436204784,0
85,main,Oracle prospective estimator,0.6220773858211005,0.6067088965377014,-0.015368489283399067,0.10203593947148375,0.4067184551735933,0.8066993379018096,1
86,main,Structured EHR estimator,0.634181617405456,1.2347751085027945,0.6005934910973385,0.14405400505534227,0.9524292585943237,1.5171209584112653,0
86,main,Naive AI estimator,0.634181617405456,0.22650891460651867,-0.4076727027989373,0.10060794744868137,0.0293173376071032,0.42370049160593415,0
86,main,ISE causal estimator,0.634181617405456,0.6179465115435644,-0.016235105861891586,0.11655331579761401,0.389502012580241,0.8463910105068878,1
86,main,Design erasure estimator,0.634181617405456,0.8668487020294308,0.23266708462397478,0.13654649024832285,0.599217581142718,1.1344798229161435,1
86,main,Post index leakage estimator,0.634181617405456,0.2390278036630689,-0.3951538137423871,0.10537172451112711,0.03249922362125976,0.44555638370487805,0
86,main,Oracle prospective estimator,0.634181617405456,0.6050251004384555,-0.0291565169670005,0.11586513847594192,0.37792942902560933,0.8321207718513016,1
87,main,Structured EHR estimator,0.661598922477003,1.311084932052659,0.6494860095756559,0.1429997509583706,1.0308054201742527,1.5913644439310652,0
87,main,Naive AI estimator,0.661598922477003,0.12265979708288914,-0.5389391253941139,0.10684378014378786,-0.08675401199893505,0.3320736061647133,0
87,main,ISE causal estimator,0.661598922477003,0.6541555577468517,-0.007443364730151281,0.11121774465440643,0.4361687782242152,0.8721423372694883,1
87,main,Design erasure estimator,0.661598922477003,0.9647113728357425,0.30311245035873946,0.1251527032340976,0.7194120744969112,1.2100106711745737,0
87,main,Post index leakage estimator,0.661598922477003,0.05790981491355477,-0.6036891075634483,0.11393736721619094,-0.16540742483017948,0.28122705465728903,0
87,main,Oracle prospective estimator,0.661598922477003,0.6437722240058813,-0.017826698471121727,0.1098573276370112,0.42845186183733935,0.8590925861744232,1
88,main,Structured EHR estimator,0.6509811210675583,1.4167207781690185,0.7657396571014602,0.12399861006881,1.173683502434151,1.659758053903886,0
88,main,Naive AI estimator,0.6509811210675583,0.20086488335364552,-0.45011623771391285,0.08729280139285102,0.02977099262365754,0.37195877408363354,0
88,main,ISE causal estimator,0.6509811210675583,0.7542073092916763,0.103226188224118,0.09975484219139995,0.5586878185965325,0.9497267999868202,1
88,main,Design erasure estimator,0.6509811210675583,0.9393427845048776,0.2883616634373193,0.1165024586041971,0.7109979656406513,1.167687603369104,0
88,main,Post index leakage estimator,0.6509811210675583,0.2200950920572946,-0.43088602901026374,0.09162484304747714,0.04051039968423942,0.3996797844303498,0
88,main,Oracle prospective estimator,0.6509811210675583,0.7425109533562889,0.09152983228873057,0.09847929345967853,0.549491538175319,0.9355303685372588,1
89,main,Structured EHR estimator,0.6535300830123322,1.5047541466021337,0.8512240635898015,0.1373905513614444,1.2354686659337026,1.7740396272705647,0
89,main,Naive AI estimator,0.6535300830123322,0.29181483984484424,-0.36171524316748793,0.09784959248766363,0.10002963856902353,0.48360004112066496,0
89,main,ISE causal estimator,0.6535300830123322,0.8973909511146362,0.243860868102304,0.10717331056258632,0.687331262411967,1.1074506398173054,0
89,main,Design erasure estimator,0.6535300830123322,1.2613193394337545,0.6077892564214223,0.1184972003556387,1.0290648267367026,1.4935738521308064,0
89,main,Post index leakage estimator,0.6535300830123322,0.2835340429035933,-0.3699960401087389,0.10569681812948355,0.07636827936980556,0.49069980643738104,0
89,main,Oracle prospective estimator,0.6535300830123322,0.87937359745408,0.22584351444174777,0.10681332073482466,0.6700194888138236,1.0887277060943363,0
90,main,Structured EHR estimator,0.6526021267036646,1.3166489932232932,0.6640468665196286,0.1360062156950714,1.0500768104609532,1.5832211759856332,0
90,main,Naive AI estimator,0.6526021267036646,0.2165085580203157,-0.43609356868334886,0.0886770808928933,0.04270147947024483,0.3903156365703866,0
90,main,ISE causal estimator,0.6526021267036646,0.6379772821335926,-0.01462484457007196,0.10844724804854308,0.4254206759584482,0.850533888308737,1
90,main,Design erasure estimator,0.6526021267036646,0.9653479414461547,0.3127458147424901,0.11995444813959061,0.7302372230925571,1.2004586597997522,0
90,main,Post index leakage estimator,0.6526021267036646,0.24832147647027308,-0.4042806502333915,0.09451885333953376,0.06306452392478692,0.43357842901575927,0
90,main,Oracle prospective estimator,0.6526021267036646,0.6274477359625413,-0.025154390741123245,0.10735185813432803,0.4170380940192584,0.8378573779058243,1
91,main,Structured EHR estimator,0.6185142276563926,1.2820225643205863,0.6635083366641936,0.13552709567534083,1.0163894567969183,1.5476556718442542,0
91,main,Naive AI estimator,0.6185142276563926,0.10224209651259034,-0.5162721311438023,0.09978402793211393,-0.09333459823435294,0.2978187912595336,0
91,main,ISE causal estimator,0.6185142276563926,0.5303537035215373,-0.08816052413485531,0.11294077036006687,0.30898979361580625,0.7517176134272684,1
91,main,Design erasure estimator,0.6185142276563926,0.8870953523462373,0.26858112468984463,0.12283602003844797,0.6463367530708792,1.1278539516215953,0
91,main,Post index leakage estimator,0.6185142276563926,0.12084285590150742,-0.4976713717548852,0.10257388080204839,-0.08020195047050743,0.3218876622735223,0
91,main,Oracle prospective estimator,0.6185142276563926,0.5257196688195667,-0.09279455883682597,0.11168921630288357,0.3068088048659149,0.7446305327732184,1
92,main,Structured EHR estimator,0.631879846958026,1.4264753100319154,0.7945954630738894,0.14351567398099113,1.1451845890291728,1.707766031034658,0
92,main,Naive AI estimator,0.631879846958026,0.14034145149114338,-0.4915383954668826,0.10233987528435341,-0.060244704066189314,0.3409276070484761,0
92,main,ISE causal estimator,0.631879846958026,0.6761724270420011,0.044292580083975075,0.12194323885913211,0.43716367887810215,0.9151811752059,1
92,main,Design erasure estimator,0.631879846958026,1.09230020935982,0.46042036240179396,0.13589761721814353,0.8259408796122587,1.3586595391073812,0
92,main,Post index leakage estimator,0.631879846958026,0.15172379195881674,-0.48015605499920927,0.10957320570476346,-0.06303969122251965,0.3664872751401531,0
92,main,Oracle prospective estimator,0.631879846958026,0.6601397181494478,0.028259871191421815,0.12043595815394449,0.42408524016771665,0.896194196131179,1
93,main,Structured EHR estimator,0.6354145008568204,1.315164698187384,0.6797501973305635,0.15266697510624613,1.0159374269791415,1.6143919693956263,0
93,main,Naive AI estimator,0.6354145008568204,0.1108249733887853,-0.5245895274680351,0.08258132590775545,-0.05103442539041539,0.272684372167986,0
93,main,ISE causal estimator,0.6354145008568204,0.5566864462217649,-0.0787280546350555,0.10880477978792101,0.3434290778374397,0.7699438146060901,1
93,main,Design erasure estimator,0.6354145008568204,0.9678888331673522,0.3324743323105318,0.1378530436864154,0.697696867541978,1.2380807987927263,0
93,main,Post index leakage estimator,0.6354145008568204,0.14301757337786258,-0.4923969274789578,0.08993667984650752,-0.03325831912129215,0.31929346587701735,0
93,main,Oracle prospective estimator,0.6354145008568204,0.5377559629230184,-0.09765853793380197,0.10915903644532013,0.323804251490191,0.7517076743558458,1
94,main,Structured EHR estimator,0.625973893178945,1.2549215459349476,0.6289476527560026,0.12990028920276336,1.0003169790975315,1.5095261127723638,0
94,main,Naive AI estimator,0.625973893178945,0.15453421949191193,-0.4714396736870331,0.08315445853645013,-0.008448519239530328,0.3175169582233542,0
94,main,ISE causal estimator,0.625973893178945,0.6098175957371408,-0.016156297441804246,0.09855059863241708,0.4166584224176033,0.8029767690566783,1
94,main,Design erasure estimator,0.625973893178945,0.9158093350556107,0.28983544187666566,0.11592605017971964,0.6885942767033602,1.1430243934078612,0
94,main,Post index leakage estimator,0.625973893178945,0.18875201243827336,-0.4372218807406717,0.0884767851927875,0.015337513460409874,0.36216651141613687,0
94,main,Oracle prospective estimator,0.625973893178945,0.6076694215575971,-0.018304471621347962,0.09772011118168264,0.4161380036414991,0.799200839473695,1
95,main,Structured EHR estimator,0.6234816891032526,1.5575357188193333,0.9340540297160806,0.13854864254885388,1.2859803794235796,1.829091058215087,0
95,main,Naive AI estimator,0.6234816891032526,0.12629390004108296,-0.49718778906216965,0.09292158733861497,-0.05583241114260237,0.30842021122476826,0
95,main,ISE causal estimator,0.6234816891032526,0.7287119019276713,0.10523021282441869,0.11418184256464355,0.50491549050097,0.9525083133543727,1
95,main,Design erasure estimator,0.6234816891032526,1.1391408451297018,0.5156591560264492,0.12940121976603858,0.8855144543882663,1.3927672358711374,0
95,main,Post index leakage estimator,0.6234816891032526,0.16642459463242013,-0.45705709447083254,0.09713696718261426,-0.023963861045503826,0.35681305031034405,0
95,main,Oracle prospective estimator,0.6234816891032526,0.6915789483924902,0.0680972592892376,0.11311918374289125,0.4698653482564234,0.913292548528557,1
96,main,Structured EHR estimator,0.6436348865743216,1.0820009892433318,0.4383661026690102,0.14172953409063577,0.8042111024256857,1.3597908760609778,0
96,main,Naive AI estimator,0.6436348865743216,-0.053298887047217684,-0.6969337736215392,0.09867807302616985,-0.2467079101785106,0.14011013608407522,0
96,main,ISE causal estimator,0.6436348865743216,0.3967706224269543,-0.24686426414736723,0.1042644316102463,0.19241233647087158,0.6011289083830371,0
96,main,Design erasure estimator,0.6436348865743216,0.8568789744033325,0.21324408782901094,0.12898272852531936,0.6040728264937065,1.1096851223129585,1
96,main,Post index leakage estimator,0.6436348865743216,-0.055614691314602886,-0.6992495778889244,0.10578342449058173,-0.26295020331614305,0.1517208206869373,0
96,main,Oracle prospective estimator,0.6436348865743216,0.3991556161670796,-0.24447927040724193,0.10489885054909456,0.19355386909085429,0.604757363243305,0
97,main,Structured EHR estimator,0.6288305233207994,1.4542858915421795,0.8254553682213801,0.14339592253031117,1.1732298833827697,1.7353418997015893,0
97,main,Naive AI estimator,0.6288305233207994,-0.04434972875794478,-0.6731802520787441,0.10159242685874699,-0.24347088540108885,0.15477142788519932,0
97,main,ISE causal estimator,0.6288305233207994,0.5148083433589237,-0.11402217996187569,0.11252910416246255,0.2942512992004971,0.7353653875173503,1
97,main,Design erasure estimator,0.6288305233207994,1.0466821469275276,0.41785162360672823,0.13301210987115586,0.7859784115800621,1.307385882274993,0
97,main,Post index leakage estimator,0.6288305233207994,-0.03280001966448622,-0.6616305429852856,0.106903892082949,-0.24233164814706626,0.1767316088180938,0
97,main,Oracle prospective estimator,0.6288305233207994,0.5187017889813705,-0.11012873433942882,0.11143861362270241,0.3002821062808738,0.7371214716818673,1
98,main,Structured EHR estimator,0.6336680231246596,1.228662080196456,0.5949940570717964,0.15136606221995672,0.931984598245341,1.5253395621475712,0
98,main,Naive AI estimator,0.6336680231246596,0.204818796493863,-0.4288492266307966,0.0858255060077011,0.036600804718768865,0.37303678826895714,0
98,main,ISE causal estimator,0.6336680231246596,0.6900407363967117,0.056372713272052066,0.1126476067073922,0.469251427250223,0.9108300455432004,1
98,main,Design erasure estimator,0.6336680231246596,0.9418138500349446,0.3081458269102849,0.12133553779748417,0.7039961959518756,1.1796315041180134,0
98,main,Post index leakage estimator,0.6336680231246596,0.18399045325371724,-0.44967756987094243,0.08743093030173496,0.012625829862316723,0.3553550766451178,0
98,main,Oracle prospective estimator,0.6336680231246596,0.6647627431813001,0.03109472005664049,0.11141594179067449,0.4463874972715781,0.8831379890910221,1
99,main,Structured EHR estimator,0.6438835833676495,1.5498435137490008,0.9059599303813513,0.13677966241527167,1.2817553754150683,1.8179316520829332,0
99,main,Naive AI estimator,0.6438835833676495,0.27708291526512246,-0.36680066810252704,0.09165120064176695,0.09744656200725926,0.45671926852298567,0
99,main,ISE causal estimator,0.6438835833676495,0.8990356759248059,0.25515209255715643,0.10892286932545626,0.6855468520469117,1.1125244998027002,0
99,main,Design erasure estimator,0.6438835833676495,1.2560775442703767,0.6121939609027272,0.13024830358166792,1.0007908692503076,1.5113642192904457,0
99,main,Post index leakage estimator,0.6438835833676495,0.2807075676821005,-0.363176015685549,0.09551851674581803,0.09349127486029715,0.4679238605039038,0
99,main,Oracle prospective estimator,0.6438835833676495,0.8695325340264287,0.2256489506587792,0.10877581213756018,0.6563319422368108,1.0827331258160466,0
100,main,Structured EHR estimator,0.6216347675622724,1.2979398089986733,0.6763050414364009,0.1373200249761128,1.0287925600454924,1.5670870579518543,0
100,main,Naive AI estimator,0.6216347675622724,0.36538960340617016,-0.25624516415610227,0.09004561718537987,0.18890019372282563,0.5418790130895147,0
100,main,ISE causal estimator,0.6216347675622724,0.777400218513626,0.15576545095135352,0.10339092131549829,0.5747540127352493,0.9800464242920026,1
100,main,Design erasure estimator,0.6216347675622724,1.0697773010847969,0.4481425335225244,0.1224970203201662,0.8296831412572712,1.3098714609123225,0
100,main,Post index leakage estimator,0.6216347675622724,0.3401839397930964,-0.281450827769176,0.0990511223597392,0.14604373996800757,0.5343241396181853,0
100,main,Oracle prospective estimator,0.6216347675622724,0.7809506864317142,0.15931591886944174,0.10379408493783131,0.5775142799535649,0.9843870929098635,1
101,main,Structured EHR estimator,0.6398772750836231,1.5872013847339754,0.9473241096503523,0.140849216892912,1.311136919623868,1.8632658498440828,0
101,main,Naive AI estimator,0.6398772750836231,0.12459852475538713,-0.515278750328236,0.09160781677671048,-0.05495279612696541,0.30414984563773967,0
101,main,ISE causal estimator,0.6398772750836231,0.7141977594847906,0.07432048440116745,0.1157434149626541,0.48734066615798854,0.9410548528115926,1
101,main,Design erasure estimator,0.6398772750836231,1.1414637205355453,0.5015864454519222,0.1330083573855804,0.8807673400598077,1.402160101011283,0
101,main,Post index leakage estimator,0.6398772750836231,0.18212361230261626,-0.4577536627810069,0.09973686680836502,-0.01336064664177919,0.3776078712470117,0
101,main,Oracle prospective estimator,0.6398772750836231,0.7076227028400545,0.06774542775643133,0.11420642074698781,0.4837781181759584,0.9314672875041505,1
102,main,Structured EHR estimator,0.6377436115769882,1.3743005382781057,0.7365569267011175,0.14274962963852147,1.0945112641866037,1.6540898123696077,0
102,main,Naive AI estimator,0.6377436115769882,0.16654430506870105,-0.4711993065082872,0.08525734429105002,-0.000560089741756975,0.33364869987915907,0
102,main,ISE causal estimator,0.6377436115769882,0.6107078280610027,-0.027035783515985568,0.10351996385922155,0.4078086988969284,0.8136069572250769,1
102,main,Design erasure estimator,0.6377436115769882,1.0054163327573944,0.36767272118040617,0.1262054833041814,0.7580535854811988,1.2527790800335898,0
102,main,Post index leakage estimator,0.6377436115769882,0.17131592412619157,-0.46642768745079666,0.08972610107613997,-0.00454723398304277,0.34717908223542593,0
102,main,Oracle prospective estimator,0.6377436115769882,0.6224344947913001,-0.015309116785688137,0.10364346157420001,0.41929331010586807,0.8255756794767322,1
103,main,Structured EHR estimator,0.6424086612991898,1.5114824302451533,0.8690737689459634,0.13723984781242182,1.2424923285328064,1.7804725319575,0
103,main,Naive AI estimator,0.6424086612991898,0.11292448760122295,-0.5294841736979669,0.08648889261348393,-0.05659374192120556,0.28244271712365143,0
103,main,ISE causal estimator,0.6424086612991898,0.6316317890743892,-0.010776872224800615,0.10687272300770877,0.42216125197928,0.8411023261694984,1
103,main,Design erasure estimator,0.6424086612991898,1.0530863955926797,0.41067773429348986,0.12016524360648158,0.8175625181239758,1.2886102730613835,0
103,main,Post index leakage estimator,0.6424086612991898,0.13550656736230618,-0.5069020939368837,0.09328589075321882,-0.047333778514002695,0.3183469132386151,0
103,main,Oracle prospective estimator,0.6424086612991898,0.6168995119258827,-0.02550914937330717,0.10404650162355025,0.41296836874372417,0.8208306551080411,1
104,main,Structured EHR estimator,0.6336353403867456,1.1204577605858566,0.48682242019911093,0.14056695200384461,0.8449465346583211,1.395968986513392,0
104,main,Naive AI estimator,0.6336353403867456,0.05913377106868545,-0.5745015693180602,0.08970145653191967,-0.11668108373387712,0.234948625871248,0
104,main,ISE causal estimator,0.6336353403867456,0.5053201149036093,-0.12831522548313634,0.104682828227516,0.30014177157767796,0.7104984582295406,1
104,main,Design erasure estimator,0.6336353403867456,0.7732331253206574,0.13959778493391173,0.1209127345512464,0.5362441656002144,1.0102220850411003,1
104,main,Post index leakage estimator,0.6336353403867456,0.07149615207989445,-0.5621391883068512,0.09778803074476516,-0.12016838817984528,0.2631606923396342,0
104,main,Oracle prospective estimator,0.6336353403867456,0.5045012797016328,-0.1291340606851128,0.10414449137240274,0.30037807661172344,0.7086244827915422,1
105,main,Structured EHR estimator,0.6306451119916018,1.3704488270450177,0.7398037150534159,0.1462831536714851,1.083733845848907,1.6571638082411284,0
105,main,Naive AI estimator,0.6306451119916018,0.09754734593428788,-0.533097766057314,0.10239223026184265,-0.1031414253789237,0.29823611724749943,0
105,main,ISE causal estimator,0.6306451119916018,0.6323303379991014,0.0016852260074996517,0.11541642458813149,0.40611414580636374,0.8585465301918391,1
105,main,Design erasure estimator,0.6306451119916018,0.9625083363412178,0.331863224349616,0.13615306849703238,0.6956483220870344,1.2293683505954012,0
105,main,Post index leakage estimator,0.6306451119916018,0.11712801531273233,-0.5135170966788695,0.11016009534655641,-0.09878577156651823,0.33304180219198287,0
105,main,Oracle prospective estimator,0.6306451119916018,0.6191677231873518,-0.011477388804249977,0.11565063404895656,0.39249248045139695,0.8458429659233067,1
106,main,Structured EHR estimator,0.6510053969057036,1.3888445525833508,0.7378391556776472,0.13784816766253807,1.1186621439647761,1.6590269612019255,0
106,main,Naive AI estimator,0.6510053969057036,0.18153089027287211,-0.46947450663283147,0.0931641728265401,-0.0010708884671464802,0.3641326690128907,0
106,main,ISE causal estimator,0.6510053969057036,0.6919758941986589,0.04097049729295532,0.11811991501872474,0.4604608607619584,0.9234909276353593,1
106,main,Design erasure estimator,0.6510053969057036,1.015692868882799,0.3646874719770955,0.12373267156400983,0.7731768326173398,1.2582089051482583,0
106,main,Post index leakage estimator,0.6510053969057036,0.22329895618239085,-0.42770644072331276,0.09690966651742773,0.0333560098082325,0.4132419025565492,0
106,main,Oracle prospective estimator,0.6510053969057036,0.6673683963675955,0.016362999461891903,0.11774052021870247,0.4365969767389386,0.8981398159962524,1
107,main,Structured EHR estimator,0.6410481256141498,1.3032311527072757,0.6621830270931259,0.14932199738711519,1.01056003782853,1.5959022675860215,0
107,main,Naive AI estimator,0.6410481256141498,-0.03983198572736221,-0.680880111341512,0.10317367401929761,-0.24205238680518554,0.1623884153504611,0
107,main,ISE causal estimator,0.6410481256141498,0.6276379150053862,-0.013410210608763573,0.12256848244884769,0.38740368940564474,0.8678721406051277,1
107,main,Design erasure estimator,0.6410481256141498,1.0127112276560215,0.3716631020418717,0.1382552615208156,0.7417309150752229,1.28369154023682,0
107,main,Post index leakage estimator,0.6410481256141498,-0.058152759563352786,-0.6992008851775026,0.10697376648551508,-0.26782134187496237,0.15151582274825678,0
107,main,Oracle prospective estimator,0.6410481256141498,0.6111864011806215,-0.029861724433528303,0.12155051666436688,0.37294738851846243,0.8494254138427806,1
108,main,Structured EHR estimator,0.6399210545401903,1.4129750224165583,0.7730539678763679,0.14377939448976376,1.1311674092166213,1.6947826356164952,0
108,main,Naive AI estimator,0.6399210545401903,0.2280035694257658,-0.4119174851144245,0.0923307871885509,0.04703522653620604,0.4089719123153256,0
108,main,ISE causal estimator,0.6399210545401903,0.7251692990147109,0.08524824447452062,0.11180797620285729,0.5060256656571107,0.9443129323723112,1
108,main,Design erasure estimator,0.6399210545401903,1.0873766068825235,0.44745555234233314,0.12011690635770811,0.8519474704214156,1.3228057433436313,0
108,main,Post index leakage estimator,0.6399210545401903,0.23182768118093555,-0.4080933733592548,0.09680116207965077,0.04209740350482005,0.42155795885705105,0
108,main,Oracle prospective estimator,0.6399210545401903,0.7152598471654267,0.07533879262523635,0.11106196688710467,0.4975783920667015,0.9329413022641518,1
109,main,Structured EHR estimator,0.6394655667680403,1.4277871231448198,0.7883215563767795,0.1392986801004175,1.1547617101480014,1.7008125361416382,0
109,main,Naive AI estimator,0.6394655667680403,0.15782678343229034,-0.48163878333575,0.09320270301526999,-0.024850514477638835,0.34050408134221954,0
109,main,ISE causal estimator,0.6394655667680403,0.5764104286360643,-0.06305513813197605,0.11557076492165799,0.34989172938961466,0.8029291278825139,1
109,main,Design erasure estimator,0.6394655667680403,0.9686748814856065,0.3292093147175662,0.13333495985735896,0.707338360165183,1.23001140280603,0
109,main,Post index leakage estimator,0.6394655667680403,0.23661007128309614,-0.4028554954849442,0.0973907998582823,0.04572410356086282,0.42749603900532945,0
109,main,Oracle prospective estimator,0.6394655667680403,0.5866206025709892,-0.05284496419705109,0.11414164200593092,0.3629029842393646,0.8103382209026139,1
110,main,Structured EHR estimator,0.6452993807974353,1.3878928054739699,0.7425934246765346,0.15920530820657933,1.0758504013890744,1.6999352095588653,0
110,main,Naive AI estimator,0.6452993807974353,0.0709410693526254,-0.5743583114448099,0.09866589675431352,-0.12244408828582909,0.2643262269910799,0
110,main,ISE causal estimator,0.6452993807974353,0.5962000634702463,-0.049099317327188974,0.11262933413942665,0.3754465685569701,0.8169535583835226,1
110,main,Design erasure estimator,0.6452993807974353,1.0226616968044109,0.37736231600697556,0.12600275608226758,0.7756962948831665,1.2696270987256553,0
110,main,Post index leakage estimator,0.6452993807974353,0.10950805141972374,-0.5357913293777116,0.11041658526781235,-0.10690845570518846,0.3259245585446359,0
110,main,Oracle prospective estimator,0.6452993807974353,0.607948301928627,-0.037351078868808285,0.11128390848779979,0.38983184129253945,0.8260647625647146,1
111,main,Structured EHR estimator,0.6382379025264779,1.2849049092774982,0.6466670067510203,0.1345932967384044,1.0211020476702255,1.548707770884771,0
111,main,Naive AI estimator,0.6382379025264779,0.23292697715491936,-0.40531092537155855,0.09331908304005562,0.050021574396410334,0.41583237991342836,0
111,main,ISE causal estimator,0.6382379025264779,0.7337289480762269,0.09549104554974897,0.10552901545089381,0.526892077792475,0.9405658183599788,1
111,main,Design erasure estimator,0.6382379025264779,0.9348002273464493,0.29656232481997136,0.122043888185484,0.6955942065029006,1.174006248189998,0
111,main,Post index leakage estimator,0.6382379025264779,0.24338550704575984,-0.3948523954807181,0.09795006336650579,0.0514033828474085,0.43536763124411115,0
111,main,Oracle prospective estimator,0.6382379025264779,0.7216471093508255,0.0834092068243476,0.10600386802629126,0.5138795280192947,0.9294146906823564,1
112,main,Structured EHR estimator,0.6461893458148877,1.183250537376488,0.5370611915616004,0.13317059247763474,0.922236176120324,1.4442648986326523,0
112,main,Naive AI estimator,0.6461893458148877,0.06011702561733177,-0.586072320197556,0.0976615557533657,-0.131299623659265,0.2515336748939285,0
112,main,ISE causal estimator,0.6461893458148877,0.5683432413208268,-0.07784610449406093,0.10996501800501064,0.3528118060310059,0.7838746766106477,1
112,main,Design erasure estimator,0.6461893458148877,0.944757049402665,0.2985677035877773,0.12997061839297172,0.6900146373524405,1.1994994614528895,0
112,main,Post index leakage estimator,0.6461893458148877,0.06855444128483808,-0.5776349045300496,0.10517354777149997,-0.13758571234730188,0.274694594916978,0
112,main,Oracle prospective estimator,0.6461893458148877,0.5492868840895095,-0.0969024617253782,0.10878174081285616,0.3360746720963115,0.7624990960827076,1
113,main,Structured EHR estimator,0.6275065929151007,1.4390671456838837,0.811560552768783,0.1265539901908382,1.191021324909841,1.6871129664579265,0
113,main,Naive AI estimator,0.6275065929151007,0.06968880268578903,-0.5578177902293117,0.09316593406852917,-0.11291642808852814,0.2522940334601062,0
113,main,ISE causal estimator,0.6275065929151007,0.6741609756348657,0.046654382719764964,0.10692328389350082,0.46459133920360407,0.8837306120661272,1
113,main,Design erasure estimator,0.6275065929151007,1.1006338407075558,0.4731272477924551,0.1246113241040725,0.8563956454635737,1.3448720359515378,0
113,main,Post index leakage estimator,0.6275065929151007,0.13785605169278056,-0.4896505412223201,0.09521922154644033,-0.048773622538242495,0.32448572592380365,0
113,main,Oracle prospective estimator,0.6275065929151007,0.6462176257467122,0.018711032831611463,0.10720929868953961,0.43608740031521454,0.8563478511782098,1
114,main,Structured EHR estimator,0.6661847950042491,1.5153985991024688,0.8492138040982197,0.14116582426548355,1.238713583542121,1.7920836146628165,0
114,main,Naive AI estimator,0.6661847950042491,0.2387457534552647,-0.4274390415489844,0.09127800600086335,0.05984086169357253,0.41765064521695683,0
114,main,ISE causal estimator,0.6661847950042491,0.7899054052383981,0.12372061023414904,0.11310059761738211,0.5682282339083292,1.0115825765684672,1
114,main,Design erasure estimator,0.6661847950042491,1.1704397648394462,0.5042549698351971,0.12362707328331624,0.9281307012041464,1.412748828474746,0
114,main,Post index leakage estimator,0.6661847950042491,0.24281607873195446,-0.42336871627229467,0.0967336446888559,0.05321813514179691,0.432414022322112,0
114,main,Oracle prospective estimator,0.6661847950042491,0.7803411478514075,0.11415635284715842,0.11272277987445947,0.5594044992974669,1.001277796405348,1
115,main,Structured EHR estimator,0.6491334300150967,1.2103912781796116,0.5612578481645148,0.1383508950498972,0.9392235238818131,1.48155903247741,0
115,main,Naive AI estimator,0.6491334300150967,-0.03481343572660578,-0.6839468657417025,0.08945939749186353,-0.2101538548106583,0.14052698335744673,0
115,main,ISE causal estimator,0.6491334300150967,0.428232947402359,-0.2209004826127377,0.10955501241279723,0.21350512307327643,0.6429607717314416,0
115,main,Design erasure estimator,0.6491334300150967,0.7510399507971688,0.10190652078207207,0.12712785333409493,0.5018693582623427,1.0002105433319948,1
115,main,Post index leakage estimator,0.6491334300150967,0.02165820373674028,-0.6274752262783564,0.09660555621540004,-0.16768868644544377,0.21100509391892436,0
115,main,Oracle prospective estimator,0.6491334300150967,0.4242852743126607,-0.224848155702436,0.10906879843799694,0.21051042937418674,0.6380601192511347,0
116,main,Structured EHR estimator,0.6269723587566429,1.2956135434835419,0.6686411847268989,0.13772146618452957,1.0256794697618639,1.5655476172052198,0
116,main,Naive AI estimator,0.6269723587566429,0.2617524545581099,-0.365219904198533,0.09708483940530278,0.07146616932371647,0.45203873979250336,0
116,main,ISE causal estimator,0.6269723587566429,0.7556680733429141,0.12869571458627116,0.1118348014029263,0.5364718625931786,0.9748642840926496,1
116,main,Design erasure estimator,0.6269723587566429,1.0946980830831077,0.46772572432646475,0.1272747557566486,0.8452395618000764,1.3441566043661388,0
116,main,Post index leakage estimator,0.6269723587566429,0.26291225147864583,-0.3640601072779971,0.10388089904575636,0.05930568934896338,0.46651881360832825,0
116,main,Oracle prospective estimator,0.6269723587566429,0.745269986595829,0.11829762783918607,0.11171493757636283,0.5263087089461578,0.9642312642455002,1
117,main,Structured EHR estimator,0.6602986602354161,1.2605262532224626,0.6002275929870465,0.14876659569637612,0.9689437256575654,1.5521087807873597,0
117,main,Naive AI estimator,0.6602986602354161,0.1480011392324682,-0.5122975210029479,0.08419900196913245,-0.01702890462703141,0.31303118309196776,0
117,main,ISE causal estimator,0.6602986602354161,0.5997195661058277,-0.060579094129588396,0.10806256049081696,0.38791694754382644,0.8115221846678289,1
117,main,Design erasure estimator,0.6602986602354161,1.04778953970425,0.387490879468834,0.12494193594621918,0.8029033452496604,1.2926757341588395,0
117,main,Post index leakage estimator,0.6602986602354161,0.1946186450472592,-0.4656800151881568,0.09786408691429507,0.0028050346952408767,0.3864322553992775,0
117,main,Oracle prospective estimator,0.6602986602354161,0.5856071025356908,-0.07469155769972524,0.10623691937262363,0.3773827405653485,0.7938314645060331,1
118,main,Structured EHR estimator,0.6474484342107727,1.172179783152518,0.5247313489417453,0.15187644245328422,0.874501955944081,1.469857610360955,0
118,main,Naive AI estimator,0.6474484342107727,-0.06058695774316454,-0.7080353919539373,0.09643149163729058,-0.24959268135225404,0.128418765865925,0
118,main,ISE causal estimator,0.6474484342107727,0.4964063714480817,-0.151042062762691,0.1205942042777824,0.26004173106362816,0.7327710118325352,1
118,main,Design erasure estimator,0.6474484342107727,0.8345556332984352,0.1871071990876625,0.13567801752779876,0.5686267189439496,1.1004845476529208,1
118,main,Post index leakage estimator,0.6474484342107727,-0.045992747688886816,-0.6934411818996595,0.10000947780036253,-0.24201132417759735,0.15002582879982373,0
118,main,Oracle prospective estimator,0.6474484342107727,0.4953271147474305,-0.15212131946334218,0.11926216113043624,0.2615732789317755,0.7290809505630855,1
119,main,Structured EHR estimator,0.6336568683983745,1.3983134991664046,0.76465663076803,0.13656209630671065,1.1306517904052518,1.6659752079275574,0
119,main,Naive AI estimator,0.6336568683983745,0.0784600334560756,-0.5551968349422989,0.09450543824938634,-0.10677062551272162,0.26369069242487286,0
119,main,ISE causal estimator,0.6336568683983745,0.6841466352949159,0.05048976689654139,0.1096690786175702,0.4691952412044783,0.8990980293853535,1
119,main,Design erasure estimator,0.6336568683983745,1.105751523744917,0.4720946553465424,0.1281930762491087,0.8544930942966639,1.3570099531931699,0
119,main,Post index leakage estimator,0.6336568683983745,0.11284890006367128,-0.5208079683347032,0.09818839936143012,-0.07960036268473174,0.3052981628120743,0
119,main,Oracle prospective estimator,0.6336568683983745,0.6569385690408817,0.02328170064250712,0.10995131820886923,0.44143398535149797,0.8724431527302654,1
120,main,Structured EHR estimator,0.6263637658917309,1.3189526531187117,0.6925888872269808,0.1392942992768197,1.0459358265361451,1.5919694797012782,0
120,main,Naive AI estimator,0.6263637658917309,0.13430243218446034,-0.49206133370727057,0.10414558491428623,-0.06982291424754067,0.33842777861646134,0
120,main,ISE causal estimator,0.6263637658917309,0.7063362993456089,0.079972533453878,0.10834176744411143,0.4939864351551505,0.9186861635360674,1
120,main,Design erasure estimator,0.6263637658917309,0.9354362944275303,0.30907252853579936,0.12239441354812776,0.6955432438731999,1.1753293449818607,0
120,main,Post index leakage estimator,0.6263637658917309,0.09808986839669707,-0.5282738974950338,0.10790310532744234,-0.11340021804508989,0.30957995483848405,0
120,main,Oracle prospective estimator,0.6263637658917309,0.6988009151144168,0.07243714922268585,0.10790583572830376,0.4873054770869414,0.9102963531418922,1
121,main,Structured EHR estimator,0.6543064613480226,1.5313718392919886,0.877065377943966,0.12209460276433975,1.2920664178738828,1.7706772607100945,0
121,main,Naive AI estimator,0.6543064613480226,0.15885756626593525,-0.49544889508208734,0.09828049749206173,-0.03377220881850573,0.35148734135037624,0
121,main,ISE causal estimator,0.6543064613480226,0.6981558126202735,0.04384935127225087,0.09958541221461295,0.5029684046796321,0.8933432205609149,1
121,main,Design erasure estimator,0.6543064613480226,1.136926479052706,0.48262001770468343,0.1093309231052774,0.9226378697663624,1.3512150883390497,0
121,main,Post index leakage estimator,0.6543064613480226,0.2736678136077948,-0.3806386477402278,0.09775376725781794,0.08207042978247164,0.46526519743311795,0
121,main,Oracle prospective estimator,0.6543064613480226,0.6839144599281095,0.02960799858008689,0.10029570359872027,0.4873348808746178,0.8804940389816012,1
122,main,Structured EHR estimator,0.6623673793558269,1.452405478531236,0.790038099175409,0.14700208945537155,1.1642813831987078,1.740529573863764,0
122,main,Naive AI estimator,0.6623673793558269,-0.04861348777313117,-0.710980867128958,0.1006926944405695,-0.24597116887664738,0.14874419333038502,0
122,main,ISE causal estimator,0.6623673793558269,0.6328339485947206,-0.02953343076110626,0.11700944841236648,0.40349542970648233,0.862172467482959,1
122,main,Design erasure estimator,0.6623673793558269,0.964050291152532,0.30168291179670514,0.13440463675431263,0.7006172031140793,1.2274833791909847,0
122,main,Post index leakage estimator,0.6623673793558269,-0.06094020330782888,-0.7233075826636558,0.10296334253733216,-0.26274835468099994,0.14086794806534217,0
122,main,Oracle prospective estimator,0.6623673793558269,0.6204332128754309,-0.04193416648039605,0.11671087008654257,0.3916799075058074,0.8491865182450543,1
123,main,Structured EHR estimator,0.6380864229443353,1.336960098346589,0.6988736754022538,0.1413328378072322,1.059947736244414,1.613972460448764,0
123,main,Naive AI estimator,0.6380864229443353,0.06823264629085686,-0.5698537766534784,0.09581516674561452,-0.11956508053054761,0.25603037311226134,0
123,main,ISE causal estimator,0.6380864229443353,0.6408644176481241,0.002777994703788811,0.11640498797869696,0.41271064120987805,0.8690181940863702,1
123,main,Design erasure estimator,0.6380864229443353,0.9993424280469523,0.361256005102617,0.13801807363737134,0.7288270037177045,1.2698578523762,0
123,main,Post index leakage estimator,0.6380864229443353,0.06330159009846771,-0.5747848328458676,0.09756615148279756,-0.1279280668078155,0.25453124700475094,0
123,main,Oracle prospective estimator,0.6380864229443353,0.6245539312988516,-0.013532491645483646,0.11729489715114297,0.3946559328826114,0.8544519297150919,1
124,main,Structured EHR estimator,0.6168127254802499,1.2717904987461273,0.6549777732658774,0.1442238054904445,0.989111839984856,1.5544691575073986,0
124,main,Naive AI estimator,0.6168127254802499,0.07865906732576163,-0.5381536581544882,0.09335092651519104,-0.10430874864401281,0.2616268832955361,0
124,main,ISE causal estimator,0.6168127254802499,0.5212326465323986,-0.09558007894785125,0.11125602626908629,0.30317083504498954,0.7392944580198078,1
124,main,Design erasure estimator,0.6168127254802499,0.8110822431753085,0.19426951769505862,0.12476029957669607,0.5665520560049843,1.055612430345633,1
124,main,Post index leakage estimator,0.6168127254802499,0.15228179065364603,-0.4645309348266039,0.10171856858397707,-0.04708660377094903,0.3516501850782411,0
124,main,Oracle prospective estimator,0.6168127254802499,0.5128728855731827,-0.10393983990706723,0.11211627647135758,0.2931249836893218,0.7326207874570435,1
125,main,Structured EHR estimator,0.637103276106285,1.4141951170666502,0.7770918409603652,0.13034235867938496,1.1587240940550556,1.6696661400782449,0
125,main,Naive AI estimator,0.637103276106285,0.10065456935318623,-0.5364487067530987,0.09249856724580265,-0.08064262244858694,0.2819517611549594,0
125,main,ISE causal estimator,0.637103276106285,0.6449074235354666,0.007804147429181563,0.102075129013135,0.44484017066972203,0.8449746764012112,1
125,main,Design erasure estimator,0.637103276106285,1.0320859106036828,0.3949826344973978,0.1202217722291816,0.796451237034487,1.2677205841728787,0
125,main,Post index leakage estimator,0.637103276106285,0.14035301306439155,-0.4967502630418935,0.09615641673268423,-0.04811356373166953,0.3288195898604526,0
125,main,Oracle prospective estimator,0.637103276106285,0.6371271084770673,2.3832370782295165e-05,0.10112356143030655,0.43892492807366645,0.8353292888804682,1
126,main,Structured EHR estimator,0.6735924753132498,1.8098522839796336,1.1362598086663838,0.13525561171054948,1.5447512850269567,2.0749532829323107,0
126,main,Naive AI estimator,0.6735924753132498,0.27336440302908144,-0.4002280722841684,0.09814500572145969,0.08100019181502044,0.46572861424314244,0
126,main,ISE causal estimator,0.6735924753132498,0.9023016649003459,0.22870918958709607,0.11615859976808032,0.6746308093549085,1.1299725204457833,0
126,main,Design erasure estimator,0.6735924753132498,1.2802743895710327,0.6066819142577828,0.13117369052662364,1.0231739561388502,1.5373748230032152,0
126,main,Post index leakage estimator,0.6735924753132498,0.3012530196922072,-0.37233945562104265,0.10397794220522863,0.09745625296995908,0.5050497864144553,0
126,main,Oracle prospective estimator,0.6735924753132498,0.853430621201189,0.17983814588793912,0.1141297553508356,0.6297363007135512,1.0771249416888267,1
127,main,Structured EHR estimator,0.6279215347221179,1.3879888756203707,0.7600673408982528,0.13982693281019154,1.1139280873123951,1.6620496639283462,0
127,main,Naive AI estimator,0.6279215347221179,0.06455218905207118,-0.5633693456700467,0.09139376996379084,-0.11457960007695887,0.2436839781811012,0
127,main,ISE causal estimator,0.6279215347221179,0.7068158749550647,0.07889434023294684,0.11000778628977981,0.4912006138270963,0.9224311360830331,1
127,main,Design erasure estimator,0.6279215347221179,1.0204589490822915,0.39253741436017364,0.12669318393685394,0.7721403085660578,1.2687775895985252,0
127,main,Post index leakage estimator,0.6279215347221179,0.03966905347262825,-0.5882524812494896,0.09949910785959433,-0.15534919793217664,0.23468730487743314,0
127,main,Oracle prospective estimator,0.6279215347221179,0.7140745345158427,0.08615299979372482,0.10745627050573879,0.5034602443245947,0.9246888247070907,1
128,main,Structured EHR estimator,0.6422819127727025,1.539019132247583,0.8967372194748805,0.12722489158324427,1.2896583447444243,1.7883799197507417,0
128,main,Naive AI estimator,0.6422819127727025,0.13400862448488524,-0.5082732882878173,0.09614491853078926,-0.054435415835461715,0.32245266480523216,0
128,main,ISE causal estimator,0.6422819127727025,0.7307770481178897,0.08849513534518716,0.11260601249840715,0.5100692636210117,0.9514848326147677,1
128,main,Design erasure estimator,0.6422819127727025,1.032391056628496,0.3901091438557934,0.1264338949716049,0.7845806224841504,1.2802014907728416,0
128,main,Post index leakage estimator,0.6422819127727025,0.18440401941802131,-0.4578778933546812,0.10179356338151807,-0.015111364809754113,0.38391940364579674,0
128,main,Oracle prospective estimator,0.6422819127727025,0.7146838899389695,0.07240197716626695,0.11248424775786954,0.49421476433354516,0.9351530155443938,1
129,main,Structured EHR estimator,0.6505916893634329,1.3382202939039824,0.6876286045405495,0.1366273465511782,1.0704306946636732,1.6060098931442917,0
129,main,Naive AI estimator,0.6505916893634329,0.08611867090383378,-0.5644730184595992,0.08757242795787121,-0.08552328789359377,0.25776062970126135,0
129,main,ISE causal estimator,0.6505916893634329,0.5762567237141696,-0.07433496564926334,0.10448709951698716,0.37146200866087475,0.7810514387674644,1
129,main,Design erasure estimator,0.6505916893634329,0.9493035187870192,0.2987118294235863,0.12280398302550397,0.7086077120570314,1.189999325517007,0
129,main,Post index leakage estimator,0.6505916893634329,0.13850635181359391,-0.512085337549839,0.09702655253406868,-0.051665691153180704,0.32867839478036853,0
129,main,Oracle prospective estimator,0.6505916893634329,0.5625898487518339,-0.08800184061159899,0.10430435746924,0.35815330811212354,0.7670263893915443,1
130,main,Structured EHR estimator,0.6158336165218239,1.3956260655142687,0.7797924489924448,0.13981688763450148,1.1215849657506458,1.6696671652778916,0
130,main,Naive AI estimator,0.6158336165218239,0.1822941729502436,-0.43353944357158025,0.08355957720658022,0.018517401625346375,0.34607094427514085,0
130,main,ISE causal estimator,0.6158336165218239,0.6436034352946957,0.027769818772871768,0.10124145011385394,0.44517019307154193,0.8420366775178494,1
130,main,Design erasure estimator,0.6158336165218239,0.9884477098878094,0.3726140933659855,0.12575786278520115,0.7419622988288151,1.2349331209468035,0
130,main,Post index leakage estimator,0.6158336165218239,0.18937720006145528,-0.4264564164603686,0.08362286835694749,0.025476378081838197,0.3532780220410724,0
130,main,Oracle prospective estimator,0.6158336165218239,0.6300185160545401,0.014184899532716178,0.1010384917130911,0.4319830722968815,0.8280539598121986,1
131,main,Structured EHR estimator,0.6471854124488429,1.2180759689006195,0.5708905564517767,0.1309982393283535,0.9613194198170467,1.4748325179841923,0
131,main,Naive AI estimator,0.6471854124488429,0.07335248216333964,-0.5738329302855032,0.09233558458372647,-0.10762526362076424,0.25433022794744353,0
131,main,ISE causal estimator,0.6471854124488429,0.6965649785467246,0.049379566097881744,0.10556493004779674,0.489657715653043,0.9034722414404062,1
131,main,Design erasure estimator,0.6471854124488429,0.856658923653918,0.20947351120507518,0.1232108173772653,0.615165721594478,1.098152125713358,1
131,main,Post index leakage estimator,0.6471854124488429,0.06316241486978443,-0.5840229975790584,0.09604071425371653,-0.1250773850675,0.2514022148070688,0
131,main,Oracle prospective estimator,0.6471854124488429,0.6840097368587231,0.03682432440988026,0.10518359736230996,0.47784988602859557,0.8901695876888507,1
132,main,Structured EHR estimator,0.6427310775528116,1.556139485600598,0.9134084080477863,0.15309561560955484,1.2560720790058704,1.8562068921953254,0
132,main,Naive AI estimator,0.6427310775528116,0.2815678825255506,-0.36116319502726096,0.0973766881976135,0.09070957365822815,0.472426191392873,0
132,main,ISE causal estimator,0.6427310775528116,0.7378844693997619,0.09515339184695037,0.10368130939298373,0.5346691029895139,0.94109983581001,1
132,main,Design erasure estimator,0.6427310775528116,1.202352046643164,0.5596209690903525,0.12296598967250082,0.9613387068850625,1.4433653864012657,0
132,main,Post index leakage estimator,0.6427310775528116,0.2828247257647995,-0.35990635178801206,0.11027796631188092,0.0666799117935129,0.4989695397360861,0
132,main,Oracle prospective estimator,0.6427310775528116,0.7232450978534484,0.08051402030063681,0.10168633532383037,0.5239398806187409,0.9225503150881559,1
133,main,Structured EHR estimator,0.6695306445088463,1.5813365724028676,0.9118059278940214,0.1488875204985496,1.2895170322257103,1.873156112580025,0
133,main,Naive AI estimator,0.6695306445088463,0.10467930022077032,-0.5648513442880759,0.101299893602324,-0.09386849123978472,0.30322709168132533,0
133,main,ISE causal estimator,0.6695306445088463,0.7979847680342953,0.12845412352544905,0.11794600924073981,0.5668105899224453,1.0291589461461452,1
133,main,Design erasure estimator,0.6695306445088463,1.1954996566299902,0.525969012121144,0.13934998050898573,0.9223736948323782,1.4686256184276023,0
133,main,Post index leakage estimator,0.6695306445088463,0.0939122319683078,-0.5756184125405385,0.10580875015669004,-0.1134729183388047,0.3012973822754203,0
133,main,Oracle prospective estimator,0.6695306445088463,0.7860171748014939,0.11648653029264766,0.11876499895326216,0.5532377768531,1.0187965727498878,1
134,main,Structured EHR estimator,0.6630303580264789,1.3097942648205307,0.6467639067940518,0.14651807941925654,1.0226188291587879,1.5969697004822736,0
134,main,Naive AI estimator,0.6630303580264789,-0.03485826880358645,-0.6978886268300654,0.10452375827957416,-0.23972483503155181,0.17000829742437892,0
134,main,ISE causal estimator,0.6630303580264789,0.5046967772678421,-0.1583335807586368,0.13089248168245526,0.24814751317022982,0.7612460413654545,1
134,main,Design erasure estimator,0.6630303580264789,0.9362466200767663,0.2732162620502874,0.14289524520752994,0.6561719394700076,1.216321300683525,1
134,main,Post index leakage estimator,0.6630303580264789,0.06524755956571274,-0.5977827984607662,0.1043600622285132,-0.13929816240217313,0.2697932815335986,0
134,main,Oracle prospective estimator,0.6630303580264789,0.4948878677399616,-0.16814249028651734,0.13136296090896082,0.23741646435839836,0.7523592711215248,1
135,main,Structured EHR estimator,0.6195832474444303,1.2995923543702546,0.6800091069258243,0.14516051170407224,1.015077751430273,1.5841069573102362,0
135,main,Naive AI estimator,0.6195832474444303,0.25118953123681864,-0.36839371620761163,0.0944648481803526,0.06603842880332755,0.43634063367030973,0
135,main,ISE causal estimator,0.6195832474444303,0.6523550364584737,0.03277178901404343,0.11519017880699463,0.42658228599676423,0.8781277869201831,1
135,main,Design erasure estimator,0.6195832474444303,0.987860004710971,0.36827675726654074,0.1336878198500262,0.7258318778049196,1.2498881316170225,0
135,main,Post index leakage estimator,0.6195832474444303,0.29423594599706404,-0.32534730144736623,0.10069521780531202,0.09687331909865249,0.4915985728954756,0
135,main,Oracle prospective estimator,0.6195832474444303,0.6512739744307053,0.031690726986275064,0.11449311112526783,0.42686747662518043,0.8756804722362302,1
136,main,Structured EHR estimator,0.6190253982043843,1.5100145407066894,0.8909891425023051,0.13288652104608412,1.2495569594563645,1.7704721219570143,0
136,main,Naive AI estimator,0.6190253982043843,0.27754899022475443,-0.34147640797962986,0.08962208779524171,0.10188969814608068,0.4532082823034282,0
136,main,ISE causal estimator,0.6190253982043843,0.7630179572501883,0.143992559045804,0.10028344849799171,0.5664623981941246,0.959573516306252,1
136,main,Design erasure estimator,0.6190253982043843,1.1295636842583046,0.5105382860539203,0.1185829684601571,0.8971410660763967,1.3619863024402126,0
136,main,Post index leakage estimator,0.6190253982043843,0.31409745830523067,-0.3049279398991536,0.09541281578181726,0.12708833937286884,0.5011065772375924,0
136,main,Oracle prospective estimator,0.6190253982043843,0.770704129938064,0.15167873173367974,0.09941299554899463,0.5758546586620346,0.9655536012140935,1
137,main,Structured EHR estimator,0.6474673262283173,1.6155973927433522,0.968130066515035,0.13019209221208053,1.3604208920076744,1.8707738934790301,0
137,main,Naive AI estimator,0.6474673262283173,0.15579915902886496,-0.4916681671994523,0.10048666408735732,-0.041154702582355374,0.3527530206400853,0
137,main,ISE causal estimator,0.6474673262283173,0.8700920953065837,0.22262476907826645,0.10483204112403352,0.664621294703478,1.0755628959096895,0
137,main,Design erasure estimator,0.6474673262283173,1.1236495874975445,0.47618226126922725,0.11881810530321214,0.8907661011032487,1.3565330738918404,0
137,main,Post index leakage estimator,0.6474673262283173,0.15603416911845705,-0.49143315710986024,0.10728174931472019,-0.05423805953839453,0.3663063977753086,0
137,main,Oracle prospective estimator,0.6474673262283173,0.8483988009827635,0.20093147475444628,0.10505249585996071,0.6424959090972405,1.0543016928682865,1
138,main,Structured EHR estimator,0.641600925251074,1.600927442839223,0.959326517588149,0.1520269370585293,1.3029546462045056,1.8989002394739405,0
138,main,Naive AI estimator,0.641600925251074,0.24070921056317132,-0.40089171468790274,0.10853927606156503,0.027972229482503858,0.4534461916438388,0
138,main,ISE causal estimator,0.641600925251074,0.7205398919107268,0.07893896665965272,0.11911275727731632,0.48707888764718676,0.9540008961742668,1
138,main,Design erasure estimator,0.641600925251074,1.16553574700741,0.5239348217563359,0.13418714518330255,0.9025289424481369,1.428542551566683,0
138,main,Post index leakage estimator,0.641600925251074,0.32769922177445066,-0.3139017034766234,0.11151670987221268,0.1091264704249138,0.5462719731239876,0
138,main,Oracle prospective estimator,0.641600925251074,0.7265421786187924,0.0849412533677184,0.11634044800371424,0.49851490053151254,0.9545694567060723,1
139,main,Structured EHR estimator,0.6406803592274185,1.5773083990474968,0.9366280398200783,0.14456293998305728,1.2939650366807045,1.860651761414289,0
139,main,Naive AI estimator,0.6406803592274185,0.2563090928856218,-0.3843712663417967,0.10232597787122248,0.05575017625802575,0.4568680095132179,0
139,main,ISE causal estimator,0.6406803592274185,0.8922884497370872,0.2516080905096687,0.11668477396068962,0.6635862927741356,1.1209906067000388,0
139,main,Design erasure estimator,0.6406803592274185,1.1639805384773567,0.5233001792499382,0.1355337220002156,0.8983344433569341,1.4296266335977794,0
139,main,Post index leakage estimator,0.6406803592274185,0.27766198519922686,-0.36301837402819165,0.10551859020492316,0.07084554839757748,0.4844784220008762,0
139,main,Oracle prospective estimator,0.6406803592274185,0.8891696164792308,0.24848925725181226,0.11571236529313435,0.6623733805046874,1.115965852453774,0
140,main,Structured EHR estimator,0.6791497476132833,1.2388143391509618,0.5596645915376786,0.14830181068683776,0.9481427902047599,1.5294858880971638,0
140,main,Naive AI estimator,0.6791497476132833,0.07905140504764016,-0.6000983425656431,0.09826158998998027,-0.11354131133272116,0.2716441214280015,0
140,main,ISE causal estimator,0.6791497476132833,0.6037588398130486,-0.07539090780023472,0.11394524828738552,0.38042615316977296,0.8270915264563241,1
140,main,Design erasure estimator,0.6791497476132833,0.9572549760565854,0.2781052284433021,0.12791999083423253,0.7065317940214897,1.207978158091681,0
140,main,Post index leakage estimator,0.6791497476132833,0.07667502442460425,-0.602474723188679,0.10518158809983977,-0.1294808882510817,0.28283093710029017,0
140,main,Oracle prospective estimator,0.6791497476132833,0.5791178596291225,-0.10003188798416074,0.11261426026517103,0.3583939095093873,0.7998418097488578,1
141,main,Structured EHR estimator,0.6521208915495877,1.478698505410735,0.8265776138611474,0.134840461849107,1.2144112001864853,1.742985810634985,0
141,main,Naive AI estimator,0.6521208915495877,0.08229336886714457,-0.5698275226824432,0.09321422092427342,-0.10040650414443132,0.2649932418787205,0
141,main,ISE causal estimator,0.6521208915495877,0.5776228408055533,-0.07449805074403448,0.10643260394058743,0.3690149370820019,0.7862307445291046,1
141,main,Design erasure estimator,0.6521208915495877,0.9320460324630584,0.27992514091347065,0.11888745358863706,0.6990266234293298,1.165065441496787,0
141,main,Post index leakage estimator,0.6521208915495877,0.1094325952061811,-0.5426882963434067,0.10117359465589723,-0.08886765031937749,0.3077328407317397,0
141,main,Oracle prospective estimator,0.6521208915495877,0.551189124342163,-0.1009317672074247,0.10687573358938013,0.341712686506978,0.7606655621773482,1
142,main,Structured EHR estimator,0.6241981053972736,1.1941071504387426,0.569909045041469,0.1443384524013986,0.9112037837320014,1.4770105171454837,0
142,main,Naive AI estimator,0.6241981053972736,0.05227538911052613,-0.5719227162867475,0.09062078911757944,-0.1253413575599296,0.22989213578098183,0
142,main,ISE causal estimator,0.6241981053972736,0.5261988680811387,-0.09799923731613491,0.1040438166199438,0.3222729875060488,0.7301247486562286,1
142,main,Design erasure estimator,0.6241981053972736,0.8402792794511389,0.2160811740538653,0.128084225370057,0.5892341977258271,1.0913243611764507,1
142,main,Post index leakage estimator,0.6241981053972736,0.06645160036542098,-0.5577465050318526,0.0957558119405451,-0.12122979103804739,0.25413299176888937,0
142,main,Oracle prospective estimator,0.6241981053972736,0.4911975834148413,-0.13300052198243228,0.10301709631779328,0.2892840746319665,0.6931110921977162,1
143,main,Structured EHR estimator,0.6383475949847456,1.4421378906863282,0.8037902957015827,0.1363871427335481,1.174819090928574,1.7094566904440824,0
143,main,Naive AI estimator,0.6383475949847456,0.18233714579066182,-0.45601044919408373,0.09068796034158391,0.004588743521157346,0.3600855480601663,0
143,main,ISE causal estimator,0.6383475949847456,0.8132022918265145,0.1748546968417689,0.10284137684796495,0.6116331932045032,1.0147713904485258,1
143,main,Design erasure estimator,0.6383475949847456,1.1613030818830927,0.5229554868983471,0.12367628692742139,0.9188975595053468,1.4037086042608387,0
143,main,Post index leakage estimator,0.6383475949847456,0.1624966536132857,-0.4758509413714599,0.095985733891052,-0.025635384813176232,0.3506286920397476,0
143,main,Oracle prospective estimator,0.6383475949847456,0.7907970597414038,0.15244946475665822,0.10266816857301131,0.5895674493383016,0.992026670144506,1
144,main,Structured EHR estimator,0.6550537482152743,1.5258093767313192,0.8707556285160449,0.13421013539036336,1.262757511366207,1.7888612420964314,0
144,main,Naive AI estimator,0.6550537482152743,0.1697250576064238,-0.4853286906088505,0.08763762792294023,-0.0020446931225390486,0.3414948083353867,0
144,main,ISE causal estimator,0.6550537482152743,0.7462772894795514,0.09122354126427712,0.10964064154505045,0.5313816320512526,0.9611729469078503,1
144,main,Design erasure estimator,0.6550537482152743,1.0971369118807002,0.4420831636654259,0.1279225322522302,0.846408748666329,1.3478650750950714,0
144,main,Post index leakage estimator,0.6550537482152743,0.1833682864281755,-0.4716854617870988,0.09440913891981406,-0.0016736258546600769,0.36841019871101105,0
144,main,Oracle prospective estimator,0.6550537482152743,0.7537643788377516,0.09871063062247731,0.10906870721534871,0.5399897126956681,0.9675390449798351,1
145,main,Structured EHR estimator,0.6498149015045013,1.3040008416463773,0.654185940141876,0.14495991191607852,1.0198794142908634,1.5881222690018912,0
145,main,Naive AI estimator,0.6498149015045013,0.0626907442223454,-0.5871241572821558,0.09756127320986523,-0.12852935126899045,0.2539108397136812,0
145,main,ISE causal estimator,0.6498149015045013,0.5490624114860504,-0.10075249001845088,0.1167590791452268,0.32021461636140586,0.7779102066106949,1
145,main,Design erasure estimator,0.6498149015045013,0.9623282756572424,0.31251337415274116,0.14004904328798587,0.6878321508127901,1.2368244005016948,0
145,main,Post index leakage estimator,0.6498149015045013,0.1314480826910442,-0.5183668188134571,0.10267063003201832,-0.06978635217171172,0.3326825175538001,0
145,main,Oracle prospective estimator,0.6498149015045013,0.547817610928796,-0.10199729057570528,0.11651329724293717,0.3194515483326391,0.7761836735249529,1
146,main,Structured EHR estimator,0.6461509876158189,1.4729352419071304,0.8267842542913115,0.14493209380368002,1.1888683380519176,1.7570021457623433,0
146,main,Naive AI estimator,0.6461509876158189,0.047589470215416776,-0.5985615174004021,0.10811251284478714,-0.16431105496036602,0.25948999539119955,0
146,main,ISE causal estimator,0.6461509876158189,0.7256129144726364,0.07946192685681752,0.12411494217192333,0.4823476278156667,0.9688782011296062,1
146,main,Design erasure estimator,0.6461509876158189,1.2817180096791423,0.6355670220633234,0.14287177138092894,1.0016893377725216,1.561746681585763,0
146,main,Post index leakage estimator,0.6461509876158189,0.01910696398872484,-0.6270440236270941,0.11165576555073645,-0.1997383364907186,0.23795226446816825,0
146,main,Oracle prospective estimator,0.6461509876158189,0.7223656753872085,0.07621468777138962,0.12232699623023717,0.48260476277594366,0.9621265879984734,1
147,main,Structured EHR estimator,0.6602421600584666,1.4287761048786651,0.7685339448201985,0.14264149354544145,1.1491987775296,1.7083534322277303,0
147,main,Naive AI estimator,0.6602421600584666,0.22238635848311894,-0.43785580157534765,0.10529569645864156,0.016006793424181487,0.4287659235420564,0
147,main,ISE causal estimator,0.6602421600584666,0.7431089011786352,0.08286674112016856,0.11904675163507536,0.5097772679738874,0.9764405343833829,1
147,main,Design erasure estimator,0.6602421600584666,1.0788911527395761,0.41864899268110956,0.13058798280576464,0.8229387064402774,1.3348435990388747,0
147,main,Post index leakage estimator,0.6602421600584666,0.24318457272382957,-0.41705758733463705,0.10784957986345069,0.03179939619146621,0.4545697492561929,0
147,main,Oracle prospective estimator,0.6602421600584666,0.729483384752771,0.06924122469430438,0.1179673845076168,0.49826731111784206,0.9606994583876999,1
148,main,Structured EHR estimator,0.6360065510542149,1.6176994765944672,0.9816929255402523,0.13572110460673337,1.3516861115652699,1.8837128416236646,0
148,main,Naive AI estimator,0.6360065510542149,0.11447528437750647,-0.5215312666767085,0.10284664926569238,-0.08710414818325059,0.31605471693826354,0
148,main,ISE causal estimator,0.6360065510542149,0.7751183587255005,0.13911180767128561,0.11753500901623695,0.5447497410536761,1.0054869763973249,1
148,main,Design erasure estimator,0.6360065510542149,1.1862445811470215,0.5502380300928066,0.1275719137470062,0.9362036302028893,1.4362855320911536,0
148,main,Post index leakage estimator,0.6360065510542149,0.12047851851967097,-0.5155280325345439,0.10719964976351644,-0.08963279501682124,0.33058983205616316,0
148,main,Oracle prospective estimator,0.6360065510542149,0.7628189696224754,0.12681241856826053,0.11761596561577885,0.5322916770155489,0.9933462622294019,1
149,main,Structured EHR estimator,0.6515036987991886,1.390525186218786,0.7390214874195974,0.13848362737501393,1.1190972765637586,1.6619530958738133,0
149,main,Naive AI estimator,0.6515036987991886,-0.019298238204968163,-0.6708019370041567,0.0932317051168161,-0.20203238023392772,0.16343590382399137,0
149,main,ISE causal estimator,0.6515036987991886,0.6297675133181106,-0.02173618548107792,0.11252193448187585,0.409224521733634,0.8503105049025873,1
149,main,Design erasure estimator,0.6515036987991886,0.9877964831367321,0.3362927843375435,0.124394395296726,0.7439834683551492,1.231609497918315,0
149,main,Post index leakage estimator,0.6515036987991886,0.016097028206819766,-0.6354066705923688,0.10103443942790681,-0.18193047307187757,0.2141245294855171,0
149,main,Oracle prospective estimator,0.6515036987991886,0.6092914854514253,-0.04221221334776326,0.11271543361311458,0.38836923556972075,0.8302137353331298,1
150,main,Structured EHR estimator,0.6353631260857899,1.4007239148504154,0.7653607887646254,0.14699316804575713,1.1126173054807313,1.6888305242200994,0
150,main,Naive AI estimator,0.6353631260857899,0.09568327605614524,-0.5396798500296447,0.08956349941891141,-0.07986118280492113,0.27122773491721164,0
150,main,ISE causal estimator,0.6353631260857899,0.6406406882963143,0.005277562210524334,0.1055126279094151,0.4338359375938607,0.8474454389987678,1
150,main,Design erasure estimator,0.6353631260857899,0.9740354266558773,0.33867230057008735,0.1282134993667489,0.7227369678970494,1.2253338854147051,0
150,main,Post index leakage estimator,0.6353631260857899,0.08043282677630045,-0.5549302993094894,0.09763966688703989,-0.11094092032229771,0.2718065738748986,0
150,main,Oracle prospective estimator,0.6353631260857899,0.6336260445896691,-0.0017370814961208403,0.10427652756214,0.42924405056787474,0.8380080386114634,1
151,main,Structured EHR estimator,0.6571397722408858,1.5552579288448702,0.8981181566039844,0.1332230384902938,1.2941407734038943,1.8163750842858462,0
151,main,Naive AI estimator,0.6571397722408858,0.19329334628377945,-0.46384642595710635,0.09918439114945304,-0.0011080603691485114,0.3876947529367074,0
151,main,ISE causal estimator,0.6571397722408858,0.7466912195572751,0.08955144731638931,0.10685971551116603,0.5372461771553897,0.9561362619591606,1
151,main,Design erasure estimator,0.6571397722408858,1.1310708032846184,0.4739310310437326,0.11954869579759056,0.8967553595213409,1.365386247047896,0
151,main,Post index leakage estimator,0.6571397722408858,0.1784027427877392,-0.4787370294531466,0.10467954595221568,-0.026769167278603512,0.38357465285408193,0
151,main,Oracle prospective estimator,0.6571397722408858,0.750567347632984,0.09342757539209823,0.10468703354054539,0.5453807618935151,0.955753933372453,1
152,main,Structured EHR estimator,0.6202165754674425,1.5289250361627003,0.9087084606952578,0.1380137840030596,1.2584180195167034,1.7994320528086971,0
152,main,Naive AI estimator,0.6202165754674425,0.2942244431102162,-0.32599213235722624,0.09105472482894465,0.11575718244548472,0.47269170377494774,0
152,main,ISE causal estimator,0.6202165754674425,0.748980262123314,0.12876368665587157,0.10955440404447106,0.5342536301961508,0.9637068940504773,1
152,main,Design erasure estimator,0.6202165754674425,1.0961761032748543,0.4759595278074118,0.12662784317791104,0.8479855306461486,1.34436667590356,0
152,main,Post index leakage estimator,0.6202165754674425,0.33344178580078454,-0.2867747896666579,0.10002291768831381,0.13739686713168947,0.5294867044698797,0
152,main,Oracle prospective estimator,0.6202165754674425,0.739191897009045,0.11897532154160251,0.10910196846029217,0.5253520388268723,0.9530317551912176,1
153,main,Structured EHR estimator,0.6437250351132517,1.3737314239935934,0.7300063888803416,0.14829291633663805,1.0830773079737828,1.664385540013404,0
153,main,Naive AI estimator,0.6437250351132517,0.14289322454983475,-0.500831810563417,0.09233442971426171,-0.03808225769011822,0.32386870678978774,0
153,main,ISE causal estimator,0.6437250351132517,0.7394476858294149,0.09572265071616315,0.11057485636051632,0.5227209673628029,0.9561744042960268,1
153,main,Design erasure estimator,0.6437250351132517,1.087020567155602,0.44329553204235017,0.13573716758530002,0.8209757186884139,1.35306541562279,0
153,main,Post index leakage estimator,0.6437250351132517,0.09973375227894074,-0.543991282834311,0.10100905987297344,-0.09824400507208719,0.2977115096299687,0
153,main,Oracle prospective estimator,0.6437250351132517,0.7281478746170058,0.08442283950375407,0.10801503392545417,0.5164384081231157,0.9398573411108959,1
154,main,Structured EHR estimator,0.6295178170869181,1.1619004670031934,0.5323826499162753,0.13822677165254402,0.8909759945642071,1.4328249394421797,0
154,main,Naive AI estimator,0.6295178170869181,0.049859859907258414,-0.5796579571796597,0.09404602461686423,-0.13447034834179547,0.2341900681563123,0
154,main,ISE causal estimator,0.6295178170869181,0.45605988994519336,-0.17345792714172475,0.11167807943273222,0.2371708542570382,0.6749489256333485,1
154,main,Design erasure estimator,0.6295178170869181,0.7968388652088731,0.16732104812195503,0.12102134366025515,0.5596370316347731,1.0340406987829733,1
154,main,Post index leakage estimator,0.6295178170869181,0.08975159783011596,-0.5397662192568021,0.09991902264867684,-0.10608968656129064,0.28559288222152257,0
154,main,Oracle prospective estimator,0.6295178170869181,0.4431005108922589,-0.18641730619465924,0.11196041783177275,0.2236580919419843,0.6625429298425335,1
155,main,Structured EHR estimator,0.6594006103648501,1.5305125397132981,0.871111929348448,0.14432262392333303,1.2476401968235655,1.8133848826030308,0
155,main,Naive AI estimator,0.6594006103648501,0.06767485119548276,-0.5917257591693673,0.1040625503079957,-0.13628774740818883,0.27163744979915433,0
155,main,ISE causal estimator,0.6594006103648501,0.6215777104991534,-0.037822899865696646,0.11364981523399066,0.39882407264053177,0.8443313483577751,1
155,main,Design erasure estimator,0.6594006103648501,1.0066963823678972,0.34729577200304707,0.12195583986747366,0.7676629362276488,1.2457298285081455,0
155,main,Post index leakage estimator,0.6594006103648501,0.10306549690805612,-0.556335113456794,0.111441340149988,-0.11535952978592033,0.32149052360203256,0
155,main,Oracle prospective estimator,0.6594006103648501,0.6083049679719783,-0.05109564239287179,0.11341927952499709,0.386003180102984,0.8306067558409727,1
156,main,Structured EHR estimator,0.6546719482973042,1.4132673935797755,0.7585954452824712,0.13954639175938927,1.1397564657313726,1.6867783214281784,0
156,main,Naive AI estimator,0.6546719482973042,0.08081108511784685,-0.5738608631794574,0.08932682906635288,-0.09426949985220479,0.2558916700878985,0
156,main,ISE causal estimator,0.6546719482973042,0.6132970432575459,-0.04137490503975838,0.11012598619504974,0.39745011031524835,0.8291439761998434,1
156,main,Design erasure estimator,0.6546719482973042,1.150096720356141,0.4954247720588367,0.12407706389622467,0.9069056751195406,1.3932877655927414,0
156,main,Post index leakage estimator,0.6546719482973042,0.10513726172879609,-0.5495346865685081,0.0965704949095632,-0.08414090829394777,0.29441543175153995,0
156,main,Oracle prospective estimator,0.6546719482973042,0.6031616921464802,-0.05151025615082405,0.11040173676000928,0.386774288096862,0.8195490961960984,1
157,main,Structured EHR estimator,0.6632497151122847,1.256334082911738,0.5930843677994533,0.1464623878133435,0.9692678027975847,1.5434003630258912,0
157,main,Naive AI estimator,0.6632497151122847,0.054746039561970494,-0.6085036755503141,0.1003363029106523,-0.14191311414290803,0.251405193266849,0
157,main,ISE causal estimator,0.6632497151122847,0.5517407790971042,-0.11150893601518053,0.11519390373443401,0.32596072777761353,0.7775208304165948,1
157,main,Design erasure estimator,0.6632497151122847,0.9568425460090212,0.2935928308967365,0.141513710849351,0.6794756727442932,1.2342094192737492,0
157,main,Post index leakage estimator,0.6632497151122847,0.1031107967980639,-0.5601389183142208,0.10428203497792445,-0.101281991758668,0.3075035853547958,0
157,main,Oracle prospective estimator,0.6632497151122847,0.5248987261331495,-0.13835098897913523,0.11339700047565136,0.30264060520087277,0.7471568470654262,1
158,main,Structured EHR estimator,0.6423520842928347,1.4134344396290535,0.7710823553362187,0.14126873289593575,1.1365477231530194,1.6903211561050875,0
158,main,Naive AI estimator,0.6423520842928347,0.07841195371499413,-0.5639401305778406,0.09211299623278141,-0.10212951890125743,0.2589534263312457,0
158,main,ISE causal estimator,0.6423520842928347,0.6652783169647783,0.022926232671943603,0.10848247213739916,0.452652671575476,0.8779039623540807,1
158,main,Design erasure estimator,0.6423520842928347,1.0037449462197165,0.3613928619268818,0.12450756633815686,0.7597101161969291,1.247779776242504,0
158,main,Post index leakage estimator,0.6423520842928347,0.08877218455761189,-0.5535798997352228,0.09916255808924343,-0.10558642929730523,0.28313079841252903,0
158,main,Oracle prospective estimator,0.6423520842928347,0.6659251712093439,0.023573086916509167,0.10795422059081305,0.45433489885135037,0.8775154435673375,1
159,main,Structured EHR estimator,0.6527568324000802,1.3994496750676348,0.7466928426675546,0.12923396240057652,1.146151108762505,1.6527482413727648,0
159,main,Naive AI estimator,0.6527568324000802,0.3305985945886331,-0.3221582378114471,0.08950179906552438,0.15517506842020531,0.5060221207570609,0
159,main,ISE causal estimator,0.6527568324000802,0.8402729218271994,0.18751608942711917,0.10356367902074133,0.6372881109465464,1.0432577327078523,1
159,main,Design erasure estimator,0.6527568324000802,1.1389415132677898,0.4861846808677096,0.11871716699752344,0.9062558659526438,1.3716271605829358,0
159,main,Post index leakage estimator,0.6527568324000802,0.36838978735501215,-0.28436704504506805,0.09569870072576961,0.1808203339325037,0.5559592407775206,0
159,main,Oracle prospective estimator,0.6527568324000802,0.8334549437511363,0.18069811135105607,0.10341237514820774,0.6307666884606491,1.0361431990416234,1
160,main,Structured EHR estimator,0.6218676101522866,1.560571911025748,0.9387043008734615,0.13768461093039483,1.2907100736021744,1.8304337484493218,0
160,main,Naive AI estimator,0.6218676101522866,0.31356736499611304,-0.3083002451561736,0.09397870677117577,0.12936909972460853,0.49776563026761755,0
160,main,ISE causal estimator,0.6218676101522866,0.7914541752066873,0.16958656505440062,0.10800371358977352,0.5797668965707312,1.0031414538426433,1
160,main,Design erasure estimator,0.6218676101522866,1.063773498355028,0.44190588820274135,0.120194935074043,0.8281914256099037,1.2993555711001523,0
160,main,Post index leakage estimator,0.6218676101522866,0.3282048610413888,-0.29366274911089785,0.09944932070750244,0.133284192454684,0.5231255296280936,0
160,main,Oracle prospective estimator,0.6218676101522866,0.765226805307817,0.1433591951555303,0.10852604255877003,0.5525157618926277,0.9779378487230062,1
161,main,Structured EHR estimator,0.6381362146308056,1.4533924556205717,0.8152562409897661,0.13093435114361154,1.196761127379093,1.7100237838620505,0
161,main,Naive AI estimator,0.6381362146308056,0.09157784993108091,-0.5465583646997247,0.08932425413955805,-0.08349768818245286,0.2666533880446147,0
161,main,ISE causal estimator,0.6381362146308056,0.5041369833470379,-0.13399923128376767,0.10415638838728042,0.2999904621079683,0.7082835045861076,1
161,main,Design erasure estimator,0.6381362146308056,0.9318815027676659,0.2937452881368603,0.12027879903729463,0.6961350566545684,1.1676279488807633,0
161,main,Post index leakage estimator,0.6381362146308056,0.1732789520264883,-0.4648572626043173,0.10086822726004996,-0.024422773403209613,0.37098067745618624,0
161,main,Oracle prospective estimator,0.6381362146308056,0.5120092826492617,-0.1261269319815439,0.10262897878995536,0.31085648422094925,0.7131620810775742,1
162,main,Structured EHR estimator,0.6412947760228009,1.0938943547969762,0.4525995787741752,0.14609734964598828,0.8075435494908392,1.3802451601031132,0
162,main,Naive AI estimator,0.6412947760228009,0.05261842776546207,-0.5886763482573388,0.08011410525287124,-0.10440521853016554,0.2096420740610897,0
162,main,ISE causal estimator,0.6412947760228009,0.4841039836777429,-0.15719079234505806,0.10858392385515465,0.2712794929216398,0.696928474433846,1
162,main,Design erasure estimator,0.6412947760228009,0.8584113159193907,0.21711653989658974,0.12070961188478439,0.6218204766252133,1.095002155213568,1
162,main,Post index leakage estimator,0.6412947760228009,0.0663115121868694,-0.5749832638359316,0.08268601289248542,-0.09575307308240202,0.22837609745614082,0
162,main,Oracle prospective estimator,0.6412947760228009,0.4744310882297138,-0.16686368779308713,0.10936639083753799,0.26007296218813936,0.6887892142712883,1
163,main,Structured EHR estimator,0.6505265464170489,1.4782232590113304,0.8276967125942816,0.13212481115107982,1.219258629155214,1.7371878888674468,0
163,main,Naive AI estimator,0.6505265464170489,0.2623798970674731,-0.38814664934957577,0.08475647703437095,0.09625720208010605,0.4285025920548402,0
163,main,ISE causal estimator,0.6505265464170489,0.8025358675023382,0.1520093210852893,0.10380286975047001,0.599082242791417,1.0059894922132595,1
163,main,Design erasure estimator,0.6505265464170489,1.156578231838648,0.5060516854215991,0.124400842315173,0.9127525809009089,1.400403882776387,0
163,main,Post index leakage estimator,0.6505265464170489,0.29109173474089206,-0.3594348116761568,0.09152239338627581,0.11170784370379147,0.4704756257779926,0
163,main,Oracle prospective estimator,0.6505265464170489,0.7778283631275591,0.12730181671051022,0.10241189518284567,0.5771010485691817,0.9785556776859365,1
164,main,Structured EHR estimator,0.6400571711485268,1.377000341189713,0.7369431700411861,0.13360119385095948,1.1151420012418325,1.6388586811375934,0
164,main,Naive AI estimator,0.6400571711485268,0.1747601232027448,-0.46529704794578197,0.09664214646861691,-0.014658483875744338,0.36417873028123393,0
164,main,ISE causal estimator,0.6400571711485268,0.7057958120448871,0.06573864089636028,0.10408443134090477,0.5017903266167137,0.9098012974730604,1
164,main,Design erasure estimator,0.6400571711485268,1.0601453638459195,0.4200881926973927,0.11452095830602164,0.8356842855661171,1.284606442125722,0
164,main,Post index leakage estimator,0.6400571711485268,0.1935752164072536,-0.44648195474127317,0.10189161026114307,-0.00613233970458682,0.393282772519094,0
164,main,Oracle prospective estimator,0.6400571711485268,0.7054429091675163,0.0653857380189895,0.10249336162070478,0.5045559203909349,0.9063298979440977,1
165,main,Structured EHR estimator,0.6489990748383732,1.29372410378702,0.6447250289486468,0.1333085293066039,1.0324393863460763,1.5550088212279636,0
165,main,Naive AI estimator,0.6489990748383732,0.231360097768126,-0.41763897707024716,0.08701434905045581,0.0608119736292326,0.40190822190701936,0
165,main,ISE causal estimator,0.6489990748383732,0.6797965766686269,0.03079750183025376,0.10805439410461096,0.4680099642235894,0.8915831891136644,1
165,main,Design erasure estimator,0.6489990748383732,1.0934302206359692,0.444431145797596,0.12292281463441716,0.8525015039525116,1.334358937319427,0
165,main,Post index leakage estimator,0.6489990748383732,0.25113126964334515,-0.397867805195028,0.08972713345457342,0.07526608807238125,0.42699645121430907,0
165,main,Oracle prospective estimator,0.6489990748383732,0.6423762639053605,-0.006622810933012646,0.10834119878292524,0.4300275142908271,0.8547250135198939,1
166,main,Structured EHR estimator,0.6600125466146373,1.4699704958961688,0.8099579492815315,0.1387204230273144,1.1980784667626325,1.741862525029705,0
166,main,Naive AI estimator,0.6600125466146373,0.15167157771601714,-0.5083409688986201,0.10301835324904407,-0.050244394652109226,0.3535875500841435,0
166,main,ISE causal estimator,0.6600125466146373,0.7979238566121845,0.1379113099975472,0.12462300830038812,0.5536627603434238,1.0421849528809453,1
166,main,Design erasure estimator,0.6600125466146373,1.1155001547023986,0.45548760808776134,0.12950367533239948,0.8616729510508956,1.3693273583539016,0
166,main,Post index leakage estimator,0.6600125466146373,0.1734140408005054,-0.4865985058141319,0.10623001878125637,-0.03479679601075708,0.3816248776117679,0
166,main,Oracle prospective estimator,0.6600125466146373,0.7877347471607483,0.12772220054611105,0.1254708973202702,0.5418117884130187,1.033657705908478,1
167,main,Structured EHR estimator,0.6641072567502864,1.4589371416874042,0.7948298849371178,0.1457652633232794,1.1732372255737764,1.744637057801032,0
167,main,Naive AI estimator,0.6641072567502864,0.1387503722394022,-0.5253568845108841,0.0980416994605748,-0.05341135870332439,0.3309121031821288,0
167,main,ISE causal estimator,0.6641072567502864,0.6257832026941035,-0.03832405405618289,0.1097172832525769,0.4107373275190528,0.8408290778691542,1
167,main,Design erasure estimator,0.6641072567502864,1.0160721441466962,0.35196488739640985,0.12753582682627135,0.7661019235672044,1.266042364726188,0
167,main,Post index leakage estimator,0.6641072567502864,0.13978908685031718,-0.5243181698999692,0.10259084665358928,-0.061288972590717805,0.3408671462913522,0
167,main,Oracle prospective estimator,0.6641072567502864,0.6184457326551525,-0.04566152409513391,0.1102228754008392,0.40240889686950765,0.8344825684407973,1
168,main,Structured EHR estimator,0.6367619718425346,1.506350215993394,0.8695882441508593,0.14054832201007048,1.2308755048536557,1.7818249271331321,0
168,main,Naive AI estimator,0.6367619718425346,0.17730413124521685,-0.45945784059731776,0.09546337979993907,-0.00980409316266373,0.36441235565309743,0
168,main,ISE causal estimator,0.6367619718425346,0.6994069106487533,0.06264493880621869,0.10906037063351891,0.4856485842070562,0.9131652370904504,1
168,main,Design erasure estimator,0.6367619718425346,1.155115349974262,0.5183533781317273,0.13402840501629698,0.8924196761423198,1.417811023806204,0
168,main,Post index leakage estimator,0.6367619718425346,0.20107157457816757,-0.435690397264367,0.11361971939616956,-0.021623075438324757,0.4237662245946599,0
168,main,Oracle prospective estimator,0.6367619718425346,0.6920013269393173,0.05523935509678268,0.1076223423474016,0.4810615359384101,0.9029411179402245,1
169,main,Structured EHR estimator,0.639871407401571,1.2935260556391617,0.6536546482375907,0.14103522846967514,1.0170970078385984,1.569955103439725,0
169,main,Naive AI estimator,0.639871407401571,0.10773354690656987,-0.5321378604950011,0.09304906676823474,-0.07464262395917022,0.29010971777231,0
169,main,ISE causal estimator,0.639871407401571,0.5625490166155174,-0.07732239078605363,0.11147372549140779,0.3440605146523581,0.7810375185786766,1
169,main,Design erasure estimator,0.639871407401571,0.8981587039685948,0.25828729656702376,0.1249188778115142,0.6533177034580269,1.1429997044791627,0
169,main,Post index leakage estimator,0.639871407401571,0.12342094281315744,-0.5164504645884136,0.09299508315865213,-0.05884942017780073,0.30569130580411563,0
169,main,Oracle prospective estimator,0.639871407401571,0.5585976956524118,-0.0812737117491592,0.11150292911592222,0.34005195458520426,0.7771434367196193,1
170,main,Structured EHR estimator,0.664144775659998,1.5271279467414427,0.8629831710814447,0.14595864716372497,1.2410489983005417,1.8132068951823437,0
170,main,Naive AI estimator,0.664144775659998,0.22037379759503087,-0.4437709780649671,0.09386173452566873,0.03640479792472015,0.4043427972653416,0
170,main,ISE causal estimator,0.664144775659998,0.7867678633228967,0.12262308766289876,0.11251152337943235,0.5662452774992093,1.0072904491465842,1
170,main,Design erasure estimator,0.664144775659998,1.1597953945468267,0.4956506188868287,0.13105590504808037,0.9029258206525892,1.4166649684410642,0
170,main,Post index leakage estimator,0.664144775659998,0.27166445220040536,-0.3924803234595926,0.10392509183148337,0.06797127221069796,0.47535763219011273,0
170,main,Oracle prospective estimator,0.664144775659998,0.7719574223061233,0.10781264664612533,0.11267190909894449,0.5511204804721921,0.9927943641400545,1
171,main,Structured EHR estimator,0.6335049673622906,1.3179365746552936,0.684431607293003,0.13603195112323416,1.0513139504537548,1.5845591988568324,0
171,main,Naive AI estimator,0.6335049673622906,0.2325710306231282,-0.40093393673916233,0.09258012674606605,0.05111398220083874,0.41402807904541766,0
171,main,ISE causal estimator,0.6335049673622906,0.6451393809413933,0.011634413579102776,0.10705953476779151,0.435302692796522,0.8549760690862647,1
171,main,Design erasure estimator,0.6335049673622906,0.9574813902203156,0.3239764228580251,0.12944947285211322,0.7037604234301738,1.2112023570104575,0
171,main,Post index leakage estimator,0.6335049673622906,0.22000273747297946,-0.41350222988931107,0.09883595086629705,0.026284273775037253,0.4137212011709217,0
171,main,Oracle prospective estimator,0.6335049673622906,0.6247058437593025,-0.008799123602988068,0.10698903877434401,0.4150073277615882,0.8344043597570168,1
172,main,Structured EHR estimator,0.6418889161756206,1.3507281856400768,0.7088392694644562,0.14809600764002737,1.0604600106656232,1.6409963606145304,0
172,main,Naive AI estimator,0.6418889161756206,0.1973644416176896,-0.444524474557931,0.08553976298645637,0.02970650616423512,0.36502237707114404,0
172,main,ISE causal estimator,0.6418889161756206,0.7001476613172627,0.05825874514164209,0.11177437906059805,0.4810698783584905,0.9192254442760348,1
172,main,Design erasure estimator,0.6418889161756206,1.0204390537538568,0.3785501375782362,0.12383801188982836,0.7777165504497932,1.2631615570579204,0
172,main,Post index leakage estimator,0.6418889161756206,0.17966925016537386,-0.4622196660102468,0.09146416748487803,0.00039948189501293196,0.3589390184357348,0
172,main,Oracle prospective estimator,0.6418889161756206,0.683687369921606,0.04179845374598534,0.10943797837430028,0.4691889323079774,0.8981858075352345,1
173,main,Structured EHR estimator,0.658003555247921,1.3215764000695107,0.6635728448215897,0.15076870493301384,1.0260697384008037,1.6170830617382177,0
173,main,Naive AI estimator,0.658003555247921,0.134518172498807,-0.5234853827491139,0.08513481552005986,-0.03234606592051034,0.30138241091812434,0
173,main,ISE causal estimator,0.658003555247921,0.5740865744178328,-0.08391698083008814,0.11396996135614412,0.3507054501597904,0.7974676986758753,1
173,main,Design erasure estimator,0.658003555247921,0.9009907608424133,0.24298720559449227,0.1320392426015466,0.642193845343382,1.1597876763414445,1
173,main,Post index leakage estimator,0.658003555247921,0.16465081992267944,-0.49335273532524154,0.08913811925545247,-0.010059893818007398,0.3393615336633663,0
173,main,Oracle prospective estimator,0.658003555247921,0.5799170754400236,-0.0780864798078974,0.11455807920643978,0.35538324019540163,0.8044509106846456,1
174,main,Structured EHR estimator,0.6482131464214869,1.3970883403711436,0.7488751939496567,0.14170371778857685,1.119349053505533,1.6748276272367542,0
174,main,Naive AI estimator,0.6482131464214869,0.1657561725071237,-0.48245697391436315,0.09986617465421634,-0.029981529815140295,0.3614938748293877,0
174,main,ISE causal estimator,0.6482131464214869,0.732952557712776,0.08473941129128915,0.11715159586555446,0.5033354298162893,0.9625696856092627,1
174,main,Design erasure estimator,0.6482131464214869,1.1177375567252725,0.46952441030378567,0.1315559185049306,0.8598879564556086,1.3755871569949365,0
174,main,Post index leakage estimator,0.6482131464214869,0.16867041547326797,-0.47954273094821886,0.10317434909513577,-0.033551308753198145,0.3708921396997341,0
174,main,Oracle prospective estimator,0.6482131464214869,0.7272659805822037,0.07905283416071684,0.11585868858802885,0.5001829509496671,0.9543490102147403,1
175,main,Structured EHR estimator,0.6468919727246917,1.3630892832291823,0.7161973105044906,0.14180222407206422,1.0851569240479364,1.6410216424104282,0
175,main,Naive AI estimator,0.6468919727246917,0.09278289714464061,-0.5541090755800511,0.09548764445088612,-0.09437288597909618,0.2799386802683774,0
175,main,ISE causal estimator,0.6468919727246917,0.5794111398480302,-0.06748083287666151,0.10958665142433172,0.36462130305634,0.7942009766397203,1
175,main,Design erasure estimator,0.6468919727246917,1.0583325093056792,0.41144053658098756,0.1248499688511743,0.8136265703573776,1.303038448253981,0
175,main,Post index leakage estimator,0.6468919727246917,0.10223569960409284,-0.5446562731205988,0.09966004810790824,-0.09309799468740729,0.297569393895593,0
175,main,Oracle prospective estimator,0.6468919727246917,0.5544782003003658,-0.09241377242432591,0.10898744760299826,0.34086280299848914,0.7680935976022424,1
176,main,Structured EHR estimator,0.6495314588385617,1.4615626165403348,0.8120311577017731,0.13622709134615701,1.194557517501867,1.7285677155788026,0
176,main,Naive AI estimator,0.6495314588385617,0.2315532352808276,-0.41797822355773406,0.09378287757015086,0.04773879524333194,0.4153676753183233,0
176,main,ISE causal estimator,0.6495314588385617,0.8818181199313369,0.23228666109277518,0.10979595793802685,0.6666180423728042,1.0970181974898694,0
176,main,Design erasure estimator,0.6495314588385617,1.1298123824270052,0.48028092358844354,0.12722585041496903,0.8804497156136659,1.3791750492403445,0
176,main,Post index leakage estimator,0.6495314588385617,0.19027315790911264,-0.459258300929449,0.09685618649216882,0.00043503238446176984,0.38011128343376355,0
176,main,Oracle prospective estimator,0.6495314588385617,0.8593688540686458,0.20983739523008416,0.10856089691353878,0.6465894961181098,1.0721482120191819,1
177,main,Structured EHR estimator,0.6367474107364189,1.495298541094501,0.8585511303580821,0.14099694023446702,1.2189445382349455,1.7716525439540565,0
177,main,Naive AI estimator,0.6367474107364189,0.10989473546563198,-0.5268526752707869,0.09994191364070373,-0.08599141527014732,0.3057808862014113,0
177,main,ISE causal estimator,0.6367474107364189,0.7419867155061721,0.10523930476975318,0.10791908094007982,0.5304653168636156,0.9535081141487286,1
177,main,Design erasure estimator,0.6367474107364189,1.1147386435171667,0.47799123278074773,0.12152952440720324,0.8765407756790483,1.352936511355285,0
177,main,Post index leakage estimator,0.6367474107364189,0.09413448811540708,-0.5426129226210119,0.1034064865393088,-0.10854222550163815,0.2968112017324523,0
177,main,Oracle prospective estimator,0.6367474107364189,0.7396173571773736,0.10286994644095471,0.10959751946630461,0.5248062190234166,0.9544284953313307,1
178,main,Structured EHR estimator,0.6178331726265412,1.4915817719944766,0.8737485993679354,0.1332806589686488,1.230351680415925,1.7528118635730283,0
178,main,Naive AI estimator,0.6178331726265412,0.252094751280685,-0.36573842134585627,0.07991307161482307,0.09546513091563177,0.40872437164573816,0
178,main,ISE causal estimator,0.6178331726265412,0.7654749664500884,0.14764179382354714,0.10151145323422403,0.5665125181110093,0.9644374147891674,1
178,main,Design erasure estimator,0.6178331726265412,1.0752734155280765,0.4574402429015353,0.11655360515099027,0.8468283494321356,1.3037184816240175,0
178,main,Post index leakage estimator,0.6178331726265412,0.25753773629767457,-0.3602954363288667,0.08543571033847501,0.09008374403426356,0.4249917285610856,0
178,main,Oracle prospective estimator,0.6178331726265412,0.7730472506088653,0.155214077982324,0.10014099872733119,0.5767708931032961,0.9693236081144344,1
179,main,Structured EHR estimator,0.6488553943120607,1.1939530251205563,0.5450976308084956,0.1312577185739062,0.9366878967157002,1.4512181535254125,0
179,main,Naive AI estimator,0.6488553943120607,0.05368734102333975,-0.595168053288721,0.09793226867553968,-0.13825990558071802,0.2456345876273975,0
179,main,ISE causal estimator,0.6488553943120607,0.6204797274875282,-0.02837566682453252,0.10287776000771218,0.41883931787241235,0.8221201371026441,1
179,main,Design erasure estimator,0.6488553943120607,0.9858907439489264,0.33703534963686566,0.11688451518145217,0.7567970941932801,1.2149843937045726,0
179,main,Post index leakage estimator,0.6488553943120607,0.04436949653674157,-0.6044858977753191,0.10224736446649935,-0.15603533781759715,0.2447743308910803,0
179,main,Oracle prospective estimator,0.6488553943120607,0.6190091141236551,-0.029846280188405627,0.10252121662076616,0.4180675295469535,0.8199506987003568,1
180,main,Structured EHR estimator,0.6421278503725082,1.281155502923595,0.6390276525510868,0.13211333802200811,1.022213360400459,1.540097645446731,0
180,main,Naive AI estimator,0.6421278503725082,0.17565636528059614,-0.46647148509191205,0.08770283813443386,0.003758802537105782,0.34755392802408647,0
180,main,ISE causal estimator,0.6421278503725082,0.5763659355501519,-0.06576191482235627,0.09697098177378213,0.38630281127353894,0.7664290598267649,1
180,main,Design erasure estimator,0.6421278503725082,0.8953287235983691,0.25320087322586093,0.11714778658479541,0.6657190618921701,1.124938385304568,0
180,main,Post index leakage estimator,0.6421278503725082,0.20263158875293263,-0.43949626161957556,0.10006749725488513,0.006499294133357786,0.39876388337250745,0
180,main,Oracle prospective estimator,0.6421278503725082,0.5727152040555685,-0.06941264631693966,0.09716281798416965,0.38227608080659603,0.763154327304541,1
181,main,Structured EHR estimator,0.6587968641381043,1.406606653713399,0.7478097895752946,0.13970854002054392,1.132777915273133,1.680435392153665,0
181,main,Naive AI estimator,0.6587968641381043,0.1647543067462708,-0.49404255739183356,0.09669983099558974,-0.02477736200508507,0.3542859754976267,0
181,main,ISE causal estimator,0.6587968641381043,0.7242796530486759,0.06548278891057158,0.09895605101794261,0.5303257930535084,0.9182335130438435,1
181,main,Design erasure estimator,0.6587968641381043,1.0464373045270385,0.3876404403889342,0.11605279404661499,0.8189738281956731,1.273900780858404,0
181,main,Post index leakage estimator,0.6587968641381043,0.10038379509373285,-0.5584130690443715,0.10028189307716834,-0.09616871533751709,0.2969363055249828,0
181,main,Oracle prospective estimator,0.6587968641381043,0.7388931533877809,0.0800962892496766,0.09945433719335957,0.5439626524887962,0.9338236542867657,1
182,main,Structured EHR estimator,0.6520139321905309,1.4374000415167627,0.7853861093262318,0.14384494253146543,1.1554639541550904,1.719336128878435,0
182,main,Naive AI estimator,0.6520139321905309,0.22061130828949674,-0.43140262390103423,0.10678653998792985,0.01130968991315423,0.42991292666583925,0
182,main,ISE causal estimator,0.6520139321905309,0.7673932662537121,0.11537933406318113,0.11282517969100671,0.5462559140593389,0.9885306184480852,1
182,main,Design erasure estimator,0.6520139321905309,1.0809883818736747,0.4289744496831438,0.12875796322493113,0.8286227739528098,1.3333539897945397,0
182,main,Post index leakage estimator,0.6520139321905309,0.19627381665842028,-0.4557401155321107,0.11203247651198532,-0.02330983730507094,0.4158574706219115,0
182,main,Oracle prospective estimator,0.6520139321905309,0.7421368193615633,0.09012288717103234,0.11226262175179876,0.5221020807280378,0.9621715579950888,1
183,main,Structured EHR estimator,0.6307828801316504,1.2749606001702931,0.6441777200386427,0.1359406845563236,1.008516858439899,1.5414043419006873,0
183,main,Naive AI estimator,0.6307828801316504,0.07811453465414736,-0.552668345477503,0.08923117489363797,-0.09677856813738306,0.2530076374456778,0
183,main,ISE causal estimator,0.6307828801316504,0.46185817589586287,-0.16892470423578754,0.10794983882714373,0.25027649179466116,0.6734398599970646,1
183,main,Design erasure estimator,0.6307828801316504,1.0221838012375732,0.39140092110592284,0.12449253342651997,0.7781784357215941,1.2661891667535523,0
183,main,Post index leakage estimator,0.6307828801316504,0.12860354982040073,-0.5021793303112496,0.09512534940471208,-0.057842135012834944,0.31504923465363643,0
183,main,Oracle prospective estimator,0.6307828801316504,0.4489422010541893,-0.1818406790774611,0.10766803571190259,0.23791285105886023,0.6599715510495183,1
184,main,Structured EHR estimator,0.6353240484020877,1.389148023524549,0.7538239751224614,0.1276277683915711,1.1389975974770696,1.6392984495720284,0
184,main,Naive AI estimator,0.6353240484020877,0.13519936555367992,-0.5001246828484077,0.0954579830709186,-0.051898281265320534,0.3222970123726804,0
184,main,ISE causal estimator,0.6353240484020877,0.5582025063868963,-0.07712154201519139,0.1057712285030667,0.35089089852088556,0.7655141142529069,1
184,main,Design erasure estimator,0.6353240484020877,1.0365612199805918,0.40123717157850414,0.12224228315428982,0.7969663449981838,1.276156094963,0
184,main,Post index leakage estimator,0.6353240484020877,0.20540020465553827,-0.4299238437465494,0.10291047056898503,0.003695682340327605,0.40710472697074895,0
184,main,Oracle prospective estimator,0.6353240484020877,0.5169221869100952,-0.1184018614919925,0.10619428498902228,0.3087813883316115,0.7250629854885788,1
185,main,Structured EHR estimator,0.6365764354926997,1.3751673325793314,0.7385908970866317,0.13449586871397157,1.1115554298999473,1.6387792352587156,0
185,main,Naive AI estimator,0.6365764354926997,0.20969684887387485,-0.42687958661882486,0.08772783036291686,0.03775030136255783,0.38164339638519185,0
185,main,ISE causal estimator,0.6365764354926997,0.7926228374529657,0.15604640196026598,0.1004586895487764,0.595723805937364,0.9895218689685674,1
185,main,Design erasure estimator,0.6365764354926997,1.1651356119136111,0.5285591764209114,0.12223698458173839,0.9255511221334038,1.4047201016938184,0
185,main,Post index leakage estimator,0.6365764354926997,0.1893480165855911,-0.4472284189071086,0.09534221263200175,0.0024772798268676843,0.37621875334431454,0
185,main,Oracle prospective estimator,0.6365764354926997,0.7832153596526621,0.14663892415996238,0.09983389803386192,0.5875409195062927,0.9788897997990315,1
186,main,Structured EHR estimator,0.6429823211702473,1.4089565390866274,0.7659742179163801,0.14058627929408368,1.1334074316702234,1.6845056465030315,0
186,main,Naive AI estimator,0.6429823211702473,0.11906473512025995,-0.5239175860499874,0.09572849615144452,-0.0685631173365713,0.30669258757709117,0
186,main,ISE causal estimator,0.6429823211702473,0.6638565116948474,0.020874190524600045,0.10741524394911665,0.45332263355457875,0.874390389835116,1
186,main,Design erasure estimator,0.6429823211702473,1.0220245020794145,0.3790421809091672,0.1285119822352743,0.770141016898277,1.273907987260552,0
186,main,Post index leakage estimator,0.6429823211702473,0.12319690436101217,-0.5197854168092352,0.10120898215878897,-0.07517270067021421,0.3215665093922386,0
186,main,Oracle prospective estimator,0.6429823211702473,0.6639101435479167,0.020927822377669325,0.10709732546468423,0.4539993856371356,0.8738209014586977,1
187,main,Structured EHR estimator,0.6431359328083993,1.1187044511412765,0.47556851833287717,0.13638035716342314,0.8513989511009672,1.3860099511815858,0
187,main,Naive AI estimator,0.6431359328083993,0.11891140047885904,-0.5242245323295402,0.0982065993914588,-0.07357353432840022,0.3113963352861183,0
187,main,ISE causal estimator,0.6431359328083993,0.5923461611080163,-0.05078977170038301,0.10766571042786999,0.38132136866939115,0.8033709535466415,1
187,main,Design erasure estimator,0.6431359328083993,0.8638227146684626,0.2206867818600633,0.12412840691354259,0.6205310371179191,1.107114392219006,1
187,main,Post index leakage estimator,0.6431359328083993,0.09977848635539437,-0.543357446453005,0.10130393606232053,-0.09877722832675388,0.2983342010375426,0
187,main,Oracle prospective estimator,0.6431359328083993,0.59394184749739,-0.04919408531100933,0.10647146075578294,0.3852577844160554,0.8026259105787246,1
188,main,Structured EHR estimator,0.6337800373961512,1.3845364422489397,0.7507564048527885,0.14190224182348724,1.1064080482749046,1.6626648362229748,0
188,main,Naive AI estimator,0.6337800373961512,0.15010178300523544,-0.4836782543909157,0.08855158054978533,-0.023459314872343817,0.3236628808828147,0
188,main,ISE causal estimator,0.6337800373961512,0.7502469266986612,0.11646688930251003,0.11704675781149435,0.5208352813881323,0.9796585720091902,1
188,main,Design erasure estimator,0.6337800373961512,1.1090033735075226,0.47522333611137146,0.1301897435224822,0.8538314762034576,1.3641752708115877,0
188,main,Post index leakage estimator,0.6337800373961512,0.16342805419309372,-0.4703519832030575,0.091918473065704,-0.01673215301568612,0.3435882614018736,0
188,main,Oracle prospective estimator,0.6337800373961512,0.732500566932709,0.09872052953655786,0.11824414809057676,0.5007420366751786,0.9642590971902395,1
189,main,Structured EHR estimator,0.6495941630693329,1.4852562212192175,0.8356620581498846,0.1319700027256814,1.226595015876882,1.7439174265615531,0
189,main,Naive AI estimator,0.6495941630693329,0.16236399188104866,-0.48723017118828427,0.09036535684037107,-0.01475210752607864,0.33948009128817597,0
189,main,ISE causal estimator,0.6495941630693329,0.800047635462028,0.15045347239269502,0.10223385469139175,0.5996692802669001,1.0004259906571558,1
189,main,Design erasure estimator,0.6495941630693329,1.1634637173879363,0.5138695543186034,0.11787079519189522,0.9324369588118216,1.3944904759640508,0
189,main,Post index leakage estimator,0.6495941630693329,0.14221878943592678,-0.5073753736334061,0.09553282961383072,-0.04502555660718144,0.329463135479035,0
189,main,Oracle prospective estimator,0.6495941630693329,0.7773285303659778,0.1277343672966449,0.10217684568349662,0.5770619128263245,0.9775951479056312,1
190,main,Structured EHR estimator,0.6517525975201756,1.3699547988591019,0.7182022013389263,0.1407411662045609,1.0941021130981625,1.6458074846200412,0
190,main,Naive AI estimator,0.6517525975201756,0.17062801351750623,-0.48112458400266933,0.08612312349448877,0.0018266914683082447,0.3394293355667042,0
190,main,ISE causal estimator,0.6517525975201756,0.6703565393800215,0.01860394185984593,0.11322637667304869,0.448432841100846,0.892280237659197,1
190,main,Design erasure estimator,0.6517525975201756,0.9414208403881557,0.2896682428679801,0.12507137557600387,0.6962809442591881,1.1865607365171233,0
190,main,Post index leakage estimator,0.6517525975201756,0.2329774381126955,-0.41877515940748006,0.09319695246838194,0.0503114112746669,0.41564346495072413,0
190,main,Oracle prospective estimator,0.6517525975201756,0.6691070910112973,0.017354493491121725,0.11273978299062569,0.4481371163496709,0.8900770656729237,1
191,main,Structured EHR estimator,0.6455853014727642,1.5075408901698204,0.8619555886970562,0.14485564532298348,1.2236238253367728,1.791457955002868,0
191,main,Naive AI estimator,0.6455853014727642,0.11831095340042058,-0.5272743480723436,0.09016955906785579,-0.05842138237257677,0.29504328917341793,0
191,main,ISE causal estimator,0.6455853014727642,0.6716602528530385,0.02607495138027438,0.114290668818834,0.4476505419681239,0.8956699637379532,1
191,main,Design erasure estimator,0.6455853014727642,1.0856299742797335,0.44004467280696935,0.13477503092574178,0.8214709136652796,1.3497890348941874,0
191,main,Post index leakage estimator,0.6455853014727642,0.16339085982242693,-0.4821944416503372,0.09729775712359137,-0.027312744139812162,0.354094463784666,0
191,main,Oracle prospective estimator,0.6455853014727642,0.657105078815681,0.01151977734291687,0.11167128885849059,0.4382293526530395,0.8759808049783226,1
192,main,Structured EHR estimator,0.6521000118758525,1.186942215905241,0.5348422040293884,0.15006488857469635,0.8928150342988361,1.4810693975116458,0
192,main,Naive AI estimator,0.6521000118758525,0.010367722752987155,-0.6417322891228654,0.08692391591764091,-0.16000315244558905,0.18073859795156333,0
192,main,ISE causal estimator,0.6521000118758525,0.5881178599268643,-0.06398215194898826,0.10673067402521336,0.37892573883744607,0.7973099810162825,1
192,main,Design erasure estimator,0.6521000118758525,0.8743207554171942,0.2222207435413417,0.12468318690867823,0.629941709076185,1.1186998017582035,1
192,main,Post index leakage estimator,0.6521000118758525,-0.042488120846956925,-0.6945881327228095,0.09325086644384058,-0.22525981907688447,0.1402835773829706,0
192,main,Oracle prospective estimator,0.6521000118758525,0.5588112343140504,-0.0932887775618021,0.10622546633837669,0.35060932029083214,0.7670131483372687,1
193,main,Structured EHR estimator,0.6336609682138115,1.3399690473870853,0.7063080791732739,0.14861736070370532,1.048679020407823,1.6312590743663478,0
193,main,Naive AI estimator,0.6336609682138115,0.06720811304720313,-0.5664528551666084,0.09731355546061421,-0.1235264556556007,0.25794268175000695,0
193,main,ISE causal estimator,0.6336609682138115,0.665642948370839,0.03198198015702758,0.11614843301697024,0.4379920196575774,0.8932938770841007,1
193,main,Design erasure estimator,0.6336609682138115,1.1413895310752555,0.5077285628614441,0.13672376762391125,0.8734109465323895,1.4093681156181215,0
193,main,Post index leakage estimator,0.6336609682138115,0.07509571652662352,-0.558565251687188,0.10054737739815699,-0.12197714317376417,0.2721685762270112,0
193,main,Oracle prospective estimator,0.6336609682138115,0.6454851903730359,0.011824222159224407,0.1135809595102855,0.4228665097328763,0.8681038710131954,1
194,main,Structured EHR estimator,0.6431312432447243,1.6881386888103598,1.0450074455656355,0.13337728333445917,1.42671921347482,1.9495581641458997,0
194,main,Naive AI estimator,0.6431312432447243,0.2006133784754504,-0.44251786476927385,0.09512270828921135,0.014172870228596174,0.3870538867223047,0
194,main,ISE causal estimator,0.6431312432447243,0.7771535476969064,0.1340223044521821,0.10724156388559702,0.5669600824811362,0.9873470129126766,1
194,main,Design erasure estimator,0.6431312432447243,1.274560406844548,0.6314291635998237,0.12345612476914516,1.0325864022970235,1.5165344113920725,0
194,main,Post index leakage estimator,0.6431312432447243,0.23414255453795155,-0.40898868870677274,0.10603907921601231,0.026305959274567414,0.4419791498013357,0
194,main,Oracle prospective estimator,0.6431312432447243,0.7666157053335068,0.1234844620887825,0.105421949380468,0.5599886845477895,0.973242726119224,1
195,main,Structured EHR estimator,0.6586155836639291,1.4797384088809786,0.8211228252170495,0.14776296369363992,1.1901230000414444,1.7693538177205128,0
195,main,Naive AI estimator,0.6586155836639291,0.252915885535079,-0.40569969812885015,0.10473769545249163,0.0476300024481954,0.4582017686219626,0
195,main,ISE causal estimator,0.6586155836639291,0.7603130005716555,0.10169741690772638,0.1144720096519344,0.5359478616538641,0.9846781394894469,1
195,main,Design erasure estimator,0.6586155836639291,1.1001347711488312,0.44151918748490204,0.13049053533181804,0.8443733218984678,1.3558962203991944,0
195,main,Post index leakage estimator,0.6586155836639291,0.28051334876483763,-0.3781022348990915,0.10595438577645222,0.07284275264299128,0.488183944886684,0
195,main,Oracle prospective estimator,0.6586155836639291,0.7418872298322912,0.08327164616836202,0.11154785394019635,0.5232534361095063,0.9605210235550761,1
196,main,Structured EHR estimator,0.652583103284189,1.2206871358500584,0.5681040325658694,0.1411165180513347,0.9440987604694424,1.4972755112306744,0
196,main,Naive AI estimator,0.652583103284189,0.10378888667151177,-0.5487942166126772,0.09020942735405277,-0.07302159094243164,0.2805993642854552,0
196,main,ISE causal estimator,0.652583103284189,0.4903023496956237,-0.1622807535885653,0.11285474971840953,0.269107040247541,0.7114976591437063,1
196,main,Design erasure estimator,0.652583103284189,0.8046339247134233,0.15205082142923432,0.13695562219326884,0.5362009052146164,1.0730669442122303,1
196,main,Post index leakage estimator,0.652583103284189,0.16706449036515592,-0.4855186129190331,0.10171065057022932,-0.03228838475249354,0.36641736548280535,0
196,main,Oracle prospective estimator,0.652583103284189,0.4754450519607376,-0.1771380513234514,0.11300767663168998,0.2539500057626253,0.6969400981588499,1
197,main,Structured EHR estimator,0.6190990164786786,1.4410377481054115,0.8219387316267329,0.12860106905623853,1.188979652755184,1.6930958434556391,0
197,main,Naive AI estimator,0.6190990164786786,0.13847652947358538,-0.48062248700509325,0.08678507520411365,-0.031622217926477375,0.30857527687364816,0
197,main,ISE causal estimator,0.6190990164786786,0.5980844405167444,-0.021014575961934234,0.10063736940391582,0.4008351964850694,0.7953336845484194,1
197,main,Design erasure estimator,0.6190990164786786,0.9572752306353298,0.3381762141566512,0.12678573471179605,0.7087751906002095,1.20577527067045,0
197,main,Post index leakage estimator,0.6190990164786786,0.19456490877258398,-0.4245341077060946,0.0926746255356955,0.012922642722620808,0.3762071748225472,0
197,main,Oracle prospective estimator,0.6190990164786786,0.5821566669554005,-0.03694234952327813,0.10102155417074091,0.3841544207807483,0.7801589131300526,1
198,main,Structured EHR estimator,0.6507405803748462,1.692701613928133,1.041961033553287,0.14085675363227848,1.4166223768088673,1.9687808510473987,0
198,main,Naive AI estimator,0.6507405803748462,0.3013584739801647,-0.3493821063946815,0.09094055830167036,0.12311497970889079,0.4796019682514386,0
198,main,ISE causal estimator,0.6507405803748462,0.8180518073781187,0.1673112270032725,0.1044573995650962,0.6133153042305302,1.0227883105257072,1
198,main,Design erasure estimator,0.6507405803748462,1.2522582784394711,0.601517698064625,0.10828439360684458,1.0400208669700557,1.4644956899088866,0
198,main,Post index leakage estimator,0.6507405803748462,0.3134390276144787,-0.33730155276036744,0.09535900909341923,0.12653536979137706,0.5003426854375804,0
198,main,Oracle prospective estimator,0.6507405803748462,0.8183387835881168,0.16759820321327068,0.10478072335995345,0.6129685658026081,1.0237090013736256,1
199,main,Structured EHR estimator,0.6619305087570524,1.385872649997659,0.7239421412406066,0.14318777866330917,1.105224603817573,1.666520696177745,0
199,main,Naive AI estimator,0.6619305087570524,0.25109872418469337,-0.410831784572359,0.09578813183212141,0.06335398579373541,0.4388434625756513,0
199,main,ISE causal estimator,0.6619305087570524,0.6541748619965628,-0.007755646760489565,0.10763736867769062,0.4432056193882892,0.8651441046048365,1
199,main,Design erasure estimator,0.6619305087570524,1.0321680241926736,0.3702375154356212,0.12019318451349995,0.7965893825462137,1.2677466658391334,0
199,main,Post index leakage estimator,0.6619305087570524,0.3346618037118547,-0.32726870504519767,0.1020565126506196,0.1346310389166403,0.5346925685070691,0
199,main,Oracle prospective estimator,0.6619305087570524,0.626857331479252,-0.03507317727780035,0.10620617643441022,0.41869322566780803,0.8350214372906961,1
200,main,Structured EHR estimator,0.6514643473040205,1.4017232337718166,0.7502588864677961,0.13749796871351685,1.1322272150933235,1.6712192524503098,0
200,main,Naive AI estimator,0.6514643473040205,0.14907459183061894,-0.5023897554734016,0.0921556689361387,-0.03155051928421293,0.3296997029454508,0
200,main,ISE causal estimator,0.6514643473040205,0.715677973400869,0.06421362609684855,0.11519041249815237,0.4899047649044904,0.9414511818972476,1
200,main,Design erasure estimator,0.6514643473040205,1.0558469991211668,0.4043826518171463,0.1272499111184464,0.8064371733290118,1.3052568249133216,0
200,main,Post index leakage estimator,0.6514643473040205,0.182818592199859,-0.4686457551041615,0.0947606479990173,-0.0029122778782149084,0.3685494622779329,0
200,main,Oracle prospective estimator,0.6514643473040205,0.6863400817238845,0.034875734419864024,0.11444016832968104,0.46203735179770966,0.9106428116500593,1
201,main,Structured EHR estimator,0.6288808933129421,1.5158616395149973,0.8869807462020552,0.13625078210828764,1.2488101065827535,1.7829131724472411,0
201,main,Naive AI estimator,0.6288808933129421,0.21547415255927813,-0.4134067407536639,0.0936217428719903,0.03197553653017715,0.3989727685883791,0
201,main,ISE causal estimator,0.6288808933129421,0.6890790367279728,0.060198143415030714,0.12342736867130209,0.44716139413222067,0.9309966793237249,1
201,main,Design erasure estimator,0.6288808933129421,1.1256581300759472,0.4967772367630051,0.13737353518060863,0.8564060011219543,1.39491025902994,0
201,main,Post index leakage estimator,0.6288808933129421,0.30243806541811197,-0.3264428278948301,0.09995912248922956,0.10651818533922203,0.4983579454970019,0
201,main,Oracle prospective estimator,0.6288808933129421,0.6821340999573918,0.05325320664444977,0.12177189927895017,0.4434611773706495,0.9208070225441342,1
202,main,Structured EHR estimator,0.6623214863895299,1.3540581985312505,0.6917367121417206,0.1476185375921881,1.064725864850562,1.643390532211939,0
202,main,Naive AI estimator,0.6623214863895299,0.046422420573984685,-0.6158990658155452,0.0896317886172468,-0.12925588511581904,0.2221007262637884,0
202,main,ISE causal estimator,0.6623214863895299,0.7330196232530531,0.07069813686352322,0.11546593833449714,0.5067063841174387,0.9593328623886676,1
202,main,Design erasure estimator,0.6623214863895299,0.9354488727463584,0.2731273863568284,0.13698695504333183,0.666954440861428,1.2039433046312888,0
202,main,Post index leakage estimator,0.6623214863895299,0.01754096466403967,-0.6447805217254903,0.09409955843356362,-0.166894169865745,0.20197609919382437,0
202,main,Oracle prospective estimator,0.6623214863895299,0.7351120175938682,0.07279053120433832,0.11579466305356013,0.5081544780088904,0.9620695571788461,1
203,main,Structured EHR estimator,0.6389850159309617,1.3023704951921005,0.6633854792611388,0.12790844919082914,1.0516699347780754,1.5530710556061256,0
203,main,Naive AI estimator,0.6389850159309617,0.1139807384855946,-0.525004277445367,0.08501946022433594,-0.05265740355410385,0.28061888052529305,0
203,main,ISE causal estimator,0.6389850159309617,0.6997620901749222,0.060777074243960505,0.10016212623760654,0.5034443227492134,0.896079857600631,1
203,main,Design erasure estimator,0.6389850159309617,0.9180311687429072,0.27904615281194556,0.11457605007592549,0.6934621105940932,1.1426002268917212,0
203,main,Post index leakage estimator,0.6389850159309617,0.10651136974654218,-0.5324736461844195,0.08926002004551693,-0.06843826954267102,0.2814610090357554,0
203,main,Oracle prospective estimator,0.6389850159309617,0.66926332576064,0.030278309829678274,0.0996933351431646,0.47386438888003735,0.8646622626412426,1
204,main,Structured EHR estimator,0.6369202898434309,1.2000167315273313,0.5630964416839005,0.14561220814967066,0.9146168035539768,1.485416659500686,0
204,main,Naive AI estimator,0.6369202898434309,-0.019897394552505242,-0.6568176843959361,0.09124632603861996,-0.19874019358820036,0.15894540448318986,0
204,main,ISE causal estimator,0.6369202898434309,0.4555375081455081,-0.18138278169792277,0.10839187840387354,0.24308942647391593,0.6679855898171002,1
204,main,Design erasure estimator,0.6369202898434309,0.9087900631112595,0.2718697732678287,0.13193326601054603,0.6502008617305893,1.1673792644919296,0
204,main,Post index leakage estimator,0.6369202898434309,0.009069688685699304,-0.6278506011577315,0.10121132998025502,-0.18930451807560053,0.20744389544699912,0
204,main,Oracle prospective estimator,0.6369202898434309,0.4379658569794887,-0.19895443286394215,0.1067986341548592,0.22864053403596468,0.6472911799230128,1
205,main,Structured EHR estimator,0.6403847700300407,1.1844249957633604,0.5440402257333197,0.1508506344442206,0.8887577522526879,1.4800922392740328,0
205,main,Naive AI estimator,0.6403847700300407,0.11089272575176266,-0.529492044278278,0.09244344991165834,-0.07029643607508769,0.29208188757861303,0
205,main,ISE causal estimator,0.6403847700300407,0.5632878228656225,-0.07709694716441817,0.11870990171131661,0.33061641551144194,0.7959592302198031,1
205,main,Design erasure estimator,0.6403847700300407,0.9816905326620846,0.34130576263204393,0.12706397076709855,0.7326451499585714,1.2307359153655977,0
205,main,Post index leakage estimator,0.6403847700300407,0.1469180634180182,-0.4934667066120225,0.0976033702772452,-0.04438454232538239,0.3382206691614188,0
205,main,Oracle prospective estimator,0.6403847700300407,0.5375817639773661,-0.10280300605267456,0.11883957280193407,0.30465620128557536,0.7705073266691569,1
206,main,Structured EHR estimator,0.6224122348402648,1.3901185882904254,0.7677063534501607,0.15048324882548844,1.095171420592468,1.6850657559883828,0
206,main,Naive AI estimator,0.6224122348402648,-0.015145376075760001,-0.6375576109160248,0.0983130302946018,-0.2078389154531795,0.1775481633016595,0
206,main,ISE causal estimator,0.6224122348402648,0.49355280087718695,-0.1288594339630778,0.11623038522650707,0.2657412458332331,0.7213643559211408,1
206,main,Design erasure estimator,0.6224122348402648,0.965629963757291,0.3432177289170263,0.1354415887959713,0.7001644497171873,1.2310954777973948,0
206,main,Post index leakage estimator,0.6224122348402648,0.021949040745608637,-0.6004631940946561,0.10453632253295982,-0.18294215141899262,0.22684023291020988,0
206,main,Oracle prospective estimator,0.6224122348402648,0.4686655953735543,-0.15374663946671047,0.11494383372824286,0.24337568126619827,0.6939555094809103,1
207,main,Structured EHR estimator,0.643745802520094,1.290275334174049,0.646529531653955,0.12937815421066381,1.0366941519211479,1.54385651642695,0
207,main,Naive AI estimator,0.643745802520094,0.07833457766591248,-0.5654112248541815,0.08187073353570562,-0.08213206006407053,0.2388012153958955,0
207,main,ISE causal estimator,0.643745802520094,0.5737135838190259,-0.07003221870106802,0.09187130786609772,0.3936458204014744,0.7537813472365775,1
207,main,Design erasure estimator,0.643745802520094,0.9039123483208108,0.26016654580071685,0.10811235160177546,0.6920121391813309,1.1158125574602906,0
207,main,Post index leakage estimator,0.643745802520094,0.0652986439341905,-0.5784471585859035,0.09137776155930125,-0.11380176872203994,0.24439905659042094,0
207,main,Oracle prospective estimator,0.643745802520094,0.5730411923343991,-0.07070461018569485,0.09317028567219134,0.3904274324169041,0.755654952251894,1
208,main,Structured EHR estimator,0.6711346132106509,1.5197607283782697,0.8486261151676188,0.14798242248875365,1.2297151803003126,1.8098062764562268,0
208,main,Naive AI estimator,0.6711346132106509,0.24883950791308232,-0.42229510529756864,0.0926081934071493,0.06732744883506969,0.43035156699109495,0
208,main,ISE causal estimator,0.6711346132106509,0.8474218275590357,0.1762872143483848,0.10666444121932885,0.6383595227691512,1.0564841323489202,1
208,main,Design erasure estimator,0.6711346132106509,1.2243600899732174,0.5532254767625665,0.12742252189269856,0.9746119470635283,1.4741082328829067,0
208,main,Post index leakage estimator,0.6711346132106509,0.226559598841175,-0.44457501436947594,0.10132647465395755,0.027959708519418175,0.4251594891629318,0
208,main,Oracle prospective estimator,0.6711346132106509,0.845230987565689,0.1740963743550381,0.10687151602728276,0.6357628161522149,1.0546991589791632,1
209,main,Structured EHR estimator,0.6477930945058873,1.4041013124407724,0.7563082179348851,0.13942743087245674,1.1308235479307571,1.6773790769507877,0
209,main,Naive AI estimator,0.6477930945058873,0.07475398670338242,-0.5730391078025049,0.11619544774181848,-0.15298909087058177,0.30249706427734663,0
209,main,ISE causal estimator,0.6477930945058873,0.6309845223736653,-0.016808572132221977,0.11392255327281978,0.40769631795893857,0.8542727267883921,1
209,main,Design erasure estimator,0.6477930945058873,0.9964627727167568,0.34866967821086947,0.12884101360318845,0.7439343860545073,1.2489911593790062,0
209,main,Post index leakage estimator,0.6477930945058873,0.10555961893731611,-0.5422334755685712,0.11847756686388554,-0.12665641211589954,0.3377756499905318,0
209,main,Oracle prospective estimator,0.6477930945058873,0.6216311931448343,-0.026161901361053008,0.11495720060270406,0.3963150799635343,0.8469473063261342,1
210,main,Structured EHR estimator,0.6759719525463884,1.4795379632606285,0.80356601071424,0.1482601608581486,1.1889480479786572,1.7701278785425998,0
210,main,Naive AI estimator,0.6759719525463884,0.1705552630707825,-0.5054166894756059,0.09942318519675726,-0.024314179914861733,0.36542470605642674,0
210,main,ISE causal estimator,0.6759719525463884,0.7123141437773404,0.03634219123095195,0.11631987676235996,0.48432718532311486,0.9403011022315659,1
210,main,Design erasure estimator,0.6759719525463884,1.1595759880458534,0.48360403549946496,0.1252948454730526,0.9139980909186702,1.4051538851730365,0
210,main,Post index leakage estimator,0.6759719525463884,0.21027014057086274,-0.4657018119755257,0.10413746256857966,0.006160713936446627,0.41437956720527885,0
210,main,Oracle prospective estimator,0.6759719525463884,0.7224832194871939,0.04651126694080543,0.11452594861373469,0.49801236020427386,0.9469540787701138,1
211,main,Structured EHR estimator,0.6396090148445609,1.4804060849628864,0.8407970701183255,0.13185839380187628,1.221963633111209,1.7388485368145639,0
211,main,Naive AI estimator,0.6396090148445609,0.23214695706946856,-0.40746205777509237,0.09266401700233196,0.05052548374489793,0.4137684303940392,0
211,main,ISE causal estimator,0.6396090148445609,0.8281538771882737,0.18854486234371282,0.10735324299483505,0.617741520918397,1.0385662334581505,1
211,main,Design erasure estimator,0.6396090148445609,1.1424646853977087,0.5028556705531478,0.12207143528338245,0.9032046722422791,1.3817246985531384,0
211,main,Post index leakage estimator,0.6396090148445609,0.2254070768889911,-0.4142019379555698,0.09729214913176928,0.034714464590723304,0.41609968918725887,0
211,main,Oracle prospective estimator,0.6396090148445609,0.8301026497432735,0.19049363489871263,0.10578783018785823,0.6227585025750714,1.0374467969114756,1
212,main,Structured EHR estimator,0.6730069348551458,1.2140689687863337,0.5410620339311879,0.1383006683048998,0.9429996589087302,1.4851382786639373,0
212,main,Naive AI estimator,0.6730069348551458,0.1159917090216656,-0.5570152258334803,0.08658286302425544,-0.05371070250587505,0.28569412054920623,0
212,main,ISE causal estimator,0.6730069348551458,0.6113068971277191,-0.061700037727426715,0.10880391196021855,0.3980512296856908,0.8245625645697474,1
212,main,Design erasure estimator,0.6730069348551458,1.0572885707786102,0.3842816359234643,0.12149021650178332,0.8191677464351148,1.2954093951221055,0
212,main,Post index leakage estimator,0.6730069348551458,0.13199272262959502,-0.5410142122255508,0.09110101693932011,-0.04656527057147239,0.3105507158306624,0
212,main,Oracle prospective estimator,0.6730069348551458,0.6065900995191892,-0.06641683533595666,0.10824759413073184,0.3944248150229548,0.8187553840154236,1
213,main,Structured EHR estimator,0.6492883013507763,1.3023866638295178,0.6530983624787415,0.13761603898286737,1.032659227423098,1.5721141002359378,0
213,main,Naive AI estimator,0.6492883013507763,0.14765850652664728,-0.5016297948241291,0.08840543324089083,-0.025616142625498745,0.3209331556787933,0
213,main,ISE causal estimator,0.6492883013507763,0.5789779817712308,-0.07031031957954548,0.10121048569377353,0.38060542981143475,0.7773505337310269,1
213,main,Design erasure estimator,0.6492883013507763,0.7984281775100687,0.14913987615929236,0.11999956758697625,0.5632290250395953,1.033627329980542,1
213,main,Post index leakage estimator,0.6492883013507763,0.13877375886836568,-0.5105145424824107,0.09544127231524535,-0.048291134869515195,0.32583865260624656,0
213,main,Oracle prospective estimator,0.6492883013507763,0.5710303885801088,-0.07825791277066751,0.10129073888844488,0.37250054035875685,0.7695602368014607,1
214,main,Structured EHR estimator,0.6526314192128743,1.181880832365646,0.5292494131527717,0.1420495503241516,0.9034637137303089,1.460297951000983,0
214,main,Naive AI estimator,0.6526314192128743,-0.027972618473308432,-0.6806040376861827,0.0957609762497157,-0.2156641319227512,0.15971889497613434,0
214,main,ISE causal estimator,0.6526314192128743,0.5296525655966878,-0.12297885361618643,0.11194643115632778,0.3102375605302854,0.7490675706630903,1
214,main,Design erasure estimator,0.6526314192128743,1.0189701553560735,0.36633873614319923,0.1213556563145445,0.7811130689795662,1.2568272417325808,0
214,main,Post index leakage estimator,0.6526314192128743,-0.06071156522988517,-0.7133429844427595,0.10368953060433918,-0.26394304521438994,0.14251991475461961,0
214,main,Oracle prospective estimator,0.6526314192128743,0.5201675516357089,-0.13246386757716533,0.11352427172697953,0.2976599790508291,0.7426751242205888,1
215,main,Structured EHR estimator,0.6258249980800201,1.3356125235813883,0.7097875255013681,0.14836617396103952,1.044814822617751,1.6264102245450256,0
215,main,Naive AI estimator,0.6258249980800201,0.19590206207262334,-0.4299229360073968,0.0877566981865822,0.02389893362692222,0.3679051905183245,0
215,main,ISE causal estimator,0.6258249980800201,0.5466510476977745,-0.07917395038224562,0.11120645016268933,0.3286864053789034,0.7646156900166456,1
215,main,Design erasure estimator,0.6258249980800201,0.9106573007815264,0.2848323027015063,0.12565601963258968,0.6643715023016507,1.1569430992614023,0
215,main,Post index leakage estimator,0.6258249980800201,0.24951874016766198,-0.37630625791235817,0.0909559875151376,0.0712450046379923,0.4277924756973317,0
215,main,Oracle prospective estimator,0.6258249980800201,0.5399480246950544,-0.0858769733849657,0.1094689752161712,0.32538883327135887,0.75450721611875,1
216,main,Structured EHR estimator,0.6612689659903599,1.1372183868947827,0.4759494209044228,0.13439970452648087,0.8737949660228802,1.4006418077666853,0
216,main,Naive AI estimator,0.6612689659903599,-0.007571153863154741,-0.6688401198535147,0.08820105292964785,-0.18044521760526452,0.16530290987895505,0
216,main,ISE causal estimator,0.6612689659903599,0.4910445683144913,-0.1702243976758686,0.10581687929906347,0.2836434848883269,0.6984456517406556,1
216,main,Design erasure estimator,0.6612689659903599,0.7358298321635435,0.07456086617318358,0.1280621477014825,0.4848280226686378,0.9868316416584492,1
216,main,Post index leakage estimator,0.6612689659903599,0.013023017504652448,-0.6482459484857075,0.09468756840260795,-0.17256461656445912,0.19861065157376404,0
216,main,Oracle prospective estimator,0.6612689659903599,0.476932085510802,-0.18433688047955787,0.10545561211778429,0.2702390857599448,0.6836250852616592,1
217,main,Structured EHR estimator,0.6317740214588526,1.4387193764396577,0.8069453549808051,0.14525963011690857,1.154010501410517,1.7234282514687984,0
217,main,Naive AI estimator,0.6317740214588526,0.08662634529710331,-0.5451476761617493,0.11677020877984039,-0.14224326391138384,0.3154959545055904,0
217,main,ISE causal estimator,0.6317740214588526,0.6355965265729387,0.0038225051140861055,0.12761264116750512,0.38547574988462874,0.8857173032612488,1
217,main,Design erasure estimator,0.6317740214588526,1.0837561939563425,0.45198217249748984,0.13044671519415915,0.8280806321757905,1.3394317557368944,0
217,main,Post index leakage estimator,0.6317740214588526,0.19429210939596273,-0.4374819120628899,0.12076627818718401,-0.04240979585091792,0.43099401464284337,0
217,main,Oracle prospective estimator,0.6317740214588526,0.6438334949246542,0.012059473465801607,0.1280980168641043,0.39276138187100984,0.8949056079782987,1
218,main,Structured EHR estimator,0.615210340004989,1.4711620265939744,0.8559516865889855,0.1394669004573903,1.1978069016974895,1.7445171514904594,0
218,main,Naive AI estimator,0.615210340004989,0.3486007285337816,-0.2666096114712074,0.09224998790088564,0.16779075224804577,0.5294107048195175,0
218,main,ISE causal estimator,0.615210340004989,0.8531835086127114,0.23797316860772244,0.10709265380136214,0.6432819071620416,1.0630851100633811,0
218,main,Design erasure estimator,0.615210340004989,1.149598487696116,0.5343881476911271,0.1216073665217966,0.9112480493133948,1.3879489260788374,0
218,main,Post index leakage estimator,0.615210340004989,0.39828123807839616,-0.21692910192659282,0.099747955266593,0.20277524575587388,0.5937872304009184,0
218,main,Oracle prospective estimator,0.615210340004989,0.8424759322948758,0.22726559228988685,0.10664494405489842,0.6334518419472749,1.0515000226424767,0
219,main,Structured EHR estimator,0.6603322374725281,1.506925078262192,0.8465928407896638,0.12955704137797466,1.2529932771613614,1.7608568793630224,0
219,main,Naive AI estimator,0.6603322374725281,0.16642508141566198,-0.49390715605686614,0.09175162006706339,-0.013408093915782265,0.3462582567471062,0
219,main,ISE causal estimator,0.6603322374725281,0.7528226813107154,0.09249044383818728,0.10529331776739775,0.5464477784866157,0.959197584134815,1
219,main,Design erasure estimator,0.6603322374725281,1.1524488432149325,0.49211660574240434,0.11403781045039102,0.928934734732166,1.3759629516976988,0
219,main,Post index leakage estimator,0.6603322374725281,0.17571093061935403,-0.48462130685317406,0.0937348602838473,-0.00800939553698668,0.35943125677569476,0
219,main,Oracle prospective estimator,0.6603322374725281,0.7521775047788143,0.09184526730628617,0.10449887903186218,0.5473597018763644,0.9569953076812642,1
220,main,Structured EHR estimator,0.6600792394739492,1.4511246145700536,0.7910453750961044,0.14553450287684988,1.1658769889314278,1.7363722402086794,0
220,main,Naive AI estimator,0.6600792394739492,0.2049492670075175,-0.4551299724664317,0.09183177686836047,0.024958984345530982,0.38493954966950406,0
220,main,ISE causal estimator,0.6600792394739492,0.634435877192423,-0.025643362281526194,0.10302544180318814,0.43250601125817423,0.8363657431266718,1
220,main,Design erasure estimator,0.6600792394739492,1.0040553158488446,0.34397607637489536,0.11852758670891225,0.7717412458993765,1.2363693857983127,0
220,main,Post index leakage estimator,0.6600792394739492,0.2206291840969393,-0.4394500553770099,0.10211986610306158,0.020474246534938623,0.42078412165893997,0
220,main,Oracle prospective estimator,0.6600792394739492,0.6297016119536953,-0.030377627520253858,0.10328749137949012,0.4272581288498947,0.832145095057496,1
221,main,Structured EHR estimator,0.679257034704358,1.2776021505290185,0.5983451158246604,0.1497968788183244,0.9840002680451027,1.5712040330129344,0
221,main,Naive AI estimator,0.679257034704358,0.1628516711123452,-0.5164053635920128,0.09212291071565298,-0.017709233890334658,0.34341257611502507,0
221,main,ISE causal estimator,0.679257034704358,0.5178430368665311,-0.16141399783782695,0.11254886407031829,0.29724726328870726,0.7384388104443549,1
221,main,Design erasure estimator,0.679257034704358,0.9647841253706547,0.28552709066629667,0.1299446505169954,0.7100926103573437,1.2194756403839657,0
221,main,Post index leakage estimator,0.679257034704358,0.2189651231152931,-0.46029191158906496,0.09748866259809297,0.02788734442303087,0.4100429018075553,0
221,main,Oracle prospective estimator,0.679257034704358,0.5370064326148377,-0.14225060208952034,0.11220610401067042,0.31708246875392365,0.7569303964757518,1
222,main,Structured EHR estimator,0.6439887611474253,1.675631784267056,1.0316430231196307,0.1388417731162059,1.4035019089592926,1.9477616595748195,0
222,main,Naive AI estimator,0.6439887611474253,0.18607250399447745,-0.45791625715294787,0.09875184173861001,-0.007481105813198191,0.37962611380215305,0
222,main,ISE causal estimator,0.6439887611474253,0.8418530747398969,0.19786431359247159,0.1031279000313599,0.6397223906784315,1.0439837588013623,1
222,main,Design erasure estimator,0.6439887611474253,1.2173184013190124,0.573329640171587,0.12061914128826512,0.9809048843940127,1.453731918244012,0
222,main,Post index leakage estimator,0.6439887611474253,0.16157900000939548,-0.4824097611380298,0.10127464223473451,-0.036919298770684145,0.36007729878947514,0
222,main,Oracle prospective estimator,0.6439887611474253,0.8414280460239995,0.19743928487657414,0.10306688373164927,0.6394169539099669,1.043439138138032,1
223,main,Structured EHR estimator,0.6572595495002977,1.5090491588778636,0.8517896093775659,0.1389997588134201,1.2366096316035602,1.781488686152167,0
223,main,Naive AI estimator,0.6572595495002977,0.2966652131247846,-0.36059433637551314,0.09585595671347855,0.10878753796636667,0.4845428882832026,0
223,main,ISE causal estimator,0.6572595495002977,0.8461941822465502,0.18893463274625244,0.11323939212656838,0.6242449736784762,1.0681433908146243,1
223,main,Design erasure estimator,0.6572595495002977,1.2562603935978962,0.5990008440975985,0.12866872892445014,1.004069684905974,1.5084511022898184,0
223,main,Post index leakage estimator,0.6572595495002977,0.2952155611146529,-0.36204398838564483,0.1041042891704382,0.09117115434059406,0.49925996788871174,0
223,main,Oracle prospective estimator,0.6572595495002977,0.8324893106327776,0.1752297611324799,0.11185027521759296,0.6132627712062955,1.0517158500592598,1
224,main,Structured EHR estimator,0.6355721641827932,1.3464963300143256,0.7109241658315324,0.13480490491054345,1.0822787163896603,1.6107139436389908,0
224,main,Naive AI estimator,0.6355721641827932,0.1020177738062124,-0.5335543903765808,0.09642041353589478,-0.08696623672414137,0.29100178433656615,0
224,main,ISE causal estimator,0.6355721641827932,0.6273276363550685,-0.008244527827724668,0.1034005518717568,0.42466255468642516,0.8299927180237119,1
224,main,Design erasure estimator,0.6355721641827932,0.8820565536283453,0.24648438944555218,0.11413242324459394,0.6583570040689413,1.1057561031877494,0
224,main,Post index leakage estimator,0.6355721641827932,0.12127713321661698,-0.5142950309661762,0.10295396884992596,-0.08051264572923789,0.32306691216247185,0
224,main,Oracle prospective estimator,0.6355721641827932,0.6080809789073718,-0.02749118527542138,0.10295872125831336,0.4062818852410776,0.8098800725736659,1
225,main,Structured EHR estimator,0.6354726595075223,1.4502156626659324,0.8147430031584101,0.13415037198062624,1.187280933583905,1.7131503917479598,0
225,main,Naive AI estimator,0.6354726595075223,0.31212175382758267,-0.3233509056799396,0.09827291973124595,0.1195068311543406,0.5047366765008248,0
225,main,ISE causal estimator,0.6354726595075223,0.7580683743535286,0.12259571484600629,0.10655068790888786,0.5492290260521084,0.9669077226549487,1
225,main,Design erasure estimator,0.6354726595075223,0.9912698133618528,0.35579715385433053,0.1215245575282643,0.7530816806064549,1.2294579461172508,0
225,main,Post index leakage estimator,0.6354726595075223,0.30132030346093,-0.3341523560465923,0.10231397163804767,0.10078491905035653,0.5018556878715035,0
225,main,Oracle prospective estimator,0.6354726595075223,0.7566833632687029,0.1212107037611806,0.10626428573216724,0.5484053632336551,0.9649613633037507,1
226,main,Structured EHR estimator,0.6562794509050751,1.4291793329518228,0.7728998820467476,0.14079408541991742,1.1532229255287847,1.7051357403748608,0
226,main,Naive AI estimator,0.6562794509050751,0.09534989588343992,-0.5609295550216352,0.09384334794201182,-0.08858306608290326,0.27928285784978313,0
226,main,ISE causal estimator,0.6562794509050751,0.6278858002460896,-0.02839365065898547,0.10816672780281912,0.4158790137525642,0.8398925867396151,1
226,main,Design erasure estimator,0.6562794509050751,0.9383755435354798,0.2820960926304047,0.1154047619637205,0.7121822100865877,1.164568876984372,0
226,main,Post index leakage estimator,0.6562794509050751,0.14327428263331377,-0.5130051682717613,0.10016111542457573,-0.05304150359885465,0.33959006886548215,0
226,main,Oracle prospective estimator,0.6562794509050751,0.621501708784608,-0.03477774212046714,0.10701263882903557,0.41175693667969826,0.8312464808895177,1
227,main,Structured EHR estimator,0.6527011124901644,1.3160105224204595,0.6633094099302951,0.14112128338148275,1.0394128069927533,1.5926082378481656,0
227,main,Naive AI estimator,0.6527011124901644,0.22922464889331481,-0.42347646359684954,0.09342711623223762,0.04610750107812908,0.4123417967085006,0
227,main,ISE causal estimator,0.6527011124901644,0.6468247235000314,-0.005876388990132986,0.10885613549692551,0.4334666979260574,0.8601827490740054,1
227,main,Design erasure estimator,0.6527011124901644,0.8920975946856312,0.23939648219546683,0.1283296486440451,0.6405714833433027,1.1436237060279597,1
227,main,Post index leakage estimator,0.6527011124901644,0.24007408534116045,-0.4126270271490039,0.0985047698623392,0.047004736410975606,0.4331434342713453,0
227,main,Oracle prospective estimator,0.6527011124901644,0.6291229228571216,-0.023578189633042812,0.10933906063398485,0.4148183640145112,0.8434274816997319,1
228,main,Structured EHR estimator,0.6377539148733389,1.0911263693453723,0.45337245447203345,0.14453138633602147,0.8078448521267703,1.3744078865639744,0
228,main,Naive AI estimator,0.6377539148733389,0.0009675670204796083,-0.6367863478528593,0.09076616299864884,-0.1769341124568721,0.17886924649783134,0
228,main,ISE causal estimator,0.6377539148733389,0.4492756229891379,-0.18847829188420095,0.10767151708778037,0.2382394494970884,0.6603117964811874,1
228,main,Design erasure estimator,0.6377539148733389,0.699114830356881,0.06136091548354217,0.12523317965261213,0.4536577982377613,0.9445718624760008,1
228,main,Post index leakage estimator,0.6377539148733389,0.03929044498645379,-0.5984634698868851,0.09660408641051091,-0.1500535643781476,0.22863445435105517,0
228,main,Oracle prospective estimator,0.6377539148733389,0.44308670683757284,-0.19466720803576604,0.10736642447658193,0.23264851486347227,0.6535248988116734,1
229,main,Structured EHR estimator,0.6424908844044703,1.170126178063343,0.5276352936588726,0.13396281629713008,0.907559058120968,1.4326932980057179,0
229,main,Naive AI estimator,0.6424908844044703,0.03460608422817995,-0.6078848001762904,0.0862442968464513,-0.13443273759086458,0.2036449060472245,0
229,main,ISE causal estimator,0.6424908844044703,0.5538447153836373,-0.088646169020833,0.09667920682338094,0.36435347000981066,0.743335960757464,1
229,main,Design erasure estimator,0.6424908844044703,0.9775725581415012,0.3350816737370309,0.11309271147761567,0.7559108436453745,1.199234272637628,0
229,main,Post index leakage estimator,0.6424908844044703,0.01248165077526031,-0.63000923362921,0.09060686645563794,-0.16510780747779005,0.19007110902831068,0
229,main,Oracle prospective estimator,0.6424908844044703,0.5549137126425212,-0.08757717176194912,0.09617563090914936,0.3664094760605885,0.7434179492244539,1
230,main,Structured EHR estimator,0.6395186114484563,1.4453592620982794,0.805840650649823,0.13487762315149548,1.1809991207213482,1.7097194034752106,0
230,main,Naive AI estimator,0.6395186114484563,0.19435003315232582,-0.44516857829613055,0.08457837883419557,0.028576410637302513,0.36012365566734916,0
230,main,ISE causal estimator,0.6395186114484563,0.70456317833211,0.06504456688365368,0.10425681170158906,0.5002198273969954,0.9089065292672246,1
230,main,Design erasure estimator,0.6395186114484563,1.135112588859372,0.4955939774109157,0.12378934013699168,0.8924854821908683,1.3777396955278758,0
230,main,Post index leakage estimator,0.6395186114484563,0.229136011065345,-0.41038260038311136,0.08654778898325471,0.059502344658165784,0.39876967747252423,0
230,main,Oracle prospective estimator,0.6395186114484563,0.692030226435808,0.052511614987351685,0.1035215704932119,0.4891279482691127,0.8949325046025034,1
231,main,Structured EHR estimator,0.6420192785179925,1.3496323850692602,0.7076131065512677,0.14504128329000954,1.0653514698208415,1.633913300317679,0
231,main,Naive AI estimator,0.6420192785179925,0.09836004763423378,-0.5436592308837587,0.08523688274923576,-0.0687042425542683,0.2654243378227359,0
231,main,ISE causal estimator,0.6420192785179925,0.48250349355075833,-0.15951578496723412,0.11863171836609308,0.2499853255532159,0.7150216615483007,1
231,main,Design erasure estimator,0.6420192785179925,0.9952301122956266,0.3532108337776342,0.1290196670142043,0.7423515649477862,1.2481086596434672,0
231,main,Post index leakage estimator,0.6420192785179925,0.19390815995990723,-0.4481111185580852,0.0904225903937981,0.016679882788062955,0.3711364371317515,0
231,main,Oracle prospective estimator,0.6420192785179925,0.4838394911961323,-0.15817978732186017,0.11624819460916733,0.2559930297621643,0.7116859526301003,1
232,main,Structured EHR estimator,0.6185626585298198,1.164291044875432,0.5457283863456122,0.12731029053750606,0.9147628754219201,1.4138192143289439,0
232,main,Naive AI estimator,0.6185626585298198,0.09031072992135303,-0.5282519286084668,0.0851876442364529,-0.07665705278209467,0.2572785126248007,0
232,main,ISE causal estimator,0.6185626585298198,0.6248217601511926,0.006259101621372776,0.10303777029911296,0.4228677303649312,0.826775789937454,1
232,main,Design erasure estimator,0.6185626585298198,0.9580543725543513,0.3394917140245315,0.12271821238492991,0.7175266762798886,1.198582068828814,0
232,main,Post index leakage estimator,0.6185626585298198,0.06669638259314623,-0.5518662759366736,0.08921750363566162,-0.10816992453275057,0.24156268971904302,0
232,main,Oracle prospective estimator,0.6185626585298198,0.5965782924053837,-0.021984366124436105,0.10290055293318852,0.39489320865633426,0.7982633761544332,1
233,main,Structured EHR estimator,0.655349997909112,1.524573899720237,0.869223901811125,0.1480257121101749,1.234443503984294,1.8147042954561798,0
233,main,Naive AI estimator,0.655349997909112,0.18435397474074025,-0.47099602316837175,0.09425288043472607,-0.00038167091132285114,0.36908962039280335,0
233,main,ISE causal estimator,0.655349997909112,0.6881863722657143,0.03283637435660236,0.11246355062241925,0.4677578130457726,0.9086149314856561,1
233,main,Design erasure estimator,0.655349997909112,1.1210392720214384,0.4656892741123264,0.13300892994254346,0.8603417693340532,1.3817367747088236,0
233,main,Post index leakage estimator,0.655349997909112,0.210943939101407,-0.444406058807705,0.09971647813463647,0.015499641957519517,0.40638823624529447,0
233,main,Oracle prospective estimator,0.655349997909112,0.673681080415402,0.01833108250629001,0.10976574917717631,0.45854021202813644,0.8888219488026675,1
234,main,Structured EHR estimator,0.6501768032620674,1.4316454862633126,0.7814686830012452,0.1377671128738122,1.1616219450306406,1.7016690274959845,0
234,main,Naive AI estimator,0.6501768032620674,0.2102107258130138,-0.4399660774490536,0.09057024087091245,0.032693053706025405,0.38772839792000224,0
234,main,ISE causal estimator,0.6501768032620674,0.6077969339656325,-0.04237986929643489,0.11772778106832985,0.377050483071706,0.8385433848595589,1
234,main,Design erasure estimator,0.6501768032620674,1.0037528513885552,0.3535760481264878,0.13006429533454184,0.7488268325328532,1.2586788702442573,0
234,main,Post index leakage estimator,0.6501768032620674,0.32754805196653636,-0.32262875129553104,0.10272413571357521,0.12620874596792894,0.5288873579651437,0
234,main,Oracle prospective estimator,0.6501768032620674,0.6007454384163791,-0.04943136484568833,0.11684806102927763,0.37172323879899494,0.8297676380337632,1
235,main,Structured EHR estimator,0.6303482158317714,1.4712575580173508,0.8409093421855794,0.14206062897154106,1.1928187252331304,1.7496963908015712,0
235,main,Naive AI estimator,0.6303482158317714,0.13029770197921306,-0.5000505138525583,0.09005221216336944,-0.04620463386099102,0.3068000378194171,0
235,main,ISE causal estimator,0.6303482158317714,0.6467139223850585,0.016365706553287174,0.10676599680686072,0.43745256864361154,0.8559752761265056,1
235,main,Design erasure estimator,0.6303482158317714,1.0455835583932636,0.4152353425614922,0.12635239615891283,0.7979328619217945,1.2932342548647326,0
235,main,Post index leakage estimator,0.6303482158317714,0.1440724138839678,-0.48627580194780357,0.09711661403798463,-0.04627614963048207,0.3344209773984177,0
235,main,Oracle prospective estimator,0.6303482158317714,0.631151807383285,0.0008035915515136605,0.10733290581840034,0.42077931197922036,0.8415243027873497,1
236,main,Structured EHR estimator,0.6502343987080278,1.4082737796958222,0.7580393809877944,0.1420771896153845,1.1298024880496687,1.6867450713419758,0
236,main,Naive AI estimator,0.6502343987080278,0.10485806485543758,-0.5453763338525902,0.08884425989535832,-0.06927668453946473,0.2789928142503399,0
236,main,ISE causal estimator,0.6502343987080278,0.6701270679675683,0.019892669259540474,0.1117634820410756,0.45107064316706014,0.8891834927680764,1
236,main,Design erasure estimator,0.6502343987080278,1.0243658126282948,0.37413141392026705,0.12172361501206995,0.7857875272046377,1.262944098051952,0
236,main,Post index leakage estimator,0.6502343987080278,0.09426242970939963,-0.5559719689986282,0.0923452010197145,-0.08673416428924077,0.27525902370804,0
236,main,Oracle prospective estimator,0.6502343987080278,0.6419344667314691,-0.00829993197655865,0.11076511274919915,0.4248348457430388,0.8590340877198994,1
237,main,Structured EHR estimator,0.6433385579148646,1.2170698765875783,0.5737313186727137,0.15534290088607666,0.912597790850868,1.5215419623242885,0
237,main,Naive AI estimator,0.6433385579148646,-0.06961424985640274,-0.7129528077712673,0.10791795842833443,-0.28113344837593823,0.14190494866313275,0
237,main,ISE causal estimator,0.6433385579148646,0.43299969827639995,-0.21033885963846466,0.12839264469198133,0.18135011468011653,0.6846492818726834,1
237,main,Design erasure estimator,0.6433385579148646,0.9397519692984672,0.29641341138360255,0.14096461856658493,0.6634613169079606,1.2160426216889737,0
237,main,Post index leakage estimator,0.6433385579148646,-0.04710012411455067,-0.6904386820294153,0.11160734554728836,-0.26585052138723586,0.17165027315813453,0
237,main,Oracle prospective estimator,0.6433385579148646,0.4187514395006438,-0.2245871184142208,0.12920874123896386,0.1655023066722746,0.672000572329013,1
238,main,Structured EHR estimator,0.6417558159667603,1.5496748689101214,0.9079190529433611,0.1470060349707129,1.261543040367524,1.8378066974527187,0
238,main,Naive AI estimator,0.6417558159667603,0.06350412977546344,-0.578251686191297,0.10152814085914402,-0.13549102630845886,0.26249928585938576,0
238,main,ISE causal estimator,0.6417558159667603,0.7500032378084368,0.10824742184167646,0.1198026012350869,0.5151901393876664,0.9848163362292072,1
238,main,Design erasure estimator,0.6417558159667603,1.1823634333121897,0.5406076173454294,0.14381412069825464,0.9004877567436107,1.4642391098807688,0
238,main,Post index leakage estimator,0.6417558159667603,0.06526262803851617,-0.5764931879282442,0.10658900815083834,-0.143651827937127,0.2741770840141593,0
238,main,Oracle prospective estimator,0.6417558159667603,0.7525776799501244,0.11082186398336402,0.12130641204021357,0.5148171123513058,0.990338247548943,1
239,main,Structured EHR estimator,0.6335808191719909,1.3001445793149473,0.6665637601429564,0.14628681965901583,1.0134224127832763,1.5868667458466184,0
239,main,Naive AI estimator,0.6335808191719909,0.04365268919281588,-0.5899281299791751,0.09700706610463916,-0.14648116037227688,0.2337865387579086,0
239,main,ISE causal estimator,0.6335808191719909,0.6283924106062141,-0.0051884085657768475,0.11631574256222124,0.4004135551842605,0.8563712660281677,1
239,main,Design erasure estimator,0.6335808191719909,0.8540313373483965,0.2204505181764056,0.13414630542793352,0.5911045787096468,1.1169580959871461,1
239,main,Post index leakage estimator,0.6335808191719909,0.03927371302050791,-0.5943071061514831,0.0992891262328484,-0.15533297439587493,0.23388040043689076,0
239,main,Oracle prospective estimator,0.6335808191719909,0.6024588075540888,-0.03112201161790218,0.11531872497086741,0.37643410661118865,0.8284835084969888,1
240,main,Structured EHR estimator,0.6671200357899161,1.4058319615815538,0.7387119257916377,0.1388120650721328,1.1337603140401735,1.677903609122934,0
240,main,Naive AI estimator,0.6671200357899161,0.16920011044307895,-0.49791992534683716,0.09272129619598864,-0.012533630101058763,0.35093385098721663,0
240,main,ISE causal estimator,0.6671200357899161,0.689221913395119,0.02210187760520288,0.10192926746587437,0.4894405491620052,0.8890032776282327,1
240,main,Design erasure estimator,0.6671200357899161,1.0756117294578125,0.4084916936678964,0.1222397796570762,0.8360217613299431,1.3152016975856817,0
240,main,Post index leakage estimator,0.6671200357899161,0.17913880994917006,-0.487981225840746,0.1007828167581841,-0.018395510896870776,0.3766731307952109,0
240,main,Oracle prospective estimator,0.6671200357899161,0.6797632069180413,0.012643171128125186,0.10293956754316397,0.4780016545334399,0.8815247593026426,1
241,main,Structured EHR estimator,0.6384677694574379,1.339175576621542,0.7007078071641042,0.13791573745283453,1.0688607312139864,1.6094904220290978,0
241,main,Naive AI estimator,0.6384677694574379,0.05899568853349096,-0.579472080923947,0.09600761158948098,-0.12917923018189176,0.24717060724887369,0
241,main,ISE causal estimator,0.6384677694574379,0.6217262319575957,-0.016741537499842196,0.10826032425645957,0.40953599641493493,0.8339164675002564,1
241,main,Design erasure estimator,0.6384677694574379,0.8678033295752914,0.2293355601178535,0.1201414477834622,0.6323260919197055,1.1032805672308772,1
241,main,Post index leakage estimator,0.6384677694574379,0.13832031401158343,-0.5001474554458545,0.10467320339037459,-0.06683916463355075,0.3434797926567176,0
241,main,Oracle prospective estimator,0.6384677694574379,0.5831672952452687,-0.055300474212169215,0.10964490477243599,0.3682632818912941,0.7980713085992432,1
242,main,Structured EHR estimator,0.6450788257762131,1.380004851209214,0.7349260254330009,0.13199366119965994,1.1212972752578805,1.6387124271605475,0
242,main,Naive AI estimator,0.6450788257762131,0.19647651531703916,-0.448602310459174,0.09720842503216066,0.00594800225400427,0.38700502838007406,0
242,main,ISE causal estimator,0.6450788257762131,0.7339817291376353,0.08890290336142215,0.10983206535330844,0.5187108810451507,0.9492525772301198,1
242,main,Design erasure estimator,0.6450788257762131,1.0031205357304278,0.3580417099542147,0.12127469341272826,0.7654221366414804,1.2408189348193752,0
242,main,Post index leakage estimator,0.6450788257762131,0.17780239123206193,-0.4672764345441512,0.10051143900705087,-0.01920002922175776,0.37480481168588164,0
242,main,Oracle prospective estimator,0.6450788257762131,0.7189897447915519,0.07391091901533875,0.10880185648165715,0.5057381060875039,0.9322413834955998,1
243,main,Structured EHR estimator,0.6392381913043748,1.1646326166662764,0.5253944253619016,0.14453750266301396,0.881339111446769,1.4479261218857837,0
243,main,Naive AI estimator,0.6392381913043748,0.13013234344452398,-0.5091058478598508,0.09619811280427398,-0.05841595765185301,0.31868064454090095,0
243,main,ISE causal estimator,0.6392381913043748,0.6224761361362419,-0.016762055168132894,0.11015826410987188,0.40656593848089295,0.8383863337915908,1
243,main,Design erasure estimator,0.6392381913043748,0.8816884186196682,0.24245022731529342,0.12211046952550302,0.6423518983496823,1.121024938889654,0
243,main,Post index leakage estimator,0.6392381913043748,0.11962502479470365,-0.5196131665096712,0.09964114976229878,-0.07567162873940196,0.31492167832880924,0
243,main,Oracle prospective estimator,0.6392381913043748,0.6054458783705621,-0.033792312933812685,0.10917614870823765,0.3914606269024163,0.8194311298387078,1
244,main,Structured EHR estimator,0.6269834704373891,1.3813105625812478,0.7543270921438587,0.14390258899370498,1.099261488153586,1.6633596370089097,0
244,main,Naive AI estimator,0.6269834704373891,-0.05122336008444753,-0.6782068305218366,0.09073284793016988,-0.22905974202758048,0.12661302185868542,0
244,main,ISE causal estimator,0.6269834704373891,0.6085481076195122,-0.018435362817876944,0.112610409597765,0.38783170480789275,0.8292645104311316,1
244,main,Design erasure estimator,0.6269834704373891,0.8955213683377026,0.26853789790031346,0.13214432064080625,0.6365184998817224,1.1545242367936828,0
244,main,Post index leakage estimator,0.6269834704373891,-0.05619118737008138,-0.6831746578074704,0.09706773543107325,-0.24644394881498494,0.13406157407482217,0
244,main,Oracle prospective estimator,0.6269834704373891,0.5996985110697753,-0.02728495936761377,0.11066058966586216,0.3828037553246855,0.8165932668148652,1
245,main,Structured EHR estimator,0.6385807081068791,1.1708265016087192,0.5322457935018401,0.14618547124885775,0.8843029779609579,1.4573500252564804,0
245,main,Naive AI estimator,0.6385807081068791,0.06465141360071765,-0.5739292945061614,0.0948561208979932,-0.12126658335934902,0.2505694105607843,0
245,main,ISE causal estimator,0.6385807081068791,0.5010859730876106,-0.13749473501926845,0.11183626571217617,0.28188689229174535,0.7202850538834759,1
245,main,Design erasure estimator,0.6385807081068791,0.8566285353141804,0.21804782720730131,0.12525137987940888,0.611135830750539,1.1021212398778217,1
245,main,Post index leakage estimator,0.6385807081068791,0.08482641191208613,-0.5537542961947929,0.10848575157790187,-0.12780566118060155,0.2974584850047738,0
245,main,Oracle prospective estimator,0.6385807081068791,0.48370467601570355,-0.1548760320911755,0.11122032079844327,0.2657128472507547,0.7016965047806524,1
246,main,Structured EHR estimator,0.6492816130291668,1.2999198584850984,0.6506382454559316,0.13160561966419437,1.0419728439432774,1.5578668730269194,0
246,main,Naive AI estimator,0.6492816130291668,0.04455011744575538,-0.6047314955834113,0.0861530188244998,-0.12430979945026421,0.21341003434177497,0
246,main,ISE causal estimator,0.6492816130291668,0.5187171014217943,-0.13056451160737248,0.10694281167138978,0.3091091905458703,0.7283250122977183,1
246,main,Design erasure estimator,0.6492816130291668,0.8831247783876175,0.23384316535845073,0.12116442937233976,0.6456424968178316,1.1206070599574034,1
246,main,Post index leakage estimator,0.6492816130291668,0.08970021731387817,-0.5595813957152886,0.09273142547647566,-0.09205337662001412,0.27145381124777046,0
246,main,Oracle prospective estimator,0.6492816130291668,0.5190113624379726,-0.13027025059119413,0.1079909334755366,0.3073491328259209,0.7306735920500244,1
247,main,Structured EHR estimator,0.634589498782547,1.6419903591899632,1.007400860407416,0.148879463456198,1.3501866108158151,1.9337941075641112,0
247,main,Naive AI estimator,0.634589498782547,0.0892748037492886,-0.5453146950332584,0.09612424838962029,-0.09912872309436717,0.2776783305929444,0
247,main,ISE causal estimator,0.634589498782547,0.7191200151341441,0.08453051635159714,0.1147928095414356,0.49412610843293037,0.9441139218353579,1
247,main,Design erasure estimator,0.634589498782547,1.0671985737674103,0.43260907498486334,0.1342889970189959,0.8039921396101783,1.3304050079246423,0
247,main,Post index leakage estimator,0.634589498782547,0.13611484976513227,-0.49847464901741473,0.10339976737793283,-0.06654869429561608,0.3387783938258806,0
247,main,Oracle prospective estimator,0.634589498782547,0.7253035457623608,0.09071404697981378,0.11435571174194435,0.5011663507481499,0.9494407407765717,1
248,main,Structured EHR estimator,0.6291386154406474,1.3531556861677951,0.7240170707271477,0.14772434408605717,1.0636159717591231,1.6426954005764671,0
248,main,Naive AI estimator,0.6291386154406474,0.07823799452275967,-0.5509006209178877,0.09985596457680385,-0.11747969604777586,0.2739556850932952,0
248,main,ISE causal estimator,0.6291386154406474,0.5525854575421205,-0.0765531578985269,0.11952265772381523,0.31832104840344266,0.7868498666807984,1
248,main,Design erasure estimator,0.6291386154406474,0.9590073068938917,0.32986869145324427,0.12752375947078148,0.70906073833116,1.2089538754566234,0
248,main,Post index leakage estimator,0.6291386154406474,0.15700354577801162,-0.4721350696626358,0.10515320887667429,-0.04909674362026997,0.3631038351762932,0
248,main,Oracle prospective estimator,0.6291386154406474,0.5428644757994735,-0.08627413964117392,0.11900393593651067,0.3096167613639126,0.7761121902350344,1
249,main,Structured EHR estimator,0.6473424429520116,1.4390018990009588,0.7916594560489472,0.1523893380887955,1.1403187963469197,1.7376850016549978,0
249,main,Naive AI estimator,0.6473424429520116,0.19630208762655524,-0.4510403553254564,0.09893908913070941,0.0023814729303648086,0.3902227023227457,0
249,main,ISE causal estimator,0.6473424429520116,0.7827895804513645,0.1354471374993529,0.11466151180905713,0.5580530173056125,1.0075261435971163,1
249,main,Design erasure estimator,0.6473424429520116,1.086035117476678,0.4386926745246664,0.13019965823659352,0.8308437873329547,1.3412264476204014,0
249,main,Post index leakage estimator,0.6473424429520116,0.15116062562042565,-0.49618181733158595,0.1011499741230475,-0.04709332366074745,0.3494145749015988,0
249,main,Oracle prospective estimator,0.6473424429520116,0.7600831304174236,0.11274068746541199,0.11244304786025326,0.5396947566113273,0.9804715042235199,1
250,main,Structured EHR estimator,0.6431307862534829,1.400395310849323,0.7572645245958401,0.14607009236154533,1.114097929820694,1.686692691877952,0
250,main,Naive AI estimator,0.6431307862534829,0.0370448538183976,-0.6060859324350852,0.09123899639976141,-0.14178357912513473,0.21587328676192996,0
250,main,ISE causal estimator,0.6431307862534829,0.6406716335520491,-0.002459152701433709,0.1094154422531362,0.4262173667359022,0.8551259003681961,1
250,main,Design erasure estimator,0.6431307862534829,1.058909972904878,0.41577918665139524,0.13056032025208922,0.8030117452107832,1.314808200598973,0
250,main,Post index leakage estimator,0.6431307862534829,0.050100493033913555,-0.5930302932195693,0.09646615743964981,-0.13897317554780006,0.23917416161562718,0
250,main,Oracle prospective estimator,0.6431307862534829,0.6407072548074012,-0.0024235314460816504,0.10840957796500063,0.42822448199599994,0.8531900276188025,1
251,main,Structured EHR estimator,0.6634223807858036,1.3551597340072523,0.6917373532214487,0.13791479390743452,1.0848467379486806,1.625472730065824,0
251,main,Naive AI estimator,0.6634223807858036,0.20236857712409884,-0.4610538036617048,0.09278312822157438,0.020513645809813075,0.3842235084383846,0
251,main,ISE causal estimator,0.6634223807858036,0.710342593544067,0.04692021275826341,0.10808032654842706,0.49850515350915003,0.922180033578984,1
251,main,Design erasure estimator,0.6634223807858036,1.0802763162661801,0.4168539354803765,0.1162669903312089,0.8523930152170107,1.3081596173153496,0
251,main,Post index leakage estimator,0.6634223807858036,0.2415790377811643,-0.4218433430046393,0.09343608208080165,0.05844431690279306,0.42471375865953553,0
251,main,Oracle prospective estimator,0.6634223807858036,0.7134717448614847,0.05004936407568106,0.1092597465796205,0.4993226415654285,0.9276208481575409,1
252,main,Structured EHR estimator,0.6617766550658031,1.3177436992747396,0.6559670442089365,0.14712966400346078,1.0293695578279565,1.6061178407215226,0
252,main,Naive AI estimator,0.6617766550658031,0.2183816199330809,-0.44339503513272216,0.10488394735732766,0.012809083112718694,0.42395415675344306,0
252,main,ISE causal estimator,0.6617766550658031,0.7080769806225183,0.04630032555671526,0.11988718674309866,0.47309809460604496,0.9430558666389917,1
252,main,Design erasure estimator,0.6617766550658031,1.0774082885560863,0.4156316334902832,0.12973594497069055,0.8231258364135328,1.3316907406986398,0
252,main,Post index leakage estimator,0.6617766550658031,0.21527060344149168,-0.4465060516243114,0.11024098742910593,-0.0008017319195559314,0.43134293880253927,0
252,main,Oracle prospective estimator,0.6617766550658031,0.6990262341189802,0.03724957905317716,0.12008132066400004,0.4636668456175401,0.9343856226204204,1
253,main,Structured EHR estimator,0.6334551458324013,1.3032869120595123,0.669831766227111,0.139169855884915,1.030513994525079,1.5760598295939456,0
253,main,Naive AI estimator,0.6334551458324013,0.03221028564867929,-0.6012448601837219,0.09559910265750042,-0.15516395556002155,0.2195845268573801,0
253,main,ISE causal estimator,0.6334551458324013,0.5662601306206406,-0.06719501521176063,0.11242986769471025,0.34589758993900854,0.7866226713022727,1
253,main,Design erasure estimator,0.6334551458324013,0.9220892297681407,0.2886340839357394,0.11860344227457047,0.6896264829099825,1.1545519766262988,0
253,main,Post index leakage estimator,0.6334551458324013,0.07711078889402129,-0.5563443569383799,0.10049255784270021,-0.11985462447767112,0.2740762022657137,0
253,main,Oracle prospective estimator,0.6334551458324013,0.5511477323300248,-0.08230741350237647,0.10977566208537223,0.3359874346426952,0.7663080300173544,1
254,main,Structured EHR estimator,0.6660702058737846,1.4009758439418791,0.7349056380680945,0.143453469130399,1.119807044446297,1.6821446434374612,0
254,main,Naive AI estimator,0.6660702058737846,0.2815368319715079,-0.3845333739022767,0.10012463185782139,0.085292553530178,0.47778111041283783,0
254,main,ISE causal estimator,0.6660702058737846,0.7843018845400602,0.1182316786662756,0.12378063146689881,0.5416918468649385,1.026911922215182,1
254,main,Design erasure estimator,0.6660702058737846,1.1593531176081737,0.4932829117343891,0.14031264011186045,0.8843403429889272,1.4343658922274203,0
254,main,Post index leakage estimator,0.6660702058737846,0.28005142085337054,-0.3860187850204141,0.10396422469960645,0.07628154044214189,0.4838213012645992,0
254,main,Oracle prospective estimator,0.6660702058737846,0.7699530656951449,0.10388285982136025,0.12308061368042451,0.5287150628815128,1.0111910685087768,1
255,main,Structured EHR estimator,0.6651702238301663,1.3985603339583743,0.733390110128208,0.14800673014508278,1.108467142874012,1.6886535250427366,0
255,main,Naive AI estimator,0.6651702238301663,0.12567333869117633,-0.53949688513899,0.1104938002222354,-0.09089450974440505,0.3422411871267577,0
255,main,ISE causal estimator,0.6651702238301663,0.6190574584852366,-0.046112765344929696,0.12795933839085696,0.368257155239157,0.8698577617313163,1
255,main,Design erasure estimator,0.6651702238301663,1.1183384906842244,0.4531682668540581,0.1284893541122104,0.866499356624292,1.3701776247441568,0
255,main,Post index leakage estimator,0.6651702238301663,0.17870392656230816,-0.48646629726785817,0.11085175547448363,-0.038565514167679754,0.39597336729229604,0
255,main,Oracle prospective estimator,0.6651702238301663,0.6047202641707953,-0.060449959659371055,0.1271262021628054,0.3555529079316967,0.8538876204098939,1
256,main,Structured EHR estimator,0.6454771581294023,1.461862960879603,0.8163858027502007,0.12600909437031388,1.2148851359137878,1.7088407858454182,0
256,main,Naive AI estimator,0.6454771581294023,0.2503184970934572,-0.3951586610359451,0.08488377002584765,0.0839463078427958,0.41669068634411865,0
256,main,ISE causal estimator,0.6454771581294023,0.7108578699299004,0.06538071180049809,0.09663070891300875,0.5214616804604033,0.9002540593993975,1
256,main,Design erasure estimator,0.6454771581294023,1.1565274813886868,0.5110503232592845,0.1057877549415869,0.9491834817031765,1.363871481074197,0
256,main,Post index leakage estimator,0.6454771581294023,0.30915464610460913,-0.3363225120247932,0.09129894213177243,0.13020871952633517,0.4881005726828831,0
256,main,Oracle prospective estimator,0.6454771581294023,0.695949580528612,0.05047242239920968,0.0958795392914123,0.5080256835174439,0.8838734775397801,1
257,main,Structured EHR estimator,0.6395457359481025,1.5954316277193326,0.9558858917712301,0.13303398705730382,1.3346850130870171,1.856178242351648,0
257,main,Naive AI estimator,0.6395457359481025,0.12043455199675526,-0.5191111839513473,0.09576837535334887,-0.06727146369580853,0.3081405676893191,0
257,main,ISE causal estimator,0.6395457359481025,0.6775546111946353,0.03800887524653285,0.1186447897438217,0.4450108232967448,0.9100983990925259,1
257,main,Design erasure estimator,0.6395457359481025,1.1448220252483914,0.5052762893002889,0.12813431301295192,0.8936787717430057,1.395965278753777,0
257,main,Post index leakage estimator,0.6395457359481025,0.20831839946224237,-0.4312273364858601,0.10611375657077093,0.00033543658353135664,0.4163013623409534,0
257,main,Oracle prospective estimator,0.6395457359481025,0.6863417459559091,0.04679601000780664,0.11910504116543125,0.4528958652716639,0.9197876266401543,1
258,main,Structured EHR estimator,0.6275068844670277,1.6220043098319405,0.9944974253649128,0.14341772032931466,1.3409055779864838,1.9031030416773973,0
258,main,Naive AI estimator,0.6275068844670277,0.22042650015591214,-0.4070803843111156,0.09585320185788788,0.03255422451445189,0.4082987757973724,0
258,main,ISE causal estimator,0.6275068844670277,0.7196199345367276,0.09211305006969983,0.10678297961379682,0.5103252944936858,0.9289145745797693,1
258,main,Design erasure estimator,0.6275068844670277,1.177740950211377,0.5502340657443492,0.13171563146176785,0.919578312546312,1.435903587876442,0
258,main,Post index leakage estimator,0.6275068844670277,0.27085791425227757,-0.35664897021475017,0.10511976433018816,0.06482317616510877,0.47689265233944633,0
258,main,Oracle prospective estimator,0.6275068844670277,0.7121115807944804,0.08460469632745271,0.10727781777578246,0.5018470579539468,0.9223761036350141,1
259,main,Structured EHR estimator,0.6342517354590983,1.582343545942251,0.9480918104831527,0.14315530427210876,1.3017591495689178,1.8629279423155842,0
259,main,Naive AI estimator,0.6342517354590983,0.13536581322119529,-0.498885922237903,0.10285364760992427,-0.06622733609425627,0.3369589625366468,0
259,main,ISE causal estimator,0.6342517354590983,0.6377584785177443,0.003506743058645956,0.1126599113948623,0.41694505218381417,0.8585719048516743,1
259,main,Design erasure estimator,0.6342517354590983,1.0476849518497984,0.4134332163907001,0.12215727891631516,0.8082566851738207,1.287113218525776,0
259,main,Post index leakage estimator,0.6342517354590983,0.14292940106043556,-0.49132233439866274,0.10350751930649323,-0.05994533678029115,0.34580413890116224,0
259,main,Oracle prospective estimator,0.6342517354590983,0.611669624633997,-0.02258211082510131,0.11242882015495911,0.39130913713027715,0.8320301121377168,1
260,main,Structured EHR estimator,0.647828478916162,1.3515282017420667,0.7036997228259046,0.13750766316317994,1.082013181942234,1.6210432215418993,0
260,main,Naive AI estimator,0.647828478916162,0.26254741285818173,-0.3852810660579803,0.08740162877101645,0.09124022046698949,0.43385460524937397,0
260,main,ISE causal estimator,0.647828478916162,0.6717308777400486,0.02390239882388656,0.10448462201243777,0.46694101859567055,0.8765207368844266,1
260,main,Design erasure estimator,0.647828478916162,1.0832837206864343,0.4354552417702723,0.1101455834765453,0.8673983770724055,1.2991690643004632,0
260,main,Post index leakage estimator,0.647828478916162,0.26255155462931534,-0.3852769242868467,0.09649694229346022,0.07341754773413331,0.45168556152449735,0
260,main,Oracle prospective estimator,0.647828478916162,0.6765720932607452,0.028743614344583168,0.1030395277634449,0.47461461884439315,0.8785295676770972,1
261,main,Structured EHR estimator,0.647251922401683,1.1407651366303488,0.4935132142286658,0.14338661310862452,0.8597273749374448,1.421802898323253,0
261,main,Naive AI estimator,0.647251922401683,0.09577461927955001,-0.5514773031221331,0.0834319617674883,-0.06775202578472704,0.25930126434382705,0
261,main,ISE causal estimator,0.647251922401683,0.4737804410066823,-0.17347148139500074,0.10716969447286522,0.2637278398398665,0.6838330421734982,1
261,main,Design erasure estimator,0.647251922401683,0.8518382855723711,0.204586363170688,0.1248120333663787,0.6072067001742688,1.0964698709704732,1
261,main,Post index leakage estimator,0.647251922401683,0.14406594776659815,-0.5031859746350849,0.08716572515944214,-0.026778873545908438,0.31491076907910476,0
261,main,Oracle prospective estimator,0.647251922401683,0.48137175644725516,-0.1658801659544279,0.10623091916643282,0.2731591548810468,0.6895843580134635,1
262,main,Structured EHR estimator,0.6299530016978635,0.9470334963077327,0.3170804946098692,0.14625347779908152,0.6603766798215329,1.2336903127939325,0
262,main,Naive AI estimator,0.6299530016978635,-0.09103640923656327,-0.7209894109344268,0.08561136283678414,-0.2588346803966602,0.07676186192353364,0
262,main,ISE causal estimator,0.6299530016978635,0.38129042302800775,-0.24866257866985575,0.10947703177896255,0.16671544074124117,0.5958654053147743,0
262,main,Design erasure estimator,0.6299530016978635,0.8077714098743662,0.17781840817650274,0.13073816282261544,0.55152461074204,1.0640182090066925,1
262,main,Post index leakage estimator,0.6299530016978635,-0.09079730349367073,-0.7207503051915343,0.08929790806948551,-0.2658212033098623,0.08422659632252087,0
262,main,Oracle prospective estimator,0.6299530016978635,0.3754002178619128,-0.2545527838359507,0.1086529864210286,0.16244036447669677,0.5883600712471289,0
263,main,Structured EHR estimator,0.6667552140276011,1.184846495851332,0.518091281823731,0.13870199306875686,0.9129905894365686,1.4567024022660955,0
263,main,Naive AI estimator,0.6667552140276011,0.11956345689925109,-0.54719175712835,0.08622055019648991,-0.04942882148586915,0.28855573528437134,0
263,main,ISE causal estimator,0.6667552140276011,0.5882817615681766,-0.0784734524594245,0.1169862263854276,0.3589887578527385,0.8175747652836147,1
263,main,Design erasure estimator,0.6667552140276011,0.9368518116125434,0.2700965975849423,0.13228221501946713,0.6775786701743878,1.196124953050699,0
263,main,Post index leakage estimator,0.6667552140276011,0.16250360890033833,-0.5042516051272627,0.08862940156892656,-0.011210018174757724,0.3362172359754344,0
263,main,Oracle prospective estimator,0.6667552140276011,0.5770341975146597,-0.0897210165129414,0.11576142236702909,0.35014180967528263,0.8039265853540367,1
264,main,Structured EHR estimator,0.6292467288087575,1.4475276945843472,0.8182809657755896,0.13924253992088503,1.1746123163394124,1.7204430728292819,0
264,main,Naive AI estimator,0.6292467288087575,0.12749436133717554,-0.501752367471582,0.09522155075699462,-0.05913987814653393,0.314128600820885,0
264,main,ISE causal estimator,0.6292467288087575,0.6593379623560521,0.030091233547294594,0.10816480445596463,0.4473349456223614,0.8713409790897428,1
264,main,Design erasure estimator,0.6292467288087575,1.1115568159251714,0.4823100871164139,0.12243965783249935,0.8715750865734727,1.3515385452768702,0
264,main,Post index leakage estimator,0.6292467288087575,0.14768723097879422,-0.4815594978299633,0.10129245394650364,-0.05084597875635291,0.3462204407139413,0
264,main,Oracle prospective estimator,0.6292467288087575,0.6585031639900465,0.029256435181288953,0.10758126902761969,0.4476438766959119,0.8693624512841811,1
265,main,Structured EHR estimator,0.6430943284919169,1.4376419854508093,0.7945476569588924,0.12750544972205347,1.1877313039955846,1.6875526669060341,0
265,main,Naive AI estimator,0.6430943284919169,0.19353692097623848,-0.44955740751567846,0.09223599150210725,0.012754377632108266,0.37431946432036867,0
265,main,ISE causal estimator,0.6430943284919169,0.8127556051156708,0.16966127662375385,0.10801398949814325,0.60104818569931,1.0244630245320316,1
265,main,Design erasure estimator,0.6430943284919169,1.217192661182648,0.5740983326907311,0.12948292287232932,0.9634061323528825,1.4709791900124136,0
265,main,Post index leakage estimator,0.6430943284919169,0.20966793204026435,-0.4334263964516526,0.09327579555635314,0.026847372749812193,0.3924884913307165,0
265,main,Oracle prospective estimator,0.6430943284919169,0.779348912482462,0.13625458399054502,0.10801177767111746,0.5676458282470718,0.9910519967178522,1
266,main,Structured EHR estimator,0.6546479911124072,1.54517648538378,0.8905284942713727,0.1421240450550631,1.2666133570758562,1.8237396136917037,0
266,main,Naive AI estimator,0.6546479911124072,0.3190335383127332,-0.33561445279967406,0.10087287494672958,0.12132270341714319,0.5167443732083232,0
266,main,ISE causal estimator,0.6546479911124072,0.7314677706643635,0.07681977955195629,0.10229827625624335,0.5309631492021265,0.9319723921266005,1
266,main,Design erasure estimator,0.6546479911124072,1.252102482698536,0.5974544915861288,0.1260352631139687,1.0050733669951575,1.4991315984019147,0
266,main,Post index leakage estimator,0.6546479911124072,0.3551107857703949,-0.29953720534201234,0.10920075761399564,0.14107730084696343,0.5691442706938263,0
266,main,Oracle prospective estimator,0.6546479911124072,0.725370772384856,0.0707227812724488,0.10176077941541906,0.5259196447306347,0.9248219000390774,1
267,main,Structured EHR estimator,0.6530214301387751,1.3562532677718555,0.7032318376330804,0.1400879138579543,1.0816809566102652,1.6308255789334458,0
267,main,Naive AI estimator,0.6530214301387751,0.1766437753500181,-0.47637765478875704,0.09830713784428088,-0.01603821482477244,0.36932576552480867,0
267,main,ISE causal estimator,0.6530214301387751,0.7273657254446095,0.07434429530583442,0.11740856608688303,0.4972449359143188,0.9574865149749003,1
267,main,Design erasure estimator,0.6530214301387751,1.1427896977844194,0.4897682676456443,0.1306218491041633,0.8867708735402593,1.3988085220285795,0
267,main,Post index leakage estimator,0.6530214301387751,0.1837282968043718,-0.4692931333344033,0.10062536753804656,-0.013497423570199452,0.38095401717894306,0
267,main,Oracle prospective estimator,0.6530214301387751,0.7230847896860919,0.0700633595473168,0.11804296692082086,0.49172057452128304,0.9544490048509008,1
268,main,Structured EHR estimator,0.6326395282783578,1.1249329067494236,0.4922933784710658,0.14553682980255583,0.8396807203364142,1.4101850931624331,0
268,main,Naive AI estimator,0.6326395282783578,0.053706530305832854,-0.578932997972525,0.10116833220560328,-0.14458340081714957,0.25199646142881527,0
268,main,ISE causal estimator,0.6326395282783578,0.42144983113121604,-0.21118969714714175,0.11232286258159589,0.20129702047128809,0.641602641791144,1
268,main,Design erasure estimator,0.6326395282783578,0.7356317814467429,0.10299225316838512,0.13506556899639038,0.4709032662138178,1.000360296679668,1
268,main,Post index leakage estimator,0.6326395282783578,0.1196900751692543,-0.5129494531091034,0.10640389828805315,-0.08886156547532988,0.3282417158138385,0
268,main,Oracle prospective estimator,0.6326395282783578,0.39382609054458156,-0.23881343773377622,0.1113086528113645,0.17566113103430717,0.611991050054856,0
269,main,Structured EHR estimator,0.6519384180625847,1.284104857951514,0.6321664398889293,0.14422746055151625,1.001419035270542,1.5667906806324858,0
269,main,Naive AI estimator,0.6519384180625847,0.16339167185913225,-0.4885467462034524,0.09428619536785555,-0.021409271061864632,0.34819261478012914,0
269,main,ISE causal estimator,0.6519384180625847,0.6652229449361602,0.013284526873575508,0.10722234226748903,0.4550671540918817,0.8753787357804387,1
269,main,Design erasure estimator,0.6519384180625847,0.9591913742385297,0.30725295617594506,0.1277506507341286,0.7088000987996377,1.2095826496774218,0
269,main,Post index leakage estimator,0.6519384180625847,0.13806484335902014,-0.5138735747035645,0.09905462914208953,-0.05608222975947533,0.3322119164775156,0
269,main,Oracle prospective estimator,0.6519384180625847,0.6240491997227887,-0.027889218339795963,0.10633268830303441,0.4156371306488413,0.8324612687967361,1
270,main,Structured EHR estimator,0.6217146718074356,1.188549352536363,0.5668346807289275,0.13502651713540959,0.9238973789509604,1.4532013261217658,0
270,main,Naive AI estimator,0.6217146718074356,0.10819761863382822,-0.5135170531736073,0.09970699815266248,-0.08722809774539024,0.30362333501304667,0
270,main,ISE causal estimator,0.6217146718074356,0.6511560527334361,0.02944138092600057,0.10364458282768746,0.4480126703911687,0.8542994350757036,1
270,main,Design erasure estimator,0.6217146718074356,0.9176975292212335,0.29598285741379793,0.12175923189433258,0.6790494347083417,1.1563456237341254,0
270,main,Post index leakage estimator,0.6217146718074356,0.0830058351747858,-0.5387088366326498,0.10374671405593576,-0.1203377243748483,0.2863493947244199,0
270,main,Oracle prospective estimator,0.6217146718074356,0.650747560954155,0.02903288914671942,0.10206313093455947,0.4507038243224184,0.8507912975858916,1
271,main,Structured EHR estimator,0.6331874344367953,1.3927786051944493,0.759591170757654,0.13414463450936764,1.1298551215560888,1.6557020888328098,0
271,main,Naive AI estimator,0.6331874344367953,0.14436506348255207,-0.4888223709542432,0.09122214028199513,-0.03443033147015839,0.32316045843526253,0
271,main,ISE causal estimator,0.6331874344367953,0.6147605372306757,-0.018426897206119563,0.10555417816182809,0.40787434803349265,0.8216467264278587,1
271,main,Design erasure estimator,0.6331874344367953,1.0130529048615764,0.37986547042478114,0.12280611178593503,0.7723529257611437,1.2537528839620091,0
271,main,Post index leakage estimator,0.6331874344367953,0.20242337472398939,-0.43076405971280585,0.09624292973922692,0.01378723243510463,0.3910595170128741,0
271,main,Oracle prospective estimator,0.6331874344367953,0.6090209753620119,-0.02416645907478332,0.10500405926872694,0.40321301919530717,0.8148289315287167,1
272,main,Structured EHR estimator,0.6163820058898374,1.3293779792617764,0.712995973371939,0.14158909774045367,1.051863347690487,1.6068926108330657,0
272,main,Naive AI estimator,0.6163820058898374,0.14807721653439174,-0.4683047893554456,0.09415735812736906,-0.036471205395251616,0.3326256384640351,0
272,main,ISE causal estimator,0.6163820058898374,0.6004012937803852,-0.015980712109452178,0.10867307748825172,0.38740206190341187,0.8134005256573585,1
272,main,Design erasure estimator,0.6163820058898374,0.9440191355054652,0.32763712961562785,0.12814189655373193,0.6928610182601507,1.1951772527507798,0
272,main,Post index leakage estimator,0.6163820058898374,0.1909659051496857,-0.4254161007401517,0.10319783436401021,-0.011301850203774305,0.3932336605031457,0
272,main,Oracle prospective estimator,0.6163820058898374,0.6069164417109113,-0.009465564178926078,0.10670978410191966,0.39776526487114877,0.8160676185506739,1
273,main,Structured EHR estimator,0.6484235931696583,1.2318115328680366,0.5833879396983783,0.13574343973305514,0.9657543909912485,1.4978686747448247,0
273,main,Naive AI estimator,0.6484235931696583,-0.04408547775601994,-0.6925090709256781,0.0931494948076863,-0.22665848757908508,0.13848753206704523,0
273,main,ISE causal estimator,0.6484235931696583,0.5089109159150439,-0.13951267725461436,0.10785433090301938,0.2975164273451259,0.7203054044849619,1
273,main,Design erasure estimator,0.6484235931696583,0.7998671747506609,0.15144358158100268,0.12298016129927548,0.558826058604081,1.040908290897241,1
273,main,Post index leakage estimator,0.6484235931696583,-0.020654941642275354,-0.6690785348119336,0.10202059803597681,-0.2206153137927899,0.1793054305082392,0
273,main,Oracle prospective estimator,0.6484235931696583,0.48440168807618084,-0.16402190509347742,0.1062824352220898,0.2760881150408848,0.6927152611114769,1
274,main,Structured EHR estimator,0.6292312704241867,1.1513989201239192,0.5221676496997325,0.14220739044040628,0.8726724348607229,1.4301254053871155,0
274,main,Naive AI estimator,0.6292312704241867,0.10538183088201218,-0.5238494395421746,0.10610711926227968,-0.102588122872056,0.3133517846360804,0
274,main,ISE causal estimator,0.6292312704241867,0.6218050177594142,-0.007426252664772481,0.11895046914618537,0.3886620982328909,0.8549479372859375,1
274,main,Design erasure estimator,0.6292312704241867,0.990531660735282,0.3613003903110953,0.13558367709561397,0.7247876536278786,1.2562756678426854,0
274,main,Post index leakage estimator,0.6292312704241867,0.12468584573637131,-0.5045454246878154,0.11314008692472763,-0.09706872463609484,0.34644041610883747,0
274,main,Oracle prospective estimator,0.6292312704241867,0.6276997216837734,-0.00153154874041328,0.11793352121701352,0.39655002009842694,0.85884942326912,1
275,main,Structured EHR estimator,0.643433936588802,1.5391577039123212,0.8957237673235192,0.13716343448206786,1.2703173723274683,1.807998035497174,0
275,main,Naive AI estimator,0.643433936588802,0.19770148367987672,-0.44573245290892527,0.0934116724387008,0.014614605700023153,0.3807883616597303,0
275,main,ISE causal estimator,0.643433936588802,0.8320953234802888,0.18866138689148682,0.1025931882987627,0.631012674414714,1.0331779725458636,1
275,main,Design erasure estimator,0.643433936588802,1.2065999364025775,0.5631659998137755,0.12250004950218234,0.9664998393783001,1.446700033426855,0
275,main,Post index leakage estimator,0.643433936588802,0.18994722467604194,-0.45348671191276,0.09895838211575231,-0.004011204270832569,0.38390565362291645,0
275,main,Oracle prospective estimator,0.643433936588802,0.8172232056221517,0.17378926903334968,0.10121718811876322,0.6188375169093758,1.0156088943349275,1
276,main,Structured EHR estimator,0.6566495070002053,1.4004233908250951,0.7437738838248898,0.13704269504937502,1.1318197085283201,1.6690270731218702,0
276,main,Naive AI estimator,0.6566495070002053,0.14035104605285223,-0.5162984609473531,0.09950068131655262,-0.05467028932759091,0.3353723814332954,0
276,main,ISE causal estimator,0.6566495070002053,0.7288818598736055,0.07223235287340024,0.10777753498209369,0.5176378913087019,0.9401258284385092,1
276,main,Design erasure estimator,0.6566495070002053,0.9938098880738334,0.3371603810736281,0.12730369043384865,0.7442946548234901,1.2433251213241767,0
276,main,Post index leakage estimator,0.6566495070002053,0.13743771426984994,-0.5192117927303553,0.10744511865975238,-0.07315471830326473,0.3480301468429646,0
276,main,Oracle prospective estimator,0.6566495070002053,0.708500118101797,0.051850611101591726,0.10877787641391873,0.4952954803305163,0.9217047558730778,1
277,main,Structured EHR estimator,0.6302087950870549,1.196438265350415,0.5662294702633602,0.13126550951156873,0.9391578667077404,1.4537186639930897,0
277,main,Naive AI estimator,0.6302087950870549,0.12295816021505895,-0.5072506348719958,0.09972316684808775,-0.07249924680719305,0.31841556723731096,0
277,main,ISE causal estimator,0.6302087950870549,0.6577774355568401,0.027568640469785244,0.11633023765796058,0.42977016974723736,0.8857847013664428,1
277,main,Design erasure estimator,0.6302087950870549,0.9460272773702492,0.3158184822831943,0.1256372118205555,0.6997783422019603,1.192276212538538,0
277,main,Post index leakage estimator,0.6302087950870549,0.1349333506474287,-0.4952754444396261,0.10158646961819892,-0.06417612980424117,0.3340428310990986,0
277,main,Oracle prospective estimator,0.6302087950870549,0.6470642623623223,0.016855467275267433,0.116001347783756,0.41970162070616057,0.874426904018484,1
278,main,Structured EHR estimator,0.6456857323644939,1.5025093828945308,0.856823650530037,0.14351906348141705,1.2212120184709534,1.7838067473181083,0
278,main,Naive AI estimator,0.6456857323644939,0.02760580518408013,-0.6180799271804137,0.09878828781768546,-0.1660192389385834,0.22123084930674364,0
278,main,ISE causal estimator,0.6456857323644939,0.558115565881487,-0.08757016648300686,0.11642894948521369,0.3299148248904682,0.7863163068725059,1
278,main,Design erasure estimator,0.6456857323644939,1.0672137692584678,0.4215280368939739,0.12157907170481189,0.8289187887170365,1.3055087497998992,0
278,main,Post index leakage estimator,0.6456857323644939,0.09360197572507938,-0.5520837566394146,0.10469929823196202,-0.11160864880956618,0.29881260025972495,0
278,main,Oracle prospective estimator,0.6456857323644939,0.5508434918060914,-0.09484224055840251,0.11620750937535011,0.3230767734304052,0.7786102101817776,1
279,main,Structured EHR estimator,0.6395163856498198,1.5558297582509946,0.9163133726011747,0.15130591024183157,1.2592701741770047,1.8523893423249844,0
279,main,Naive AI estimator,0.6395163856498198,0.16238733520941578,-0.47712905044040405,0.09930127085482154,-0.032243155666034445,0.357017826084866,0
279,main,ISE causal estimator,0.6395163856498198,0.8400247201004527,0.20050833445063287,0.11440092919381177,0.6157988988805816,1.0642505413203238,1
279,main,Design erasure estimator,0.6395163856498198,1.173479480943131,0.5339630952933112,0.1343349134829214,0.9101830505166051,1.436775911369657,0
279,main,Post index leakage estimator,0.6395163856498198,0.15877653684167223,-0.4807398488081476,0.10213287329189423,-0.04140389481044046,0.3589569684937849,0
279,main,Oracle prospective estimator,0.6395163856498198,0.8291001564710878,0.18958377082126798,0.11538756505691415,0.6029405289595361,1.0552597839826396,1
280,main,Structured EHR estimator,0.6527549572712172,1.3710273648086184,0.7182724075374012,0.13908916875147428,1.0984125940557288,1.643642135561508,0
280,main,Naive AI estimator,0.6527549572712172,0.16666258162984632,-0.4860923756413709,0.09484102801882947,-0.019225833287059457,0.3525509965467521,0
280,main,ISE causal estimator,0.6527549572712172,0.577994899993371,-0.07476005727784629,0.11406747944959642,0.35442264027216197,0.8015671597145799,1
280,main,Design erasure estimator,0.6527549572712172,0.8730977582014734,0.22034280093025616,0.13385745008432864,0.6107371560361893,1.1354583603667576,1
280,main,Post index leakage estimator,0.6527549572712172,0.263247866207385,-0.38950709106383224,0.10079316050561966,0.06569327161637045,0.46080246079839954,0
280,main,Oracle prospective estimator,0.6527549572712172,0.5610131420910186,-0.09174181518019864,0.1124547687810027,0.3406017952802533,0.7814244889017838,1
281,main,Structured EHR estimator,0.6522489763462109,1.0572458691757352,0.4049968928295242,0.13877816789323155,0.7852406601050013,1.329251078246469,0
281,main,Naive AI estimator,0.6522489763462109,0.12466586565686134,-0.5275831106893496,0.09205643820250665,-0.055764753220051685,0.30509648453377436,0
281,main,ISE causal estimator,0.6522489763462109,0.4105595253188458,-0.2416894510273651,0.10683470320083416,0.20116350704521088,0.6199555435924807,0
281,main,Design erasure estimator,0.6522489763462109,0.8295463421902202,0.17729736584400924,0.12786026971023193,0.5789402135581656,1.0801524708222747,1
281,main,Post index leakage estimator,0.6522489763462109,0.17667394814119025,-0.4755750282050207,0.09616538541571361,-0.01181020727360843,0.36515810355598893,0
281,main,Oracle prospective estimator,0.6522489763462109,0.4127958466407945,-0.23945312970541643,0.10614117749622409,0.20475913874819526,0.6208325545333937,0
282,main,Structured EHR estimator,0.6384649759396357,1.433414773041277,0.7949497971016413,0.1398423512775424,1.1593237645372938,1.7075057815452601,0
282,main,Naive AI estimator,0.6384649759396357,0.04343691126010469,-0.595028064679531,0.08890659842879672,-0.1308200216603369,0.21769384418054627,0
282,main,ISE causal estimator,0.6384649759396357,0.7131335884391286,0.07466861249949286,0.11230827211203363,0.4930093750995426,0.9332578017787145,1
282,main,Design erasure estimator,0.6384649759396357,1.20725889862723,0.5687939226875942,0.1262643269292874,0.9597808178458266,1.4547369794086333,0
282,main,Post index leakage estimator,0.6384649759396357,0.03492042408152805,-0.6035445518581076,0.09248898454512175,-0.14635798562691058,0.21619883378996665,0
282,main,Oracle prospective estimator,0.6384649759396357,0.6727757750544775,0.034310799114841806,0.11083540228713903,0.455538386571685,0.89001316353727,1
283,main,Structured EHR estimator,0.6395569336050384,1.3562776985426552,0.7167207649376168,0.12783796953767002,1.105715278248822,1.6068401188364885,0
283,main,Naive AI estimator,0.6395569336050384,0.3316412571918526,-0.3079156764131858,0.09850740000900406,0.13856675317420467,0.5247157612095006,0
283,main,ISE causal estimator,0.6395569336050384,0.8775018671741589,0.2379449335691205,0.10585611099234148,0.6700238896291696,1.084979844719148,0
283,main,Design erasure estimator,0.6395569336050384,1.1764203808681977,0.5368634472631593,0.11795027923393146,0.945237833569692,1.4076029281667033,0
283,main,Post index leakage estimator,0.6395569336050384,0.28005760137245944,-0.35949933223257896,0.102567097412059,0.07902609044482381,0.4810891123000951,0
283,main,Oracle prospective estimator,0.6395569336050384,0.8567994703024823,0.21724253669744387,0.10680545739336908,0.6474607738114788,1.0661381667934857,0
284,main,Structured EHR estimator,0.6252647736572258,1.2095669941273095,0.5843022204700837,0.1310406267845905,0.9527273656295121,1.466406622625107,0
284,main,Naive AI estimator,0.6252647736572258,0.12798928677041657,-0.4972754868868092,0.08981118505733263,-0.04804063594195537,0.3040192094827885,0
284,main,ISE causal estimator,0.6252647736572258,0.6090749942442666,-0.016189779412959182,0.1069726058040249,0.3994086868683778,0.8187413016201553,1
284,main,Design erasure estimator,0.6252647736572258,0.8670527829451249,0.24178800928789912,0.11725273508450132,0.6372374221795023,1.0968681437107475,0
284,main,Post index leakage estimator,0.6252647736572258,0.1402643194727464,-0.48500045418447935,0.09324208392494546,-0.042490165020146686,0.3230188039656395,0
284,main,Oracle prospective estimator,0.6252647736572258,0.605549461605297,-0.01971531205192878,0.10525547964416976,0.3992487215027243,0.8118502017078697,1
285,main,Structured EHR estimator,0.6568409825595014,1.3212885011529325,0.6644475185934311,0.14688395475582586,1.033395949831514,1.609181052474351,0
285,main,Naive AI estimator,0.6568409825595014,-0.07138603651124749,-0.7282270190707489,0.09431330448565112,-0.2562401133031237,0.1134680402806287,0
285,main,ISE causal estimator,0.6568409825595014,0.5074739554941984,-0.14936702706530303,0.11113786068251613,0.2896437485564668,0.72530416243193,1
285,main,Design erasure estimator,0.6568409825595014,0.8570387482512,0.20019776569169856,0.11847245209917073,0.6248327421368254,1.0892447543655746,1
285,main,Post index leakage estimator,0.6568409825595014,-0.0939579050903492,-0.7507988876498506,0.10135388290611244,-0.2926115155863296,0.10469570540563118,0
285,main,Oracle prospective estimator,0.6568409825595014,0.5069639079729116,-0.14987707458658983,0.11090306855706247,0.28959389360106913,0.724333922344754,1
286,main,Structured EHR estimator,0.6314204034744453,1.2463935243339785,0.6149731208595333,0.14367127877257144,0.9647978179397385,1.5279892307282186,0
286,main,Naive AI estimator,0.6314204034744453,0.17665131024030914,-0.45476909323413617,0.09234297420518026,-0.004340919201844151,0.35764353968246243,0
286,main,ISE causal estimator,0.6314204034744453,0.6087661849078648,-0.022654218566580453,0.10577219053323533,0.40145269146272355,0.8160796783530061,1
286,main,Design erasure estimator,0.6314204034744453,0.9320125531741716,0.30059214969972636,0.12145494173177754,0.6939608673798877,1.1700642389684557,0
286,main,Post index leakage estimator,0.6314204034744453,0.1796455946885983,-0.45177480878584697,0.09801471617139576,-0.01246324900733739,0.37175443838453404,0
286,main,Oracle prospective estimator,0.6314204034744453,0.5843545449735391,-0.047065858500906166,0.10625078541561801,0.37610300555892784,0.7926060843881504,1
287,main,Structured EHR estimator,0.6471732373559352,1.5630672377066555,0.9158940003507202,0.14152273529010193,1.2856826765380558,1.8404517988752551,0
287,main,Naive AI estimator,0.6471732373559352,0.1980143765001293,-0.4491588608558059,0.10567121954780917,-0.009101213813576675,0.4051299668138353,0
287,main,ISE causal estimator,0.6471732373559352,0.7256921057993924,0.07851886844345712,0.12220112825595253,0.4861778944177254,0.9652063171810593,1
287,main,Design erasure estimator,0.6471732373559352,1.1566776949498543,0.509504457593919,0.12304758215376056,0.9155044339284836,1.3978509559712249,0
287,main,Post index leakage estimator,0.6471732373559352,0.25054135473433137,-0.39663188262160387,0.111009488507015,0.032962757260581954,0.4681199522080808,0
287,main,Oracle prospective estimator,0.6471732373559352,0.7169162636288425,0.0697430262729073,0.1215836663852008,0.47861227751384894,0.9552202497438361,1
288,main,Structured EHR estimator,0.64112550445473,1.2895604880760625,0.6484349836213325,0.16167585514609834,0.9726758119897098,1.6064451641624151,0
288,main,Naive AI estimator,0.64112550445473,-0.021077226603219874,-0.6622027310579499,0.09501320903011844,-0.207303116302252,0.16514866309581228,0
288,main,ISE causal estimator,0.64112550445473,0.5676703008512776,-0.07345520360345248,0.12138561207236348,0.32975450118944516,0.80558610051311,1
288,main,Design erasure estimator,0.64112550445473,0.8456916493940498,0.2045661449393198,0.13533090833474293,0.5804430690579537,1.1109402297301458,1
288,main,Post index leakage estimator,0.64112550445473,-0.004239683039765069,-0.6453651874944951,0.09750905360575851,-0.19535742810705176,0.1868780620275216,0
288,main,Oracle prospective estimator,0.64112550445473,0.5516942157878914,-0.08943128866683869,0.12035167316944,0.315804936375789,0.7875834951999937,1
289,main,Structured EHR estimator,0.6485444879354241,1.4590261680273011,0.810481680091877,0.13355543625472757,1.1972575129680352,1.720794823086567,0
289,main,Naive AI estimator,0.6485444879354241,0.2398480546844772,-0.40869643325094684,0.08563569057768196,0.07200210115222055,0.40769400821673385,0
289,main,ISE causal estimator,0.6485444879354241,0.7157798136505664,0.06723532571514235,0.10400487651399216,0.5119302556831418,0.9196293716179911,1
289,main,Design erasure estimator,0.6485444879354241,1.1188023455756448,0.47025785764022077,0.11592104423783599,0.8915970988694863,1.3460075922818033,0
289,main,Post index leakage estimator,0.6485444879354241,0.33175337428292456,-0.3167911136524995,0.09601319782505092,0.14356750654582476,0.5199392420200244,0
289,main,Oracle prospective estimator,0.6485444879354241,0.7072956355756139,0.05875114764018985,0.1032781277707678,0.504870505144909,0.9097207660063188,1
290,main,Structured EHR estimator,0.6207725785457073,1.2566590504847868,0.6358864719390794,0.1592870109413871,0.944456509039668,1.5688615919299056,0
290,main,Naive AI estimator,0.6207725785457073,-0.0704994006434795,-0.6912719791891868,0.09870854664882657,-0.2639681520751796,0.12296935078822059,0
290,main,ISE causal estimator,0.6207725785457073,0.476534116118987,-0.14423846242672034,0.11201610623438435,0.2569825478995937,0.6960856843383803,1
290,main,Design erasure estimator,0.6207725785457073,0.7703504833560312,0.14957790481032385,0.13491835946351902,0.5059104988075339,1.0347904679045286,1
290,main,Post index leakage estimator,0.6207725785457073,-0.05522290780440679,-0.6759954863501141,0.10536439344921063,-0.2617371189648596,0.15129130335604601,0
290,main,Oracle prospective estimator,0.6207725785457073,0.4518662783381678,-0.16890630020753955,0.11231432702522998,0.23173019736871703,0.6720023593076185,1
291,main,Structured EHR estimator,0.6539076017858729,1.2465835066802318,0.5926759048943588,0.12861561344116393,0.9944969043355505,1.498670109024913,0
291,main,Naive AI estimator,0.6539076017858729,0.11893916933647196,-0.534968432449401,0.08759580567856645,-0.052748609793518295,0.2906269484664622,0
291,main,ISE causal estimator,0.6539076017858729,0.7063124712421455,0.05240486945627254,0.10341430343764385,0.5036204365043635,0.9090045059799274,1
291,main,Design erasure estimator,0.6539076017858729,0.9316058357038223,0.27769823391794934,0.11988898309659345,0.6966234288344991,1.1665882425731455,0
291,main,Post index leakage estimator,0.6539076017858729,0.12084394005779062,-0.5330636617280823,0.09177313489542856,-0.05903140433724935,0.3007192844528306,0
291,main,Oracle prospective estimator,0.6539076017858729,0.6952534226440948,0.041345820858221916,0.10246420308457453,0.4944235845983288,0.8960832606898609,1
292,main,Structured EHR estimator,0.6413703298717351,1.2695403644208008,0.6281700345490656,0.14897240358603123,0.9775544533921796,1.561526275449422,0
292,main,Naive AI estimator,0.6413703298717351,-0.1302605366503702,-0.7716308665221053,0.09501245383958556,-0.3164849461759579,0.05596387287521748,0
292,main,ISE causal estimator,0.6413703298717351,0.3941011108852024,-0.24726921898653276,0.11421524530642861,0.17023923008460232,0.6179629916858025,0
292,main,Design erasure estimator,0.6413703298717351,0.9027505877587657,0.26138025788703056,0.13191306972611067,0.6442009710955888,1.1613002044219427,0
292,main,Post index leakage estimator,0.6413703298717351,-0.07898503830189417,-0.7203553681736293,0.10446058447050155,-0.2837277838640772,0.12575770726028884,0
292,main,Oracle prospective estimator,0.6413703298717351,0.3841016255939652,-0.25726870427776993,0.11359787606062652,0.16144978851513725,0.6067534626727932,0
293,main,Structured EHR estimator,0.6486706932192159,1.3857714028954158,0.7371007096761999,0.1364711054094354,1.1182880362929224,1.6532547694979092,0
293,main,Naive AI estimator,0.6486706932192159,0.1761067916000215,-0.47256390161919437,0.09456957806482157,-0.009249581407028779,0.36146316460707173,0
293,main,ISE causal estimator,0.6486706932192159,0.759733344056492,0.11106265083727607,0.10243713654089645,0.5589565564363349,0.960510131676649,1
293,main,Design erasure estimator,0.6486706932192159,1.0895503218667826,0.4408796286475667,0.12621178213470122,0.8421752288827682,1.336925414850797,0
293,main,Post index leakage estimator,0.6486706932192159,0.15027963714916218,-0.49839105607005374,0.10076952934540954,-0.047228640367840524,0.3477879146661649,0
293,main,Oracle prospective estimator,0.6486706932192159,0.7417450891710322,0.09307439595181632,0.10310653478762266,0.5396562809872918,0.9438338973547726,1
294,main,Structured EHR estimator,0.6544787125976059,1.3247442390015516,0.6702655264039457,0.13953295141337355,1.0512596542313395,1.5982288237717637,0
294,main,Naive AI estimator,0.6544787125976059,0.09237380211293937,-0.5621049104846666,0.09112394575150402,-0.08622913156000851,0.27097673578588727,0
294,main,ISE causal estimator,0.6544787125976059,0.6586677333724164,0.004189020774810426,0.11149322601111394,0.440141010390633,0.8771944563541997,1
294,main,Design erasure estimator,0.6544787125976059,0.9857497747465336,0.33127106214892765,0.12501931804535246,0.7407119113776428,1.2307876381154244,0
294,main,Post index leakage estimator,0.6544787125976059,0.0971924419822785,-0.5572862706153274,0.09393095268503594,-0.08691222528039194,0.28129710924494894,0
294,main,Oracle prospective estimator,0.6544787125976059,0.6156416375608259,-0.03883707503678002,0.1101978795981461,0.39965379354845953,0.8316294815731923,1
295,main,Structured EHR estimator,0.6567991259357316,1.3557077000285433,0.6989085740928117,0.1305091238826553,1.0999098172185389,1.6115055828385478,0
295,main,Naive AI estimator,0.6567991259357316,0.15668368525393062,-0.500115440681801,0.0918540286305053,-0.023350210861859788,0.336717581369721,0
295,main,ISE causal estimator,0.6567991259357316,0.550845896835813,-0.10595322909991867,0.10495237656054168,0.34513923877715125,0.7565525548944747,1
295,main,Design erasure estimator,0.6567991259357316,0.9460886514956541,0.2892895255599225,0.11660657642430584,0.7175397617040147,1.1746375412872936,0
295,main,Post index leakage estimator,0.6567991259357316,0.23079907664648888,-0.42600004928924273,0.10073447069753419,0.03335951407932186,0.4282386392136559,0
295,main,Oracle prospective estimator,0.6567991259357316,0.5274375774451479,-0.1293615484905838,0.10538981201026658,0.32087354590502537,0.7340016089852703,1
296,main,Structured EHR estimator,0.6291260886993594,1.2693011460643848,0.6401750573650254,0.12856413538716044,1.0173154407055502,1.5212868514232194,0
296,main,Naive AI estimator,0.6291260886993594,-0.00622740903200431,-0.6353534977313637,0.09267033780832609,-0.18786127113632345,0.17540645307231484,0
296,main,ISE causal estimator,0.6291260886993594,0.6619881058691379,0.032862017169778546,0.10817389353328367,0.44996727454390195,0.8740089371943739,1
296,main,Design erasure estimator,0.6291260886993594,1.087979155965787,0.4588530672664276,0.1155542599149597,0.861492806532466,1.314465505399108,0
296,main,Post index leakage estimator,0.6291260886993594,-0.008642545071266801,-0.6377686337706262,0.09792119989066955,-0.20056809685697913,0.18328300671444553,0
296,main,Oracle prospective estimator,0.6291260886993594,0.6469964083244795,0.01787031962512009,0.10758018979577644,0.43613923632475765,0.8578535803242013,1
297,main,Structured EHR estimator,0.6577721943545446,1.382267613679108,0.7244954193245635,0.1466560509827044,1.0948217537530076,1.6697134736052086,0
297,main,Naive AI estimator,0.6577721943545446,0.19344133400944513,-0.46433086034509946,0.10312529200842505,-0.008684238327067967,0.39556690634595826,0
297,main,ISE causal estimator,0.6577721943545446,0.6612568621876082,0.0034846678330635594,0.11583375979118081,0.43422269299689376,0.8882910313783225,1
297,main,Design erasure estimator,0.6577721943545446,1.020507331654846,0.3627351373003015,0.13589168142709881,0.7541596360577324,1.2868550272519599,0
297,main,Post index leakage estimator,0.6577721943545446,0.21364448588389928,-0.4441277084706453,0.10984619869305103,-0.0016540635544807225,0.4289430353222793,0
297,main,Oracle prospective estimator,0.6577721943545446,0.6417167094683949,-0.016055484886149718,0.11464754592702345,0.4170075194514289,0.8664258994853609,1
298,main,Structured EHR estimator,0.638886382104987,1.2947292785809905,0.6558428964760035,0.1374013886487676,1.025422556829406,1.564036000332575,0
298,main,Naive AI estimator,0.638886382104987,0.1061000595927273,-0.5327863225122598,0.09577026884694942,-0.08160966734729357,0.29380978653274814,0
298,main,ISE causal estimator,0.638886382104987,0.5254381101488967,-0.11344827195609031,0.108855543305051,0.3120812452709968,0.7387949750267967,1
298,main,Design erasure estimator,0.638886382104987,0.9407815119070779,0.3018951298020909,0.1260851712701037,0.6936545762176747,1.1879084475964812,0
298,main,Post index leakage estimator,0.638886382104987,0.14503486007840533,-0.4938515220265817,0.1037796246191484,-0.05837320417512554,0.3484429243319362,0
298,main,Oracle prospective estimator,0.638886382104987,0.5229491629153126,-0.11593721918967448,0.10748945621041288,0.3122698287429033,0.7336284970877218,1
299,main,Structured EHR estimator,0.6325127385291955,1.3560707440250435,0.7235580054958479,0.13417071591883117,1.0930961408241344,1.6190453472259525,0
299,main,Naive AI estimator,0.6325127385291955,0.1744338773472574,-0.45807886118193814,0.08968817441570819,-0.0013549445075306255,0.3502226992020454,0
299,main,ISE causal estimator,0.6325127385291955,0.6324277686593577,-8.49698698378587e-05,0.1106281778032369,0.41559654016501335,0.849258997153702,1
299,main,Design erasure estimator,0.6325127385291955,0.9975695533731888,0.3650568148439932,0.1284859116940332,0.7457371664528837,1.249401940293494,0
299,main,Post index leakage estimator,0.6325127385291955,0.2015153901532158,-0.43099734837597975,0.092438664500184,0.02033560773285517,0.38269517257357644,0
299,main,Oracle prospective estimator,0.6325127385291955,0.6215201874803438,-0.010992551048851773,0.10935701889381015,0.40718043044847585,0.8358599445122117,1
300,main,Structured EHR estimator,0.6511676328406988,1.2606635917983373,0.6094959589576385,0.14261810779593823,0.9811321005182985,1.5401950830783762,0
300,main,Naive AI estimator,0.6511676328406988,0.028062871702718935,-0.6231047611379799,0.1060320719634703,-0.17975998934568285,0.2358857327511207,0
300,main,ISE causal estimator,0.6511676328406988,0.5689789042505295,-0.08218872859016924,0.12130631293826921,0.33121853089152187,0.8067392776095372,1
300,main,Design erasure estimator,0.6511676328406988,0.9097307776235909,0.2585631447828921,0.13069068424284966,0.6535770365076056,1.1658845187395763,0
300,main,Post index leakage estimator,0.6511676328406988,0.013556206175733717,-0.6376114266649651,0.10996906060861555,-0.20198315261715277,0.2290955649686202,0
300,main,Oracle prospective estimator,0.6511676328406988,0.5479647620169713,-0.10320287082372748,0.12234598632718856,0.30816662881568174,0.7877628952182609,1
301,main,Structured EHR estimator,0.6176946133275105,1.3956911181447595,0.777996504817249,0.1375160571656276,1.1261596461001295,1.6652225901893896,0
301,main,Naive AI estimator,0.6176946133275105,0.19460265593722123,-0.42309195739028926,0.09511659351128963,0.008174132655093563,0.3810311792193489,0
301,main,ISE causal estimator,0.6176946133275105,0.7176625955255079,0.09996798219799741,0.10464676344715927,0.5125549391690758,0.9227702518819401,1
301,main,Design erasure estimator,0.6176946133275105,1.0650218231813549,0.44732720985384433,0.11783671053363665,0.834061870535427,1.2959817758272827,0
301,main,Post index leakage estimator,0.6176946133275105,0.19319643737520392,-0.4244981759523066,0.1037244844197351,-0.010103552087476875,0.3964964268378847,0
301,main,Oracle prospective estimator,0.6176946133275105,0.7038634402409499,0.08616882691343941,0.10364907888229441,0.5007112456316529,0.9070156348502469,1
302,main,Structured EHR estimator,0.6401371484900661,1.1978057729450062,0.5576686244549401,0.14859772734238752,0.9065542273539267,1.4890573185360858,0
302,main,Naive AI estimator,0.6401371484900661,0.025348562090369904,-0.6147885863996961,0.09613851900063361,-0.16308293515087197,0.21378005933161176,0
302,main,ISE causal estimator,0.6401371484900661,0.46482907196836665,-0.17530807652169944,0.11074146713612777,0.24777579638155622,0.6818823475551771,1
302,main,Design erasure estimator,0.6401371484900661,0.9236110594407437,0.28347391095067764,0.1347992115885996,0.6594046047270885,1.187817514154399,0
302,main,Post index leakage estimator,0.6401371484900661,0.07681751739782325,-0.5633196310922428,0.10390917960581207,-0.1268444746295684,0.28047950942521493,0
302,main,Oracle prospective estimator,0.6401371484900661,0.4500035810548354,-0.1901335674352307,0.11161785557098282,0.23123258413570907,0.6687745779739618,1
303,main,Structured EHR estimator,0.6454212267545802,1.5988220428086182,0.9534008160540379,0.1413745494314904,1.3217279259228971,1.8759161596943392,0
303,main,Naive AI estimator,0.6454212267545802,0.24134055655515912,-0.4040806701994211,0.09624490572840515,0.05270054132748503,0.4299805717828332,0
303,main,ISE causal estimator,0.6454212267545802,0.7564079247795945,0.11098669802501426,0.11346923008504461,0.5340082338129071,0.978807615746282,1
303,main,Design erasure estimator,0.6454212267545802,1.120561522815518,0.47514029606093766,0.12892911781400165,0.8678604519000747,1.3732625937309613,0
303,main,Post index leakage estimator,0.6454212267545802,0.30128236307474576,-0.3441388636798345,0.1034974526316627,0.09842735591668689,0.5041373702328047,0
303,main,Oracle prospective estimator,0.6454212267545802,0.7462089540243402,0.10078772726975993,0.112539956155569,0.5256306399594249,0.9667872680892554,1
304,main,Structured EHR estimator,0.6454951117671694,1.3212140657540672,0.6757189539868977,0.13297378375470847,1.0605854495948386,1.5818426819132958,0
304,main,Naive AI estimator,0.6454951117671694,0.1518181678552807,-0.49367694391188877,0.09375601157749854,-0.031943614836616424,0.3355799505471778,0
304,main,ISE causal estimator,0.6454951117671694,0.7275338849105276,0.08203877314335817,0.10270385655015402,0.5262343260722258,0.9288334437488295,1
304,main,Design erasure estimator,0.6454951117671694,1.0217513457477638,0.3762562339805944,0.12137092614126185,0.7838643305108906,1.259638360984637,0
304,main,Post index leakage estimator,0.6454951117671694,0.11304924137369672,-0.5324458703934727,0.09551961796581117,-0.07416920983929316,0.3002676925866866,0
304,main,Oracle prospective estimator,0.6454951117671694,0.7126940705336349,0.06719895876646542,0.10312292170874106,0.5105731439845024,0.9148149970827674,1
305,main,Structured EHR estimator,0.6532132040026967,1.3295538803006366,0.6763406762979399,0.1383348404526798,1.0584175930133841,1.600690167587889,0
305,main,Naive AI estimator,0.6532132040026967,0.16006010577003807,-0.4931530982326586,0.10384438650381161,-0.04347489177743269,0.3635951033175088,0
305,main,ISE causal estimator,0.6532132040026967,0.7017350015730739,0.04852179757037722,0.11694177378795473,0.4725291249486826,0.9309408781974652,1
305,main,Design erasure estimator,0.6532132040026967,1.0956081597326726,0.4423949557299759,0.12972889816636327,0.8413395193266006,1.3498768001387447,0
305,main,Post index leakage estimator,0.6532132040026967,0.14941674656926662,-0.50379645743343,0.10589001209786131,-0.05812767714254155,0.35696117028107477,0
305,main,Oracle prospective estimator,0.6532132040026967,0.6801624569016066,0.026949252898909926,0.11850266467125174,0.44789723414595317,0.91242767965726,1
306,main,Structured EHR estimator,0.61283756637409,1.5351018499042863,0.9222642835301963,0.13308937017166658,1.27424668436782,1.7959570154407527,0
306,main,Naive AI estimator,0.61283756637409,0.1303540912745675,-0.4824834750995225,0.08175675318728177,-0.02988914497250475,0.2905973275216398,0
306,main,ISE causal estimator,0.61283756637409,0.7148396195117267,0.10200205313763666,0.10724787781132301,0.5046337790015336,0.9250454600219198,1
306,main,Design erasure estimator,0.61283756637409,1.029396861096022,0.416559294721932,0.11878105675041718,0.7965859898652043,1.2622077323268397,0
306,main,Post index leakage estimator,0.61283756637409,0.1758146533960357,-0.43702291297805435,0.08598771898826468,0.007278724179036911,0.3443505826130345,0
306,main,Oracle prospective estimator,0.61283756637409,0.7014458497611885,0.08860828338709847,0.10561060157270231,0.494449070678692,0.9084426288436851,1
307,main,Structured EHR estimator,0.6460200106074369,1.470923128440304,0.8249031178328671,0.1346024367075287,1.2071023524935476,1.7347439043870603,0
307,main,Naive AI estimator,0.6460200106074369,0.11735592547770486,-0.528664085129732,0.08997118562694122,-0.058987598351099915,0.29369944930650965,0
307,main,ISE causal estimator,0.6460200106074369,0.5979203096959074,-0.048099700911529486,0.10605206259408324,0.39005826701150426,0.8057823523803105,1
307,main,Design erasure estimator,0.6460200106074369,0.9636103596689278,0.317590349061491,0.12996319722514255,0.7088824931076485,1.2183382262302072,0
307,main,Post index leakage estimator,0.6460200106074369,0.1683721383962396,-0.47764787221119726,0.09376843704994077,-0.015413998221644298,0.3521582750141235,0
307,main,Oracle prospective estimator,0.6460200106074369,0.577405062511375,-0.06861494809606183,0.10617670339820783,0.3692987238508877,0.7855114011718624,1
308,main,Structured EHR estimator,0.6461823050671921,1.2488021616637663,0.6026198565965742,0.14398989224131448,0.96658197287079,1.5310223504567428,0
308,main,Naive AI estimator,0.6461823050671921,0.08222097839751684,-0.5639613266696752,0.10072876966699763,-0.11520741014979853,0.2796493669448322,0
308,main,ISE causal estimator,0.6461823050671921,0.6004587822613342,-0.0457235228058579,0.11603498152934656,0.37303021846381496,0.8278873460588534,1
308,main,Design erasure estimator,0.6461823050671921,0.9321273325225623,0.2859450274553702,0.12780070075950895,0.6816379590339248,1.1826167060111998,0
308,main,Post index leakage estimator,0.6461823050671921,0.07541579692906078,-0.5707665081381313,0.10541392225067128,-0.13119549068225492,0.2820270845403765,0
308,main,Oracle prospective estimator,0.6461823050671921,0.5883801076048547,-0.05780219746233739,0.11313304955009022,0.36663933048667785,0.8101208847230316,1
309,main,Structured EHR estimator,0.6714087519502902,1.3007287814951851,0.629320029544895,0.13851584597410704,1.0292377233859353,1.572219839604435,0
309,main,Naive AI estimator,0.6714087519502902,-0.009765769209792252,-0.6811745211600824,0.10303964291962163,-0.21172346933225064,0.19219193091266615,0
309,main,ISE causal estimator,0.6714087519502902,0.6128912069690842,-0.05851754498120598,0.10860256618807275,0.4000301772404616,0.8257522366977068,1
309,main,Design erasure estimator,0.6714087519502902,0.8364581437194923,0.1650493917692022,0.12252645914363702,0.5963062837979638,1.0766100036410209,1
309,main,Post index leakage estimator,0.6714087519502902,-0.01437969073966984,-0.68578844268996,0.09946751041521058,-0.2093360111534826,0.1805766296741429,0
309,main,Oracle prospective estimator,0.6714087519502902,0.5773735401352379,-0.09403521181505226,0.10865642238075045,0.364406952268967,0.7903401280015088,1
310,main,Structured EHR estimator,0.6366483631549839,1.254893061174222,0.6182446980192381,0.12887486046395966,1.002298334664861,1.5074877876835828,0
310,main,Naive AI estimator,0.6366483631549839,0.07314670065095069,-0.5635016625040332,0.08995221742018639,-0.10315964549261461,0.249453046794516,0
310,main,ISE causal estimator,0.6366483631549839,0.574576495840052,-0.06207186731493186,0.10486899726503232,0.36903326120058866,0.7801197304795153,1
310,main,Design erasure estimator,0.6366483631549839,0.8678522915853116,0.23120392843032778,0.12183497263960413,0.6290557452116875,1.1066488379589356,1
310,main,Post index leakage estimator,0.6366483631549839,0.10619329193186398,-0.5304550712231199,0.09731069308184817,-0.08453566650855844,0.2969222503722864,0
310,main,Oracle prospective estimator,0.6366483631549839,0.5805261100313425,-0.056122253123641386,0.10492372443240329,0.374875610143832,0.786176609918853,1
311,main,Structured EHR estimator,0.638291859796531,1.4558611694238814,0.8175693096273504,0.1326287695685052,1.1959087810696112,1.7158135577781517,0
311,main,Naive AI estimator,0.638291859796531,0.06390232957097396,-0.574389530225557,0.0950307544282955,-0.12235794910848523,0.2501626082504331,0
311,main,ISE causal estimator,0.638291859796531,0.6867546350721846,0.04846277527565357,0.11120538667869323,0.4687920771819459,0.9047171929624234,1
311,main,Design erasure estimator,0.638291859796531,1.0947958745222237,0.4565040147256927,0.12376470877827782,0.8522170453167992,1.3373747037276482,0
311,main,Post index leakage estimator,0.638291859796531,0.09632111050289605,-0.541970749293635,0.1008211813846238,-0.10128840501096659,0.2939306260167587,0
311,main,Oracle prospective estimator,0.638291859796531,0.694233879522194,0.05594201972566293,0.10967119152978883,0.4792783441238079,0.90918941492058,1
312,main,Structured EHR estimator,0.6324934285012278,1.6332644619379413,1.0007710334367135,0.13906003171888773,1.3607067997689213,1.9058221241069613,0
312,main,Naive AI estimator,0.6324934285012278,0.33238985794096637,-0.30010357056026143,0.089350696815506,0.1572624921825746,0.5075172236993581,0
312,main,ISE causal estimator,0.6324934285012278,0.9110490382267944,0.2785556097255666,0.10701849388090852,0.7012927902202137,1.120805286233375,0
312,main,Design erasure estimator,0.6324934285012278,1.2359746538674163,0.6034812253661885,0.13084428607547385,0.9795198531594875,1.4924294545753451,0
312,main,Post index leakage estimator,0.6324934285012278,0.3544540822232574,-0.2780393462779704,0.09161600075431192,0.17488672074480605,0.5340214437017088,0
312,main,Oracle prospective estimator,0.6324934285012278,0.8722705399684386,0.2397771114672108,0.10626631018447676,0.6639885720068641,1.0805525079300131,0
313,main,Structured EHR estimator,0.6168669847345946,1.3923398079340255,0.7754728231994309,0.13598819075194393,1.1258029540602155,1.6588766618078354,0
313,main,Naive AI estimator,0.6168669847345946,0.1327738821108546,-0.48409310262373995,0.08597047107929398,-0.035728241204561584,0.3012760054262708,0
313,main,ISE causal estimator,0.6168669847345946,0.5074653223190181,-0.10940166241557647,0.10092848190928347,0.3096454977768225,0.7052851468612137,1
313,main,Design erasure estimator,0.6168669847345946,0.9073665685033735,0.29049958376877894,0.12583116846590325,0.6607374783102031,1.1539956586965439,0
313,main,Post index leakage estimator,0.6168669847345946,0.21314518196062074,-0.40372180277397385,0.0970450533664292,0.022936877362419505,0.40335348655882197,0
313,main,Oracle prospective estimator,0.6168669847345946,0.5190977688818557,-0.0977692158527389,0.10120481822098513,0.3207363251687248,0.7174592125949866,1
314,main,Structured EHR estimator,0.6497262920461137,1.4569992077580278,0.8072729157119142,0.15223274871026168,1.158623020285915,1.7553753952301407,0
314,main,Naive AI estimator,0.6497262920461137,0.06751121728536973,-0.582215074760744,0.11670901162377581,-0.16123844549723088,0.2962608800679703,0
314,main,ISE causal estimator,0.6497262920461137,0.7334144628903796,0.08368817084426594,0.1263764650602023,0.4857165913723831,0.9811123344083761,1
314,main,Design erasure estimator,0.6497262920461137,1.0849025171331028,0.43517622508698917,0.13882828256176616,0.8127990833120411,1.3570059509541645,0
314,main,Post index leakage estimator,0.6497262920461137,0.037490033814503936,-0.6122362582316098,0.12500437016234467,-0.2075185317036916,0.2824985993326995,0
314,main,Oracle prospective estimator,0.6497262920461137,0.713228899539539,0.0635026074934254,0.12447227840444956,0.4692632338668179,0.9571945652122602,1
315,main,Structured EHR estimator,0.6267608118595653,1.304483302500114,0.6777224906405486,0.13572308797866273,1.038466050061935,1.5705005549382929,0
315,main,Naive AI estimator,0.6267608118595653,0.05931920306247225,-0.567441608797093,0.08829399559053829,-0.11373702829498279,0.2323754344199273,0
315,main,ISE causal estimator,0.6267608118595653,0.5684602347516627,-0.058300577107902596,0.10654784362149773,0.35962646125352715,0.7772940082497983,1
315,main,Design erasure estimator,0.6267608118595653,0.9871560202308376,0.36039520837127226,0.12311610729268459,0.7458484499371758,1.2284635905244994,0
315,main,Post index leakage estimator,0.6267608118595653,0.10247036177391333,-0.524290450085652,0.09374859134564102,-0.08127687726354307,0.2862176008113697,0
315,main,Oracle prospective estimator,0.6267608118595653,0.5652924369710187,-0.06146837488854662,0.10590242032648231,0.3577236931311134,0.772861180810924,1
316,main,Structured EHR estimator,0.6384934941572172,1.3091920884006363,0.670698594243419,0.1452688013350874,1.024465237783865,1.5939189390174076,0
316,main,Naive AI estimator,0.6384934941572172,0.0076681773243930515,-0.6308253168328242,0.08791103695568434,-0.16463745510874825,0.17997380975753433,0
316,main,ISE causal estimator,0.6384934941572172,0.42966977617166585,-0.20882371798555138,0.10223288793354728,0.2292933158219132,0.6300462365214186,0
316,main,Design erasure estimator,0.6384934941572172,0.7927502244472286,0.1542567302900114,0.12431682731600731,0.5490892429078543,1.036411205986603,1
316,main,Post index leakage estimator,0.6384934941572172,0.05159364358503225,-0.586899850572185,0.09510368089005128,-0.13480957095946827,0.23799685812953275,0
316,main,Oracle prospective estimator,0.6384934941572172,0.41615025307408354,-0.2223432410831337,0.10265718612888641,0.21494216826146617,0.6173583378867009,0
317,main,Structured EHR estimator,0.6280605987385486,1.3413796600143812,0.7133190612758327,0.1388405811940866,1.0692521208739716,1.613507199154791,0
317,main,Naive AI estimator,0.6280605987385486,0.1367112968163137,-0.4913493019222349,0.09029918345849468,-0.04027510276233587,0.31369769639496325,0
317,main,ISE causal estimator,0.6280605987385486,0.61442424690145,-0.013636351837098548,0.11214995494555294,0.39461033520816624,0.8342381585947338,1
317,main,Design erasure estimator,0.6280605987385486,0.9732633573368891,0.3452027585983405,0.1267109141777506,0.7249099655484978,1.2216167491252803,0
317,main,Post index leakage estimator,0.6280605987385486,0.1958377999497398,-0.43222279878880876,0.09544780174913103,0.00876010852144296,0.3829154913780366,0
317,main,Oracle prospective estimator,0.6280605987385486,0.6068055051712732,-0.021255093567275396,0.10945020853708808,0.39228309643858056,0.8213279139039658,1
318,main,Structured EHR estimator,0.6420888062031858,1.7250672730780363,1.0829784668748506,0.14156913341575983,1.447591771583147,2.0025427745729254,0
318,main,Naive AI estimator,0.6420888062031858,0.30633291363235915,-0.3357558925708266,0.09732727157391148,0.11557146134749266,0.49709436591722567,0
318,main,ISE causal estimator,0.6420888062031858,0.8866834312020436,0.24459462499885787,0.11611795695817306,0.6590922355640244,1.1142746268400627,0
318,main,Design erasure estimator,0.6420888062031858,1.2877651223870705,0.6456763161838848,0.13181254254544603,1.0294125389979962,1.5461177057761448,0
318,main,Post index leakage estimator,0.6420888062031858,0.34156178557224465,-0.3005270206309411,0.09958328316220849,0.146378550574316,0.5367450205701733,0
318,main,Oracle prospective estimator,0.6420888062031858,0.8705973897655584,0.2285085835623727,0.11357499026042277,0.6479904088551298,1.093204370675987,0
319,main,Structured EHR estimator,0.655577601308321,1.1328083673656417,0.47723076605732073,0.1305544907150726,0.8769215655640994,1.388695169167184,0
319,main,Naive AI estimator,0.655577601308321,0.0064006836263535176,-0.6491769176819675,0.09094945398740274,-0.17186024618895585,0.18466161344166288,0
319,main,ISE causal estimator,0.655577601308321,0.4221604740491862,-0.23341712725913477,0.10378553587957735,0.2187408237252146,0.6255801243731578,0
319,main,Design erasure estimator,0.655577601308321,0.8211328729664689,0.16555527165814787,0.12498957338597644,0.5761533091299551,1.0661124368029826,1
319,main,Post index leakage estimator,0.655577601308321,0.029579203778454348,-0.6259983975298666,0.1008878774560789,-0.1681610360354603,0.227319443592369,0
319,main,Oracle prospective estimator,0.655577601308321,0.421749932012298,-0.233827669296023,0.10299188924773948,0.2198858290867286,0.6236140349378674,0
320,main,Structured EHR estimator,0.6533003250359926,1.416576028940138,0.7632757039041453,0.13912156044945528,1.1438977704592055,1.6892542874210703,0
320,main,Naive AI estimator,0.6533003250359926,0.05188171197628363,-0.6014186130597089,0.10765690348502992,-0.159125818854375,0.26288924280694226,0
320,main,ISE causal estimator,0.6533003250359926,0.5707336742167737,-0.08256665081921888,0.12726779593441018,0.32128879418532974,0.8201785542482176,1
320,main,Design erasure estimator,0.6533003250359926,1.0280712593079069,0.3747709342719143,0.14573779246493862,0.7424251860766271,1.3137173325391867,0
320,main,Post index leakage estimator,0.6533003250359926,0.11211118323101325,-0.5411891418049793,0.11225556530103314,-0.10790972475901171,0.3321320912210382,0
320,main,Oracle prospective estimator,0.6533003250359926,0.5627960981728608,-0.09050422686313175,0.12879028383511845,0.31036714185602865,0.815225054489693,1
321,main,Structured EHR estimator,0.6391251253259473,1.549103028013588,0.9099779026876407,0.15051580242138105,1.254092055267681,1.844114000759495,0
321,main,Naive AI estimator,0.6391251253259473,0.24558130405334463,-0.3935438212726027,0.09956053336126305,0.05044265866526906,0.44071994944142023,0
321,main,ISE causal estimator,0.6391251253259473,0.7245011050624692,0.08537597973652189,0.11451674054019235,0.5000482936036922,0.9489539165212463,1
321,main,Design erasure estimator,0.6391251253259473,1.142684271704856,0.5035591463789086,0.13582743871419503,0.8764624918250337,1.4089060515846783,0
321,main,Post index leakage estimator,0.6391251253259473,0.25790469382800935,-0.381220431497938,0.10648208468179308,0.04919980785169489,0.4666095798043238,0
321,main,Oracle prospective estimator,0.6391251253259473,0.7153535618485268,0.07622843652257949,0.11394801902011036,0.4920154445691105,0.9386916791279432,1
322,main,Structured EHR estimator,0.658893887552612,1.606486261810044,0.9475923742574319,0.14001098272307322,1.3320647356728204,1.8809077879472675,0
322,main,Naive AI estimator,0.658893887552612,0.25955599703303245,-0.3993378905195796,0.09149438679554162,0.08022699891377089,0.438884995152294,0
322,main,ISE causal estimator,0.658893887552612,0.6733203061137923,0.01442641856118032,0.10853769763368323,0.4605864187517732,0.8860541934758115,1
322,main,Design erasure estimator,0.658893887552612,1.1422421799230005,0.48334829237038845,0.13142566778783876,0.8846478710588366,1.3998364887871644,0
322,main,Post index leakage estimator,0.658893887552612,0.30768849704980117,-0.35120539050281085,0.09453322751733922,0.12240337111581628,0.49297362298378605,0
322,main,Oracle prospective estimator,0.658893887552612,0.653051613077931,-0.005842274474680997,0.10773557419585285,0.44188988765405945,0.8642133385018026,1
323,main,Structured EHR estimator,0.648727936484851,1.0989157274757286,0.4501877909908776,0.13392667600793426,0.8364194425001774,1.3614120124512799,0
323,main,Naive AI estimator,0.648727936484851,0.035780427766112184,-0.6129475087187388,0.0870987140235346,-0.13493305172001563,0.20649390725223998,0
323,main,ISE causal estimator,0.648727936484851,0.47051466369474754,-0.17821327279010352,0.10320080118855673,0.2682410933651763,0.6727882340243188,1
323,main,Design erasure estimator,0.648727936484851,0.8556301767036638,0.20690224021881276,0.11903285079468555,0.6223257891460802,1.0889345642612476,1
323,main,Post index leakage estimator,0.648727936484851,0.049256782817403866,-0.5994711536674472,0.09452506629322623,-0.13601234711731952,0.23452591275212725,0
323,main,Oracle prospective estimator,0.648727936484851,0.44525554678756973,-0.20347238969728132,0.1036446204222171,0.2421120907600242,0.6483990028151152,0
324,main,Structured EHR estimator,0.6533802457312857,1.2342924253228904,0.5809121795916047,0.14465589260048792,0.9507668758259341,1.5178179748198466,0
324,main,Naive AI estimator,0.6533802457312857,0.0789738503635309,-0.5744063953677548,0.08850094090287369,-0.09448799380610153,0.25243569453316334,0
324,main,ISE causal estimator,0.6533802457312857,0.5590242540395086,-0.09435599169177711,0.10280270998574426,0.3575309424674499,0.7605175656115674,1
324,main,Design erasure estimator,0.6533802457312857,0.896983441410634,0.2436031956793483,0.12209688128190745,0.6576735540980955,1.1362933287231727,0
324,main,Post index leakage estimator,0.6533802457312857,0.05933501586292355,-0.5940452298683622,0.09850111870073686,-0.13372717679052068,0.25239720851636777,0
324,main,Oracle prospective estimator,0.6533802457312857,0.5576369980737218,-0.09574324765756392,0.1008528639492841,0.359965384733125,0.7553086114143186,1
325,main,Structured EHR estimator,0.6412247257107166,1.444212004856471,0.8029872791457544,0.14199380713726276,1.165904142867436,1.7225198668455062,0
325,main,Naive AI estimator,0.6412247257107166,0.04050417159888049,-0.6007205541118361,0.09913454073584835,-0.15379952824338228,0.23480787144114323,0
325,main,ISE causal estimator,0.6412247257107166,0.6016110003638526,-0.039613725346864026,0.11677981651228549,0.3727225599997731,0.8304994407279321,1
325,main,Design erasure estimator,0.6412247257107166,0.9640172690562365,0.3227925433455199,0.12983826432189424,0.7095342709853238,1.2185002671271492,0
325,main,Post index leakage estimator,0.6412247257107166,0.10253495592583496,-0.5386897697848817,0.10566762648457241,-0.10457359198392695,0.30964350383559686,0
325,main,Oracle prospective estimator,0.6412247257107166,0.5899878126462683,-0.05123691306444833,0.11638048925584094,0.3618820537048201,0.8180935715877166,1
326,main,Structured EHR estimator,0.6455222387647286,1.4208775014018584,0.7753552626371298,0.12382158046839194,1.1781872036838101,1.6635677991199067,0
326,main,Naive AI estimator,0.6455222387647286,0.21004519549594497,-0.4354770432687836,0.08812770372832761,0.03731489618842285,0.38277549480346706,0
326,main,ISE causal estimator,0.6455222387647286,0.7925244441834324,0.1470022054187038,0.10031718695672541,0.5959027577482505,0.9891461306186142,1
326,main,Design erasure estimator,0.6455222387647286,1.1006482520312548,0.45512601326652624,0.11183626588755259,0.8814491708916518,1.3198473331708578,0
326,main,Post index leakage estimator,0.6455222387647286,0.19408097700913424,-0.45144126175559435,0.0911048330328041,0.015515504264838192,0.3726464497534303,0
326,main,Oracle prospective estimator,0.6455222387647286,0.7769847701633767,0.13146253139864816,0.10052321698852223,0.5799592648658731,0.9740102754608804,1
327,main,Structured EHR estimator,0.6395205773727087,1.6872066413605553,1.0476860639878467,0.15423957058750645,1.3848970830090428,1.9895161997120678,0
327,main,Naive AI estimator,0.6395205773727087,0.25465180068194776,-0.38486877669076097,0.0912675366156055,0.07576742891536101,0.4335361724485345,0
327,main,ISE causal estimator,0.6395205773727087,0.7627097435415223,0.12318916616881359,0.12126399406453392,0.5250323151750358,1.0003871719080089,1
327,main,Design erasure estimator,0.6395205773727087,1.2153496120613492,0.5758290346886404,0.1402631732256619,0.9404337925390518,1.4902654315836465,0
327,main,Post index leakage estimator,0.6395205773727087,0.31484025375583485,-0.3246803236168739,0.09228092777576166,0.133969635315342,0.4957108721963277,0
327,main,Oracle prospective estimator,0.6395205773727087,0.7301656026914417,0.09064502531873297,0.11956479052132447,0.4958186132696457,0.9645125921132377,1
328,main,Structured EHR estimator,0.648347520680375,1.3889159613519386,0.7405684406715636,0.14796009106041474,1.0989141828735258,1.6789177398303514,0
328,main,Naive AI estimator,0.648347520680375,0.12363211897434337,-0.5247154017060317,0.09687106014551343,-0.06623515891086296,0.3134993968595497,0
328,main,ISE causal estimator,0.648347520680375,0.6614047055979044,0.013057184917529385,0.11509189633639512,0.43582458877857,0.8869848224172389,1
328,main,Design erasure estimator,0.648347520680375,1.0484084580408686,0.40006093736049353,0.1358325241180097,0.7821767107695696,1.3146402053121675,0
328,main,Post index leakage estimator,0.648347520680375,0.15198923195259298,-0.4963582887277821,0.11392378888964662,-0.0713013942711144,0.3752798581763004,0
328,main,Oracle prospective estimator,0.648347520680375,0.6505953481189778,0.0022478274386027453,0.11561474791527927,0.42399044220503046,0.8772002540329251,1
329,main,Structured EHR estimator,0.6548172462875601,1.5197492732663493,0.8649320269787892,0.1352136329341051,1.2547305527155035,1.7847679938171952,0
329,main,Naive AI estimator,0.6548172462875601,0.29421546920816005,-0.36060177707940005,0.09440584084765291,0.10918002114676034,0.47925091726955976,0
329,main,ISE causal estimator,0.6548172462875601,0.7369815224656414,0.08216427617808131,0.10732177688600675,0.5266308397690682,0.9473322051622146,1
329,main,Design erasure estimator,0.6548172462875601,1.0876392337725733,0.4328219874850132,0.12144079079059729,0.8496152838230027,1.325663183722144,0
329,main,Post index leakage estimator,0.6548172462875601,0.3448995634939985,-0.30991768279356163,0.09974873982461901,0.1493920334377452,0.5404070935502517,0
329,main,Oracle prospective estimator,0.6548172462875601,0.7141927434679667,0.05937549718040658,0.10834935517545287,0.5018280073240791,0.9265574796118543,1
330,main,Structured EHR estimator,0.6403729524444619,1.424365943950737,0.7839929915062751,0.13708918636383963,1.1556711386776113,1.6930607492238627,0
330,main,Naive AI estimator,0.6403729524444619,0.1670181209174202,-0.4733548315270417,0.0946653919540971,-0.018526047312610122,0.35256228914745047,0
330,main,ISE causal estimator,0.6403729524444619,0.5836305786957591,-0.056742373748702835,0.10621855966226885,0.37544220175771215,0.791818955633806,1
330,main,Design erasure estimator,0.6403729524444619,1.0078286193210766,0.3674556668766147,0.12874045267626702,0.7554973320755932,1.2601599065665599,0
330,main,Post index leakage estimator,0.6403729524444619,0.21134165820037806,-0.4290312942440838,0.10219483318276656,0.011039785162155591,0.41164353123860054,0
330,main,Oracle prospective estimator,0.6403729524444619,0.5746589052551132,-0.0657140471893487,0.10579225637338098,0.36730608276328647,0.7820117277469399,1
331,main,Structured EHR estimator,0.6278635386121724,1.4963341845028022,0.8684706458906298,0.12404754315996133,1.253200999909278,1.7394673690963265,0
331,main,Naive AI estimator,0.6278635386121724,0.2564537660535002,-0.3714097725586722,0.09519225903468659,0.06987693834551448,0.4430305937614859,0
331,main,ISE causal estimator,0.6278635386121724,0.8591269919539106,0.23126345334173826,0.1094114390100559,0.6446805714942011,1.0735734124136203,0
331,main,Design erasure estimator,0.6278635386121724,1.1207950518167413,0.49293151320456896,0.12020563666941139,0.885192003944695,1.3563980996887877,0
331,main,Post index leakage estimator,0.6278635386121724,0.24360495069829538,-0.384258587913877,0.09665468020397591,0.054161777498502595,0.43304812389808817,0
331,main,Oracle prospective estimator,0.6278635386121724,0.8314586276467364,0.20359508903456403,0.10792255528018314,0.6199304192975774,1.0429868359958954,1
332,main,Structured EHR estimator,0.647983628253011,1.3391210973382361,0.6911374690852251,0.14351379849678444,1.0578340522845386,1.6204081423919336,0
332,main,Naive AI estimator,0.647983628253011,0.2761627907533737,-0.37182083749963735,0.09548272323597633,0.08901665321086008,0.4633089282958873,0
332,main,ISE causal estimator,0.647983628253011,0.6480888460863059,0.00010521783329486833,0.11053806083327598,0.43143424685308496,0.8647434453195268,1
332,main,Design erasure estimator,0.647983628253011,1.0213671867043377,0.37338355845132665,0.12622121644425088,0.7739736024736059,1.2687607709350694,0
332,main,Post index leakage estimator,0.647983628253011,0.3291856514020362,-0.31879797685097483,0.09784711560590878,0.137405304814455,0.5209659979896174,0
332,main,Oracle prospective estimator,0.647983628253011,0.6415300110768877,-0.006453617176123361,0.10994361170477335,0.42604053213553195,0.8570194900182434,1
333,main,Structured EHR estimator,0.638599263550209,1.1746659488399762,0.5360666852897672,0.1424414566678251,0.8954806937710391,1.4538512039089133,0
333,main,Naive AI estimator,0.638599263550209,0.13627245092300633,-0.5023268126272027,0.08475278922587176,-0.029843015959702318,0.30238791780571495,0
333,main,ISE causal estimator,0.638599263550209,0.46016282017105437,-0.17843644337915465,0.10146849957169256,0.261284561010537,0.6590410793315717,1
333,main,Design erasure estimator,0.638599263550209,0.8638608337291587,0.22526157017894965,0.12184299757435031,0.6250485584834321,1.1026731089748854,1
333,main,Post index leakage estimator,0.638599263550209,0.19493659629653565,-0.44366266725367337,0.09050251626837069,0.017551664410529105,0.37232152818254216,0
333,main,Oracle prospective estimator,0.638599263550209,0.4577629929027074,-0.18083627064750163,0.10095259399700238,0.2598959086685827,0.6556300771368321,1
334,main,Structured EHR estimator,0.6407123346369412,1.3949512823597516,0.7542389477228104,0.14078356806054412,1.119015488961085,1.6708870757584182,0
334,main,Naive AI estimator,0.6407123346369412,0.08768131244917463,-0.5530310221877666,0.09981246732116784,-0.10795112350031436,0.28331374839866363,0
334,main,ISE causal estimator,0.6407123346369412,0.6725318866386875,0.03181955200174624,0.11472414040217935,0.44767257145041595,0.897391201826959,1
334,main,Design erasure estimator,0.6407123346369412,1.0603429938723175,0.41963065923537624,0.12364151016507602,0.8180056339487685,1.3026803537958664,0
334,main,Post index leakage estimator,0.6407123346369412,0.10419305662810664,-0.5365192780088346,0.1046815158704742,-0.10098271447802278,0.3093688277342361,0
334,main,Oracle prospective estimator,0.6407123346369412,0.6538386190226118,0.013126284385670539,0.11401267755686186,0.43037377101116253,0.8773034670340609,1
335,main,Structured EHR estimator,0.6432042012481961,1.1309015272582017,0.4876973260100056,0.13704534417366915,0.8622926526778102,1.3995104018385933,0
335,main,Naive AI estimator,0.6432042012481961,0.0500286001656584,-0.5931756010825378,0.08575569296210694,-0.1180525580400712,0.21810975837138802,0
335,main,ISE causal estimator,0.6432042012481961,0.49084511517961843,-0.15235908606857768,0.10239184347231749,0.2901571019738761,0.6915331283853607,1
335,main,Design erasure estimator,0.6432042012481961,0.7497899713214915,0.1065857700732954,0.12489730438612276,0.5049912547246909,0.9945886879182921,1
335,main,Post index leakage estimator,0.6432042012481961,0.0708263627127708,-0.5723778385354253,0.09481668291362423,-0.11501433579793267,0.25666706122347427,0
335,main,Oracle prospective estimator,0.6432042012481961,0.48063847876949056,-0.16256572247870554,0.10138389899484253,0.2819260367395992,0.679350920799382,1
336,main,Structured EHR estimator,0.6693540791572778,1.5127938591953998,0.8434397800381219,0.13758572582065878,1.2431258365869087,1.7824618818038909,0
336,main,Naive AI estimator,0.6693540791572778,0.09597034454110684,-0.573383734616171,0.08881260420934023,-0.07810235970920001,0.2700430487914137,0
336,main,ISE causal estimator,0.6693540791572778,0.7889723009586275,0.11961822180134962,0.10811156333623355,0.5770736368196097,1.0008709650976453,1
336,main,Design erasure estimator,0.6693540791572778,1.0982787088063013,0.42892462964902345,0.11886084847550284,0.8653114457943157,1.3312459718182867,0
336,main,Post index leakage estimator,0.6693540791572778,0.10478213683506346,-0.5645719423222144,0.0972838556073525,-0.08589422015534745,0.2954584938254744,0
336,main,Oracle prospective estimator,0.6693540791572778,0.7608629446990501,0.09150886554177229,0.10646783540061343,0.5521859873138478,0.9695399020842524,1
337,main,Structured EHR estimator,0.62924084742712,1.6264125185760907,0.9971716711489707,0.14401568028086326,1.3441417852255988,1.9086832519265826,0
337,main,Naive AI estimator,0.62924084742712,0.18867101809736095,-0.4405698293297591,0.10290101858776304,-0.01301497833465462,0.39035701452937654,0
337,main,ISE causal estimator,0.62924084742712,0.8691994644586619,0.23995861703154187,0.12135351225696324,0.631346580435014,1.1070523484823098,0
337,main,Design erasure estimator,0.62924084742712,1.2264788865154825,0.5972380390883625,0.13899733983400817,0.9540441004408265,1.4989136725901386,0
337,main,Post index leakage estimator,0.62924084742712,0.17684309066110138,-0.4523977567660187,0.10693541293133159,-0.03275031868430853,0.3864365000065113,0
337,main,Oracle prospective estimator,0.62924084742712,0.8543640798376746,0.22512323241055454,0.12140507298588366,0.6164101367853426,1.0923180228900065,1
338,main,Structured EHR estimator,0.6225895291540297,1.4071986640177752,0.7846091348637455,0.13068431849031598,1.151057399776756,1.6633399282587944,0
338,main,Naive AI estimator,0.6225895291540297,0.17608327114944525,-0.44650625800458443,0.07899064941593756,0.021261598294207623,0.33090494400468284,0
338,main,ISE causal estimator,0.6225895291540297,0.7258931488012994,0.10330361964726975,0.10306112962610459,0.5238933347341344,0.9278929628684645,1
338,main,Design erasure estimator,0.6225895291540297,1.0160146235368595,0.3934250943828298,0.11353803105670233,0.7934800826657229,1.238549164407996,0
338,main,Post index leakage estimator,0.6225895291540297,0.1918204130302971,-0.4307691161237326,0.08352925892456756,0.028103065538144678,0.3555377605224495,0
338,main,Oracle prospective estimator,0.6225895291540297,0.7082190282605956,0.08562949910656592,0.10285343585057014,0.5066262939934781,0.909811762527713,1
339,main,Structured EHR estimator,0.6592504724635089,1.4575429554876453,0.7982924830241365,0.14619159928668746,1.171007420885738,1.7440784900895527,0
339,main,Naive AI estimator,0.6592504724635089,0.18182122516362384,-0.477429247299885,0.08920862130698232,0.006972327401938511,0.3566701229253092,0
339,main,ISE causal estimator,0.6592504724635089,0.6297931834531469,-0.02945728901036193,0.1119245321208866,0.4104211004962092,0.8491652664100846,1
339,main,Design erasure estimator,0.6592504724635089,1.052131387184923,0.39288091472141407,0.1270809715705895,0.8030526829065675,1.3012100914632785,0
339,main,Post index leakage estimator,0.6592504724635089,0.21001085436860245,-0.4492396180949064,0.09256562493948378,0.028582229487214256,0.3914394792499907,0
339,main,Oracle prospective estimator,0.6592504724635089,0.6080155209820896,-0.05123495148141932,0.10998438394048043,0.39244612845874793,0.8235849135054312,1
340,main,Structured EHR estimator,0.6553251109202,1.4559988809518356,0.8006737700316356,0.15188702087965425,1.1583003200277133,1.7536974418759579,0
340,main,Naive AI estimator,0.6553251109202,0.02300831022179882,-0.6323168006984011,0.09539857887288253,-0.16397290436905093,0.2099895248126486,0
340,main,ISE causal estimator,0.6553251109202,0.6460507992827121,-0.00927431163748782,0.11767551586160178,0.41540678819397264,0.8766948103714516,1
340,main,Design erasure estimator,0.6553251109202,0.9316048500190194,0.2762797390988194,0.14050138923450337,0.6562221271193929,1.206987572918646,0
340,main,Post index leakage estimator,0.6553251109202,0.007947986062805655,-0.6473771248573943,0.10314197012454074,-0.19421027538129418,0.2101062475069055,0
340,main,Oracle prospective estimator,0.6553251109202,0.646198523187689,-0.00912658773251096,0.11690618514391238,0.41706240030562075,0.8753346460697573,1
341,main,Structured EHR estimator,0.633884309211058,1.246719052857747,0.612834743646689,0.13811633820348168,0.9760110299789229,1.517427075736571,0
341,main,Naive AI estimator,0.633884309211058,0.1927772620401077,-0.4411070471709503,0.09163448678013719,0.013173667951038803,0.3723808561291766,0
341,main,ISE causal estimator,0.633884309211058,0.6674307523391759,0.03354644312811794,0.10177679364653648,0.4679482367919644,0.8669132678863875,1
341,main,Design erasure estimator,0.633884309211058,0.8993099340544073,0.2654256248433493,0.12291497566646775,0.6583965817481305,1.140223286360684,0
341,main,Post index leakage estimator,0.633884309211058,0.1815730142852828,-0.45231129492577515,0.09926242805807751,-0.012981344708549114,0.3761273732791147,0
341,main,Oracle prospective estimator,0.633884309211058,0.6638016664461246,0.02991735723506661,0.10162755545283292,0.46461165775857205,0.8629916751336771,1
342,main,Structured EHR estimator,0.6565918381502549,1.626968108258259,0.9703762701080041,0.13918333901806312,1.3541687637828552,1.8997674527336628,0
342,main,Naive AI estimator,0.6565918381502549,0.06258748018672906,-0.5940043579635258,0.0936919019265292,-0.12104864758926816,0.2462236079627263,0
342,main,ISE causal estimator,0.6565918381502549,0.623457965584126,-0.033133872566128875,0.10741241582327193,0.412929630570513,0.833986300597739,1
342,main,Design erasure estimator,0.6565918381502549,1.1707756661325392,0.5141838279822843,0.11870703340661033,0.938109880655583,1.4034414516094955,0
342,main,Post index leakage estimator,0.6565918381502549,0.0851020482577795,-0.5714897898924753,0.09773134107533867,-0.10645138024988426,0.2766554767654433,0
342,main,Oracle prospective estimator,0.6565918381502549,0.6295964363658866,-0.026995401784368322,0.10609951507537249,0.4216413868181565,0.8375514859136166,1
343,main,Structured EHR estimator,0.6553585032461673,1.1622534612831692,0.5068949580370019,0.1451323207194141,0.8777941126731176,1.4467128098932207,0
343,main,Naive AI estimator,0.6553585032461673,0.11847462112224118,-0.5368838821239261,0.09844008004493104,-0.07446793576582365,0.311417178010306,0
343,main,ISE causal estimator,0.6553585032461673,0.647941902914196,-0.007416600331971335,0.10788375461878291,0.43648974386138145,0.8593940619670104,1
343,main,Design erasure estimator,0.6553585032461673,0.9494179575010838,0.29405945425491653,0.12644506052064058,0.7015856388806283,1.1972502761215393,0
343,main,Post index leakage estimator,0.6553585032461673,0.052423959052378996,-0.6029345441937883,0.10230017814427682,-0.14808439011040359,0.25293230821516155,0
343,main,Oracle prospective estimator,0.6553585032461673,0.6528014231845097,-0.0025570800616575573,0.10836435254492927,0.44040729219644836,0.8651955541725711,1
344,main,Structured EHR estimator,0.6469482890362755,1.488056888400626,0.8411085993643505,0.14749515378514577,1.1989663869817404,1.7771473898195116,0
344,main,Naive AI estimator,0.6469482890362755,0.15480073311305242,-0.4921475559232231,0.0997966164495922,-0.0408006351281483,0.35040210135425315,0
344,main,ISE causal estimator,0.6469482890362755,0.6999723403734747,0.05302405133719912,0.12217278857945753,0.4605136747577379,0.9394310059892115,1
344,main,Design erasure estimator,0.6469482890362755,0.9934729145117027,0.3465246254754272,0.13487282469047815,0.7291221781183655,1.2578236509050398,0
344,main,Post index leakage estimator,0.6469482890362755,0.18924457456359037,-0.4577037144726852,0.10412400694304873,-0.014838479044785136,0.39332762817196587,0
344,main,Oracle prospective estimator,0.6469482890362755,0.6621630620342737,0.015214772997998116,0.12109951503585904,0.4248080125639899,0.8995181115045574,1
345,main,Structured EHR estimator,0.626106691225101,1.3939304630470595,0.7678237718219585,0.14112447631922537,1.1173264894613777,1.6705344366327413,0
345,main,Naive AI estimator,0.626106691225101,0.25630066237703053,-0.36980602884807046,0.0939024905990239,0.07225178080294367,0.44034954395111736,0
345,main,ISE causal estimator,0.626106691225101,0.6548342714313875,0.028727580206286518,0.11530308660254138,0.4288402216904064,0.8808283211723686,1
345,main,Design erasure estimator,0.626106691225101,0.9833818298798565,0.35727513865475546,0.12927274071983028,0.7300072580689891,1.2367564016907238,0
345,main,Post index leakage estimator,0.626106691225101,0.31669566012211653,-0.30941103110298446,0.10012412498647073,0.12045237514863388,0.5129389450955992,0
345,main,Oracle prospective estimator,0.626106691225101,0.6417220777304804,0.015615386505379414,0.11436693986886687,0.4175628755875014,0.8658812798734594,1
346,main,Structured EHR estimator,0.6202473213275229,1.4274301228452815,0.8071828015177586,0.1415321790540907,1.1500270518992637,1.7048331937912993,0
346,main,Naive AI estimator,0.6202473213275229,0.12557912689517353,-0.4946681944323494,0.09286492900446192,-0.05643613395357183,0.3075943877439189,0
346,main,ISE causal estimator,0.6202473213275229,0.647684113804604,0.027436792477081084,0.10633570024923514,0.43926614131610314,0.8561020862931048,1
346,main,Design erasure estimator,0.6202473213275229,0.9912064297152949,0.370959108387772,0.13016389226352365,0.7360852008787886,1.2463276585518013,0
346,main,Post index leakage estimator,0.6202473213275229,0.15138247795769227,-0.46886484336983064,0.10348431191522516,-0.05144677339614903,0.35421172931153355,0
346,main,Oracle prospective estimator,0.6202473213275229,0.6386285544042312,0.018381233076708248,0.10484110889765486,0.43313998096482764,0.8441171278436347,1
347,main,Structured EHR estimator,0.6490834875365615,1.6674593572489496,1.0183758697123881,0.13338656514090327,1.406021689572779,1.92889702492512,0
347,main,Naive AI estimator,0.6490834875365615,0.21669891310133507,-0.4323845744352265,0.09356856168796328,0.03330453219292706,0.4000932940097431,0
347,main,ISE causal estimator,0.6490834875365615,0.8593036682213583,0.21022018068479675,0.10734339358322012,0.6489106167982468,1.0696967196444698,1
347,main,Design erasure estimator,0.6490834875365615,1.1308317770198408,0.4817482894832793,0.13269033200948382,0.8707587262812526,1.390904827758429,0
347,main,Post index leakage estimator,0.6490834875365615,0.21360915459222768,-0.43547433294433385,0.09706876983819482,0.023354365709365832,0.4038639434750895,0
347,main,Oracle prospective estimator,0.6490834875365615,0.8253516244362378,0.17626813689967624,0.10754475267461408,0.6145639091939942,1.0361393396784813,1
348,main,Structured EHR estimator,0.6313134377761292,1.5276656219459832,0.896352184169854,0.12872331292548048,1.2753679286120414,1.779963315279925,0
348,main,Naive AI estimator,0.6313134377761292,0.2530666061178542,-0.37824683165827505,0.09531483875457483,0.06624952215888752,0.4398836900768209,0
348,main,ISE causal estimator,0.6313134377761292,0.7635677521468257,0.13225431437069646,0.10738871007684664,0.5530858803962063,0.9740496238974451,1
348,main,Design erasure estimator,0.6313134377761292,1.186011020851916,0.5546975830757866,0.11898474028257618,0.9528009298980666,1.4192211118057652,0
348,main,Post index leakage estimator,0.6313134377761292,0.27187440409713926,-0.35943903367899,0.10153951167887387,0.07285696120654647,0.470891846987732,0
348,main,Oracle prospective estimator,0.6313134377761292,0.7343083439934116,0.10299490621728236,0.10716027062182186,0.5242742135746408,0.9443424744121824,1
349,main,Structured EHR estimator,0.647326850601375,1.5008035751405282,0.8534767245391532,0.1474225797236885,1.2118553188820989,1.7897518313989575,0
349,main,Naive AI estimator,0.647326850601375,0.11546375565458195,-0.5318630949467931,0.10047567618471816,-0.08146856966746563,0.3123960809766295,0
349,main,ISE causal estimator,0.647326850601375,0.5945957832477907,-0.05273106735358424,0.12185436725299288,0.3557612234319247,0.8334303430636567,1
349,main,Design erasure estimator,0.647326850601375,0.9261832120495341,0.2788563614481592,0.13706465866388215,0.6575364810683251,1.1948299430307432,0
349,main,Post index leakage estimator,0.647326850601375,0.1515404015751832,-0.49578644902619173,0.10304834660570181,-0.050434357771992344,0.35351516092235874,0
349,main,Oracle prospective estimator,0.647326850601375,0.5893102618573316,-0.05801658874404336,0.11935303532417424,0.3553783126219501,0.8232422110927131,1
350,main,Structured EHR estimator,0.6372848221786916,1.1865521968362256,0.549267374657534,0.13121386362516138,0.9293730241309093,1.443731369541542,0
350,main,Naive AI estimator,0.6372848221786916,0.18496056537657515,-0.4523242568021165,0.09793171065710951,-0.006985587511359498,0.37690671826450983,0
350,main,ISE causal estimator,0.6372848221786916,0.6323579377535755,-0.004926884425116129,0.10742263866178998,0.4218095659764671,0.8429063095306839,1
350,main,Design erasure estimator,0.6372848221786916,0.9468505256093723,0.3095657034306807,0.1272188923561328,0.6975014965913521,1.1961995546273925,0
350,main,Post index leakage estimator,0.6372848221786916,0.16969067045264954,-0.46759415172604213,0.09918201274767685,-0.02470607453279708,0.3640874154380962,0
350,main,Oracle prospective estimator,0.6372848221786916,0.6122024589729635,-0.025082363205728098,0.10757598363731423,0.40135353104382765,0.8230513869020994,1
351,main,Structured EHR estimator,0.6422156618404288,1.2701983589837273,0.6279826971432986,0.14507479215849778,0.9858517663530717,1.554544951614383,0
351,main,Naive AI estimator,0.6422156618404288,0.1461772537633254,-0.49603840807710337,0.09902866650028445,-0.04791893257723212,0.34027344010388294,0
351,main,ISE causal estimator,0.6422156618404288,0.5950736825561358,-0.04714197928429298,0.10717659120578558,0.38500756379279605,0.8051398013194755,1
351,main,Design erasure estimator,0.6422156618404288,1.006882202154591,0.3646665403141621,0.12356264626718849,0.7646994154709015,1.2490649888382803,0
351,main,Post index leakage estimator,0.6422156618404288,0.13693340987092714,-0.5052822519695016,0.10918199637774272,-0.07706330302944858,0.35093012277130287,0
351,main,Oracle prospective estimator,0.6422156618404288,0.5353135097641062,-0.10690215207632259,0.10686268658318153,0.3258626440610704,0.744764375467142,1
352,main,Structured EHR estimator,0.6202380581589116,1.1746686444531158,0.5544305862942042,0.12923864518492523,0.9213608998906624,1.4279763890155692,0
352,main,Naive AI estimator,0.6202380581589116,-0.033221298083784045,-0.6534593562426957,0.0888305382826379,-0.20732915311775432,0.14088655695018623,0
352,main,ISE causal estimator,0.6202380581589116,0.5715964446042252,-0.048641613554686436,0.10372006762619883,0.3683051120568755,0.774887777151575,1
352,main,Design erasure estimator,0.6202380581589116,0.8767517629157285,0.2565137047568169,0.12065111954587893,0.6402755686058058,1.1132279572256512,0
352,main,Post index leakage estimator,0.6202380581589116,-0.06995460063489595,-0.6901926587938076,0.09345032901605445,-0.25311724550636266,0.11320804423657077,0
352,main,Oracle prospective estimator,0.6202380581589116,0.5168216031332054,-0.10341645502570629,0.10351907657810624,0.3139242130401171,0.7197189932262936,1
353,main,Structured EHR estimator,0.6369173525852816,1.2809337419766404,0.6440163893913589,0.1308249254771016,1.0245168880415214,1.5373505959117595,0
353,main,Naive AI estimator,0.6369173525852816,0.10815562596421946,-0.5287617266210621,0.07964898558176237,-0.04795638577603478,0.2642676377044737,0
353,main,ISE causal estimator,0.6369173525852816,0.507104532434233,-0.12981282015104856,0.10243500912937548,0.3063319145406571,0.707877150327809,1
353,main,Design erasure estimator,0.6369173525852816,0.8140022304828348,0.17708487789755323,0.11087787271233016,0.5966815999666677,1.031322860999002,1
353,main,Post index leakage estimator,0.6369173525852816,0.15264650218599565,-0.48427085039928597,0.08345077044742115,-0.010917007890949793,0.3162100122629411,0
353,main,Oracle prospective estimator,0.6369173525852816,0.4902951873007056,-0.146622165284576,0.10095247307137159,0.2924283400808173,0.6881620345205939,1
354,main,Structured EHR estimator,0.6417686791897327,1.7157936783685517,1.0740249991788189,0.13285435938244738,1.455399133978955,1.9761882227581484,0
354,main,Naive AI estimator,0.6417686791897327,0.35130754696114963,-0.29046113222858305,0.10072353107084567,0.1538894260622921,0.5487256678600072,0
354,main,ISE causal estimator,0.6417686791897327,0.8670722317560093,0.22530355256627665,0.1153470673523467,0.6409919797454098,1.093152483766609,1
354,main,Design erasure estimator,0.6417686791897327,1.2995171744377394,0.6577484952480067,0.12538879444218717,1.0537551373310525,1.5452792115444263,0
354,main,Post index leakage estimator,0.6417686791897327,0.40792110285688343,-0.23384757633284925,0.10826096041426575,0.19572962044492256,0.6201125852688443,0
354,main,Oracle prospective estimator,0.6417686791897327,0.8211923610473169,0.17942368185758417,0.11264285672107761,0.6004123618740047,1.041972360220629,1
355,main,Structured EHR estimator,0.6602148731348336,1.6209632063003123,0.9607483331654787,0.137857476378699,1.3507625525980622,1.8911638600025624,0
355,main,Naive AI estimator,0.6602148731348336,0.38386878994709606,-0.27634608318773757,0.09324787175522409,0.20110296130685684,0.5666346185873352,0
355,main,ISE causal estimator,0.6602148731348336,0.8136758505032862,0.15346097736845254,0.1021797598421577,0.6134035212126571,1.0139481797939152,1
355,main,Design erasure estimator,0.6602148731348336,1.0915741744297978,0.43135930129496414,0.11656045031074411,0.8631156918207393,1.320032657038856,0
355,main,Post index leakage estimator,0.6602148731348336,0.43896893216185545,-0.22124594097297817,0.10172198865516124,0.23959383439773943,0.6383440299259715,0
355,main,Oracle prospective estimator,0.6602148731348336,0.8039416298264149,0.1437267566915813,0.10261994717253267,0.6028065333682509,1.005076726284579,1
356,main,Structured EHR estimator,0.6402058648167654,1.3324502397236424,0.692244374906877,0.14954190338937642,1.0393481090804646,1.6255523703668202,0
356,main,Naive AI estimator,0.6402058648167654,0.13184727609537172,-0.5083585887213937,0.09165609797790156,-0.047798675941315316,0.31149322813205876,0
356,main,ISE causal estimator,0.6402058648167654,0.6119468025442393,-0.02825906227252617,0.10773572964532387,0.40078477243940447,0.8231088326490741,1
356,main,Design erasure estimator,0.6402058648167654,0.9247002295664942,0.2844943647497288,0.1199297028881786,0.6896380119056642,1.1597624472273242,0
356,main,Post index leakage estimator,0.6402058648167654,0.17254158064622757,-0.46766428417053785,0.0957430747069968,-0.015114845779486158,0.3601980070719413,0
356,main,Oracle prospective estimator,0.6402058648167654,0.594471087409514,-0.045734777407251404,0.10764785009255246,0.3834813012281112,0.8054608735909169,1
357,main,Structured EHR estimator,0.6279441320054893,1.1728656521699699,0.5449215201644806,0.1360397982540244,0.9062276475920821,1.4395036567478576,0
357,main,Naive AI estimator,0.6279441320054893,-0.00015267794246620706,-0.6280968099479555,0.08935658162757268,-0.17529157793250866,0.17498622204757625,0
357,main,ISE causal estimator,0.6279441320054893,0.5151751978078,-0.1127689341976893,0.10080901001808833,0.31758953817234686,0.7127608574432531,1
357,main,Design erasure estimator,0.6279441320054893,0.7852042064493765,0.15726007444388723,0.12114718330982403,0.5477557271621214,1.0226526857366316,1
357,main,Post index leakage estimator,0.6279441320054893,-0.02961692406900123,-0.6575610560744904,0.10330123127671435,-0.23208733737136136,0.1728534892333589,0
357,main,Oracle prospective estimator,0.6279441320054893,0.5242877499223121,-0.10365638208317718,0.09990614164877545,0.3284717122907122,0.720103787553912,1
358,main,Structured EHR estimator,0.6324862195833945,1.3319408622807665,0.699454642697372,0.12862175747835872,1.0798422176231834,1.5840395069383495,0
358,main,Naive AI estimator,0.6324862195833945,0.041990727128872876,-0.5904954924545216,0.09327893864907033,-0.14083599262330498,0.2248174468810507,0
358,main,ISE causal estimator,0.6324862195833945,0.552680037146372,-0.07980618243702242,0.11155505468282328,0.33403212996803844,0.7713279443247056,1
358,main,Design erasure estimator,0.6324862195833945,0.9903606541198113,0.3578744345364169,0.12582445516869933,0.7437447219891606,1.236976586250462,0
358,main,Post index leakage estimator,0.6324862195833945,0.10895508792099727,-0.5235311316623972,0.09941005096505005,-0.08588861197050084,0.30379878781249536,0
358,main,Oracle prospective estimator,0.6324862195833945,0.5560093549839924,-0.07647686459940206,0.11094912939679426,0.33854906136627566,0.7734696486017092,1
359,main,Structured EHR estimator,0.6501955653195258,1.3189663911298113,0.6687708258102855,0.13256350382345825,1.059141923635833,1.5787908586237895,0
359,main,Naive AI estimator,0.6501955653195258,0.16458140760258597,-0.48561415771693983,0.08370905396427769,0.0005116618326017064,0.3286511533725702,0
359,main,ISE causal estimator,0.6501955653195258,0.6467120414020088,-0.0034835239175170507,0.10384661671352209,0.44317267264350546,0.8502514101605121,1
359,main,Design erasure estimator,0.6501955653195258,1.0956771672530525,0.4454816019335267,0.11868850431739124,0.8630476987909657,1.3283066357151394,0
359,main,Post index leakage estimator,0.6501955653195258,0.1741727073063807,-0.47602285801314514,0.09267689690821325,-0.0074740106337172485,0.3558194252464787,0
359,main,Oracle prospective estimator,0.6501955653195258,0.6250070714959512,-0.025188493823574576,0.10424259451530737,0.4206915862459488,0.8293225567459537,1
360,main,Structured EHR estimator,0.6506882057444651,1.615632939800414,0.9649447340559488,0.12672189575663703,1.3672580241174053,1.8640078554834225,0
360,main,Naive AI estimator,0.6506882057444651,0.21806461931815788,-0.43262358642630716,0.09784820330752111,0.026282140835416495,0.40984709780089923,0
360,main,ISE causal estimator,0.6506882057444651,0.8274027268836511,0.17671452113918606,0.1064133367322828,0.6188325868883768,1.0359728668789254,1
360,main,Design erasure estimator,0.6506882057444651,1.1587336653213591,0.5080454595768941,0.12092641141618392,0.9217178989456387,1.3957494316970795,0
360,main,Post index leakage estimator,0.6506882057444651,0.2432828040480078,-0.4074054016964572,0.1022340309031321,0.04290410347786891,0.4436615046181467,0
360,main,Oracle prospective estimator,0.6506882057444651,0.8142672654252948,0.16357905968082975,0.1054459636948401,0.6075931765834082,1.0209413542671815,1
361,main,Structured EHR estimator,0.6550529519379894,1.3407303251563578,0.6856773732183684,0.1366990110760161,1.0728002634473663,1.6086603868653493,0
361,main,Naive AI estimator,0.6550529519379894,0.10914125376875249,-0.5459116981692369,0.09224262054656684,-0.07165428250251853,0.2899367900400235,0
361,main,ISE causal estimator,0.6550529519379894,0.6610832448314417,0.006030292893452249,0.10684748235758246,0.45166217941058007,0.8705043102523032,1
361,main,Design erasure estimator,0.6550529519379894,1.1047415037175075,0.44968855177951805,0.12572406581661705,0.8583223347169381,1.351160672718077,0
361,main,Post index leakage estimator,0.6550529519379894,0.1307504561459194,-0.52430249579207,0.09541067196387772,-0.05625446090328093,0.3177553731951197,0
361,main,Oracle prospective estimator,0.6550529519379894,0.6583858274071472,0.0033328754691578366,0.10589604314535152,0.45082958284225827,0.8659420719720362,1
362,main,Structured EHR estimator,0.6372166863820813,1.706095541402927,1.068878855020846,0.13908591610141402,1.4334871458441556,1.9787039369616986,0
362,main,Naive AI estimator,0.6372166863820813,0.17079706688779178,-0.4664196194942895,0.0921183458653226,-0.009754891008240507,0.35134902478382407,0
362,main,ISE causal estimator,0.6372166863820813,0.7732731593602971,0.13605647297821577,0.11662915901141875,0.5446800076979164,1.0018663110226778,1
362,main,Design erasure estimator,0.6372166863820813,1.0692439107744196,0.4320272243923383,0.12841799453121,0.817544641493248,1.320943180055591,0
362,main,Post index leakage estimator,0.6372166863820813,0.2429996307478993,-0.39421705563418197,0.0971188165571411,0.05264675029590274,0.4333525111998958,0
362,main,Oracle prospective estimator,0.6372166863820813,0.7631659850850301,0.1259492987029488,0.11358043581281244,0.5405483308919177,0.9857836392781425,1
363,main,Structured EHR estimator,0.6536606174046243,1.3420427861836297,0.6883821687790054,0.14707515852576908,1.0537754754731223,1.630310096894137,0
363,main,Naive AI estimator,0.6536606174046243,0.04809234185417593,-0.6055682755504485,0.09629563268544494,-0.14064709820929616,0.23683178191764803,0
363,main,ISE causal estimator,0.6536606174046243,0.6677986160906629,0.0141379986860386,0.11795401113830536,0.43660875425958445,0.8989884779217414,1
363,main,Design erasure estimator,0.6536606174046243,1.0257562036780357,0.3720955862734113,0.13356439581668186,0.7639699878773392,1.2875424194787322,0
363,main,Post index leakage estimator,0.6536606174046243,0.05191507010915993,-0.6017455472954644,0.10323033030522417,-0.15041637728907944,0.2542465175073993,0
363,main,Oracle prospective estimator,0.6536606174046243,0.6490556676248994,-0.004604949779724921,0.11631720279817832,0.4210739501404699,0.8770373851093289,1
364,main,Structured EHR estimator,0.6187105017155162,1.236423957715541,0.6177134560000247,0.12724306776012395,0.987027544905698,1.4858203705253838,0
364,main,Naive AI estimator,0.6187105017155162,0.16174847676644752,-0.4569620249490687,0.08908369895802355,-0.01285557319127864,0.3363525267241737,0
364,main,ISE causal estimator,0.6187105017155162,0.6701566516090576,0.05144614989354135,0.10226718533093532,0.46971296836042437,0.8706003348576907,1
364,main,Design erasure estimator,0.6187105017155162,0.9932926777210598,0.37458217600554355,0.11445827070595199,0.7689544671373939,1.2176308883047258,0
364,main,Post index leakage estimator,0.6187105017155162,0.12254173902858886,-0.49616876268692733,0.09712657224146186,-0.06782634256467637,0.31290982062185413,0
364,main,Oracle prospective estimator,0.6187105017155162,0.6572457228890115,0.03853522117349528,0.10153974565257089,0.45822782140997254,0.8562636243680505,1
365,main,Structured EHR estimator,0.6332287451627091,1.4079334962449608,0.7747047510822517,0.14073165413801292,1.1320994541344556,1.683767538355466,0
365,main,Naive AI estimator,0.6332287451627091,0.07213617794992062,-0.5610925672127884,0.09159493984245941,-0.1073899041412998,0.25166226004114106,0
365,main,ISE causal estimator,0.6332287451627091,0.6948373395882826,0.06160859442557354,0.10316932577336284,0.4926254610724915,0.8970492181040738,1
365,main,Design erasure estimator,0.6332287451627091,0.999604480277355,0.36637573511464594,0.12534380409553417,0.753930624250108,1.245278336304602,0
365,main,Post index leakage estimator,0.6332287451627091,0.06189629988886864,-0.5713324452738404,0.09703326850599607,-0.12828890638288365,0.2520815061606209,0
365,main,Oracle prospective estimator,0.6332287451627091,0.6798468008254179,0.046618055662708824,0.10330854088866187,0.4773620606836407,0.8823315409671952,1
366,main,Structured EHR estimator,0.6549725597694236,1.3370005085317702,0.6820279487623466,0.15376096246532625,1.0356290220997308,1.6383719949638096,0
366,main,Naive AI estimator,0.6549725597694236,0.028422464038929472,-0.6265500957304941,0.10071291121084693,-0.1689748419343305,0.22581977001218945,0
366,main,ISE causal estimator,0.6549725597694236,0.6814305100025365,0.026457950233112926,0.11872372250721512,0.4487320138883949,0.9141290061166781,1
366,main,Design erasure estimator,0.6549725597694236,0.9949095866117649,0.3399370268423413,0.13401732764187027,0.7322356244336992,1.2575835487898306,0
366,main,Post index leakage estimator,0.6549725597694236,0.022251341192477184,-0.6327212185769464,0.10528170020570646,-0.18410079121070747,0.22860347359566183,0
366,main,Oracle prospective estimator,0.6549725597694236,0.6734233512507284,0.018450791481304796,0.11919928238485177,0.4397927577764189,0.9070539447250379,1
367,main,Structured EHR estimator,0.6490990126308865,1.326853384953202,0.6777543723223155,0.14137670245550094,1.0497550481404203,1.6039517217659838,0
367,main,Naive AI estimator,0.6490990126308865,0.18054982686997112,-0.4685491857609154,0.0912531207943755,0.0016937101129951282,0.3594059436269471,0
367,main,ISE causal estimator,0.6490990126308865,0.6829373228403082,0.03383831020942163,0.12148712641772409,0.444822555061569,0.9210520906190474,1
367,main,Design erasure estimator,0.6490990126308865,0.9523064195134968,0.3032074068826103,0.133874818303256,0.6899117756391151,1.2147010633878785,0
367,main,Post index leakage estimator,0.6490990126308865,0.22843192231780504,-0.42066709031308147,0.09375100662927863,0.04467994932441893,0.41218389531119115,0
367,main,Oracle prospective estimator,0.6490990126308865,0.661226531214729,0.012127518583842423,0.11944606138490178,0.42711225090032146,0.8953408115291365,1
368,main,Structured EHR estimator,0.639278246789308,1.2108070200054903,0.5715287732161823,0.13084107342077012,0.9543585161007809,1.4672555239101999,0
368,main,Naive AI estimator,0.639278246789308,0.08663642293183878,-0.5526418238574692,0.09562189928031548,-0.10078249965757956,0.2740553455212571,0
368,main,ISE causal estimator,0.639278246789308,0.5178989999999107,-0.12137924678939727,0.10433165121365348,0.3134089636211499,0.7223890363786716,1
368,main,Design erasure estimator,0.639278246789308,0.8828904135657949,0.2436121667764869,0.1255827188692168,0.63674828458213,1.1290325425494598,1
368,main,Post index leakage estimator,0.639278246789308,0.16892702710196292,-0.47035121968734506,0.10224561855299348,-0.0314743852619043,0.36932843946583016,0
368,main,Oracle prospective estimator,0.639278246789308,0.504386362591652,-0.13489188419765596,0.10324217134138204,0.3020317067625432,0.7067410184207609,1
369,main,Structured EHR estimator,0.6343125326507688,1.4961578434901868,0.861845310839418,0.15669963476397697,1.1890265593527918,1.8032891276275818,0
369,main,Naive AI estimator,0.6343125326507688,0.12152079648710114,-0.5127917361636677,0.10527286157218177,-0.08481401219437514,0.3278556051685774,0
369,main,ISE causal estimator,0.6343125326507688,0.8409628197850268,0.20665028713425804,0.125739898721492,0.5945126182909025,1.087413021279151,1
369,main,Design erasure estimator,0.6343125326507688,1.1891828124473363,0.5548702797965674,0.14187614454158215,0.9111055691458352,1.4672600557488373,0
369,main,Post index leakage estimator,0.6343125326507688,0.09559213181812837,-0.5387204008326405,0.11010250469777519,-0.120208777389511,0.3113930410257677,0
369,main,Oracle prospective estimator,0.6343125326507688,0.8453822822353895,0.21106974958462066,0.12462572843477378,0.6011158545032329,1.089648709967546,1
370,main,Structured EHR estimator,0.6312655373551873,1.3459441736455011,0.7146786362903138,0.15643450459491118,1.0393325446394752,1.652555802651527,0
370,main,Naive AI estimator,0.6312655373551873,0.14555697155788982,-0.4857085657972975,0.10031632109081416,-0.05106301778010594,0.34217696089588556,0
370,main,ISE causal estimator,0.6312655373551873,0.6249924939726962,-0.006273043382491128,0.10395233400899516,0.42124591931506566,0.8287390686303266,1
370,main,Design erasure estimator,0.6312655373551873,1.0038521305981778,0.3725865932429905,0.13327401798290286,0.7426350553516882,1.2650692058446675,0
370,main,Post index leakage estimator,0.6312655373551873,0.11287683690065224,-0.5183887004545351,0.11045044592569189,-0.10360603711370385,0.3293597109150083,0
370,main,Oracle prospective estimator,0.6312655373551873,0.6150716345866122,-0.01619390276857513,0.10521106875094939,0.4088579398347514,0.821285329338473,1
371,main,Structured EHR estimator,0.6381661039678829,1.277291134047494,0.6391250300796111,0.13961912742975552,1.003637644285173,1.5509446238098148,0
371,main,Naive AI estimator,0.6381661039678829,-0.08308970907237703,-0.7212558130402599,0.09764662205826401,-0.27447708830657447,0.10829767016182043,0
371,main,ISE causal estimator,0.6381661039678829,0.41279096339579835,-0.22537514057208452,0.1090219206860496,0.19910799885114114,0.6264739279404555,0
371,main,Design erasure estimator,0.6381661039678829,0.748150275462543,0.10998417149466011,0.13681373113904907,0.4799953624300068,1.0163051884950791,1
371,main,Post index leakage estimator,0.6381661039678829,-0.03891787687619215,-0.6770839808440751,0.10106044561363378,-0.23699635027891436,0.15916059652653008,0
371,main,Oracle prospective estimator,0.6381661039678829,0.4095504606806103,-0.22861564328727257,0.10754354398272581,0.1987651144744677,0.6203358068867528,0
372,main,Structured EHR estimator,0.6434875586348014,1.5252708734820102,0.8817833148472087,0.1492235932347849,1.2327926307418318,1.8177491162221886,0
372,main,Naive AI estimator,0.6434875586348014,0.1399362230384065,-0.503551335596395,0.1064787384834684,-0.06876210438919156,0.34863455046600456,0
372,main,ISE causal estimator,0.6434875586348014,0.7107102010634432,0.06722264242864173,0.11755069137450681,0.48031084596940987,0.9411095561574765,1
372,main,Design erasure estimator,0.6434875586348014,1.1438865697930303,0.5003990111582288,0.1359479357015044,0.8774286158180816,1.410344523767979,0
372,main,Post index leakage estimator,0.6434875586348014,0.1624117775098831,-0.48107578112491833,0.11249480541219477,-0.058078041098018646,0.38290159611778485,0
372,main,Oracle prospective estimator,0.6434875586348014,0.6813343878765932,0.037846829241791724,0.11783317722565578,0.4503813605143079,0.9122874152388785,1
373,main,Structured EHR estimator,0.6376393290206147,1.5888459606072085,0.9512066315865938,0.1391201556580493,1.3161704555174318,1.8615214656969852,0
373,main,Naive AI estimator,0.6376393290206147,0.27506156404215687,-0.36257776497845784,0.08788612632369254,0.1028047564477195,0.44731837163659427,0
373,main,ISE causal estimator,0.6376393290206147,0.7081835177100467,0.07054418868943202,0.10627436179525179,0.49988576859135325,0.9164812668287402,1
373,main,Design erasure estimator,0.6376393290206147,1.0486860807917866,0.4110467517711719,0.12070350852434579,0.8121072040840689,1.2852649574995043,0
373,main,Post index leakage estimator,0.6376393290206147,0.29563221840679504,-0.34200711061381966,0.09185686540841588,0.11559276220629991,0.4756716746072902,0
373,main,Oracle prospective estimator,0.6376393290206147,0.7012114295722812,0.06357210055166651,0.10530804477001943,0.49480766182304314,0.9076151973215193,1
374,main,Structured EHR estimator,0.6576313302198592,1.2910792896064565,0.6334479593865973,0.13005530517229386,1.0361708914687604,1.5459876877441525,0
374,main,Naive AI estimator,0.6576313302198592,0.16119759768813982,-0.4964337325317194,0.078166428070786,0.007991398669399269,0.31440379670688035,0
374,main,ISE causal estimator,0.6576313302198592,0.5844179583254252,-0.073213371894434,0.10196340051455827,0.384569693316891,0.7842662233339595,1
374,main,Design erasure estimator,0.6576313302198592,0.8924655597882003,0.2348342295683411,0.1162491162024167,0.6646172920314636,1.120313827544937,0
374,main,Post index leakage estimator,0.6576313302198592,0.21023342686298027,-0.4473979033568789,0.08619306473190848,0.04129501998843965,0.3791718337375209,0
374,main,Oracle prospective estimator,0.6576313302198592,0.5499316975484354,-0.1076996326714238,0.10019052960644771,0.3535582595197979,0.7463051355770729,1
375,main,Structured EHR estimator,0.6589876992942889,1.5389533842755287,0.8799656849812398,0.15287005965938066,1.2393280673431426,1.838578701207915,0
375,main,Naive AI estimator,0.6589876992942889,0.26836269201944934,-0.39062500727483956,0.11098942807555191,0.05082341299136761,0.4859019710475311,0
375,main,ISE causal estimator,0.6589876992942889,0.7506367814254739,0.09164908213118494,0.13008021627559727,0.49567955752530324,1.0055940053256445,1
375,main,Design erasure estimator,0.6589876992942889,1.1595126110831797,0.5005249117888908,0.1399008789005184,0.8853068884381636,1.4337183337281958,0
375,main,Post index leakage estimator,0.6589876992942889,0.31083696708077757,-0.34815073221351134,0.11602345258335373,0.08343100001740428,0.5382429341441508,0
375,main,Oracle prospective estimator,0.6589876992942889,0.7444059738066547,0.08541827451236583,0.13028210231886006,0.489053053261689,0.9997588943516205,1
376,main,Structured EHR estimator,0.634818022781864,1.3022723056876218,0.6674542829057577,0.13212668944958778,1.0433039943664297,1.5612406170088138,0
376,main,Naive AI estimator,0.634818022781864,0.22550915590712442,-0.40930886687473966,0.09638521431519691,0.03659413584933849,0.4144241759649103,0
376,main,ISE causal estimator,0.634818022781864,0.7230288229588774,0.08821080017701333,0.10399024631739803,0.5192079401767773,0.9268497057409775,1
376,main,Design erasure estimator,0.634818022781864,1.10333564429352,0.468517621511656,0.11680609686130865,0.874395694445355,1.332275594141685,0
376,main,Post index leakage estimator,0.634818022781864,0.23814548885425585,-0.3966725339276082,0.10101093678634536,0.04016405275301896,0.43612692495549277,0
376,main,Oracle prospective estimator,0.634818022781864,0.6970391601584704,0.062221137376606395,0.10253888720295706,0.4960629412406746,0.8980153790762663,1
377,main,Structured EHR estimator,0.6455280342431996,1.5942115473528564,0.9486835131096568,0.13598285516414432,1.3276851512311336,1.8607379434745792,0
377,main,Naive AI estimator,0.6455280342431996,0.29329593563709394,-0.35223209860610566,0.09343324468371095,0.1101667760570205,0.47642509521716736,0
377,main,ISE causal estimator,0.6455280342431996,0.8141655662766243,0.1686375320334247,0.11216790059038584,0.5943164811194681,1.0340146514337805,1
377,main,Design erasure estimator,0.6455280342431996,1.1587644788533829,0.5132364446101833,0.12567723682684395,0.9124370946727687,1.405091863033997,0
377,main,Post index leakage estimator,0.6455280342431996,0.34658362089764466,-0.29894441334555494,0.09939980795768877,0.15175999730057468,0.5414072444947147,0
377,main,Oracle prospective estimator,0.6455280342431996,0.806570503940184,0.16104246969698444,0.1106637790116569,0.5896694970773365,1.0234715108030317,1
378,main,Structured EHR estimator,0.6482878544090842,1.1030550244159294,0.4547671700068452,0.12941698486844666,0.849397734073774,1.3567123147580848,0
378,main,Naive AI estimator,0.6482878544090842,0.10909519385073495,-0.5391926605583492,0.08096070286139423,-0.049587783757597745,0.2677781714590676,0
378,main,ISE causal estimator,0.6482878544090842,0.6574820030500164,0.009194148640932154,0.1016789959264588,0.4581911710341571,0.8567728350658756,1
378,main,Design erasure estimator,0.6482878544090842,1.0191450970223563,0.37085724261327213,0.11374998620277388,0.7961951240649195,1.242095069979793,0
378,main,Post index leakage estimator,0.6482878544090842,0.07005876542601769,-0.5782290889830666,0.08634691159547388,-0.09918118130111112,0.2392987121531465,0
378,main,Oracle prospective estimator,0.6482878544090842,0.6340357223131737,-0.014252132095910475,0.10058392627060905,0.43689122682278003,0.8311802178035674,1
379,main,Structured EHR estimator,0.6603862590875896,1.3122820982910155,0.6518958392034259,0.14837487899277657,1.0214673354651733,1.6030968611168577,0
379,main,Naive AI estimator,0.6603862590875896,0.07818292152495948,-0.5822033375626301,0.09147594787203217,-0.10110993630422357,0.25747577935414256,0
379,main,ISE causal estimator,0.6603862590875896,0.6027469008818962,-0.057639358205693436,0.12085931788320495,0.3658626378308145,0.8396311639329779,1
379,main,Design erasure estimator,0.6603862590875896,0.9536222968666516,0.29323603777906193,0.13846835863944432,0.6822243139333407,1.2250202797999625,0
379,main,Post index leakage estimator,0.6603862590875896,0.11911100985576542,-0.5412752492318242,0.09603454415075911,-0.06911669667972245,0.3073387163912533,0
379,main,Oracle prospective estimator,0.6603862590875896,0.5768235695947573,-0.0835626894928323,0.11965687875895997,0.3422960872271958,0.8113510519623188,1
380,main,Structured EHR estimator,0.6330913555139739,1.3007215618710406,0.6676302063570667,0.13993837799740869,1.0264423409961196,1.5750007827459616,0
380,main,Naive AI estimator,0.6330913555139739,0.18898126349858307,-0.4441100920153908,0.09436447446515003,0.00402689354688901,0.37393563345027714,0
380,main,ISE causal estimator,0.6330913555139739,0.7279990428838521,0.0949076873698782,0.11705746878553709,0.4985664040641994,0.9574316817035048,1
380,main,Design erasure estimator,0.6330913555139739,1.0494299249992167,0.41633856948524284,0.13267979528551124,0.7893775262396148,1.3094823237588187,0
380,main,Post index leakage estimator,0.6330913555139739,0.20168588505827936,-0.43140547045569455,0.09716955125983108,0.011233564589010453,0.3921382055275483,0
380,main,Oracle prospective estimator,0.6330913555139739,0.7088071639076042,0.07571580839363035,0.11734934416176641,0.47880244935054206,0.9388118784646664,1
381,main,Structured EHR estimator,0.6502914209811792,1.4799434691767626,0.8296520481955834,0.14484140005595178,1.196054325067097,1.7638326132864282,0
381,main,Naive AI estimator,0.6502914209811792,0.16595764684029515,-0.4843337741408841,0.08590827814592336,-0.0024225783257146305,0.33433787200630494,0
381,main,ISE causal estimator,0.6502914209811792,0.6049665425546763,-0.0453248784265029,0.11070839618927139,0.38797808602370437,0.8219549990856483,1
381,main,Design erasure estimator,0.6502914209811792,1.1200033352759253,0.4697119142947461,0.12682677095498085,0.8714228642041628,1.3685838063476878,0
381,main,Post index leakage estimator,0.6502914209811792,0.2301855133227931,-0.42010590765838607,0.08979964258072963,0.054178213864563035,0.40619281278102315,0
381,main,Oracle prospective estimator,0.6502914209811792,0.6227402822034234,-0.027551138777755835,0.11119709759657569,0.40479397091413505,0.8406865934927117,1
382,main,Structured EHR estimator,0.6270979690363839,1.3646619383738194,0.7375639693374355,0.13993202125268853,1.09039517671855,1.6389287000290889,0
382,main,Naive AI estimator,0.6270979690363839,0.21689929445160408,-0.4101986745847799,0.09553607006489889,0.029648597124402265,0.4041499917788059,0
382,main,ISE causal estimator,0.6270979690363839,0.7011084288841845,0.07401045984780052,0.10812298266640259,0.48918738285803537,0.9130294749103336,1
382,main,Design erasure estimator,0.6270979690363839,0.9630807068179921,0.33598273778160814,0.12769674827059846,0.7127950802076191,1.213366333428365,0
382,main,Post index leakage estimator,0.6270979690363839,0.23884518462065374,-0.3882527844157302,0.10232646626011234,0.03828531075083355,0.43940505849047395,0
382,main,Oracle prospective estimator,0.6270979690363839,0.6770249451997831,0.04992697616339914,0.10717790979840833,0.4669562419949027,0.8870936484046634,1
383,main,Structured EHR estimator,0.630358355539731,1.5274241357922809,0.8970657802525499,0.1488347908406497,1.2357079457446074,1.8191403258399543,0
383,main,Naive AI estimator,0.630358355539731,0.24280428494843095,-0.3875540705913,0.09049834153156787,0.06542753554655795,0.42018103435030396,0
383,main,ISE causal estimator,0.630358355539731,0.7700957158843896,0.13973736034465867,0.10318007676767349,0.5678627654197496,0.9723286663490297,1
383,main,Design erasure estimator,0.630358355539731,1.0999181265303568,0.46955977099062585,0.11938895273867492,0.865915779162554,1.3339204738981596,0
383,main,Post index leakage estimator,0.630358355539731,0.2545374699184286,-0.37582088562130234,0.10089300481880728,0.05678718047356637,0.4522877593632909,0
383,main,Oracle prospective estimator,0.630358355539731,0.7589029373487574,0.1285445818090264,0.10272639407162823,0.557559204968366,0.9602466697291487,1
384,main,Structured EHR estimator,0.6629770938078732,1.1389489269005535,0.4759718330926803,0.14807500939519677,0.8487219084859678,1.4291759453151391,0
384,main,Naive AI estimator,0.6629770938078732,0.07177891008935916,-0.5911981837185141,0.09553043587188983,-0.11546074421954491,0.2590185643982632,0
384,main,ISE causal estimator,0.6629770938078732,0.38283677456230863,-0.28014031924556454,0.11329674625966969,0.16077515189335603,0.6048983972312613,0
384,main,Design erasure estimator,0.6629770938078732,0.8492318412956503,0.18625474748777715,0.1304079521299503,0.5936322551209477,1.1048314274703528,1
384,main,Post index leakage estimator,0.6629770938078732,0.10123370974465029,-0.5617433840632229,0.09970519404811118,-0.0941884705896476,0.2966558900789482,0
384,main,Oracle prospective estimator,0.6629770938078732,0.34954272568903555,-0.3134343681188376,0.11225567645348052,0.12952159984021375,0.5695638515378574,0
385,main,Structured EHR estimator,0.634085524251734,1.5207670265258946,0.8866815022741605,0.15002964303027552,1.2267089261865545,1.8148251268652347,0
385,main,Naive AI estimator,0.634085524251734,0.243894980104176,-0.39019054414755805,0.0964302953368297,0.05489160124398981,0.43289835896436224,0
385,main,ISE causal estimator,0.634085524251734,0.7382978692452401,0.10421234499350607,0.11740119723572091,0.5081915226632271,0.9684042158272531,1
385,main,Design erasure estimator,0.634085524251734,1.2073432296016067,0.5732577053498726,0.1235817514409066,0.9651229967774297,1.4495634624257836,0
385,main,Post index leakage estimator,0.634085524251734,0.2736239777045239,-0.36046154654721013,0.10135371962793298,0.07497068723377526,0.47227726817527255,0
385,main,Oracle prospective estimator,0.634085524251734,0.7192378113650003,0.08515228711326628,0.11702001022584803,0.4898785913223382,0.9485970314076624,1
386,main,Structured EHR estimator,0.6538856071074662,1.1054091613161305,0.4515235542086643,0.14329790342787038,0.8245452705975046,1.3862730520347566,0
386,main,Naive AI estimator,0.6538856071074662,0.014177191959994343,-0.6397084151474719,0.09698213376604235,-0.17590779022144867,0.20426217414143735,0
386,main,ISE causal estimator,0.6538856071074662,0.42979774635772966,-0.22408786074973658,0.11061891701865632,0.21298466900116328,0.646610823714296,0
386,main,Design erasure estimator,0.6538856071074662,0.6782264574382344,0.02434085033076816,0.12541625980291887,0.4324105882245134,0.9240423266519554,1
386,main,Post index leakage estimator,0.6538856071074662,0.02457903139205084,-0.6293065757154154,0.10230831831284141,-0.17594527250111833,0.22510333528522,0
386,main,Oracle prospective estimator,0.6538856071074662,0.4257881668638338,-0.22809744024363243,0.10963436598813055,0.21090480952709795,0.6406715242005696,0
387,main,Structured EHR estimator,0.6320644275804088,1.544197692562341,0.9121332649819323,0.1399627316888439,1.269870738452207,1.8185246466724752,0
387,main,Naive AI estimator,0.6320644275804088,0.28276242903311755,-0.34930199854729127,0.08709246383377647,0.11206119991891567,0.4534636581473194,0
387,main,ISE causal estimator,0.6320644275804088,0.7484863902640886,0.11642196268367977,0.10420962931755265,0.5442355168016854,0.9527372637264918,1
387,main,Design erasure estimator,0.6320644275804088,1.198781762661644,0.5667173350812351,0.12219500139618157,0.959279559925128,1.4382839653981598,0
387,main,Post index leakage estimator,0.6320644275804088,0.29850111604250784,-0.333563311537901,0.09453692270577028,0.11320874753919807,0.4837934845458176,0
387,main,Oracle prospective estimator,0.6320644275804088,0.7521104157860281,0.12004598820561929,0.10220224571264767,0.5517940141892387,0.9524268173828175,1
388,main,Structured EHR estimator,0.648554259362906,1.4060721249631751,0.7575178656002691,0.139362592592216,1.1329214434824317,1.6792228064439185,0
388,main,Naive AI estimator,0.648554259362906,0.09233462363579398,-0.5562196357271121,0.09897608700272194,-0.101658506889541,0.286327754161129,0
388,main,ISE causal estimator,0.648554259362906,0.587683647560103,-0.060870611802802954,0.11288502618157505,0.366428996244216,0.8089382988759901,1
388,main,Design erasure estimator,0.648554259362906,1.0305438153228,0.3819895559598939,0.12449569850431226,0.7865322462543479,1.274555384391252,0
388,main,Post index leakage estimator,0.648554259362906,0.13248445955363844,-0.5160697998092676,0.1026830318196465,-0.06877428281286868,0.33374320192014556,0
388,main,Oracle prospective estimator,0.648554259362906,0.5535686814026258,-0.09498557796028018,0.11142732019647691,0.33517113381753105,0.7719662289877206,1
389,main,Structured EHR estimator,0.650221301602136,1.3759091561314556,0.7256878545293196,0.12466062931157636,1.131574322680766,1.6202439895821452,0
389,main,Naive AI estimator,0.650221301602136,0.20255454767563455,-0.44766675392650146,0.0998246233132993,0.006898285981567914,0.3982108093697012,0
389,main,ISE causal estimator,0.650221301602136,0.7698274105986673,0.11960610899653135,0.1047549249990233,0.5645077576005817,0.975147063596753,1
389,main,Design erasure estimator,0.650221301602136,1.2139969107819193,0.5637756091797833,0.11670203227869572,0.9852609275156757,1.442732894048163,0
389,main,Post index leakage estimator,0.650221301602136,0.19739800258273832,-0.45282329901939766,0.10249802977468288,-0.003498135775640121,0.39829414094111676,0
389,main,Oracle prospective estimator,0.650221301602136,0.7671645540480394,0.11694325244590342,0.10398816441544402,0.5633477517937692,0.9709813563023096,1
390,main,Structured EHR estimator,0.6360633228534927,1.3280801788023417,0.6920168559488491,0.14992856797303566,1.0342201855751918,1.6219401720294917,0
390,main,Naive AI estimator,0.6360633228534927,-0.002251410669802665,-0.6383147335232953,0.10248028585422435,-0.2031127709440824,0.19860994960447706,0
390,main,ISE causal estimator,0.6360633228534927,0.5366800761953671,-0.09938324665812559,0.1274118617813227,0.28695282710397463,0.7864073252867595,1
390,main,Design erasure estimator,0.6360633228534927,0.9651609131169124,0.3290975902634198,0.1357869516588726,0.6990184878655221,1.2313033383683027,0
390,main,Post index leakage estimator,0.6360633228534927,0.060966898049434115,-0.5750964248040585,0.10628721468870835,-0.14735604274043423,0.26928983883930246,0
390,main,Oracle prospective estimator,0.6360633228534927,0.5265363339861998,-0.10952698886729284,0.1258889608612185,0.27979397069821155,0.7732786972741881,1
391,main,Structured EHR estimator,0.6608773676282683,1.694428440784699,1.0335510731564308,0.14025110570936672,1.4195362735943402,1.9693206079750578,0
391,main,Naive AI estimator,0.6608773676282683,0.08833103028535509,-0.5725463373429133,0.09539497274826732,-0.09864311630124885,0.27530517687195905,0
391,main,ISE causal estimator,0.6608773676282683,0.7333420100812195,0.07246464245295114,0.10584615870956726,0.5258835390104677,0.9408004811519712,1
391,main,Design erasure estimator,0.6608773676282683,1.1526145149803984,0.49173714735213003,0.1347530157612848,0.8884986040882802,1.4167304258725166,0
391,main,Post index leakage estimator,0.6608773676282683,0.10156905231920187,-0.5593083153090664,0.10204004400968203,-0.09842943393977492,0.30156753857817864,0
391,main,Oracle prospective estimator,0.6608773676282683,0.7219522633832767,0.06107489575500835,0.10714440603787408,0.5119492275490435,0.9319552992175099,1
392,main,Structured EHR estimator,0.6530833577335807,1.2181800882866427,0.565096730553062,0.13129683193646913,0.9608382976911632,1.4755218788821223,0
392,main,Naive AI estimator,0.6530833577335807,0.0375641037817025,-0.6155192539518782,0.0873904822783407,-0.1337212414838453,0.20884944904725028,0
392,main,ISE causal estimator,0.6530833577335807,0.5658520633888258,-0.08723129434475496,0.10024389288414177,0.3693740333359079,0.7623300934417436,1
392,main,Design erasure estimator,0.6530833577335807,0.8482961611169649,0.1952128033833842,0.11901262628406543,0.6150314136001966,1.0815609086337332,1
392,main,Post index leakage estimator,0.6530833577335807,0.03831062155480863,-0.614772736178772,0.0914952290960251,-0.14102002747340056,0.21764127058301783,0
392,main,Oracle prospective estimator,0.6530833577335807,0.5517016085391967,-0.10138174919438403,0.10064706457104156,0.35443336197995523,0.7489698550984382,1
393,main,Structured EHR estimator,0.6514516165930353,1.3834781786547867,0.7320265620617514,0.13896901930720373,1.1110989008126675,1.655857456496906,0
393,main,Naive AI estimator,0.6514516165930353,0.16670596144185143,-0.48474565515118384,0.0907938398289524,-0.011249964622895264,0.3446618875065981,0
393,main,ISE causal estimator,0.6514516165930353,0.7930162798394909,0.14156466324645556,0.10652486007077962,0.5842275541007628,1.0018050055782188,1
393,main,Design erasure estimator,0.6514516165930353,1.110462903082055,0.4590112864890197,0.11433129762042005,0.8863735597460317,1.3345522464180783,0
393,main,Post index leakage estimator,0.6514516165930353,0.15244176163872386,-0.49900985495431144,0.09549681549656484,-0.03473199673454322,0.3396155200119909,0
393,main,Oracle prospective estimator,0.6514516165930353,0.7786300368621011,0.12717842026906578,0.10670942513908452,0.5694795635894954,0.9877805101347068,1
394,main,Structured EHR estimator,0.6441304758899565,1.309655399240373,0.6655249233504165,0.13308211640714088,1.048814451082377,1.570496347398369,0
394,main,Naive AI estimator,0.6441304758899565,0.1743354885415566,-0.4697949873484,0.0997215776533885,-0.02111880365908486,0.36978978074219804,0
394,main,ISE causal estimator,0.6441304758899565,0.7622264202723948,0.11809594438243831,0.11175210342851516,0.5431922975525052,0.9812605429922845,1
394,main,Design erasure estimator,0.6441304758899565,1.0971434538604974,0.45301297797054085,0.11837535500170136,0.8651277580571627,1.329159149663832,0
394,main,Post index leakage estimator,0.6441304758899565,0.170319671209698,-0.47381080468025855,0.10046162122944155,-0.02658510640000744,0.3672244488194034,0
394,main,Oracle prospective estimator,0.6441304758899565,0.7422724823887672,0.09814200649881066,0.11117630764323602,0.5243669194080246,0.9601780453695098,1
395,main,Structured EHR estimator,0.6496095724329988,1.516340776038935,0.8667312036059361,0.15312322613928916,1.2162192528059281,1.8164622992719417,0
395,main,Naive AI estimator,0.6496095724329988,0.21026721179431493,-0.4393423606386838,0.09816084117922758,0.01787196308302888,0.40266246050560095,0
395,main,ISE causal estimator,0.6496095724329988,0.7305907662708495,0.08098119383785074,0.11511698878619056,0.5049614682499161,0.956220064291783,1
395,main,Design erasure estimator,0.6496095724329988,0.9875442876507796,0.33793471521778085,0.135717056052222,0.7215388577884245,1.2535497175131347,0
395,main,Post index leakage estimator,0.6496095724329988,0.23676078088580746,-0.41284879154719134,0.09902078936651255,0.04268003372744286,0.4308415280441721,0
395,main,Oracle prospective estimator,0.6496095724329988,0.7090433617884682,0.05943378935546939,0.11499498080166758,0.48365319941719975,0.9344335241597366,1
396,main,Structured EHR estimator,0.6399503205444035,1.3761999705219206,0.7362496499775171,0.1294232093222452,1.12253048025032,1.6298694607935211,0
396,main,Naive AI estimator,0.6399503205444035,0.13036251134532686,-0.5095878091990766,0.10413067668893203,-0.0737336149649799,0.33445863765563366,0
396,main,ISE causal estimator,0.6399503205444035,0.7314891506430741,0.09153883009867059,0.106707230678489,0.5223429785132356,0.9406353227729125,1
396,main,Design erasure estimator,0.6399503205444035,0.9913157396643313,0.3513654191199278,0.12970996512850766,0.7370842080124562,1.2455472713162064,0
396,main,Post index leakage estimator,0.6399503205444035,0.1176625318020398,-0.5222877887423637,0.10275791178398273,-0.08374297529456635,0.31906803889864593,0
396,main,Oracle prospective estimator,0.6399503205444035,0.7058115338504163,0.0658612133060128,0.10542333464350544,0.49918179794914563,0.9124412697516869,1
397,main,Structured EHR estimator,0.645181177527758,1.3337515753615707,0.6885703978338127,0.14131328547323527,1.0567775358340297,1.6107256148891118,0
397,main,Naive AI estimator,0.645181177527758,0.09965944816590823,-0.5455217293618498,0.09805758897381643,-0.09253342622277198,0.29185232255458843,0
397,main,ISE causal estimator,0.645181177527758,0.5430143255476424,-0.10216685198011566,0.11046835850059411,0.32649634288647794,0.7595323082088068,1
397,main,Design erasure estimator,0.645181177527758,0.9963119432293307,0.35113076570157264,0.12478224090160907,0.7517387510621769,1.2408851353964845,0
397,main,Post index leakage estimator,0.645181177527758,0.16850203230286034,-0.47667914522489774,0.10652384838461608,-0.04028471053098717,0.3772887751367079,0
397,main,Oracle prospective estimator,0.645181177527758,0.5475420847482708,-0.09763909277948724,0.10921938229368379,0.3334720954526506,0.761612074043891,1
398,main,Structured EHR estimator,0.6357076914690042,1.4599611905186352,0.824253499049631,0.1437029255735878,1.178303456394403,1.7416189246428673,0
398,main,Naive AI estimator,0.6357076914690042,0.09584091487646855,-0.5398667765925357,0.10088731536091952,-0.10189822323093371,0.2935800529838708,0
398,main,ISE causal estimator,0.6357076914690042,0.5940491455931814,-0.04165854587582274,0.11577966682505302,0.36712099861607755,0.8209772925702854,1
398,main,Design erasure estimator,0.6357076914690042,0.8737021792156611,0.23799448774665688,0.12434069905343267,0.6299944090709331,1.117409949360389,1
398,main,Post index leakage estimator,0.6357076914690042,0.16352149930087462,-0.47218619216812957,0.1053719649955819,-0.04300755209046589,0.37005055069221515,0
398,main,Oracle prospective estimator,0.6357076914690042,0.5597871415656455,-0.07592054990335872,0.11421165218203116,0.33593230328886436,0.7836419798424266,1
399,main,Structured EHR estimator,0.6618781473580625,1.211542741187925,0.5496645938298624,0.15236995042922077,0.9128976383466523,1.5101878440291976,0
399,main,Naive AI estimator,0.6618781473580625,-0.014753692251062874,-0.6766318396091253,0.09889730348536235,-0.2085924070823731,0.17908502258024733,0
399,main,ISE causal estimator,0.6618781473580625,0.47096157243964426,-0.19091657491841824,0.11894505723789126,0.23782926025337742,0.704093884625911,1
399,main,Design erasure estimator,0.6618781473580625,0.9583098239677516,0.29643167660968905,0.13583084949980206,0.6920813589481395,1.2245382889873637,0
399,main,Post index leakage estimator,0.6618781473580625,0.0318161918032996,-0.6300619555547629,0.10590507571037244,-0.17575775658903037,0.2393901401956296,0
399,main,Oracle prospective estimator,0.6618781473580625,0.46232064528610073,-0.19955750207196177,0.11756379841031409,0.23189560040188512,0.6927456901703164,1
400,main,Structured EHR estimator,0.6439985533986856,1.4468774022603137,0.8028788488616281,0.13527753140464183,1.1817334407072158,1.7120213638134116,0
400,main,Naive AI estimator,0.6439985533986856,0.13785287231637386,-0.5061456810823117,0.08650527173805105,-0.031697460290206175,0.3074032049229539,0
400,main,ISE causal estimator,0.6439985533986856,0.6689324998578935,0.02493394645920788,0.10351213840827925,0.46604870857766617,0.8718162911381209,1
400,main,Design erasure estimator,0.6439985533986856,0.9671694102997799,0.32317085690109426,0.11799697761567088,0.735895334173065,1.1984434864264948,0
400,main,Post index leakage estimator,0.6439985533986856,0.14544664609436514,-0.4985519073043205,0.0947646139432356,-0.040291997234376625,0.3311852894231069,0
400,main,Oracle prospective estimator,0.6439985533986856,0.6416340890929154,-0.0023644643057701975,0.10242451562394851,0.4408820384699763,0.8423861397158545,1
401,main,Structured EHR estimator,0.645817277962538,1.5658083784864505,0.9199911005239125,0.13874273196998416,1.2938726238252816,1.8377441331476194,0
401,main,Naive AI estimator,0.645817277962538,0.17440924978559783,-0.47140802817694016,0.1045720633128633,-0.03055199430761424,0.3793704938788099,0
401,main,ISE causal estimator,0.645817277962538,0.8477490757808641,0.20193179781832615,0.11543419158163398,0.6214980602808615,1.0740000912808667,1
401,main,Design erasure estimator,0.645817277962538,1.2624358922716057,0.6166186143090677,0.13228233066078612,1.003162524176465,1.5217092603667464,0
401,main,Post index leakage estimator,0.645817277962538,0.14734678093972,-0.498470497022818,0.10642906221448693,-0.06125418100067437,0.3559477428801144,0
401,main,Oracle prospective estimator,0.645817277962538,0.8466118296524864,0.20079455168994842,0.11307478624729181,0.6249852486077945,1.0682384106971783,1
402,main,Structured EHR estimator,0.6394997484016426,1.4607766511319913,0.8212769027303487,0.13720165600465076,1.1918614053628758,1.7296918969011068,0
402,main,Naive AI estimator,0.6394997484016426,0.16773142886896797,-0.4717683195326746,0.08599696192589987,-0.0008226165057957646,0.3362854742437317,0
402,main,ISE causal estimator,0.6394997484016426,0.5606452328706523,-0.07885451553099032,0.10659979897082715,0.35170962688783103,0.7695808388534735,1
402,main,Design erasure estimator,0.6394997484016426,0.9797585618132645,0.3402588134116219,0.12477116991274463,0.735207068784285,1.2243100548422439,0
402,main,Post index leakage estimator,0.6394997484016426,0.24836149104437377,-0.3911382573572688,0.09059936198337107,0.07078674155696649,0.42593624053178103,0
402,main,Oracle prospective estimator,0.6394997484016426,0.546631899102919,-0.0928678492987236,0.10686078306668709,0.33718476429221234,0.7560790339136256,1
403,main,Structured EHR estimator,0.6519219367529395,1.3266892889930337,0.6747673522400942,0.13352893720332565,1.0649725720745153,1.5884060059115521,0
403,main,Naive AI estimator,0.6519219367529395,0.19844129982344005,-0.45348063692949947,0.0948287842220017,0.012576882748316726,0.3843057168985634,0
403,main,ISE causal estimator,0.6519219367529395,0.7161342752178154,0.06421233846487584,0.1101972030341262,0.5001477572709281,0.9321207931647026,1
403,main,Design erasure estimator,0.6519219367529395,1.0689940572584544,0.4170721205055149,0.1305576534937293,0.813101056410745,1.3248870581061638,0
403,main,Post index leakage estimator,0.6519219367529395,0.2155333930957354,-0.43638854365720414,0.09985155875697668,0.01982433793206112,0.4112424482594097,0
403,main,Oracle prospective estimator,0.6519219367529395,0.7083597056173341,0.056437768864394555,0.11071721303690464,0.491353968065001,0.9253654431696672,1
404,main,Structured EHR estimator,0.6354940450273335,1.3456618452955822,0.7101678002682487,0.1338299733604459,1.0833550975091082,1.6079685930820562,0
404,main,Naive AI estimator,0.6354940450273335,0.09413051460243946,-0.541363530424894,0.09082700755763655,-0.08389042021052817,0.2721514494154071,0
404,main,ISE causal estimator,0.6354940450273335,0.5107064693979373,-0.12478757562939624,0.10946140098402395,0.29616212346925036,0.7252508153266242,1
404,main,Design erasure estimator,0.6354940450273335,0.8117724974657569,0.17627845243842333,0.11839811041517868,0.5797122010520066,1.0438327938795071,1
404,main,Post index leakage estimator,0.6354940450273335,0.18660272038503226,-0.4488913246423013,0.10004498328678015,-0.009485446857056823,0.38269088762712133,0
404,main,Oracle prospective estimator,0.6354940450273335,0.49544963581699897,-0.14004440921033456,0.10828784061105905,0.28320546821932324,0.7076938034146747,1
405,main,Structured EHR estimator,0.66590102038927,1.596933232231158,0.931032211841888,0.1403050815190414,1.321935272453837,1.8719311920084791,0
405,main,Naive AI estimator,0.66590102038927,0.08800202205283789,-0.5778989983364321,0.10371533449442062,-0.11528003355622654,0.29128407766190234,0
405,main,ISE causal estimator,0.66590102038927,0.5755303843037988,-0.09037063608547125,0.12160668108895151,0.3371812893694538,0.8138794792381437,1
405,main,Design erasure estimator,0.66590102038927,1.0831428079443002,0.41724178755503016,0.12863229189134914,0.8310235158372559,1.3352621000513445,0
405,main,Post index leakage estimator,0.66590102038927,0.21045310246115723,-0.4554479179281128,0.11009527712960263,-0.005333640712863907,0.42623984563517836,0
405,main,Oracle prospective estimator,0.66590102038927,0.5755167445083507,-0.09038427588091935,0.12265715063787705,0.33510872925811164,0.8159247597585897,1
406,main,Structured EHR estimator,0.6254154257122909,1.375868317294585,0.750452891582294,0.13691161172551,1.1075215583125853,1.6442150762765846,0
406,main,Naive AI estimator,0.6254154257122909,0.19543399795585753,-0.4299814277564334,0.09438068485783918,0.010447855634492742,0.3804201402772223,0
406,main,ISE causal estimator,0.6254154257122909,0.7492576962280061,0.12384227051571517,0.11280791597724667,0.5281541809126027,0.9703612115434095,1
406,main,Design erasure estimator,0.6254154257122909,1.1157302876612503,0.49031486194895935,0.1305409928746225,0.8598699416269902,1.3715906336955104,0
406,main,Post index leakage estimator,0.6254154257122909,0.1929292319998863,-0.4324861937124046,0.10146302095266686,-0.005938289067340757,0.39179675306711337,0
406,main,Oracle prospective estimator,0.6254154257122909,0.7273734750098189,0.10195804929752794,0.1117517718167057,0.5083400022490757,0.946406947770562,1
407,main,Structured EHR estimator,0.6426610051948888,1.2970050490565925,0.6543440438617038,0.1375714303978185,1.0273650454768684,1.5666450526363167,0
407,main,Naive AI estimator,0.6426610051948888,0.02159435489227376,-0.621066650302615,0.0910977573757576,-0.15695724956421112,0.20014595934875865,0
407,main,ISE causal estimator,0.6426610051948888,0.6611634689176906,0.018502463722801843,0.11015782728867841,0.445254127431881,0.8770728104035003,1
407,main,Design erasure estimator,0.6426610051948888,1.0236412285277983,0.3809802233329095,0.12786356748299044,0.7730286362611369,1.2742538207944596,0
407,main,Post index leakage estimator,0.6426610051948888,0.010982268388014861,-0.6316787368068739,0.09730908949431141,-0.1797435470208355,0.20170808379686522,0
407,main,Oracle prospective estimator,0.6426610051948888,0.6482014415054999,0.005540436310611074,0.10945345328786367,0.4336726730612871,0.8627302099497126,1
408,main,Structured EHR estimator,0.6414500880426072,1.6624085057827827,1.0209584177401756,0.12918189805126173,1.4092119856023095,1.9156050259632558,0
408,main,Naive AI estimator,0.6414500880426072,0.2168623389616946,-0.42458774908091257,0.09889814237835748,0.023021979900113954,0.41070269802327525,0
408,main,ISE causal estimator,0.6414500880426072,0.7745696819613741,0.13311959391876693,0.09821355799503215,0.5820711082911111,0.9670682556316371,1
408,main,Design erasure estimator,0.6414500880426072,1.0731718585142973,0.43172177047169014,0.11228207559448034,0.8530989903491158,1.2932447266794789,0
408,main,Post index leakage estimator,0.6414500880426072,0.2554774951545169,-0.38597259288809027,0.10770685090142765,0.044372067387718706,0.4665829229213151,0
408,main,Oracle prospective estimator,0.6414500880426072,0.7586286843622086,0.11717859631960148,0.09762872997845898,0.5672763736044291,0.9499809951199882,1
409,main,Structured EHR estimator,0.6222807999494179,1.5020467863464768,0.8797659863970589,0.1376149095285888,1.2323215636704428,1.7717720090225109,0
409,main,Naive AI estimator,0.6222807999494179,0.14403347248643908,-0.4782473274629788,0.10584629489171905,-0.06342526550133026,0.3514922104742084,0
409,main,ISE causal estimator,0.6222807999494179,0.7835439088770663,0.1612631089276484,0.11703303679205634,0.5541591567646358,1.0129286609894967,1
409,main,Design erasure estimator,0.6222807999494179,1.1917238097349439,0.569443009785526,0.12647559820019005,0.9438316372625714,1.4396159822073162,0
409,main,Post index leakage estimator,0.6222807999494179,0.137472803593285,-0.48480799635613286,0.1114645516127838,-0.08099771756777124,0.35594332475434126,0
409,main,Oracle prospective estimator,0.6222807999494179,0.7941622215407873,0.17188142159136943,0.11489765596440452,0.5689628158505544,1.0193616272310202,1
410,main,Structured EHR estimator,0.6449056722183056,1.3336835725803824,0.6887779003620768,0.14239931114736104,1.0545809227315548,1.61278622242921,0
410,main,Naive AI estimator,0.6449056722183056,0.24404049554885612,-0.40086517666944954,0.08771919666828597,0.07211087007901562,0.4159701210186966,0
410,main,ISE causal estimator,0.6449056722183056,0.6938929853586928,0.04898731314038718,0.10846380525191586,0.48130392706493774,0.9064820436524479,1
410,main,Design erasure estimator,0.6449056722183056,1.0130236003455626,0.36811792812725697,0.12612556441335349,0.7658174940953898,1.2602297065957355,0
410,main,Post index leakage estimator,0.6449056722183056,0.2752762855032916,-0.36962938671501405,0.09354251090500555,0.09193296412948071,0.45861960687710246,0
410,main,Oracle prospective estimator,0.6449056722183056,0.6965543928046213,0.051648720586315644,0.10749381099450836,0.48586652325538493,0.9072422623538576,1
411,main,Structured EHR estimator,0.6703796171224323,1.2567656497192532,0.5863860325968209,0.14958427782563533,0.963580465181008,1.5499508342574984,0
411,main,Naive AI estimator,0.6703796171224323,0.08809951789040925,-0.5822800992320231,0.09140250954331369,-0.09104940081448558,0.26724843659530406,0
411,main,ISE causal estimator,0.6703796171224323,0.641418918924952,-0.028960698197480372,0.11095668941040417,0.4239438076805598,0.8588940301693442,1
411,main,Design erasure estimator,0.6703796171224323,1.0444648737504454,0.37408525662801306,0.1272434741558755,0.7950676644049294,1.2938620830959613,0
411,main,Post index leakage estimator,0.6703796171224323,0.07329807405227981,-0.5970815430701525,0.09979828389913653,-0.1223065623900278,0.2689027104945874,0
411,main,Oracle prospective estimator,0.6703796171224323,0.6393201971495567,-0.031059419972875646,0.11046071488639299,0.42281719597222645,0.8558231983268869,1
412,main,Structured EHR estimator,0.653168038943829,1.1435779410156126,0.4904099020717836,0.14875950251252623,0.8520093160910611,1.435146565940164,0
412,main,Naive AI estimator,0.653168038943829,0.07060559614681869,-0.5825624427970103,0.09430123979240326,-0.1142248338462917,0.2554360261399291,0
412,main,ISE causal estimator,0.653168038943829,0.5375496209028027,-0.11561841804102635,0.11814630967897799,0.3059828539320058,0.7691163878735996,1
412,main,Design erasure estimator,0.653168038943829,0.8345354395183727,0.1813674005745437,0.13950436071716016,0.5611068925127388,1.1079639865240067,1
412,main,Post index leakage estimator,0.653168038943829,0.07331097030366696,-0.5798570686401621,0.09936813093254368,-0.12145056632411866,0.26807250693145257,0
412,main,Oracle prospective estimator,0.653168038943829,0.5177851531139617,-0.13538288582986735,0.11767052128577923,0.2871509313938344,0.7484193748340889,1
413,main,Structured EHR estimator,0.6471924027631746,1.4964235600413007,0.8492311572781261,0.145008439548179,1.2122070185268699,1.7806401015557316,0
413,main,Naive AI estimator,0.6471924027631746,0.0939422499488051,-0.5532501528143695,0.09343990045657326,-0.08919995494607849,0.2770844548436887,0
413,main,ISE causal estimator,0.6471924027631746,0.7403190738223963,0.09312667105922168,0.11827422094573328,0.508501600768759,0.9721365468760335,1
413,main,Design erasure estimator,0.6471924027631746,1.1295282352379294,0.48233583247475487,0.13172295844193074,0.8713512366917452,1.3877052337841138,0
413,main,Post index leakage estimator,0.6471924027631746,0.1167103142673202,-0.5304820884958543,0.10331265343093986,-0.08578248645732192,0.3192031149919623,0
413,main,Oracle prospective estimator,0.6471924027631746,0.7050317862842879,0.057839383521113286,0.11773663812770549,0.47426797555398514,0.9357955970145906,1
414,main,Structured EHR estimator,0.6357559891480241,1.3144843719627504,0.6787283828147262,0.1521553000984365,1.0162599837698147,1.612708760155686,0
414,main,Naive AI estimator,0.6357559891480241,0.057922053870567085,-0.5778339352774571,0.1039138526264767,-0.14574909727732724,0.2615932050184614,0
414,main,ISE causal estimator,0.6357559891480241,0.6693286547586279,0.03357266561060379,0.1199904463209198,0.4341473799696251,0.9045099295476307,1
414,main,Design erasure estimator,0.6357559891480241,0.8723594444327947,0.23660345528477056,0.12816194874557446,0.6211620248914687,1.1235568639741207,1
414,main,Post index leakage estimator,0.6357559891480241,0.05932891419564426,-0.5764270749523799,0.1091604522701464,-0.15462557225384269,0.27328340064513124,0
414,main,Oracle prospective estimator,0.6357559891480241,0.660000783580818,0.024244794432793926,0.11968016063527502,0.425427668735679,0.894573898425957,1
415,main,Structured EHR estimator,0.6536323603398901,1.2326851114821094,0.5790527511422192,0.13366514692032555,0.9707014235182713,1.4946687994459475,0
415,main,Naive AI estimator,0.6536323603398901,0.25786519463378016,-0.39576716570611,0.09292887649868062,0.07572459669636616,0.44000579257119415,0
415,main,ISE causal estimator,0.6536323603398901,0.6038161615720986,-0.04981619876779153,0.10487394529657385,0.3982632287908139,0.8093690943533833,1
415,main,Design erasure estimator,0.6536323603398901,1.0171849875096588,0.36355262716976866,0.12515201036313073,0.7718870471979226,1.262482927821395,0
415,main,Post index leakage estimator,0.6536323603398901,0.2830968488483286,-0.37053551149156155,0.10148927187696374,0.08417787596947965,0.4820158217271775,0
415,main,Oracle prospective estimator,0.6536323603398901,0.5817506590958492,-0.07188170124404092,0.1063690575649233,0.37326730626859955,0.7902340119230988,1
416,main,Structured EHR estimator,0.6622095260758932,1.6386538573084333,0.97644433123254,0.14526334264052984,1.3539377057329949,1.9233700088838717,0
416,main,Naive AI estimator,0.6622095260758932,0.08883275569515028,-0.573376770380743,0.09453799152906359,-0.09646170770181434,0.2741272190921149,0
416,main,ISE causal estimator,0.6622095260758932,0.65288757607577,-0.009321950000123258,0.1144885799374803,0.4284899593983086,0.8772851927532314,1
416,main,Design erasure estimator,0.6622095260758932,1.0624299586214543,0.40022043254556106,0.1328055424794186,0.8021310953617938,1.3227288218811148,0
416,main,Post index leakage estimator,0.6622095260758932,0.14463497210404316,-0.51757455397185,0.1000519406558633,-0.05146683158144891,0.3407367757895352,0
416,main,Oracle prospective estimator,0.6622095260758932,0.6631905752975541,0.000981049221660868,0.11389193251948405,0.43996238755936534,0.8864187630357429,1
417,main,Structured EHR estimator,0.6596162634976225,1.2840664271768307,0.6244501636792082,0.1435396014129175,1.0027288084075123,1.5654040459461491,0
417,main,Naive AI estimator,0.6596162634976225,-0.02285781724354157,-0.682474080741164,0.10104092716333915,-0.2208980344836863,0.17518239999660315,0
417,main,ISE causal estimator,0.6596162634976225,0.6960087797279256,0.03639251623030315,0.11741603798037234,0.46587334528639585,0.9261442141694554,1
417,main,Design erasure estimator,0.6596162634976225,1.0022933986626692,0.3426771351650467,0.12156174089946081,0.764032386499726,1.2405544108256124,0
417,main,Post index leakage estimator,0.6596162634976225,-0.07323601626820847,-0.732852279765831,0.10942640040600393,-0.28771176106397617,0.14123972852755923,0
417,main,Oracle prospective estimator,0.6596162634976225,0.6557562543199588,-0.0038600091776637147,0.1174422990659202,0.4255693481507552,0.8859431604891623,1
418,main,Structured EHR estimator,0.6663721410016819,1.2187142522790027,0.5523421112773208,0.13591352142478605,0.952323750286422,1.4851047542715832,0
418,main,Naive AI estimator,0.6663721410016819,0.17658504269535003,-0.4897870983063318,0.09023497057075604,-0.0002754996233318152,0.3534455850140319,0
418,main,ISE causal estimator,0.6663721410016819,0.6942910063737656,0.027918865372083768,0.10217204585366074,0.49403379650059054,0.8945482162469407,1
418,main,Design erasure estimator,0.6663721410016819,0.9850791075857619,0.31870696658408004,0.11556941167478424,0.7585630607031848,1.211595154468339,0
418,main,Post index leakage estimator,0.6663721410016819,0.1273090403240815,-0.5390631006776003,0.10099435081994251,-0.07063988728300583,0.3252579679311688,0
418,main,Oracle prospective estimator,0.6663721410016819,0.6494099415657504,-0.01696219943593147,0.10081404442597292,0.4518144144908435,0.8470054686406573,1
419,main,Structured EHR estimator,0.6450847032538408,1.3603273775409197,0.7152426742870789,0.12840313267864248,1.1086572374907804,1.611997517591059,0
419,main,Naive AI estimator,0.6450847032538408,0.17243688813014196,-0.47264781512369886,0.09516057415451477,-0.014077837212707,0.3589516134729909,0
419,main,ISE causal estimator,0.6450847032538408,0.6476212053586723,0.002536502104831473,0.10709827941794017,0.43770857769950955,0.857533833017835,1
419,main,Design erasure estimator,0.6450847032538408,0.9879260444460957,0.34284134119225484,0.1239064279979744,0.7450694455700658,1.2307826433221254,0
419,main,Post index leakage estimator,0.6450847032538408,0.2296069257229966,-0.41547777753084425,0.1018155062199597,0.030048533531875588,0.4291653179141176,0
419,main,Oracle prospective estimator,0.6450847032538408,0.6340201191769684,-0.011064584076872386,0.10582052950053632,0.42661188135591727,0.8414283569980197,1
420,main,Structured EHR estimator,0.6310735173630312,1.3510954020561172,0.720021884693086,0.1423932585383117,1.0720046153210263,1.6301861887912081,0
420,main,Naive AI estimator,0.6310735173630312,0.1410261167769479,-0.4900474005860833,0.09432089144390234,-0.04384283045310067,0.32589506400699647,0
420,main,ISE causal estimator,0.6310735173630312,0.6193500612500712,-0.011723456112959996,0.11016547297872836,0.40342573421176364,0.8352743882883787,1
420,main,Design erasure estimator,0.6310735173630312,0.863808054126792,0.23273453676376077,0.12693905380330744,0.6150075086723094,1.1126085995812744,1
420,main,Post index leakage estimator,0.6310735173630312,0.1666268732095431,-0.4644466441534881,0.0978390646409254,-0.025137693486670665,0.3583914399057569,0
420,main,Oracle prospective estimator,0.6310735173630312,0.6031072113133266,-0.027966306049704626,0.10969099545082385,0.3881128602297118,0.8181015623969413,1
421,main,Structured EHR estimator,0.6171610545613613,1.2744787866185772,0.6573177320572159,0.1481949556305516,0.9840166735826961,1.5649408996544583,0
421,main,Naive AI estimator,0.6171610545613613,0.10686919415148327,-0.5102918604098781,0.11000971858979201,-0.10874985428450906,0.3224882425874756,0
421,main,ISE causal estimator,0.6171610545613613,0.6245226249100972,0.0073615703487359685,0.1188478531069162,0.39158083282054146,0.857464416999653,1
421,main,Design erasure estimator,0.6171610545613613,0.9775179428575375,0.3603568882961762,0.13199243399076957,0.7188127722356291,1.2362231134794457,0
421,main,Post index leakage estimator,0.6171610545613613,0.09900563756064076,-0.5181554170007205,0.11265880403103569,-0.12180561834018919,0.3198168934614707,0
421,main,Oracle prospective estimator,0.6171610545613613,0.612722218466326,-0.004438836095035259,0.11878776875307533,0.37989819171029837,0.8455462452223537,1
422,main,Structured EHR estimator,0.6287632838508307,1.4489323987232896,0.8201691148724589,0.14073817379700992,1.1730855780811502,1.724779219365429,0
422,main,Naive AI estimator,0.6287632838508307,0.22952616453064106,-0.3992371193201896,0.0953034136534906,0.042731473769799494,0.41632085529148266,0
422,main,ISE causal estimator,0.6287632838508307,0.7180082363252179,0.08924495247438724,0.10602631336456111,0.5101966621306782,0.9258198105197577,1
422,main,Design erasure estimator,0.6287632838508307,1.0560183308387483,0.4272550469879176,0.12129440447236182,0.8182812980729192,1.2937553636045775,0
422,main,Post index leakage estimator,0.6287632838508307,0.2369981379244549,-0.3917651459263758,0.10418693987486728,0.03279173576971503,0.44120454007919474,0
422,main,Oracle prospective estimator,0.6287632838508307,0.713600297321223,0.0848370134703923,0.10690619469566832,0.504064155717713,0.923136438924733,1
423,main,Structured EHR estimator,0.6295800095577787,1.1693177725394734,0.5397377629816947,0.1381039775877533,0.8986339764674769,1.44000156861147,0
423,main,Naive AI estimator,0.6295800095577787,0.05359921215042149,-0.5759807974073572,0.09397608401374236,-0.13059391251651353,0.2377923368173565,0
423,main,ISE causal estimator,0.6295800095577787,0.5598493589604107,-0.06973065059736805,0.10960277257229845,0.3450279247187057,0.7746707932021156,1
423,main,Design erasure estimator,0.6295800095577787,0.878685923098453,0.24910591354067424,0.12824677565912534,0.6273222428065672,1.1300496033903387,1
423,main,Post index leakage estimator,0.6295800095577787,0.036685019825051915,-0.5928949897327268,0.09816943267756545,-0.15572706822297638,0.22909710787308019,0
423,main,Oracle prospective estimator,0.6295800095577787,0.5645335263815282,-0.0650464831762505,0.10863524833048609,0.3516084396537755,0.7774586131092809,1
424,main,Structured EHR estimator,0.6576155826626758,1.3085012585481897,0.6508856758855138,0.137274624854531,1.039442993833309,1.5775595232630704,0
424,main,Naive AI estimator,0.6576155826626758,-0.0994588319121871,-0.7570744145748629,0.1099894159994983,-0.31503808727120375,0.11612042344682955,0
424,main,ISE causal estimator,0.6576155826626758,0.6873144020232205,0.029698819360544637,0.11265716492447245,0.46650635877125446,0.9081224452751865,1
424,main,Design erasure estimator,0.6576155826626758,1.1588388585495892,0.5012232758869134,0.12601630004256098,0.9118469104661697,1.4058308066330087,0
424,main,Post index leakage estimator,0.6576155826626758,-0.16729909673907592,-0.8249146794017518,0.11285914573097652,-0.3885030223717899,0.05390482889363807,0
424,main,Oracle prospective estimator,0.6576155826626758,0.6847284661601775,0.027112883497501628,0.11217272361595028,0.4648699278729149,0.90458700444744,1
425,main,Structured EHR estimator,0.6457063374517729,1.3825130581009528,0.73680672064918,0.13592170115351285,1.1161065238400676,1.648919592361838,0
425,main,Naive AI estimator,0.6457063374517729,0.21631230452017433,-0.4293940329315985,0.08736804336607923,0.04507093952265906,0.3875536695176896,0
425,main,ISE causal estimator,0.6457063374517729,0.7004063333173259,0.054699995865553075,0.10595042418839873,0.49274350190806443,0.9080691647265875,1
425,main,Design erasure estimator,0.6457063374517729,1.093140333673609,0.4474339962218361,0.11925687361701456,0.8593968613842604,1.3268838059629575,0
425,main,Post index leakage estimator,0.6457063374517729,0.20623857991951527,-0.4394677575322576,0.09109372561947554,0.027694877705343207,0.38478228213368737,0
425,main,Oracle prospective estimator,0.6457063374517729,0.6781545139877688,0.032448176535995965,0.10722965312643312,0.46798439385995994,0.8883246341155777,1
426,main,Structured EHR estimator,0.6326568558370399,1.1989812993002222,0.5663244434631823,0.1256634019231889,0.952681031530772,1.4452815670696724,0
426,main,Naive AI estimator,0.6326568558370399,0.04604752041565222,-0.5866093354213877,0.08098947697067446,-0.11269185444686972,0.20478689527817415,0
426,main,ISE causal estimator,0.6326568558370399,0.5548412790849478,-0.07781557675209205,0.09886309032366973,0.36106962205055515,0.7486129361193405,1
426,main,Design erasure estimator,0.6326568558370399,0.9184796558326093,0.28582279999556937,0.11734414213020479,0.6884851372574079,1.1484741744078106,0
426,main,Post index leakage estimator,0.6326568558370399,0.034867627795047304,-0.5977892280419926,0.0856815105627637,-0.13306813290796954,0.20280338849806417,0
426,main,Oracle prospective estimator,0.6326568558370399,0.5516024252977347,-0.08105443053930517,0.09889908361419525,0.35776022141391206,0.7454446291815574,1
427,main,Structured EHR estimator,0.6474830977007442,1.4974567465041067,0.8499736488033625,0.13782279603832803,1.2273240662689837,1.7675894267392296,0
427,main,Naive AI estimator,0.6474830977007442,0.2170002891861068,-0.4304828085146374,0.09500094220891993,0.030798442456623748,0.40320213591558984,0
427,main,ISE causal estimator,0.6474830977007442,0.7844686444532568,0.13698554675251262,0.10620043689657067,0.5763157881359783,0.9926215007705353,1
427,main,Design erasure estimator,0.6474830977007442,1.237865932406078,0.5903828347053337,0.12365009350398776,0.9955117491382619,1.4802201156738939,0
427,main,Post index leakage estimator,0.6474830977007442,0.22831456878453144,-0.41916852891621276,0.10083001931600469,0.03068773092516225,0.4259414066439006,0
427,main,Oracle prospective estimator,0.6474830977007442,0.7759888607894015,0.12850576308865735,0.10639416126908947,0.5674563047019862,0.9845214168768169,1
428,main,Structured EHR estimator,0.6391128738001632,1.3244499556627205,0.6853370818625573,0.13677034383049697,1.0563800817549465,1.5925198295704945,0
428,main,Naive AI estimator,0.6391128738001632,0.25327131711039874,-0.3858415566897645,0.09808758913004242,0.06101964241551561,0.4455229918052819,0
428,main,ISE causal estimator,0.6391128738001632,0.7514933270466532,0.11238045324648993,0.10991444239260802,0.5360610199571414,0.966925634136165,1
428,main,Design erasure estimator,0.6391128738001632,1.0294826060062008,0.39036973220603755,0.127584480174486,0.7794170248642083,1.2795481871481933,0
428,main,Post index leakage estimator,0.6391128738001632,0.277188214315191,-0.36192465948497227,0.10113911802638963,0.0789555429834673,0.47542088564691465,0
428,main,Oracle prospective estimator,0.6391128738001632,0.7337544444358446,0.09464157063568135,0.10815892541746926,0.5217629506176049,0.9457459382540843,1
429,main,Structured EHR estimator,0.6339248259991898,1.3002403766856188,0.666315550686429,0.13606989775591333,1.0335433770840288,1.5669373762872087,0
429,main,Naive AI estimator,0.6339248259991898,0.04684106705324613,-0.5870837589459437,0.08463437449387379,-0.11904230695474648,0.21272444106123872,0
429,main,ISE causal estimator,0.6339248259991898,0.6161047050302815,-0.017820120968908282,0.10750216990761748,0.4054004520113512,0.8268089580492117,1
429,main,Design erasure estimator,0.6339248259991898,0.8885057527082022,0.25458092670901245,0.12116204216805579,0.6510281500588129,1.1259833553575915,0
429,main,Post index leakage estimator,0.6339248259991898,0.059086307523653944,-0.5748385184755358,0.08790319915105524,-0.11320396281241431,0.2313765778597222,0
429,main,Oracle prospective estimator,0.6339248259991898,0.6096909529984325,-0.0242338730007573,0.10606039362012629,0.40181258150298493,0.81756932449388,1
430,main,Structured EHR estimator,0.6308134805944942,1.8446123344564305,1.2137988538619364,0.13214033723227123,1.5856172734811789,2.1036073954316823,0
430,main,Naive AI estimator,0.6308134805944942,0.3046179544658099,-0.32619552612868424,0.09712336578660422,0.11425615752406565,0.4949797514075542,0
430,main,ISE causal estimator,0.6308134805944942,0.8415285623291813,0.21071508173468712,0.11517869278965374,0.61577832446146,1.0672788001969027,1
430,main,Design erasure estimator,0.6308134805944942,1.3615434583054549,0.7307299777109607,0.12957545065487008,1.1075755750219094,1.6155113415890003,0
430,main,Post index leakage estimator,0.6308134805944942,0.3702128800564365,-0.26060060053805767,0.10000676885234931,0.17419961310583185,0.5662261470070411,0
430,main,Oracle prospective estimator,0.6308134805944942,0.8437679286554388,0.21295444806094466,0.11533750698407558,0.6177064149666507,1.069829442344227,1
431,main,Structured EHR estimator,0.6568056682679752,1.3014060259939344,0.6446003577259592,0.13850734469054674,1.0299316304004629,1.572880421587406,0
431,main,Naive AI estimator,0.6568056682679752,0.10224458425048437,-0.5545610840174908,0.10410514516617585,-0.1018015002752203,0.30629066877618905,0
431,main,ISE causal estimator,0.6568056682679752,0.5706304708523253,-0.08617519741564983,0.11264420754061139,0.349847824072727,0.7914131176319237,1
431,main,Design erasure estimator,0.6568056682679752,1.0163349106391182,0.35952924237114303,0.12853520271656252,0.7644059133146557,1.2682639079635807,0
431,main,Post index leakage estimator,0.6568056682679752,0.176978424025886,-0.4798272442420891,0.11132358584028607,-0.04121580422107468,0.3951726522728467,0
431,main,Oracle prospective estimator,0.6568056682679752,0.5704700710336631,-0.08633559723431206,0.11251211206968155,0.34994633137708725,0.790993810690239,1
432,main,Structured EHR estimator,0.6461109856463618,1.1538510197583105,0.5077400341119487,0.14113173836210882,0.8772328125685772,1.430469226948044,0
432,main,Naive AI estimator,0.6461109856463618,0.10474487927992197,-0.5413661063664399,0.10089632552380523,-0.09301191874673627,0.30250167730658023,0
432,main,ISE causal estimator,0.6461109856463618,0.5484069183678506,-0.09770406727851122,0.11406007428183483,0.32484917277545433,0.7719646639602469,1
432,main,Design erasure estimator,0.6461109856463618,0.9591445476180032,0.31303356197164134,0.12983977710700748,0.7046585844882685,1.2136305107477379,0
432,main,Post index leakage estimator,0.6461109856463618,0.10423932226340052,-0.5418716633829613,0.10769501582057953,-0.10684290874493535,0.3153215532717364,0
432,main,Oracle prospective estimator,0.6461109856463618,0.5336313833777974,-0.11247960226856446,0.11223279565088128,0.3136551039020701,0.7536076628535247,1
433,main,Structured EHR estimator,0.6492291044073485,1.3784306911984698,0.7292015867911213,0.13866042856702612,1.1066562512070988,1.650205131189841,0
433,main,Naive AI estimator,0.6492291044073485,0.04881976123654243,-0.6004093431708061,0.0992885460112576,-0.14578578894552247,0.2434253114186073,0
433,main,ISE causal estimator,0.6492291044073485,0.5527109249612348,-0.09651817944611374,0.12266758208042514,0.3122824640836015,0.793139385838868,1
433,main,Design erasure estimator,0.6492291044073485,0.975292978608119,0.32606387420077054,0.133987194445869,0.7126780774942159,1.2379078797220222,0
433,main,Post index leakage estimator,0.6492291044073485,0.13837891211696096,-0.5108501922903875,0.10361797620327493,-0.0647123212414579,0.3414701454753798,0
433,main,Oracle prospective estimator,0.6492291044073485,0.5105159776878447,-0.13871312671950375,0.12167797122411697,0.2720271540885755,0.749004801287114,1
434,main,Structured EHR estimator,0.6350884694407523,1.104957652119618,0.4698691826788658,0.1501562660326277,0.8106513706956677,1.3992639335435684,0
434,main,Naive AI estimator,0.6350884694407523,-0.00899037717929759,-0.6440788466200499,0.09103525031908932,-0.18741946780471266,0.16943871344611747,0
434,main,ISE causal estimator,0.6350884694407523,0.48121950447081224,-0.15386896496994001,0.11224509120849917,0.2612191257021539,0.7012198832394706,1
434,main,Design erasure estimator,0.6350884694407523,0.7695963132129674,0.13450784377221514,0.13066279307041404,0.5134972387949559,1.025695387630979,1
434,main,Post index leakage estimator,0.6350884694407523,-0.01040681171536241,-0.6454952811561147,0.09611221163331599,-0.19878674651666173,0.17797312308593694,0
434,main,Oracle prospective estimator,0.6350884694407523,0.47734192479507825,-0.157746544645674,0.11010316440928777,0.2615397225528742,0.6931441270372822,1
435,main,Structured EHR estimator,0.6534002767930375,1.3196780264386427,0.6662777496456053,0.14608820937545278,1.0333451360627552,1.6060109168145302,0
435,main,Naive AI estimator,0.6534002767930375,-0.03703324705714401,-0.6904335238501815,0.10048062290334057,-0.23397526794769152,0.15990877383340352,0
435,main,ISE causal estimator,0.6534002767930375,0.4302176825486789,-0.22318259424435855,0.11546860299594659,0.2038992206766236,0.6565361444207343,1
435,main,Design erasure estimator,0.6534002767930375,0.8282272637673369,0.17482698697429944,0.12577036098368904,0.5817173562393063,1.0747371712953675,1
435,main,Post index leakage estimator,0.6534002767930375,-0.020759679497876972,-0.6741599562909144,0.10685264915323014,-0.23019087183820805,0.18867151284245412,0
435,main,Oracle prospective estimator,0.6534002767930375,0.4216064536255233,-0.23179382316751418,0.1144137039462051,0.1973555938909613,0.6458573133600853,0
436,main,Structured EHR estimator,0.6347411182440325,1.5017646167879315,0.867023498543899,0.14455489785884099,1.2184370169846033,1.7850922165912597,0
436,main,Naive AI estimator,0.6347411182440325,0.14644815941646197,-0.4882929588275705,0.10155981459368728,-0.05260907718716509,0.345505396020089,0
436,main,ISE causal estimator,0.6347411182440325,0.5969427965912117,-0.03779832165282071,0.11403186753617536,0.37344033622030803,0.8204452569621155,1
436,main,Design erasure estimator,0.6347411182440325,1.031123570134008,0.39638245188997556,0.1299348686466634,0.7764512275865478,1.2857959126814682,0
436,main,Post index leakage estimator,0.6347411182440325,0.19149647835284578,-0.4432446398911867,0.10576977853307269,-0.015812287571976696,0.3988052442776683,0
436,main,Oracle prospective estimator,0.6347411182440325,0.5935831324438158,-0.04115798580021668,0.11499502979351987,0.36819287404851686,0.8189733908391147,1
437,main,Structured EHR estimator,0.6402609756011818,1.165670602721613,0.5254096271204313,0.14795277743283733,0.8756831589532519,1.4556580464899742,0
437,main,Naive AI estimator,0.6402609756011818,0.03609409058760462,-0.6041668850135772,0.10206020019859692,-0.16394390180164534,0.2361320829768546,0
437,main,ISE causal estimator,0.6402609756011818,0.5194553877240696,-0.12080558787711215,0.11955713865532053,0.2851233959596414,0.7537873794884978,1
437,main,Design erasure estimator,0.6402609756011818,0.9233308542236943,0.28306987862251254,0.135078285648337,0.6585774143529538,1.188084294094435,0
437,main,Post index leakage estimator,0.6402609756011818,0.044729587210387535,-0.5955313883907942,0.10533913226279842,-0.16173511202469737,0.2511942864454724,0
437,main,Oracle prospective estimator,0.6402609756011818,0.5015991932021904,-0.1386617823989914,0.11902517532575797,0.26830984956370474,0.734888536840676,1
438,main,Structured EHR estimator,0.6380937128425447,1.480891203714956,0.8427974908724113,0.1482686691588447,1.1902846121636204,1.7714977952662916,0
438,main,Naive AI estimator,0.6380937128425447,0.17364436822687157,-0.4644493446156731,0.09916922716311785,-0.02072731701283942,0.36801605346658256,0
438,main,ISE causal estimator,0.6380937128425447,0.6221230309695509,-0.015970681872993775,0.10971481985252794,0.40708198405859614,0.8371640778805056,1
438,main,Design erasure estimator,0.6380937128425447,0.9837943406570159,0.3457006278144712,0.11402818795493788,0.7602990922653377,1.207289589048694,0
438,main,Post index leakage estimator,0.6380937128425447,0.22183475967199887,-0.41625895317054584,0.10572275281697892,0.014618164150720203,0.42905135519327753,0
438,main,Oracle prospective estimator,0.6380937128425447,0.6284785296574891,-0.009615183185055609,0.11101536753536351,0.4108884092881766,0.8460686500268015,1
439,main,Structured EHR estimator,0.6353745161521803,1.5062601201442327,0.8708856039920524,0.14548572770168286,1.2211080938489343,1.7914121464395312,0
439,main,Naive AI estimator,0.6353745161521803,0.25369302363282725,-0.38168149251935307,0.10148430430080213,0.05478378720325508,0.45260226006239945,0
439,main,ISE causal estimator,0.6353745161521803,0.9209824479444462,0.28560793179226585,0.11050302865305421,0.7043965117844599,1.1375683841044324,0
439,main,Design erasure estimator,0.6353745161521803,1.2940455887198943,0.658671072567714,0.12594963201504344,1.047184309970409,1.5409068674693795,0
439,main,Post index leakage estimator,0.6353745161521803,0.2095426879657352,-0.42583182818644516,0.10895734194000563,-0.004013702236675826,0.4230990781681462,0
439,main,Oracle prospective estimator,0.6353745161521803,0.910350626247064,0.27497611009488365,0.10996211529040774,0.6948248802778648,1.125876372216263,0
440,main,Structured EHR estimator,0.6303815440112044,1.3608161309730604,0.730434586961856,0.14396181140327208,1.0786509806226472,1.6429812813234737,0
440,main,Naive AI estimator,0.6303815440112044,0.2017272199642846,-0.4286543240469198,0.0968579360657446,0.0118856652754252,0.391568774653144,0
440,main,ISE causal estimator,0.6303815440112044,0.6572975582376736,0.026916014226469165,0.11159882184355825,0.43856386742429937,0.8760312490510478,1
440,main,Design erasure estimator,0.6303815440112044,0.9548996509761801,0.32451810696497574,0.12934909817782164,0.7013754185476497,1.2084238834047105,0
440,main,Post index leakage estimator,0.6303815440112044,0.2190046780798459,-0.41137686593135847,0.10228400031313888,0.01852803746609369,0.41948131869359806,0
440,main,Oracle prospective estimator,0.6303815440112044,0.6207695690552562,-0.009611974955948233,0.11168613902469766,0.40186473656684873,0.8396744015436636,1
441,main,Structured EHR estimator,0.6501190921630511,1.3744120101611184,0.7242929179980673,0.13742571659264047,1.105057605639543,1.6437664146826938,0
441,main,Naive AI estimator,0.6501190921630511,-0.11065989594271337,-0.7607789881057645,0.09003872180619955,-0.2871357906828645,0.06581599879743776,0
441,main,ISE causal estimator,0.6501190921630511,0.46717522211550744,-0.18294387004754364,0.11019937663471019,0.2511844439114755,0.6831660003195394,1
441,main,Design erasure estimator,0.6501190921630511,0.8503036023753168,0.2001845102122657,0.12310726228100005,0.6090133683045567,1.0915938364460769,1
441,main,Post index leakage estimator,0.6501190921630511,-0.06031365459143772,-0.7104327467544888,0.09513995007317397,-0.2467879567348587,0.12616064755198325,0
441,main,Oracle prospective estimator,0.6501190921630511,0.4562599637150699,-0.1938591284479812,0.10823771506358598,0.24411404219044136,0.6684058852396983,1
442,main,Structured EHR estimator,0.6344701333729731,1.2228062085087414,0.5883360751357684,0.13750299231323906,0.9533003435747929,1.49231207344269,0
442,main,Naive AI estimator,0.6344701333729731,0.14588746934491484,-0.4885826640280583,0.09112546726291043,-0.0327184464903896,0.3244933851802193,0
442,main,ISE causal estimator,0.6344701333729731,0.5693557411117364,-0.06511439226123672,0.10938450236700074,0.35496211647241493,0.7837493657510578,1
442,main,Design erasure estimator,0.6344701333729731,0.8418675705753572,0.20739743720238413,0.12981420892846343,0.5874317210755688,1.0963034200751456,1
442,main,Post index leakage estimator,0.6344701333729731,0.16010794577299925,-0.47436218759997384,0.09185000031303832,-0.019918054840555866,0.34013394638655436,0
442,main,Oracle prospective estimator,0.6344701333729731,0.5463074601020257,-0.0881626732709474,0.10988451154106152,0.33093381748154516,0.7616811027225062,1
443,main,Structured EHR estimator,0.6592565068075493,1.6149535290347163,0.955697022227167,0.1371921755057492,1.346056865043448,1.8838501930259848,0
443,main,Naive AI estimator,0.6592565068075493,0.17311623606417945,-0.48614027074336985,0.08728028385744817,0.0020468797035810282,0.34418559242477786,0
443,main,ISE causal estimator,0.6592565068075493,0.7981049510641535,0.13884844425660414,0.11285040374458088,0.576918159724775,1.019291742403532,1
443,main,Design erasure estimator,0.6592565068075493,1.2214055563995336,0.5621490495919843,0.12528663657266567,0.9758437487171089,1.4669673640819583,0
443,main,Post index leakage estimator,0.6592565068075493,0.20434957015784844,-0.4549069366497009,0.09137276823352286,0.02525894442014362,0.3834401958955532,0
443,main,Oracle prospective estimator,0.6592565068075493,0.7766430440301038,0.11738653722255443,0.11224266380969732,0.556647422963097,0.9966386650971105,1
444,main,Structured EHR estimator,0.6448682610907203,1.1317033539802457,0.4868350928895254,0.15388838906824506,0.8300821114064854,1.433324596554006,0
444,main,Naive AI estimator,0.6448682610907203,0.0460840781034913,-0.5987841829872289,0.0885058433949457,-0.12738737495060226,0.21955553115758486,0
444,main,ISE causal estimator,0.6448682610907203,0.4970093512700573,-0.14785890982066296,0.11287774549145302,0.2757689701068094,0.7182497324333053,1
444,main,Design erasure estimator,0.6448682610907203,0.9728636401889007,0.32799537909818044,0.1236312195567831,0.7305464498576058,1.2151808305201957,0
444,main,Post index leakage estimator,0.6448682610907203,0.0843175517923934,-0.5605507092983268,0.09340452892016732,-0.09875532489113455,0.26739042847592137,0
444,main,Oracle prospective estimator,0.6448682610907203,0.4914999481752923,-0.15336831291542796,0.11299656325065685,0.2700266842040049,0.7129732121465797,1
445,main,Structured EHR estimator,0.6396239944495881,1.5427266826590442,0.9031026882094562,0.15180831555531493,1.245182384170627,1.8402709811474613,0
445,main,Naive AI estimator,0.6396239944495881,0.22671234371940252,-0.41291165073018554,0.10160122992550402,0.02757393306541464,0.42585075437339037,0
445,main,ISE causal estimator,0.6396239944495881,0.7174486349045777,0.0778246404549896,0.11754940362610733,0.4870518037974073,0.947845466011748,1
445,main,Design erasure estimator,0.6396239944495881,1.2072547934755913,0.5676307990260032,0.13567505888101375,0.9413316780688044,1.4731779088823782,0
445,main,Post index leakage estimator,0.6396239944495881,0.2702549603220531,-0.36936903412753497,0.11190479512512928,0.05092156187679969,0.4895883587673065,0
445,main,Oracle prospective estimator,0.6396239944495881,0.7075866463812177,0.06796265193162965,0.11716530721511649,0.47794264423958943,0.937230648522846,1
446,main,Structured EHR estimator,0.633783109196337,1.4397076522979746,0.8059245431016376,0.13411721961801495,1.1768379018466653,1.702577402749284,0
446,main,Naive AI estimator,0.633783109196337,0.14212883148054056,-0.4916542777157964,0.09871477509210323,-0.051352127699981764,0.3356097906610629,0
446,main,ISE causal estimator,0.633783109196337,0.6866651770518751,0.05288206785553817,0.10574082709918128,0.4794131559374798,0.8939171981662705,1
446,main,Design erasure estimator,0.633783109196337,0.9787869718924376,0.3450038626961006,0.11921277042470578,0.7451299418600142,1.2124440019248608,0
446,main,Post index leakage estimator,0.633783109196337,0.16013277259236666,-0.47365033660397027,0.1048467744472011,-0.0453669053241475,0.3656324505088808,0
446,main,Oracle prospective estimator,0.633783109196337,0.683712808517014,0.049929699320677035,0.10594587099760325,0.47605890136171164,0.8913667156723164,1
447,main,Structured EHR estimator,0.640693769022383,1.2661029467289389,0.6254091777065559,0.13997473224919776,0.9917524715205113,1.5404534219373665,0
447,main,Naive AI estimator,0.640693769022383,0.16623766250370117,-0.47445610651868175,0.09045212262602845,-0.011048497843314575,0.3435238228507169,0
447,main,ISE causal estimator,0.640693769022383,0.6886398977952576,0.04794612877287463,0.1039653183433473,0.4848678738422969,0.8924119217482183,1
447,main,Design erasure estimator,0.640693769022383,1.1718378572313675,0.5311440882089845,0.12776366397323316,0.9214210758438305,1.4222546386189046,0
447,main,Post index leakage estimator,0.640693769022383,0.11798769682766322,-0.5227060721947198,0.09845966586711588,-0.07499324827188392,0.31096864192721035,0
447,main,Oracle prospective estimator,0.640693769022383,0.6897445901027965,0.04905082108041359,0.10332035603145645,0.48723669228114186,0.8922524879244512,1
448,main,Structured EHR estimator,0.6635906856643832,1.4600503526473305,0.7964596669829473,0.1515890007613755,1.1629359111550346,1.7571647941396265,0
448,main,Naive AI estimator,0.6635906856643832,0.26103316729524184,-0.40255751836914133,0.09301965562423824,0.07871464227173489,0.4433516923187488,0
448,main,ISE causal estimator,0.6635906856643832,0.7631235797532712,0.09953289408888799,0.1134543359277106,0.5407530813349584,0.985494078171584,1
448,main,Design erasure estimator,0.6635906856643832,1.1697656392491782,0.506174953584795,0.1341724483662292,0.906787640451369,1.4327436380469876,0
448,main,Post index leakage estimator,0.6635906856643832,0.2708915186012412,-0.39269916706314195,0.10061474112891795,0.07368662598856204,0.4680964112139204,0
448,main,Oracle prospective estimator,0.6635906856643832,0.7696047688170687,0.10601408315268557,0.11500477380619142,0.5441954121569336,0.9950141254772039,1
449,main,Structured EHR estimator,0.6542327128377202,1.4268040351337188,0.7725713222959986,0.138667848228564,1.1550150526057332,1.6985930176617043,0
449,main,Naive AI estimator,0.6542327128377202,0.22787518285120797,-0.4263575299865122,0.1074349647682612,0.017302651905416022,0.4384477137969999,0
449,main,ISE causal estimator,0.6542327128377202,0.7437392555777803,0.08950654274006009,0.10801571976627827,0.5320284448358749,0.9554500663196858,1
449,main,Design erasure estimator,0.6542327128377202,1.1663869490641874,0.5121542362264672,0.11647561537520854,0.9380947429287787,1.394679155199596,0
449,main,Post index leakage estimator,0.6542327128377202,0.23744058051362887,-0.41679213232409135,0.11376129398369085,0.014468444305594824,0.46041271672166295,0
449,main,Oracle prospective estimator,0.6542327128377202,0.7364523691661484,0.0822196563284282,0.10660203541397152,0.5275123797547643,0.9453923585775326,1
450,main,Structured EHR estimator,0.6228834348323778,1.4133964005460242,0.7905129657136464,0.14854750657165366,1.122243287665583,1.7045495134264654,0
450,main,Naive AI estimator,0.6228834348323778,0.0753531656489621,-0.5475302691834157,0.09935241154275658,-0.11937756097484079,0.27008389227276497,0
450,main,ISE causal estimator,0.6228834348323778,0.46565842508525507,-0.15722500974712278,0.11866163563349032,0.23308161924361406,0.6982352309268961,1
450,main,Design erasure estimator,0.6228834348323778,0.9520591611569112,0.3291757263245334,0.13616244860040902,0.6851807619001096,1.218937560413713,0
450,main,Post index leakage estimator,0.6228834348323778,0.15903812202883766,-0.4638453128035402,0.102673139888748,-0.04220123215310842,0.36027747621078376,0
450,main,Oracle prospective estimator,0.6228834348323778,0.4434978704252843,-0.17938556440709352,0.11805844756288573,0.2121033132020283,0.6748924276485404,1
451,main,Structured EHR estimator,0.651823337505121,1.376252502758769,0.7244291652536481,0.1327389270686703,1.1160842057041753,1.6364207998133629,0
451,main,Naive AI estimator,0.651823337505121,0.03428300175174812,-0.6175403357533729,0.09570790963750551,-0.1533045011377627,0.22187050464125893,0
451,main,ISE causal estimator,0.651823337505121,0.6732313851117772,0.021408047606656155,0.1034719699955473,0.47042632392050443,0.8760364463030499,1
451,main,Design erasure estimator,0.651823337505121,0.971557803428921,0.31973446592379995,0.11913561621319212,0.7380519956510644,1.2050636112067774,0
451,main,Post index leakage estimator,0.651823337505121,0.013607896136985428,-0.6382154413681356,0.09699237111012743,-0.17649715123886434,0.2037129435128352,0
451,main,Oracle prospective estimator,0.651823337505121,0.6293658994622793,-0.022457438042841726,0.10287882028609766,0.4277234117015279,0.8310083872230307,1
452,main,Structured EHR estimator,0.6367764817672068,1.2500934718800953,0.6133169901128885,0.13706685880498026,0.981442428622334,1.5187445151378567,0
452,main,Naive AI estimator,0.6367764817672068,0.15657739379959973,-0.4801990879676071,0.0920157702377019,-0.023773515866295974,0.3369283034654954,0
452,main,ISE causal estimator,0.6367764817672068,0.5485720977077527,-0.08820438405945408,0.10373536414908971,0.3452507839755369,0.7518934114399686,1
452,main,Design erasure estimator,0.6367764817672068,0.8216351619081901,0.18485868014098328,0.12039177872023156,0.5856672756165362,1.057603048199844,1
452,main,Post index leakage estimator,0.6367764817672068,0.17139527746768243,-0.46538120429952434,0.09595610479104395,-0.016678687922763724,0.3594692428581286,0
452,main,Oracle prospective estimator,0.6367764817672068,0.5127357422215912,-0.12404073954561556,0.10304988154781398,0.31075797438787583,0.7147135100553066,1
453,main,Structured EHR estimator,0.6627051451136288,1.514163542786582,0.8514583976729533,0.13805215908826954,1.2435813109735738,1.7847457745995903,0
453,main,Naive AI estimator,0.6627051451136288,0.3548540126497032,-0.3078511324639256,0.09325110495330535,0.1720818469412247,0.5376261783581817,0
453,main,ISE causal estimator,0.6627051451136288,0.9073773734037425,0.2446722282901137,0.10664112140544789,0.6983607754490646,1.1163939713584203,0
453,main,Design erasure estimator,0.6627051451136288,1.2527895703528562,0.5900844252392274,0.12232653368180868,1.0130295643365113,1.4925495763692012,0
453,main,Post index leakage estimator,0.6627051451136288,0.33870718248887843,-0.32399796262475034,0.09594568057200765,0.15065364856774344,0.5267607164100134,0
453,main,Oracle prospective estimator,0.6627051451136288,0.9062400819547142,0.2435349368410854,0.10580657471460483,0.6988591955140887,1.1136209683953395,0
454,main,Structured EHR estimator,0.6366080093709335,1.2933057568018338,0.6566977474309003,0.14560654219371763,1.0079169341021472,1.5786945795015204,0
454,main,Naive AI estimator,0.6366080093709335,0.08580287763804859,-0.5508051317328849,0.09695577864855648,-0.1042304485131221,0.27583620378921925,0
454,main,ISE causal estimator,0.6366080093709335,0.5632274426667144,-0.07338056670421911,0.1068775340949445,0.35374747584062316,0.7727074094928057,1
454,main,Design erasure estimator,0.6366080093709335,0.8883384594192122,0.25173045004827865,0.12436662656022623,0.6445798713611688,1.1320970474772556,0
454,main,Post index leakage estimator,0.6366080093709335,0.09404401420819017,-0.5425639951627433,0.10347214218295409,-0.10876138447039985,0.2968494128867802,0
454,main,Oracle prospective estimator,0.6366080093709335,0.5603010005795799,-0.07630700879135366,0.10703691485740238,0.3505086474590712,0.7700933537000886,1
455,main,Structured EHR estimator,0.6589466737535943,1.3944585447291633,0.735511870975569,0.13836952281773773,1.1232542800063974,1.6656628094519292,0
455,main,Naive AI estimator,0.6589466737535943,0.04564005455508256,-0.6133066191985117,0.10271461233729905,-0.15568058562602355,0.2469606947361887,0
455,main,ISE causal estimator,0.6589466737535943,0.5488314399803618,-0.11011523377323251,0.11666352352653891,0.3201709338683455,0.777491946092378,1
455,main,Design erasure estimator,0.6589466737535943,1.0009850738306023,0.34203840007700803,0.12457703414293636,0.756814086910447,1.2451560607507575,0
455,main,Post index leakage estimator,0.6589466737535943,0.08344295348709233,-0.575503720266502,0.10869336944333363,-0.1295960506218416,0.29648195759602625,0
455,main,Oracle prospective estimator,0.6589466737535943,0.5370333263184504,-0.12191334743514393,0.11748018216705305,0.30677216927102635,0.7672944833658744,1
456,main,Structured EHR estimator,0.6285886415797765,1.3570983629482374,0.7285097213684609,0.1514919791681925,1.06017408377858,1.6540226421178947,0
456,main,Naive AI estimator,0.6285886415797765,0.03123342150899192,-0.5973552200707846,0.09784150386581447,-0.16053592606800446,0.2230027690859883,0
456,main,ISE causal estimator,0.6285886415797765,0.4629697501704359,-0.16561889140934055,0.11237455520977138,0.242715621959284,0.6832238783815878,1
456,main,Design erasure estimator,0.6285886415797765,0.8747403262490315,0.24615168466925508,0.12518891426595355,0.6293700542877626,1.1201105982103006,0
456,main,Post index leakage estimator,0.6285886415797765,0.09575112649142059,-0.5328375150883559,0.10528559116374712,-0.11060863218952377,0.30211088517236495,0
456,main,Oracle prospective estimator,0.6285886415797765,0.40821676381520305,-0.2203718777645734,0.11211482788561129,0.18847170115940493,0.6279618264710012,0
457,main,Structured EHR estimator,0.6287129851409997,1.7422896658406726,1.1135766806996727,0.1283009979495649,1.4908197098595255,1.9937596218218196,0
457,main,Naive AI estimator,0.6287129851409997,0.3874995572671344,-0.2412134278738653,0.09775115530180394,0.19590729287559872,0.5790918216586701,0
457,main,ISE causal estimator,0.6287129851409997,0.9783813609364713,0.3496683757954716,0.10683000021088748,0.7689945605231319,1.1877681613498108,0
457,main,Design erasure estimator,0.6287129851409997,1.3859873830076332,0.7572743978666335,0.11946697813364304,1.1518321058656928,1.6201426601495736,0
457,main,Post index leakage estimator,0.6287129851409997,0.4026136276600168,-0.22609935748098292,0.10359120894520864,0.19957485812740786,0.6056523971926258,0
457,main,Oracle prospective estimator,0.6287129851409997,0.9691528428959741,0.34043985775497443,0.10711972625030106,0.759198179445384,1.1791075063465641,0
458,main,Structured EHR estimator,0.6383543679893694,1.426970279072521,0.7886159110831515,0.16661829184755575,1.1003984270513116,1.7535421310937302,0
458,main,Naive AI estimator,0.6383543679893694,0.07873700735655108,-0.5596173606328183,0.09268202991728083,-0.10291977128131936,0.26039378599442153,0
458,main,ISE causal estimator,0.6383543679893694,0.5688919140634382,-0.0694624539259312,0.11855833384357913,0.3365175797300231,0.8012662483968533,1
458,main,Design erasure estimator,0.6383543679893694,0.9955191021472795,0.35716473415791006,0.1319247165354062,0.7369466577378834,1.2540915465566755,0
458,main,Post index leakage estimator,0.6383543679893694,0.12100251686751541,-0.517351851121854,0.09810653725657073,-0.07128629615536321,0.31329132989039404,0
458,main,Oracle prospective estimator,0.6383543679893694,0.5650839994148853,-0.0732703685744841,0.11729436730903212,0.3351870394891824,0.7949809593405882,1
459,main,Structured EHR estimator,0.6353579114057986,1.25441300579109,0.6190550943852915,0.15080046124094362,0.9588441017588405,1.5499819098233396,0
459,main,Naive AI estimator,0.6353579114057986,0.09823220356968493,-0.5371257078361136,0.08796937656345746,-0.07418777449469169,0.2706521816340616,0
459,main,ISE causal estimator,0.6353579114057986,0.5144393486882906,-0.120918562717508,0.1127056085080956,0.29353635601242317,0.735342341364158,1
459,main,Design erasure estimator,0.6353579114057986,0.9503660046370282,0.3150080932312297,0.13107598390876338,0.6934570761758521,1.2072749330982044,0
459,main,Post index leakage estimator,0.6353579114057986,0.13429217646477054,-0.501065734941028,0.09224173425737982,-0.046501622679693905,0.315085975609235,0
459,main,Oracle prospective estimator,0.6353579114057986,0.507365725728874,-0.1279921856769246,0.11064924586508276,0.29049320383331173,0.7242382476244362,1
460,main,Structured EHR estimator,0.6587098692414807,1.657127931199768,0.9984180619582873,0.13765090614377384,1.3873321551579711,1.9269237072415648,0
460,main,Naive AI estimator,0.6587098692414807,0.1155290182019581,-0.5431808510395226,0.10154768289138685,-0.08350444026516013,0.31456247666907633,0
460,main,ISE causal estimator,0.6587098692414807,0.6210475498528151,-0.0376623193886656,0.11357949035217822,0.3984317487625457,0.8436633509430844,1
460,main,Design erasure estimator,0.6587098692414807,1.0725117823386576,0.41380191309717695,0.13098956688688934,0.8157722312403546,1.3292513334369607,0
460,main,Post index leakage estimator,0.6587098692414807,0.16934447898290658,-0.48936539025857406,0.1068819577163189,-0.04014415814107847,0.37883311610689163,0
460,main,Oracle prospective estimator,0.6587098692414807,0.5955204877570132,-0.06318938148446751,0.11235864372884492,0.3752975460484771,0.8157434294655492,1
461,main,Structured EHR estimator,0.6487249998650658,1.2580502414483263,0.6093252415832605,0.1254386709944572,1.0121904462991902,1.5039100365974625,0
461,main,Naive AI estimator,0.6487249998650658,0.06643448018974704,-0.5822905196753188,0.09377394354339845,-0.11736244915531391,0.250231409534808,0
461,main,ISE causal estimator,0.6487249998650658,0.5792941328918515,-0.06943086697321432,0.10315144838240975,0.3771172940623284,0.7814709717213746,1
461,main,Design erasure estimator,0.6487249998650658,0.9733997324236986,0.3246747325586328,0.12245952884912005,0.7333790558794233,1.2134204089679739,0
461,main,Post index leakage estimator,0.6487249998650658,0.10937566610766311,-0.5393493337574027,0.09745347184432157,-0.08163313870720718,0.3003844709225334,0
461,main,Oracle prospective estimator,0.6487249998650658,0.5483360089437609,-0.10038899092130493,0.10349258072492518,0.3454905507229076,0.7511814671646142,1
462,main,Structured EHR estimator,0.6497337287142779,1.3890623059653104,0.7393285772510325,0.14044367401631197,1.113792704893339,1.664331907037282,0
462,main,Naive AI estimator,0.6497337287142779,0.17756711775041475,-0.47216661096386314,0.09817618220261642,-0.014858199366713426,0.36999243486754296,0
462,main,ISE causal estimator,0.6497337287142779,0.5654680344492956,-0.08426569426498232,0.10900597102739881,0.35181633123559397,0.7791197376629972,1
462,main,Design erasure estimator,0.6497337287142779,0.9546765036808637,0.30494277496658573,0.12314433814992126,0.713313600907018,1.1960394064547093,0
462,main,Post index leakage estimator,0.6497337287142779,0.24108440736761189,-0.40864932134666604,0.10207031682589722,0.04102658638885334,0.4411422283463704,0
462,main,Oracle prospective estimator,0.6497337287142779,0.5310702206183768,-0.1186635080959011,0.10953370619800187,0.31638415647029317,0.7457562847664605,1
463,main,Structured EHR estimator,0.6434053055332655,1.4271025423467694,0.7836972368135039,0.14520844256965346,1.1424939949102486,1.7117110897832901,0
463,main,Naive AI estimator,0.6434053055332655,0.04126645359161609,-0.6021388519416494,0.09983995661983404,-0.1544198613832586,0.2369527685664908,0
463,main,ISE causal estimator,0.6434053055332655,0.573674314335855,-0.06973099119741044,0.11623738525864637,0.3458490392289082,0.8014995894428019,1
463,main,Design erasure estimator,0.6434053055332655,0.9558302823110741,0.31242497677780867,0.1359389552382303,0.6893899300441428,1.2222706345780054,0
463,main,Post index leakage estimator,0.6434053055332655,0.088773790092374,-0.5546315154408915,0.10589115519874012,-0.11877287409715663,0.2963204542819046,0
463,main,Oracle prospective estimator,0.6434053055332655,0.5647328547398568,-0.07867245079340868,0.11506889375748652,0.3391978229751832,0.7902678865045304,1
464,main,Structured EHR estimator,0.6727351371378385,1.3940231657029176,0.7212880285650791,0.136296322236348,1.1268823741196756,1.6611639572861596,0
464,main,Naive AI estimator,0.6727351371378385,0.13044859716325563,-0.5422865399745829,0.0992572915062467,-0.06409569418898789,0.3249928885154991,0
464,main,ISE causal estimator,0.6727351371378385,0.7322475770673251,0.05951243992948663,0.11034735517985661,0.5159667609148062,0.9485283932198441,1
464,main,Design erasure estimator,0.6727351371378385,1.1111160078231528,0.4383808706853143,0.12247247000973212,0.8710699666040779,1.3511620490422278,0
464,main,Post index leakage estimator,0.6727351371378385,0.1185656305485273,-0.5541695065893112,0.10369050728937843,-0.08466776373865441,0.321799024835709,0
464,main,Oracle prospective estimator,0.6727351371378385,0.7186572444648889,0.04592210732705038,0.10956591701965583,0.5039080471063635,0.9334064418234143,1
465,main,Structured EHR estimator,0.6651572330792647,1.2402554185990273,0.5750981855197627,0.13111510658511702,0.9832698096921979,1.4972410275058567,0
465,main,Naive AI estimator,0.6651572330792647,0.1131633327484617,-0.551993900330803,0.0903933173106095,-0.06400756918033292,0.29033423467725633,0
465,main,ISE causal estimator,0.6651572330792647,0.596817406893797,-0.06833982618546763,0.09725310241557976,0.40620132615926074,0.7874334876283333,1
465,main,Design erasure estimator,0.6651572330792647,0.9548665905930358,0.28970935751377114,0.11752728801168787,0.7245131060901275,1.185220075095944,0
465,main,Post index leakage estimator,0.6651572330792647,0.0984598898280966,-0.566697343251168,0.10089327980974035,-0.09929093859899447,0.2962107182551877,0
465,main,Oracle prospective estimator,0.6651572330792647,0.6098192581025687,-0.055337974976696014,0.09790675431160663,0.41792201965181963,0.8017164965533177,1
466,main,Structured EHR estimator,0.6490550458705191,1.220204240774511,0.571149194903992,0.15627077826915903,0.9139135153669593,1.5264949661820628,0
466,main,Naive AI estimator,0.6490550458705191,0.03808284455283423,-0.6109722013176848,0.11403626331564526,-0.18542823154583046,0.2615939206514989,0
466,main,ISE causal estimator,0.6490550458705191,0.6552967623563286,0.006241716485809512,0.11653895390949139,0.4268804126937255,0.8837131120189317,1
466,main,Design erasure estimator,0.6490550458705191,1.0847369672114793,0.4356819213409602,0.13322082363736787,0.8236241528822383,1.3458497815407202,0
466,main,Post index leakage estimator,0.6490550458705191,-0.030043448460202266,-0.6790984943307213,0.11799289265664992,-0.2613095180672361,0.20122262114683157,0
466,main,Oracle prospective estimator,0.6490550458705191,0.669627955921611,0.020572910051091853,0.11596188678337592,0.44234265782619414,0.8969132540170277,1
467,main,Structured EHR estimator,0.6513140292422062,1.5116939300154177,0.8603799007732116,0.14458229998897926,1.2283126220370184,1.795075237993817,0
467,main,Naive AI estimator,0.6513140292422062,0.09333793171973359,-0.5579760975224726,0.10525431104744767,-0.11296051793326384,0.299636381372731,0
467,main,ISE causal estimator,0.6513140292422062,0.7657027970874598,0.11438876784525365,0.12039424156777336,0.529730083614624,1.0016755105602955,1
467,main,Design erasure estimator,0.6513140292422062,1.179322270233781,0.5280082409915747,0.14147498327983454,0.9020313030053052,1.4566132374622565,0
467,main,Post index leakage estimator,0.6513140292422062,0.09087103865835046,-0.5604429905838557,0.10794141975763352,-0.12069414406661123,0.30243622138331216,0
467,main,Oracle prospective estimator,0.6513140292422062,0.7486404152153239,0.09732638597311771,0.11911687925178055,0.5151713318818341,0.9821094985488137,1
468,main,Structured EHR estimator,0.6364295370946998,1.4204825731125577,0.7840530360178578,0.13543792490772993,1.155024240293407,1.6859409059317083,0
468,main,Naive AI estimator,0.6364295370946998,0.22789669449157304,-0.40853284260312683,0.09311219611207766,0.04539679011190084,0.41039659887124524,0
468,main,ISE causal estimator,0.6364295370946998,0.6903794925907528,0.05394995549605297,0.10463700833592993,0.4852909562523302,0.8954680289291754,1
468,main,Design erasure estimator,0.6364295370946998,0.997614603351664,0.3611850662569641,0.127851890644473,0.7470248976884969,1.248204309014831,0
468,main,Post index leakage estimator,0.6364295370946998,0.23651945317384615,-0.3999100839208537,0.10316404713765877,0.03431792078403498,0.43872098556365735,0
468,main,Oracle prospective estimator,0.6364295370946998,0.6668224575524091,0.03039292045770925,0.10473338816229438,0.46154501675431214,0.872099898350506,1
469,main,Structured EHR estimator,0.6340554564204608,1.2128973573102388,0.578841900889778,0.12996285928511472,0.958170153111414,1.4676245615090637,0
469,main,Naive AI estimator,0.6340554564204608,0.1279650068323473,-0.5060904495881136,0.09243005493179277,-0.05319790083396653,0.3091279144986611,0
469,main,ISE causal estimator,0.6340554564204608,0.5744854628814113,-0.05956999353904946,0.11348075742128119,0.3520631783357002,0.7969077474271224,1
469,main,Design erasure estimator,0.6340554564204608,0.8959569253440088,0.26190146892354804,0.12889828877356202,0.6433162793478273,1.1485975713401904,0
469,main,Post index leakage estimator,0.6340554564204608,0.15183939581808106,-0.48221606060237976,0.09306410730170885,-0.030566254493268274,0.3342450461294304,0
469,main,Oracle prospective estimator,0.6340554564204608,0.5796206631009106,-0.054434793319550145,0.11185185815403897,0.36039102111899424,0.7988503050828271,1
470,main,Structured EHR estimator,0.6329096346979908,1.4427784076137256,0.8098687729157348,0.1328735024494466,1.1823463428128103,1.7032104724146409,0
470,main,Naive AI estimator,0.6329096346979908,0.2617749876855969,-0.37113464701239385,0.0928751526606558,0.07973968847071156,0.4438102869004823,0
470,main,ISE causal estimator,0.6329096346979908,0.7630764583455867,0.1301668236475959,0.11011423638183318,0.5472525550371936,0.9789003616539798,1
470,main,Design erasure estimator,0.6329096346979908,1.0653616172746627,0.43245198257667194,0.12165857953709774,0.8269108013819512,1.3038124331673744,0
470,main,Post index leakage estimator,0.6329096346979908,0.2857287399741368,-0.347180894723854,0.09570608900547198,0.0981448055234117,0.47331267442486186,0
470,main,Oracle prospective estimator,0.6329096346979908,0.7546476401490189,0.12173800545102809,0.1103355710265675,0.5383899209369465,0.9709053593610912,1
471,main,Structured EHR estimator,0.653788575825007,1.387608332751053,0.7338197569260461,0.13974768175857277,1.1137028765042505,1.6615137889978557,0
471,main,Naive AI estimator,0.653788575825007,0.09061825193572663,-0.5631703238892805,0.1056707832635227,-0.11649648326077784,0.2977329871322311,0
471,main,ISE causal estimator,0.653788575825007,0.6694874075421614,0.01569883171715436,0.11721960921473966,0.43973697348127166,0.8992378416030511,1
471,main,Design erasure estimator,0.653788575825007,1.0402808701099162,0.38649229428490917,0.1308370600630725,0.7838402323862941,1.2967215078335383,0
471,main,Post index leakage estimator,0.653788575825007,0.13051118001608364,-0.5232773958089234,0.11340472256935612,-0.09176207621985435,0.3527844362520216,0
471,main,Oracle prospective estimator,0.653788575825007,0.6523725035854815,-0.0014160722395255565,0.11760130362533486,0.4218739484798252,0.8828710586911378,1
472,main,Structured EHR estimator,0.6670384368016748,1.4813566246748233,0.8143181878731485,0.13479234675889018,1.2171636250273985,1.7455496243222481,0
472,main,Naive AI estimator,0.6670384368016748,0.2505934640548544,-0.41644497274682046,0.10523795750849074,0.04432706733821254,0.4568598607714962,0
472,main,ISE causal estimator,0.6670384368016748,0.7884249347639242,0.12138649796224932,0.10913893607879148,0.5745126200494929,1.0023372494783556,1
472,main,Design erasure estimator,0.6670384368016748,1.1081694659174761,0.44113102911580127,0.12438625913977408,0.864372398003519,1.3519665338314333,0
472,main,Post index leakage estimator,0.6670384368016748,0.303051861132325,-0.36398657566934983,0.11008004163713382,0.08729497952354273,0.5188087427411073,0
472,main,Oracle prospective estimator,0.6670384368016748,0.7648130717155592,0.09777463491388438,0.1088049597502099,0.5515553506051478,0.9780707928259706,1
473,main,Structured EHR estimator,0.628010900636759,1.256148753396134,0.628137852759375,0.131727246565274,0.997963350128197,1.514334156664071,0
473,main,Naive AI estimator,0.628010900636759,0.08204041747833014,-0.5459704831584289,0.09082309057944359,-0.09597284005737929,0.2600536750140396,0
473,main,ISE causal estimator,0.628010900636759,0.5934933307577203,-0.034517569879038756,0.10673210226306981,0.38429841032210343,0.8026882511933371,1
473,main,Design erasure estimator,0.628010900636759,0.9004927313408223,0.2724818307040633,0.12518152367314908,0.6551369449414501,1.1458485177401945,0
473,main,Post index leakage estimator,0.628010900636759,0.100058484488121,-0.527952416148638,0.09481857843101318,-0.08578592923666482,0.2859028982129068,0
473,main,Oracle prospective estimator,0.628010900636759,0.5937895882290728,-0.03422131240768622,0.10491537154420622,0.3881554600024286,0.799423716455717,1
474,main,Structured EHR estimator,0.648919953910649,1.460393796815932,0.8114738429052829,0.13298157410670794,1.1997499115667845,1.7210376820650795,0
474,main,Naive AI estimator,0.648919953910649,0.21821495737659355,-0.4307049965340555,0.08403239395899517,0.05351146521696301,0.3829184495362241,0
474,main,ISE causal estimator,0.648919953910649,0.7216300969532254,0.07271014304257639,0.10736865690973472,0.5111875294101453,0.9320726644963055,1
474,main,Design erasure estimator,0.648919953910649,1.0773246092181483,0.42840465530749927,0.11945036624903824,0.8432018913700334,1.3114473270662632,0
474,main,Post index leakage estimator,0.648919953910649,0.26171107784786585,-0.3872088760627832,0.09027668044024202,0.08476878418499148,0.43865337151074024,0
474,main,Oracle prospective estimator,0.648919953910649,0.6824762466097453,0.03355629269909621,0.10694428116062879,0.4728654555349128,0.8920870376845778,1
475,main,Structured EHR estimator,0.6376692238057222,1.2628664277212855,0.6251972039155633,0.1282908470185965,1.0114163675648364,1.5143164878777347,0
475,main,Naive AI estimator,0.6376692238057222,0.16551634728128803,-0.47215287652443416,0.08857378442005329,-0.00808827018201641,0.33912096474459247,0
475,main,ISE causal estimator,0.6376692238057222,0.49556698926958975,-0.14210223453613247,0.10165707513854436,0.2963191219980428,0.6948148565411367,1
475,main,Design erasure estimator,0.6376692238057222,0.8839262316921584,0.24625700788643623,0.11385185037483748,0.660776604957477,1.1070758584268399,0
475,main,Post index leakage estimator,0.6376692238057222,0.2710805609442911,-0.3665886628614311,0.09662412052805087,0.0816972847093114,0.46046383717927086,0
475,main,Oracle prospective estimator,0.6376692238057222,0.5048101983457247,-0.1328590254599975,0.10082702402107506,0.3071892312644176,0.7024311654270319,1
476,main,Structured EHR estimator,0.6210491355898491,1.2111840795668734,0.5901349439770243,0.1554888469608888,0.9064259395235312,1.5159422196102155,0
476,main,Naive AI estimator,0.6210491355898491,0.11834716502937774,-0.5027019705604714,0.08817812151534836,-0.054481953140705044,0.29117628319946054,0
476,main,ISE causal estimator,0.6210491355898491,0.5001443250287816,-0.1209048105610675,0.10269273817586738,0.29886655820408153,0.7014220918534817,1
476,main,Design erasure estimator,0.6210491355898491,0.8666305420805949,0.24558140649074578,0.1260251368312809,0.6196212738912843,1.1136398102699054,1
476,main,Post index leakage estimator,0.6210491355898491,0.12449686472745097,-0.4965522708623981,0.0994675891518392,-0.07045961001015386,0.31945333946505583,0
476,main,Oracle prospective estimator,0.6210491355898491,0.5131740373989369,-0.10787509819091223,0.10212102217610726,0.31301683393376667,0.713331240864107,1
477,main,Structured EHR estimator,0.6226319600240925,1.3838894783076006,0.7612575182835081,0.13680811564510367,1.1157455716431974,1.6520333849720037,0
477,main,Naive AI estimator,0.6226319600240925,0.24444539536895665,-0.37818656465513584,0.10259393250327911,0.043361287662529585,0.44552950307538375,0
477,main,ISE causal estimator,0.6226319600240925,0.7334050748849295,0.11077311486083696,0.11312264430209147,0.5116846920528302,0.9551254577170287,1
477,main,Design erasure estimator,0.6226319600240925,1.0876271715524337,0.4649952115283412,0.12634866341124099,0.8399837912664014,1.335270551838466,0
477,main,Post index leakage estimator,0.6226319600240925,0.2446655971625659,-0.37796636286152663,0.10802186319811305,0.0329427452942643,0.4563884490308675,0
477,main,Oracle prospective estimator,0.6226319600240925,0.7029697214566362,0.08033776143254368,0.111186986297957,0.48504322831264046,0.9208962146006319,1
478,main,Structured EHR estimator,0.6579236041642175,1.5844915924789573,0.9265679883147399,0.14305691450965857,1.3041000400400264,1.8648831449178882,0
478,main,Naive AI estimator,0.6579236041642175,-0.0414348884092596,-0.699358492573477,0.1069576511349314,-0.25107188463372515,0.16820210781520595,0
478,main,ISE causal estimator,0.6579236041642175,0.6012207417236175,-0.056702862440599966,0.11949612848348422,0.3670083298959884,0.8354331535512466,1
478,main,Design erasure estimator,0.6579236041642175,1.0041867709588836,0.3462631667946662,0.1291804338270268,0.7509931206579111,1.2573804212598563,0
478,main,Post index leakage estimator,0.6579236041642175,-0.002696942049767907,-0.6606205462139854,0.1133568735554148,-0.22487641421838092,0.21948253011884508,0
478,main,Oracle prospective estimator,0.6579236041642175,0.5809052089870136,-0.07701839517720388,0.1189022579329423,0.34785678343844667,0.8139536345355805,1
479,main,Structured EHR estimator,0.6548858911415677,1.4932327151646696,0.8383468240231019,0.13516495851249308,1.2283093964801832,1.758156033849156,0
479,main,Naive AI estimator,0.6548858911415677,0.0941700300679668,-0.5607158610736009,0.09062032968928305,-0.08344581612302797,0.27178587625896156,0
479,main,ISE causal estimator,0.6548858911415677,0.7220461326510395,0.06716024150947175,0.10318167070168036,0.519810058075746,0.9242822072263329,1
479,main,Design erasure estimator,0.6548858911415677,1.1220726251033022,0.4671867339617345,0.11759341529570391,0.8915895311237225,1.3525557190828819,0
479,main,Post index leakage estimator,0.6548858911415677,0.15033645402586657,-0.5045494371157011,0.10036622741361302,-0.046381351704814944,0.3470542597565481,0
479,main,Oracle prospective estimator,0.6548858911415677,0.7111272128587801,0.05624132171721241,0.10172644753449929,0.5117433756911616,0.9105110500263986,1
480,main,Structured EHR estimator,0.6289854899634278,1.378015396811097,0.7490299068476692,0.14600639540343205,1.0918428618203704,1.6641879318018238,0
480,main,Naive AI estimator,0.6289854899634278,0.18549180535808518,-0.44349368460534266,0.09094074465737827,0.007247945829623792,0.3637356648865466,0
480,main,ISE causal estimator,0.6289854899634278,0.735257038021354,0.10627154805792616,0.10700126273648744,0.5255345630578386,0.9449795129848694,1
480,main,Design erasure estimator,0.6289854899634278,1.048725549295988,0.4197400593325601,0.1236028750686479,0.806463914161438,1.2909871844305378,0
480,main,Post index leakage estimator,0.6289854899634278,0.19943159591022183,-0.429553894053206,0.09957510242109527,0.004264395164875118,0.3945987966555685,0
480,main,Oracle prospective estimator,0.6289854899634278,0.7330083615054763,0.10402287154204848,0.10454929549621415,0.5280917423328966,0.9379249806780561,1
481,main,Structured EHR estimator,0.6425702135032908,1.4258447708219877,0.7832745573186969,0.1444810237729028,1.142661964227098,1.7090275774168773,0
481,main,Naive AI estimator,0.6425702135032908,0.12712157691894896,-0.5154486365843418,0.08882204852251525,-0.046969638185180934,0.3012127920230788,0
481,main,ISE causal estimator,0.6425702135032908,0.668358993392294,0.02578877988900319,0.10988123217598884,0.4529917783273558,0.8837262084572322,1
481,main,Design erasure estimator,0.6425702135032908,1.0368956789218404,0.3943254654185496,0.12756132596609704,0.7868754800282902,1.2869158778153906,0
481,main,Post index leakage estimator,0.6425702135032908,0.1450964394232415,-0.49747377408004934,0.09684954906296792,-0.04472867674017561,0.3349215555866586,0
481,main,Oracle prospective estimator,0.6425702135032908,0.6567235353407669,0.014153321837476085,0.10765681742196531,0.44571617319371487,0.8677308974878188,1
482,main,Structured EHR estimator,0.633773320440405,1.363460949900921,0.7296876294605159,0.14264228997624387,1.083882061547483,1.643039838254359,0
482,main,Naive AI estimator,0.633773320440405,0.228402079302897,-0.405371241137508,0.09420397256077975,0.043762293083768694,0.41304186552202526,0
482,main,ISE causal estimator,0.633773320440405,0.6732289363806061,0.03945561594020108,0.10679077503072,0.46391901732039487,0.8825388554408173,1
482,main,Design erasure estimator,0.633773320440405,0.9892154915635688,0.3554421711231638,0.12361446666733954,0.7469311368955833,1.2314998462315543,0
482,main,Post index leakage estimator,0.633773320440405,0.26200636934101934,-0.3717669510993857,0.0979006607697916,0.0701210742322278,0.4538916644498109,0
482,main,Oracle prospective estimator,0.633773320440405,0.6622494458448319,0.0284761254044269,0.10633361185725419,0.4538355666046137,0.8706633250850502,1
483,main,Structured EHR estimator,0.6259939483518054,1.4624476268812157,0.8364536785294102,0.14835968391366555,1.1716626464104312,1.7532326073520001,0
483,main,Naive AI estimator,0.6259939483518054,0.028588117842008046,-0.5974058305097973,0.10307405442131834,-0.1734370288237759,0.230613264507792,0
483,main,ISE causal estimator,0.6259939483518054,0.5303172309421731,-0.09567671740963235,0.1175739840970785,0.29987222211189923,0.760762239772447,1
483,main,Design erasure estimator,0.6259939483518054,0.9784220093209973,0.3524280609691919,0.13934773508691856,0.7053004485506369,1.2515435700913577,0
483,main,Post index leakage estimator,0.6259939483518054,0.05581017018470429,-0.5701837781671012,0.11108087248498316,-0.1619083398858627,0.2735286802552713,0
483,main,Oracle prospective estimator,0.6259939483518054,0.4999510025751746,-0.12604294577663083,0.1163743820225936,0.2718572138108911,0.7280447913394581,1
484,main,Structured EHR estimator,0.6354803125957651,1.4126107472032332,0.7771304346074681,0.14240361240907082,1.1334996668814545,1.6917218275250119,0
484,main,Naive AI estimator,0.6354803125957651,0.20250921263577604,-0.43297109995998906,0.08622321175479623,0.03351171759637542,0.3715067076751767,0
484,main,ISE causal estimator,0.6354803125957651,0.7156560119312901,0.08017569933552504,0.11036136545995825,0.49934773562977197,0.9319642882328083,1
484,main,Design erasure estimator,0.6354803125957651,1.0878318847328612,0.4523515721370961,0.1299641687254143,0.8331021140310492,1.342561655434673,0
484,main,Post index leakage estimator,0.6354803125957651,0.2172202412316458,-0.4182600713641193,0.0901243988814942,0.040576419423917154,0.39386406303937443,0
484,main,Oracle prospective estimator,0.6354803125957651,0.7144260403088813,0.07894572771311625,0.11040837024425057,0.49802563463015026,0.9308264459876124,1
485,main,Structured EHR estimator,0.6505651575784698,1.0621956911607908,0.41163053358232105,0.12687269297863288,0.8135252129226704,1.3108661693989112,0
485,main,Naive AI estimator,0.6505651575784698,0.06652686493416395,-0.5840382926443058,0.08551284574137126,-0.10107831271892372,0.23413204258725162,0
485,main,ISE causal estimator,0.6505651575784698,0.5073911947677624,-0.14317396281070738,0.10280928614106329,0.3058849939312783,0.7088973956042465,1
485,main,Design erasure estimator,0.6505651575784698,0.8156819313048758,0.16511677372640599,0.11550122529894115,0.5892995297189512,1.0420643328908004,1
485,main,Post index leakage estimator,0.6505651575784698,0.09306066304081488,-0.5575044945376549,0.09155775081543012,-0.08639252855742814,0.2725138546390579,0
485,main,Oracle prospective estimator,0.6505651575784698,0.4752886089581441,-0.17527654862032566,0.10185707843774788,0.2756487352201583,0.6749284826961299,1
486,main,Structured EHR estimator,0.6251000919872556,1.3726031765041224,0.7475030845168669,0.1476651994213634,1.0831793856382501,1.6620269673699948,0
486,main,Naive AI estimator,0.6251000919872556,0.19564595272019727,-0.42945413926705833,0.09661192416761302,0.006286581351675757,0.3850053240887188,0
486,main,ISE causal estimator,0.6251000919872556,0.8381262801704323,0.21302618818317676,0.11437829535214414,0.6139448212802299,1.0623077390606348,1
486,main,Design erasure estimator,0.6251000919872556,1.0164627885506168,0.3913626965633612,0.1326172194392961,0.7565330384495964,1.276392538651637,0
486,main,Post index leakage estimator,0.6251000919872556,0.14313265366023703,-0.48196743832701855,0.10214241668866987,-0.057066483049555916,0.34333179037003,0
486,main,Oracle prospective estimator,0.6251000919872556,0.8332344970777749,0.20813440509051928,0.11328510649869064,0.6111956883403412,1.0552733058152084,1
487,main,Structured EHR estimator,0.6398383453760242,1.2817326111938632,0.6418942658178389,0.14500348922468018,0.99752577231349,1.5659394500742363,0
487,main,Naive AI estimator,0.6398383453760242,0.14046580312893583,-0.4993725422470884,0.09115131501357322,-0.03819077429766768,0.3191223805555393,0
487,main,ISE causal estimator,0.6398383453760242,0.66908491270425,0.029246567328225725,0.10725184041423633,0.4588713054923468,0.8792985199161532,1
487,main,Design erasure estimator,0.6398383453760242,1.0847868583116733,0.4449485129356491,0.1263141821798042,0.8372110612392571,1.3323626553840895,0
487,main,Post index leakage estimator,0.6398383453760242,0.12451429389806967,-0.5153240514779546,0.09845486037711801,-0.06845723244108162,0.31748582023722094,0
487,main,Oracle prospective estimator,0.6398383453760242,0.664391414717878,0.02455306934185375,0.10828137390761854,0.45215992185894566,0.8766229075768104,1
488,main,Structured EHR estimator,0.6342315991440178,1.475660502826593,0.8414289036825752,0.14199773405294938,1.1973449440828121,1.753976061570374,0
488,main,Naive AI estimator,0.6342315991440178,0.30085696893951974,-0.3333746302044981,0.08721883532757871,0.12990805169746547,0.47180588618157404,0
488,main,ISE causal estimator,0.6342315991440178,0.7296867169668003,0.09545511782278249,0.10633347580261399,0.5212731043936769,0.9381003295399237,1
488,main,Design erasure estimator,0.6342315991440178,1.1072979403810912,0.47306634123707336,0.12284877958954787,0.8665143323855774,1.348081548376605,0
488,main,Post index leakage estimator,0.6342315991440178,0.2990761236523287,-0.3351554754916891,0.0934093697085766,0.11599375902351858,0.48215848828113883,0
488,main,Oracle prospective estimator,0.6342315991440178,0.71301456642814,0.07878296728412215,0.10585804480019174,0.5055327986197642,0.9204963342365158,1
489,main,Structured EHR estimator,0.6398443296061196,1.3773443318249219,0.7375000022188023,0.14566104868368646,1.0918486764048965,1.6628399872449473,0
489,main,Naive AI estimator,0.6398443296061196,0.0063940026014657906,-0.6334503270046538,0.08872001984997568,-0.16749723630448654,0.18028524150741815,0
489,main,ISE causal estimator,0.6398443296061196,0.5362389257673971,-0.10360540383872252,0.09887520241752679,0.34244352902904457,0.7300343225057495,1
489,main,Design erasure estimator,0.6398443296061196,0.9453804480449789,0.3055361184388593,0.12390071857311498,0.7025350396416735,1.1882258564482842,0
489,main,Post index leakage estimator,0.6398443296061196,0.02962357012783179,-0.6102207594782878,0.09782520784535893,-0.16211383724907172,0.2213609775047353,0
489,main,Oracle prospective estimator,0.6398443296061196,0.5284059502892884,-0.1114383793168312,0.09763864021289498,0.33703421547201423,0.7197776851065625,1
490,main,Structured EHR estimator,0.6448434684904695,1.474158900007495,0.8293154315170256,0.13945427061592164,1.2008285296002885,1.7474892704147016,0
490,main,Naive AI estimator,0.6448434684904695,0.006886988995304223,-0.6379564794951652,0.09713104549262068,-0.1834898601702323,0.19726383816084073,0
490,main,ISE causal estimator,0.6448434684904695,0.7427349798327796,0.09789151134231011,0.11280165027840622,0.5216437452871034,0.9638262143784557,1
490,main,Design erasure estimator,0.6448434684904695,1.0735254470274336,0.4286819785369641,0.13160660811260727,0.8155764951267233,1.331474398928144,0
490,main,Post index leakage estimator,0.6448434684904695,0.0025597007144417495,-0.6422837677760277,0.10294058781137407,-0.19920385139585142,0.20432325282473493,0
490,main,Oracle prospective estimator,0.6448434684904695,0.7153640104650624,0.0705205419745929,0.11245942475573203,0.4949435379438276,0.9357844829862971,1
491,main,Structured EHR estimator,0.6471766682361398,1.4049070533560464,0.7577303851199065,0.13236879457275222,1.145464215993452,1.6643498907186407,0
491,main,Naive AI estimator,0.6471766682361398,0.18865034300012162,-0.4585263252360182,0.09408249154520425,0.0042486595715212905,0.37305202642872193,0
491,main,ISE causal estimator,0.6471766682361398,0.7780309466057941,0.13085427836965424,0.10530290550734578,0.5716372518113964,0.9844246414001918,1
491,main,Design erasure estimator,0.6471766682361398,1.139889766992837,0.4927130987566971,0.12593245680216061,0.8930621516606021,1.3867173823250718,0
491,main,Post index leakage estimator,0.6471766682361398,0.19233740879869812,-0.45483925943744175,0.10300847050024357,-0.009559193381779268,0.39423401097917554,0
491,main,Oracle prospective estimator,0.6471766682361398,0.7617613844867993,0.11458471625065947,0.10471873529017463,0.556512663318057,0.9670101056555416,1
492,main,Structured EHR estimator,0.634940354368565,1.3187223129764813,0.6837819586079164,0.14699494611277353,1.0306122185954452,1.6068324073575175,0
492,main,Naive AI estimator,0.634940354368565,0.11383493737235922,-0.5211054169962057,0.0957143234692644,-0.07376513662739898,0.3014350113721174,0
492,main,ISE causal estimator,0.634940354368565,0.6475173574886501,0.01257700312008514,0.1172147610692042,0.4177764257930099,0.8772582891842904,1
492,main,Design erasure estimator,0.634940354368565,1.0456661650122852,0.41072581064372016,0.12761558443203883,0.7955396195254891,1.2957927104990812,0
492,main,Post index leakage estimator,0.634940354368565,0.0947263645995956,-0.5402139897689694,0.09556293936897339,-0.09257699656359225,0.28202972576278346,0
492,main,Oracle prospective estimator,0.634940354368565,0.6379191909383806,0.0029788365698155683,0.11522327014909496,0.4120815814461545,0.8637568004306067,1
493,main,Structured EHR estimator,0.6372141664887448,1.4990971488189866,0.8618829823302417,0.13254507595216725,1.2393087999527388,1.7588854976852344,0
493,main,Naive AI estimator,0.6372141664887448,0.13479475228614146,-0.5024194142026034,0.08880764621648794,-0.039268234298174914,0.30885773887045787,0
493,main,ISE causal estimator,0.6372141664887448,0.673560767118407,0.03634660062966211,0.10802648076060858,0.4618288648276141,0.8852926694091998,1
493,main,Design erasure estimator,0.6372141664887448,0.9643770014153893,0.32716283492664444,0.12097788029712701,0.7272603560330204,1.2014936467977582,0
493,main,Post index leakage estimator,0.6372141664887448,0.19244904299545648,-0.44476512349328834,0.09531152781397989,0.005638448480055902,0.37925963751085706,0
493,main,Oracle prospective estimator,0.6372141664887448,0.6653163959647372,0.02810222947599239,0.10755995115835416,0.4544988916943631,0.8761339002351114,1
494,main,Structured EHR estimator,0.6420050803850696,1.1358981260344985,0.4938930456494288,0.1705915403204149,0.8015387070064852,1.4702575450625117,0
494,main,Naive AI estimator,0.6420050803850696,-0.196407342894358,-0.8384124232794277,0.10551301568619575,-0.4032128536393017,0.010398167850585699,0
494,main,ISE causal estimator,0.6420050803850696,0.4510360199728548,-0.19096906041221484,0.13129463223754712,0.19369854078726245,0.7083734991584472,1
494,main,Design erasure estimator,0.6420050803850696,0.907805327688933,0.2658002473038633,0.15344186538679383,0.6070592715308171,1.2085513838470487,1
494,main,Post index leakage estimator,0.6420050803850696,-0.17950967585256,-0.8215147562376297,0.10925832598746722,-0.39365599478799573,0.03463664308287576,0
494,main,Oracle prospective estimator,0.6420050803850696,0.45839269571476626,-0.18361238467030339,0.13035716853240673,0.20289264539124907,0.7138927460382835,1
495,main,Structured EHR estimator,0.6520397915038464,1.5835312970910078,0.9314915055871614,0.14034137885739686,1.30846219453051,1.8586003996515057,0
495,main,Naive AI estimator,0.6520397915038464,0.315544687257541,-0.3364951042463054,0.09882384407109213,0.12184995287820041,0.5092394216368815,0
495,main,ISE causal estimator,0.6520397915038464,0.8056884101455922,0.15364861864174584,0.11309008061580009,0.5840318521386241,1.0273449681525604,1
495,main,Design erasure estimator,0.6520397915038464,1.2716612255532809,0.6196214340494345,0.12633876393468796,1.0240372482412925,1.5192852028652692,0
495,main,Post index leakage estimator,0.6520397915038464,0.3449412744510091,-0.3070985170528373,0.10697005790900936,0.13527996094935074,0.5546025879526675,0
495,main,Oracle prospective estimator,0.6520397915038464,0.8015543449242155,0.14951455342036912,0.11231883324933975,0.5814094317555096,1.0216992580929214,1
496,main,Structured EHR estimator,0.6625578761165981,1.1902387819724327,0.5276809058558346,0.1321284979777262,0.9312669259360894,1.449210638008776,0
496,main,Naive AI estimator,0.6625578761165981,0.037350798860040516,-0.6252070772565576,0.0889571519058361,-0.13700521887539824,0.21170681659547924,0
496,main,ISE causal estimator,0.6625578761165981,0.45314034752994375,-0.20941752858665436,0.11108696037611088,0.23540990519276644,0.6708707898671211,1
496,main,Design erasure estimator,0.6625578761165981,0.8115241485805049,0.1489662724639068,0.11777253149304846,0.58068998685413,1.0423583103068799,1
496,main,Post index leakage estimator,0.6625578761165981,0.13134031838522417,-0.5312175577313739,0.09288581941435783,-0.050715887666917175,0.31339652443736554,0
496,main,Oracle prospective estimator,0.6625578761165981,0.43432260275924556,-0.22823527335735255,0.10934778954688945,0.22000093524734224,0.6486442702711489,0
497,main,Structured EHR estimator,0.6694030262520195,1.582442479419575,0.9130394531675555,0.13873193744664222,1.3105278820241564,1.8543570768149937,0
497,main,Naive AI estimator,0.6694030262520195,0.16502397713935946,-0.5043790491126601,0.09974547646955338,-0.030477156740965156,0.3605251110196841,0
497,main,ISE causal estimator,0.6694030262520195,0.8578357061245467,0.1884326798725272,0.12344827726740622,0.6158770826804305,1.099794329568663,1
497,main,Design erasure estimator,0.6694030262520195,1.2049063104366968,0.5355032841846773,0.13820662824598184,0.9340213190745724,1.4757913017988211,0
497,main,Post index leakage estimator,0.6694030262520195,0.20638743822153563,-0.4630155880304839,0.1055112542178159,-0.0004146200453835347,0.4131894964884548,0
497,main,Oracle prospective estimator,0.6694030262520195,0.8390462242486645,0.16964319799664496,0.12319119599556387,0.5975914800973593,1.0805009683999698,1
498,main,Structured EHR estimator,0.6585425744818344,1.4588132324111311,0.8002706579292967,0.1370442133861744,1.1902065741742294,1.727419890648033,0
498,main,Naive AI estimator,0.6585425744818344,0.2448578448106891,-0.41368472967114533,0.09099937567514964,0.06649906848739581,0.4232166211339824,0
498,main,ISE causal estimator,0.6585425744818344,0.7468296494341781,0.08828707495234367,0.10726569960280498,0.5365888782126803,0.9570704206556758,1
498,main,Design erasure estimator,0.6585425744818344,1.1409270893187777,0.48238451483694333,0.12287901341068101,0.900084223033843,1.3817699556037124,0
498,main,Post index leakage estimator,0.6585425744818344,0.27537898571249997,-0.38316358876933443,0.09583641237091337,0.08753961746550978,0.4632183539594902,0
498,main,Oracle prospective estimator,0.6585425744818344,0.7153502584049901,0.056807683923155716,0.1063668099955552,0.506871310813702,0.9238292059962783,1
499,main,Structured EHR estimator,0.6179486713481003,1.2829808532964888,0.6650321819483885,0.1523490414988434,0.9843767319587557,1.5815849746342219,0
499,main,Naive AI estimator,0.6179486713481003,0.10593324780033171,-0.5120154235477685,0.08566547645577002,-0.061971086052977534,0.27383758165364097,0
499,main,ISE causal estimator,0.6179486713481003,0.6050959675668633,-0.01285270378123693,0.11930895549115962,0.3712504148041905,0.8389415203295362,1
499,main,Design erasure estimator,0.6179486713481003,1.0139099799578644,0.3959613086097641,0.1360158030256944,0.7473190060275033,1.2805009538882253,0
499,main,Post index leakage estimator,0.6179486713481003,0.13370735594994246,-0.48424131539815785,0.09049266515252359,-0.043658267749003776,0.3110729796488887,0
499,main,Oracle prospective estimator,0.6179486713481003,0.6087083574286453,-0.009240313919455012,0.1178994967378999,0.37762534382236146,0.8397913710349291,1
500,main,Structured EHR estimator,0.6435228533753404,1.6113793999322081,0.9678565465568677,0.14065208041805957,1.3357013223128114,1.887057477551605,0
500,main,Naive AI estimator,0.6435228533753404,0.3238959249728916,-0.31962692840244883,0.10150380881823513,0.12494845968915075,0.5228433902566325,0
500,main,ISE causal estimator,0.6435228533753404,0.7994105275515151,0.15588767417617466,0.11844916231393893,0.5672501694161948,1.0315708856868353,1
500,main,Design erasure estimator,0.6435228533753404,1.101432959636049,0.4579101062607086,0.129022945240351,0.848547986964961,1.354317932307137,0
500,main,Post index leakage estimator,0.6435228533753404,0.3851201302355186,-0.2584027231398218,0.10347845947008907,0.18230234967414402,0.5879379107968932,0
500,main,Oracle prospective estimator,0.6435228533753404,0.7745521150826022,0.1310292617072618,0.11662167767230304,0.5459736268448883,1.0031306033203162,1
501,main,Structured EHR estimator,0.6153625829631231,1.4867779664710734,0.8714153835079503,0.13067152769041787,1.2306617721978543,1.7428941607442925,0
501,main,Naive AI estimator,0.6153625829631231,0.20730962600470645,-0.4080529569584166,0.09867670649393219,0.013903281276599372,0.4007159707328135,0
501,main,ISE causal estimator,0.6153625829631231,0.7759398689552546,0.1605772859921315,0.10627479072317454,0.5676412791378325,0.9842384587726767,1
501,main,Design erasure estimator,0.6153625829631231,1.185835291130329,0.5704727081672059,0.12356064498772225,0.9436564269543933,1.4280141553062644,0
501,main,Post index leakage estimator,0.6153625829631231,0.22191940985786773,-0.39344317310525534,0.1040981841996602,0.017886968826533733,0.42595185088920173,0
501,main,Oracle prospective estimator,0.6153625829631231,0.7815301158048239,0.16616753284170083,0.10612776300038577,0.5735197003240677,0.9895405312855801,1
502,main,Structured EHR estimator,0.6466806181151704,1.5458825267702674,0.899201908655097,0.14093056469603168,1.2696586199660453,1.8221064335744894,0
502,main,Naive AI estimator,0.6466806181151704,0.21389369840023179,-0.43278691971493866,0.0929551584594049,0.03170158781979818,0.39608580898066537,0
502,main,ISE causal estimator,0.6466806181151704,0.7636680303530824,0.11698741223791198,0.12117843445632587,0.5261582988186837,1.001177761887481,1
502,main,Design erasure estimator,0.6466806181151704,1.1198660557162103,0.4731854376010399,0.13369751037033265,0.8578189353903584,1.3819131760420622,0
502,main,Post index leakage estimator,0.6466806181151704,0.2810445208426238,-0.3656360972725466,0.09674345415729009,0.09142735069433525,0.4706616909909124,0
502,main,Oracle prospective estimator,0.6466806181151704,0.7525600680907883,0.10587944997561793,0.12069681653428449,0.5159943076835908,0.9891258284979859,1
503,main,Structured EHR estimator,0.638674014271081,1.6148012426896312,0.9761272284185503,0.13292068818751926,1.3542766938420936,1.8753257915371688,0
503,main,Naive AI estimator,0.638674014271081,0.21338507637153123,-0.4252889378995497,0.08990999188613188,0.03716149227471274,0.38960866046834974,0
503,main,ISE causal estimator,0.638674014271081,0.7845971278479986,0.14592311357691767,0.10630010976176461,0.5762489127149399,0.9929453429810573,1
503,main,Design erasure estimator,0.638674014271081,1.2714745903988616,0.6328005761277806,0.12425643875621392,1.0279319704366823,1.5150172103610409,0
503,main,Post index leakage estimator,0.638674014271081,0.26381738259303483,-0.3748566316780461,0.09637939881867674,0.07491376090842841,0.4527210042776413,0
503,main,Oracle prospective estimator,0.638674014271081,0.7837800863044043,0.14510607203332337,0.10567908627743597,0.5766490772006299,0.9909110954081788,1
504,main,Structured EHR estimator,0.6208325906300415,1.491890397050355,0.8710578064203135,0.13328826521110007,1.2306453972365987,1.7531353968641112,0
504,main,Naive AI estimator,0.6208325906300415,0.2615650972507721,-0.3592674933792694,0.09457116400797504,0.07620561579514101,0.4469245787064032,0
504,main,ISE causal estimator,0.6208325906300415,0.8194462709327132,0.19861368030267168,0.1051832322833618,0.6132871356573241,1.0256054062081024,1
504,main,Design erasure estimator,0.6208325906300415,1.2422898944765124,0.6214573038464709,0.13101288572491057,0.9855046384556877,1.4990751504973372,0
504,main,Post index leakage estimator,0.6208325906300415,0.21077343397567988,-0.4100591566543616,0.09969939605857765,0.015362617700867692,0.4061842502504921,0
504,main,Oracle prospective estimator,0.6208325906300415,0.8101798759653867,0.18934728533534517,0.10419590356146025,0.6059559049849246,1.0144038469458487,1
505,main,Structured EHR estimator,0.6355764209297166,1.2945710920138402,0.6589946710841237,0.13309936892963853,1.0336963289117487,1.5554458551159318,0
505,main,Naive AI estimator,0.6355764209297166,0.09522888182817961,-0.540347539101537,0.09164134883380592,-0.08438816188607999,0.2748459255424392,0
505,main,ISE causal estimator,0.6355764209297166,0.6291332909074796,-0.006443130022236954,0.11026003640115398,0.4130236195612178,0.8452429622537414,1
505,main,Design erasure estimator,0.6355764209297166,0.966325349635152,0.3307489287054355,0.12313275402511854,0.7249851517459197,1.2076655475243845,0
505,main,Post index leakage estimator,0.6355764209297166,0.14598980835626924,-0.4895866125734473,0.09659223625588496,-0.043330974705265285,0.3353105914178037,0
505,main,Oracle prospective estimator,0.6355764209297166,0.607490390027593,-0.028086030902123582,0.10843372375599943,0.3949602914658341,0.8200204885893518,1
506,main,Structured EHR estimator,0.6488496723308407,1.5998488465554164,0.9509991742245757,0.1526880410114854,1.300580286172905,1.8991174069379277,0
506,main,Naive AI estimator,0.6488496723308407,0.18958892974767744,-0.45926074258316324,0.10479367064234436,-0.015806664711317503,0.3949845242066724,0
506,main,ISE causal estimator,0.6488496723308407,0.8206313868537022,0.1717817145228615,0.12439258391925012,0.5768219223719719,1.0644408513354324,1
506,main,Design erasure estimator,0.6488496723308407,1.107635195779699,0.45878552344885837,0.1319123769776402,0.8490869369035243,1.3661834546558738,0
506,main,Post index leakage estimator,0.6488496723308407,0.19172581358572968,-0.45712385874511097,0.11314418591725213,-0.03003679081208449,0.41348841798354385,0
506,main,Oracle prospective estimator,0.6488496723308407,0.8039589559077656,0.15510928357692488,0.12537695321492254,0.5582201276065174,1.0496977842090138,1
507,main,Structured EHR estimator,0.6235910326301799,1.3199226270607358,0.6963315944305559,0.14237366672498392,1.0408702402797674,1.5989750138417043,0
507,main,Naive AI estimator,0.6235910326301799,0.16118595539307048,-0.46240507723710944,0.09642999900051968,-0.027816842647948092,0.35018875343408906,0
507,main,ISE causal estimator,0.6235910326301799,0.6821709547071103,0.05857992207693041,0.11436347458120906,0.45801854452794055,0.9063233648862801,1
507,main,Design erasure estimator,0.6235910326301799,0.9233207378514674,0.2997297052212875,0.13754421873831743,0.6537340691243652,1.1929074065785696,0
507,main,Post index leakage estimator,0.6235910326301799,0.20324420153755715,-0.4203468310926227,0.10334165654152558,0.0006945547161670285,0.4057938483589473,0
507,main,Oracle prospective estimator,0.6235910326301799,0.6831435172461653,0.05955248461598539,0.11382271395935735,0.4600509978858249,0.9062360366065056,1
508,main,Structured EHR estimator,0.6377509995023984,1.293997359201871,0.6562463596994725,0.14948187877949173,1.0010128767940671,1.5869818416096748,0
508,main,Naive AI estimator,0.6377509995023984,-0.04301705521715885,-0.6807680547195573,0.10302199718972434,-0.24494016970901855,0.15890605927470086,0
508,main,ISE causal estimator,0.6377509995023984,0.589924922584917,-0.04782607691748142,0.1256101574174044,0.34372901404680445,0.8361208311230296,1
508,main,Design erasure estimator,0.6377509995023984,1.0385533383006431,0.4008023387982447,0.13781962995163635,0.7684268635954359,1.3086798130058503,0
508,main,Post index leakage estimator,0.6377509995023984,-0.0347501932539497,-0.6725011927563481,0.10688634893878084,-0.24424743717396014,0.17474705066606072,0
508,main,Oracle prospective estimator,0.6377509995023984,0.5742723677867811,-0.0634786317156173,0.1266259484150735,0.3260855088932371,0.8224592266803252,1
509,main,Structured EHR estimator,0.6456485094885779,1.339341192698089,0.693692683209511,0.13136937636979149,1.0818572150132977,1.5968251703828802,0
509,main,Naive AI estimator,0.6456485094885779,0.1270704326787345,-0.5185780768098434,0.10803881783700352,-0.0846856502817924,0.33882651563926136,0
509,main,ISE causal estimator,0.6456485094885779,0.5697760915612251,-0.07587241792735278,0.110728356664724,0.3527485124983661,0.7868036706240842,1
509,main,Design erasure estimator,0.6456485094885779,0.9272809499740712,0.2816324404854933,0.1260648068703032,0.680193928508277,1.1743679714398654,0
509,main,Post index leakage estimator,0.6456485094885779,0.19115336322382429,-0.4544951462647536,0.11368490935243415,-0.031669059106946645,0.41397578555459524,0
509,main,Oracle prospective estimator,0.6456485094885779,0.5340969756552472,-0.11155153383333072,0.1105833075245519,0.31735369290712545,0.7508402584033689,1
510,main,Structured EHR estimator,0.6279406092839662,1.3595051669759672,0.731564557692001,0.1424370836850818,1.080328482953207,1.6386818509987275,0
510,main,Naive AI estimator,0.6279406092839662,0.2734048078970971,-0.35453580138686913,0.10136243735707999,0.07473443067722033,0.4720751851169739,0
510,main,ISE causal estimator,0.6279406092839662,0.6536114361297466,0.02567082684578037,0.10435917913553965,0.4490674450240889,0.8581554272354043,1
510,main,Design erasure estimator,0.6279406092839662,0.9894811980211958,0.3615405887372296,0.12323028778683506,0.7479498339589992,1.2310125620833925,0
510,main,Post index leakage estimator,0.6279406092839662,0.26452725244295466,-0.36341335684101156,0.11653849341979389,0.03611180534015865,0.49294269954575065,0
510,main,Oracle prospective estimator,0.6279406092839662,0.6598226429600351,0.0318820336760689,0.10327219900753619,0.4574091329052642,0.862236153014806,1
511,main,Structured EHR estimator,0.6564336884650546,1.1976989456587732,0.5412652571937187,0.13525586768346406,0.9325974449991836,1.4628004463183628,0
511,main,Naive AI estimator,0.6564336884650546,0.05048929629346364,-0.6059443921715909,0.0919711064541524,-0.12977407235667507,0.23075266494360233,0
511,main,ISE causal estimator,0.6564336884650546,0.5495431459910108,-0.10689054247404373,0.11724866142340509,0.31973576960113687,0.7793505223808848,1
511,main,Design erasure estimator,0.6564336884650546,0.9455276820831782,0.2890939936181236,0.12702480065236427,0.6965590728045442,1.194496291361812,0
511,main,Post index leakage estimator,0.6564336884650546,0.08865533182529038,-0.5677783566397642,0.09371269814555416,-0.09502155653999576,0.2723322201905765,0
511,main,Oracle prospective estimator,0.6564336884650546,0.5420659420586637,-0.11436774640639091,0.11777929618263457,0.3112185215406999,0.7729133625766273,1
512,main,Structured EHR estimator,0.6546622348494285,1.4818912232868808,0.8272289884374523,0.13939148419634226,1.20868391426205,1.7550985323117116,0
512,main,Naive AI estimator,0.6546622348494285,0.1739182031489424,-0.48074403170048613,0.08950205177518236,-0.0015058183304150208,0.34934222462829984,0
512,main,ISE causal estimator,0.6546622348494285,0.687633618209937,0.03297138336050842,0.10698954725581904,0.47793410558853167,0.8973331308313423,1
512,main,Design erasure estimator,0.6546622348494285,0.9910421932099032,0.33637995836047463,0.13094935587871157,0.7343814556876285,1.2477029307321779,0
512,main,Post index leakage estimator,0.6546622348494285,0.16968132062096136,-0.4849809142284672,0.09936722269748144,-0.025078435866102256,0.364441077108025,0
512,main,Oracle prospective estimator,0.6546622348494285,0.6926991035100442,0.03803686866061562,0.10554012185814396,0.485840464668082,0.8995577423520063,1
513,main,Structured EHR estimator,0.6340039547322673,1.5194662975416273,0.88546234280936,0.1401428434120244,1.2447863244540596,1.794146270629195,0
513,main,Naive AI estimator,0.6340039547322673,0.16015979876383146,-0.4738441559684359,0.09819597004189107,-0.03230430251827501,0.3526239000459379,0
513,main,ISE causal estimator,0.6340039547322673,0.6641047549749807,0.030100800242713333,0.10726370506125085,0.45386789305492903,0.8743416168950323,1
513,main,Design erasure estimator,0.6340039547322673,1.0711834566330227,0.4371795019007554,0.12203628564185395,0.831992336774989,1.3103745764910564,0
513,main,Post index leakage estimator,0.6340039547322673,0.18197872596235912,-0.45202522876990825,0.10179282433109417,-0.017535209726585455,0.3814926616513037,0
513,main,Oracle prospective estimator,0.6340039547322673,0.6479632706120911,0.013959315879823797,0.10739137743739513,0.4374761708347967,0.8584503703893855,1
514,main,Structured EHR estimator,0.6326414835727734,1.3290425396352517,0.6964010560624783,0.15336324740461846,1.0284505747221995,1.6296345045483038,0
514,main,Naive AI estimator,0.6326414835727734,0.014904784107185544,-0.6177366994655878,0.09214790267063065,-0.16570510512725053,0.19551467334162162,0
514,main,ISE causal estimator,0.6326414835727734,0.691962479309727,0.0593209957369536,0.10821342772255947,0.4798641609735104,0.9040607976459436,1
514,main,Design erasure estimator,0.6326414835727734,0.8981258993575174,0.265484415784744,0.12575252896797157,0.6516509425802932,1.1446008561347416,0
514,main,Post index leakage estimator,0.6326414835727734,-0.04401257768928997,-0.6766540612620634,0.09752195787997756,-0.23515561513404598,0.14713045975546601,0
514,main,Oracle prospective estimator,0.6326414835727734,0.6640718261386781,0.03143034256590471,0.10760650827784798,0.45316306991409605,0.8749805823632602,1
515,main,Structured EHR estimator,0.6506193687860404,1.437904397865207,0.7872850290791666,0.1327241133660861,1.1777651356676784,1.6980436600627358,0
515,main,Naive AI estimator,0.6506193687860404,0.15459010088786135,-0.4960292678981791,0.08815374401626704,-0.018191237384022035,0.32737143915974476,0
515,main,ISE causal estimator,0.6506193687860404,0.6754684720695316,0.024849103283491214,0.1056224083273095,0.46844855174800504,0.8824883923910583,1
515,main,Design erasure estimator,0.6506193687860404,1.0946826090456812,0.4440632402596407,0.12331275882894477,0.8529896017409494,1.3363756163504128,0
515,main,Post index leakage estimator,0.6506193687860404,0.1763446965635258,-0.4742746722225146,0.09449690931670662,-0.008869245697219169,0.36155863882427075,0
515,main,Oracle prospective estimator,0.6506193687860404,0.6677101562605441,0.017090787474503655,0.10526112345211266,0.46139835429440323,0.8740219582266849,1
516,main,Structured EHR estimator,0.6329587462547848,1.4118773905233142,0.7789186442685294,0.14912348950480317,1.1195953510939,1.7041594299527283,0
516,main,Naive AI estimator,0.6329587462547848,0.2975513224463521,-0.3354074238084327,0.09994119469042921,0.10166658085311081,0.49343606403959334,0
516,main,ISE causal estimator,0.6329587462547848,0.8049669461164234,0.17200819986163862,0.11748977397968403,0.5746869891162427,1.035246903116604,1
516,main,Design erasure estimator,0.6329587462547848,1.123968995646389,0.4910102493916042,0.1305903435883724,0.868011922213179,1.379926069079599,0
516,main,Post index leakage estimator,0.6329587462547848,0.2986399463245618,-0.33431879993022295,0.10580004314618999,0.09127186175802943,0.5060080308910941,0
516,main,Oracle prospective estimator,0.6329587462547848,0.7976115763976492,0.16465283014286447,0.11642003740743237,0.5694283030790818,1.0257948497162166,1
517,main,Structured EHR estimator,0.6522448676734817,1.3993402255934044,0.7470953579199228,0.13968471841101107,1.1255581775078227,1.6731222736789861,0
517,main,Naive AI estimator,0.6522448676734817,0.2646871387872691,-0.38755772888621254,0.10164709999630045,0.06545882279452025,0.463915454780018,0
517,main,ISE causal estimator,0.6522448676734817,0.7589008158269168,0.10665594815343515,0.10683299530321869,0.5495081450326083,0.9682934866212254,1
517,main,Design erasure estimator,0.6522448676734817,1.1509341666195574,0.4986892989460757,0.11688389288621236,0.9218417365625812,1.3800265966765335,0
517,main,Post index leakage estimator,0.6522448676734817,0.2521610349664376,-0.40008383270704406,0.11145248382434118,0.03371416667072888,0.4706079032621463,0
517,main,Oracle prospective estimator,0.6522448676734817,0.7637054468368868,0.11146057916340513,0.10776198920448363,0.5524919479960989,0.9749189456776747,1
518,main,Structured EHR estimator,0.6627378550334786,1.628227039038476,0.9654891840049975,0.13435882659602227,1.3648837389102724,1.8915703391666798,0
518,main,Naive AI estimator,0.6627378550334786,0.38320397280421414,-0.27953388222926445,0.0928400335853292,0.2012375069769689,0.5651704386314593,0
518,main,ISE causal estimator,0.6627378550334786,0.8420436240981042,0.1793057690646256,0.10852045080982758,0.6293435405108421,1.0547437076853663,1
518,main,Design erasure estimator,0.6627378550334786,1.2190891897739045,0.5563513347404259,0.1332676127603512,0.9578846687636161,1.480293710784193,0
518,main,Post index leakage estimator,0.6627378550334786,0.4260164781060431,-0.2367213769274355,0.09819911194693917,0.23354621869004233,0.6184867375220439,0
518,main,Oracle prospective estimator,0.6627378550334786,0.8427715262577208,0.1800336712242422,0.10632355107893543,0.6343773661430073,1.0511656863724341,1
519,main,Structured EHR estimator,0.6480458674799503,1.4614006635419825,0.8133547960620322,0.13169396224668192,1.2032804975384859,1.7195208295454791,0
519,main,Naive AI estimator,0.6480458674799503,0.057920100465128514,-0.5901257670148218,0.09192311137308126,-0.12224919782611074,0.23808939875636778,0
519,main,ISE causal estimator,0.6480458674799503,0.6701894222207819,0.022143554740831628,0.11171664595701138,0.45122479614503963,0.8891540482965242,1
519,main,Design erasure estimator,0.6480458674799503,1.07951772003876,0.4314718525588097,0.12633308762340395,0.8319048682968883,1.3271305717806317,0
519,main,Post index leakage estimator,0.6480458674799503,0.08257355740933568,-0.5654723100706146,0.10211207684979344,-0.11756611321625947,0.2827132280349308,0
519,main,Oracle prospective estimator,0.6480458674799503,0.6665686379705742,0.018522770490623897,0.11047599080070218,0.4500356960011979,0.8831015799399504,1
520,main,Structured EHR estimator,0.6454571522017352,1.1648020814345939,0.5193449292328587,0.12577258878652753,0.9182878074129999,1.4113163554561878,0
520,main,Naive AI estimator,0.6454571522017352,-0.001184413106528502,-0.6466415653082637,0.09397067595173547,-0.18536693797193002,0.182998111758873,0
520,main,ISE causal estimator,0.6454571522017352,0.48785822470423823,-0.15759892749749693,0.10784370941912369,0.2764845542427558,0.6992318951657206,1
520,main,Design erasure estimator,0.6454571522017352,0.7999370248572552,0.15447987265552,0.11003936996932506,0.584259859717378,1.0156141899971323,1
520,main,Post index leakage estimator,0.6454571522017352,0.057007391795873254,-0.5884497604058619,0.09794525990450097,-0.13496531761694863,0.24898010120869513,0
520,main,Oracle prospective estimator,0.6454571522017352,0.4685366429211837,-0.17692050928055147,0.10715081320276236,0.2585210490437695,0.6785522367985979,1
521,main,Structured EHR estimator,0.6439935349530425,1.5989147613294556,0.9549212263764132,0.1517465219840588,1.3014915782407004,1.896337944418211,0
521,main,Naive AI estimator,0.6439935349530425,0.26408867727514435,-0.3799048576778981,0.10632149464899222,0.05569854776311958,0.47247880678716914,0
521,main,ISE causal estimator,0.6439935349530425,0.7534606337041506,0.10946709875110816,0.12386528562150095,0.5106846738860087,0.9962365935222925,1
521,main,Design erasure estimator,0.6439935349530425,1.070179204345368,0.4261856693923255,0.13525952549375223,0.8050705343776137,1.3352878743131222,0
521,main,Post index leakage estimator,0.6439935349530425,0.3516975841828269,-0.2922959507702156,0.10962201693995745,0.13683843098051027,0.5665567373851434,0
521,main,Oracle prospective estimator,0.6439935349530425,0.728042510587793,0.08404897563475056,0.12231085283120607,0.4883132390386291,0.9677717821369569,1
522,main,Structured EHR estimator,0.6511650434308834,1.4357161577084445,0.7845511142775611,0.15010800535649235,1.1415044672097194,1.7299278482071696,0
522,main,Naive AI estimator,0.6511650434308834,0.15467639109742012,-0.4964886523334633,0.09563589139469779,-0.03276995603618754,0.3421227382310278,0
522,main,ISE causal estimator,0.6511650434308834,0.7070160856544536,0.05585104222357018,0.11300555600740735,0.48552519587993526,0.928506975428972,1
522,main,Design erasure estimator,0.6511650434308834,1.0142368140719273,0.3630717706410439,0.129525373744469,0.7603670815327681,1.2681065466110866,0
522,main,Post index leakage estimator,0.6511650434308834,0.17430171252980814,-0.4768633309010753,0.10423734921571082,-0.03000349193298507,0.37860691699260135,0
522,main,Oracle prospective estimator,0.6511650434308834,0.7185796643904235,0.0674146209595401,0.11187825196090222,0.4992982905470552,0.9378610382337919,1
523,main,Structured EHR estimator,0.6448157327876891,1.5608770751619572,0.9160613423742681,0.13102536811336565,1.3040673536597605,1.817686796664154,0
523,main,Naive AI estimator,0.6448157327876891,0.276794549877808,-0.3680211829098811,0.08743979893324388,0.10541254396864999,0.448176555786966,0
523,main,ISE causal estimator,0.6448157327876891,0.8387121317958786,0.19389639900818945,0.0986444149358452,0.645369078521622,1.0320551850701352,0
523,main,Design erasure estimator,0.6448157327876891,1.2518017295608015,0.6069859967731124,0.11816813465558756,1.0201921856358498,1.4834112734857532,0
523,main,Post index leakage estimator,0.6448157327876891,0.24718531765210874,-0.3976304151355804,0.09413370484434555,0.06268325615719147,0.43168737914702604,0
523,main,Oracle prospective estimator,0.6448157327876891,0.8317283596382645,0.18691262685057541,0.09910126575685715,0.6374898787548245,1.0259668405217046,1
524,main,Structured EHR estimator,0.6411992069420368,1.3863881049785998,0.745188898036563,0.15555643665383068,1.0814974891370916,1.6912787208201079,0
524,main,Naive AI estimator,0.6411992069420368,0.11604978225841564,-0.5251494246836211,0.09297572715291265,-0.06618264296129314,0.2982822074781244,0
524,main,ISE causal estimator,0.6411992069420368,0.6420593245913381,0.000860117649301273,0.11654070627060983,0.4136395403009428,0.8704791088817334,1
524,main,Design erasure estimator,0.6411992069420368,0.9023027804602591,0.26110357351822233,0.13186344019807883,0.6438504376720247,1.1607551232484936,0
524,main,Post index leakage estimator,0.6411992069420368,0.13901969317977173,-0.5021795137622651,0.10117521403667593,-0.059283726332113096,0.33732311269165655,0
524,main,Oracle prospective estimator,0.6411992069420368,0.6571088767541906,0.015909669812153804,0.11655783124496333,0.4286555275140625,0.8855622259943188,1
525,main,Structured EHR estimator,0.6306884592816068,1.441861385029985,0.8111729257483783,0.13528568190115528,1.1767014485037208,1.7070213215562493,0
525,main,Naive AI estimator,0.6306884592816068,0.31889571455374316,-0.3117927447278636,0.1000266790381421,0.12284342363898465,0.5149480054685016,0
525,main,ISE causal estimator,0.6306884592816068,0.8075481209835377,0.1768596617019309,0.11125515479869039,0.5894880175781045,1.0256082243889708,1
525,main,Design erasure estimator,0.6306884592816068,1.1085422710139334,0.47785381173232666,0.11908642513801357,0.8751328777434269,1.34195166428444,0
525,main,Post index leakage estimator,0.6306884592816068,0.34035506776287405,-0.2903333915187327,0.1082556705499152,0.12817395348504027,0.5525361820407079,0
525,main,Oracle prospective estimator,0.6306884592816068,0.8072640407807836,0.17657558149917685,0.10996443039513064,0.5917337572063276,1.0227943243552398,1
526,main,Structured EHR estimator,0.6298660280637529,1.5355021541210896,0.9056361260573367,0.12498172415878384,1.2905379747698733,1.7804663334723059,0
526,main,Naive AI estimator,0.6298660280637529,0.18240293163354865,-0.44746309643020427,0.0832525313715203,0.019227970145368867,0.34557789312172843,0
526,main,ISE causal estimator,0.6298660280637529,0.7151381783767793,0.08527215031302637,0.10710180658441316,0.5052186374713294,0.9250577192822291,1
526,main,Design erasure estimator,0.6298660280637529,1.0672830100974429,0.43741698203368995,0.11432239337333891,0.8432111190856986,1.2913549011091872,0
526,main,Post index leakage estimator,0.6298660280637529,0.2353941971643226,-0.3944718308994303,0.08780025504608634,0.0633056972739934,0.4074826970546518,0
526,main,Oracle prospective estimator,0.6298660280637529,0.6896540328550107,0.05978800479125779,0.10618160337868969,0.48153809023277894,0.8977699754772425,1
527,main,Structured EHR estimator,0.632608108883554,1.4246981425218228,0.7920900336382688,0.13704850956143688,1.1560830637814066,1.693313221262239,0
527,main,Naive AI estimator,0.632608108883554,0.30408231834455474,-0.3285257905389993,0.08559636467342667,0.13631344358463846,0.471851193104471,0
527,main,ISE causal estimator,0.632608108883554,0.7613139255003523,0.12870581661679825,0.10461497662764033,0.5562685713101773,0.9663592796905273,1
527,main,Design erasure estimator,0.632608108883554,1.0341384352059606,0.4015303263224066,0.12152458796309265,0.795950242798299,1.2723266276136223,0
527,main,Post index leakage estimator,0.632608108883554,0.341176244583652,-0.29143186429990203,0.0899498973118448,0.16487444585243616,0.5174780433148678,0
527,main,Oracle prospective estimator,0.632608108883554,0.7406225041001652,0.10801439521661116,0.10528313666191717,0.5342675562428075,0.9469774519575228,1
528,main,Structured EHR estimator,0.6659041122767972,1.0795221793284506,0.4136180670516534,0.14407217726573238,0.7971407118876151,1.361903646769286,0
528,main,Naive AI estimator,0.6659041122767972,0.04890658689425433,-0.6169975253825429,0.0918315428787766,-0.1310832371481478,0.22889641093665647,0
528,main,ISE causal estimator,0.6659041122767972,0.48112892625897796,-0.18477518601781928,0.1089905687360378,0.2675074115363439,0.6947504409816121,1
528,main,Design erasure estimator,0.6659041122767972,0.7678790837856706,0.10197497150887336,0.12175269705063463,0.5292437975664267,1.0065143700049144,1
528,main,Post index leakage estimator,0.6659041122767972,0.03705287598896442,-0.6288512362878328,0.09886328571348744,-0.15671916400947097,0.23082491598739982,0
528,main,Oracle prospective estimator,0.6659041122767972,0.47688160081827485,-0.1890225114585224,0.10866826863689666,0.2638917942899574,0.6898714073465924,1
529,main,Structured EHR estimator,0.6511141960143665,1.4553228222676766,0.8042086262533101,0.1340675497253786,1.1925504248059347,1.7180952197294186,0
529,main,Naive AI estimator,0.6511141960143665,0.2530693512164101,-0.3980448447979564,0.0930070019211725,0.07077562745091201,0.4353630749819082,0
529,main,ISE causal estimator,0.6511141960143665,0.7201452484082295,0.06903105239386298,0.10392233286086128,0.5164574760009414,0.9238330208155175,1
529,main,Design erasure estimator,0.6511141960143665,0.9330220973854951,0.28190790137112864,0.1258601817685392,0.6863361411191583,1.179708053651832,0
529,main,Post index leakage estimator,0.6511141960143665,0.2481233730414417,-0.40299082297292477,0.10138540263710309,0.049407983872719635,0.4468387622101637,0
529,main,Oracle prospective estimator,0.6511141960143665,0.6851166490874334,0.03400245307306693,0.10397990020462446,0.48131604468636946,0.8889172534884974,1
530,main,Structured EHR estimator,0.6521908697259695,1.3481092531315255,0.695918383405556,0.13971418489324605,1.0742694507407633,1.6219490555222877,0
530,main,Naive AI estimator,0.6521908697259695,0.14505359938686765,-0.5071372703391018,0.09371008180493769,-0.03861816095081022,0.32872535972454553,0
530,main,ISE causal estimator,0.6521908697259695,0.5964426316443173,-0.05574823808165219,0.1053487923247468,0.3899589986878136,0.8029262646008211,1
530,main,Design erasure estimator,0.6521908697259695,0.8628274128136195,0.21063654308765,0.12432449663204265,0.6191513994148159,1.1065034262124231,1
530,main,Post index leakage estimator,0.6521908697259695,0.2001373075774158,-0.45205356214855374,0.0966453914813075,0.0107123402740531,0.3895622748807785,0
530,main,Oracle prospective estimator,0.6521908697259695,0.5722848588673947,-0.07990601085857485,0.10486400995474013,0.366751399356104,0.7778183183786853,1
531,main,Structured EHR estimator,0.6331059109174909,1.3116306878385162,0.6785247769210253,0.13587520681853604,1.0453152824741856,1.5779460932028468,0
531,main,Naive AI estimator,0.6331059109174909,0.24667520608569304,-0.38643070483179787,0.08566934362649777,0.07876329257775744,0.41458711959362865,0
531,main,ISE causal estimator,0.6331059109174909,0.7055267998327802,0.0724208889152893,0.10122153269930435,0.5071325957421438,0.9039210039234167,1
531,main,Design erasure estimator,0.6331059109174909,0.9756275572399159,0.342521646322425,0.11644076148221492,0.7474036647347746,1.2038514497450572,0
531,main,Post index leakage estimator,0.6331059109174909,0.2602426734835597,-0.3728632374339312,0.09160479815034946,0.08069726910887479,0.4397880778582447,0
531,main,Oracle prospective estimator,0.6331059109174909,0.704973723467919,0.07186781255042807,0.0992147020431873,0.5105129074632719,0.899434539472566,1
532,main,Structured EHR estimator,0.6389468495497236,1.595027383395557,0.9560805338458335,0.12779322892505812,1.3445526547024431,1.845502112088671,0
532,main,Naive AI estimator,0.6389468495497236,0.2293228934551984,-0.4096239560945252,0.09681027167276769,0.039574760976573725,0.41907102593382306,0
532,main,ISE causal estimator,0.6389468495497236,0.7698845304125859,0.13093768086286228,0.10756989152448572,0.5590475430245938,0.9807215178005779,1
532,main,Design erasure estimator,0.6389468495497236,1.0919873698864335,0.45304052033670994,0.12264734881504037,0.8515985662089545,1.3323761735639126,0
532,main,Post index leakage estimator,0.6389468495497236,0.2723486423907359,-0.36659820715898767,0.10169882325240956,0.07301894881601317,0.47167833596545866,0
532,main,Oracle prospective estimator,0.6389468495497236,0.7284273482837492,0.08948049873402564,0.10706203966619836,0.5185857505380005,0.938268946029498,1
533,main,Structured EHR estimator,0.6405339922158361,1.386099379628454,0.7455653874126179,0.13558753190928066,1.120347817086264,1.651850942170644,0
533,main,Naive AI estimator,0.6405339922158361,0.18261920121270847,-0.4579147910031276,0.10816779348230708,-0.029389674012613415,0.39462807643803033,0
533,main,ISE causal estimator,0.6405339922158361,0.6521839232022109,0.01164993098637479,0.10984416024907859,0.4368893691140168,0.867478477290405,1
533,main,Design erasure estimator,0.6405339922158361,1.0485826585534455,0.4080486663376094,0.12288641927421061,0.8077252767759927,1.2894400403308983,0
533,main,Post index leakage estimator,0.6405339922158361,0.20843151969944715,-0.4321024725163889,0.11564425159066649,-0.018231213418259173,0.43509425281715347,0
533,main,Oracle prospective estimator,0.6405339922158361,0.6312716541138778,-0.009262338101958312,0.11080849582787114,0.41408700229125034,0.8484563059365051,1
534,main,Structured EHR estimator,0.634298178805704,1.2450371810383656,0.6107390022326615,0.12846988576063778,0.9932362049475155,1.4968381571292158,0
534,main,Naive AI estimator,0.634298178805704,0.07274642851468884,-0.5615517502910152,0.09578157835055759,-0.11498546505240405,0.26047832208178173,0
534,main,ISE causal estimator,0.634298178805704,0.5360144225277348,-0.09828375627796926,0.1056776079724847,0.32888631090166476,0.7431425341538048,1
534,main,Design erasure estimator,0.634298178805704,0.7925682515178186,0.15827007271211457,0.12118026195250585,0.5550549380909071,1.0300815649447301,1
534,main,Post index leakage estimator,0.634298178805704,0.1360464799049474,-0.49825169890075666,0.10215648263679396,-0.06418022606316875,0.33627318587306354,0
534,main,Oracle prospective estimator,0.634298178805704,0.5069112218699321,-0.12738695693577196,0.10474201163870105,0.30161687905807805,0.7122055646817862,1
535,main,Structured EHR estimator,0.6612983125433624,1.5114899833718574,0.850191670828495,0.1381834017045561,1.2406505160309274,1.7823294507127874,0
535,main,Naive AI estimator,0.6612983125433624,0.10187087154469901,-0.5594274409986634,0.09965818393962732,-0.09345916897697054,0.29720091206636856,0
535,main,ISE causal estimator,0.6612983125433624,0.6087795036530097,-0.05251880889035265,0.11341344420696106,0.386489153007366,0.8310698542986534,1
535,main,Design erasure estimator,0.6612983125433624,0.9162833590759966,0.2549850465326342,0.13020355199231723,0.6610843971710547,1.1714823209809384,1
535,main,Post index leakage estimator,0.6612983125433624,0.17198420434519507,-0.4893141081981673,0.10154569255742434,-0.027045353067356614,0.37101376175774675,0
535,main,Oracle prospective estimator,0.6612983125433624,0.6161597121064857,-0.045138600436876675,0.11451551346104635,0.3917093057228348,0.8406101184901366,1
536,main,Structured EHR estimator,0.6496520985230032,1.442844117268105,0.7931920187451018,0.1384566309537697,1.1714691205987164,1.7142191139374936,0
536,main,Naive AI estimator,0.6496520985230032,0.1668344739879988,-0.48281762453500443,0.09555377640935195,-0.020450927774331024,0.35411987575032866,0
536,main,ISE causal estimator,0.6496520985230032,0.6507717155240499,0.00111961700104668,0.11603539655782492,0.42334233827071305,0.8782010927773867,1
536,main,Design erasure estimator,0.6496520985230032,1.016287086938464,0.3666349884154607,0.137387509140566,0.7470075690229545,1.2855666048539733,0
536,main,Post index leakage estimator,0.6496520985230032,0.2008479966339342,-0.448804101889069,0.10160563761001812,0.0017009469182986958,0.3999950463495697,0
536,main,Oracle prospective estimator,0.6496520985230032,0.6296938041342036,-0.01995829438879959,0.11556640780679019,0.4031836448328948,0.8562039634355124,1
537,main,Structured EHR estimator,0.6465126146553126,1.2108434527575478,0.5643308381022352,0.13729430858574748,0.9417466079294827,1.4799402975856129,0
537,main,Naive AI estimator,0.6465126146553126,0.07973787504947782,-0.5667747396058348,0.09205139434478131,-0.10068285786629355,0.2601586079652492,0
537,main,ISE causal estimator,0.6465126146553126,0.5859763452746856,-0.06053626938062706,0.10901511883033539,0.37230671236722823,0.7996459781821429,1
537,main,Design erasure estimator,0.6465126146553126,0.9568504498554907,0.3103378352001781,0.12530578921858138,0.7112511029870712,1.2024497967239103,0
537,main,Post index leakage estimator,0.6465126146553126,0.12640834389908104,-0.5201042707562316,0.09631245248819567,-0.062364062977782464,0.31518075077594454,0
537,main,Oracle prospective estimator,0.6465126146553126,0.5671894137587944,-0.07932320089651823,0.10881314584302224,0.3539156479064708,0.780463179611118,1
538,main,Structured EHR estimator,0.6423827025304527,1.326091154916732,0.6837084523862793,0.139223564019294,1.0532129694389158,1.5989693403945482,0
538,main,Naive AI estimator,0.6423827025304527,0.17578296065649862,-0.4665997418739541,0.09380332990204994,-0.008071565951519255,0.3596374872645165,0
538,main,ISE causal estimator,0.6423827025304527,0.5864100682652191,-0.05597263426523358,0.10874808109927839,0.3732638293106335,0.7995563072198048,1
538,main,Design erasure estimator,0.6423827025304527,0.8972104703535982,0.25482776782314553,0.1224531818411616,0.6572022339449215,1.137218706762275,0
538,main,Post index leakage estimator,0.6423827025304527,0.22193898001046344,-0.4204437225199893,0.09753936480658446,0.0307618249895579,0.413116135031369,0
538,main,Oracle prospective estimator,0.6423827025304527,0.5678370823976772,-0.07454562013277555,0.10873967059703021,0.35470732802749794,0.7809668367678564,1
539,main,Structured EHR estimator,0.6646291002170328,1.3618502875631922,0.6972211873461593,0.12800159799351438,1.110967155495904,1.6127334196304803,0
539,main,Naive AI estimator,0.6646291002170328,0.05016636586854438,-0.6144627343484884,0.0848831737787662,-0.11620465473783735,0.2165373864749261,0
539,main,ISE causal estimator,0.6646291002170328,0.6850160038083669,0.020386903591334105,0.10758428075623097,0.4741508135261542,0.8958811940905796,1
539,main,Design erasure estimator,0.6646291002170328,1.0685703210134077,0.40394122079637484,0.11946432006318793,0.8344202536895593,1.302720388337256,0
539,main,Post index leakage estimator,0.6646291002170328,0.06148241177005639,-0.6031466884469764,0.09226812427252132,-0.11936311180408538,0.24232793534419816,0
539,main,Oracle prospective estimator,0.6646291002170328,0.6708353696003757,0.0062062693833428995,0.10570969300591039,0.4636443713087913,0.8780263678919601,1
540,main,Structured EHR estimator,0.6598142703224208,1.3841134687728363,0.7242991984504155,0.14270280975614247,1.1044159616507971,1.6638109758948754,0
540,main,Naive AI estimator,0.6598142703224208,0.22613325587161967,-0.4336810144508011,0.0893526207591949,0.05100211918359768,0.40126439255964164,0
540,main,ISE causal estimator,0.6598142703224208,0.5833679885739934,-0.07644628174842738,0.10331395372384865,0.38087263927525006,0.7858633378727368,1
540,main,Design erasure estimator,0.6598142703224208,0.9418175576263337,0.2820032873039129,0.11517558410911147,0.7160734127724753,1.167561702480192,0
540,main,Post index leakage estimator,0.6598142703224208,0.3134565287253405,-0.34635774159708027,0.0981503076467179,0.12108192573777346,0.5058311317129076,0
540,main,Oracle prospective estimator,0.6598142703224208,0.5885272250003062,-0.0712870453221146,0.1012735542778884,0.3900310586156449,0.7870233913849675,1
541,main,Structured EHR estimator,0.6653074000337003,1.6137703236984173,0.9484629236647171,0.14395550612877647,1.3316175316860155,1.8959231157108192,0
541,main,Naive AI estimator,0.6653074000337003,0.24966064188917372,-0.41564675814452656,0.09630631012137192,0.06090027405128476,0.43842100972706266,0
541,main,ISE causal estimator,0.6653074000337003,0.7717919766048934,0.10648457657119315,0.11434763107476101,0.5476706196983618,0.995913333511425,1
541,main,Design erasure estimator,0.6653074000337003,1.264694357761689,0.5993869577279887,0.13371223393294646,1.0026183792531138,1.526770336270264,0
541,main,Post index leakage estimator,0.6653074000337003,0.29565742163648434,-0.3696499783972159,0.10165733668346577,0.09640904173689144,0.4949058015360772,0
541,main,Oracle prospective estimator,0.6653074000337003,0.7674640832732105,0.10215668323951022,0.11488422283410975,0.5422910065183554,0.9926371600280656,1
542,main,Structured EHR estimator,0.6598452225863612,1.5111781584443431,0.8513329358579819,0.12683128492655146,1.2625888399883023,1.759767476900384,0
542,main,Naive AI estimator,0.6598452225863612,0.20154183417034288,-0.45830338841601836,0.09861327977830399,0.00825980580486707,0.3948238625358187,0
542,main,ISE causal estimator,0.6598452225863612,0.7635424280221872,0.10369720543582595,0.10740545156612444,0.5530277429525833,0.9740571130917911,1
542,main,Design erasure estimator,0.6598452225863612,1.1625100533014738,0.5026648307151126,0.11825531390442019,0.9307296380488103,1.3942904685541375,0
542,main,Post index leakage estimator,0.6598452225863612,0.2415522224202916,-0.41829300016606963,0.1006258567484889,0.04432554319325335,0.4387789016473298,0
542,main,Oracle prospective estimator,0.6598452225863612,0.7740112984446161,0.11416607585825489,0.10698801596389429,0.5643147871553833,0.983707809733849,1
543,main,Structured EHR estimator,0.6610488257897013,1.3752525876396346,0.7142037618499334,0.14200924509399585,1.0969144672554028,1.6535907080238665,0
543,main,Naive AI estimator,0.6610488257897013,0.05611146413412908,-0.6049373616555722,0.09199693847189058,-0.12420253527077645,0.2364254635390346,0
543,main,ISE causal estimator,0.6610488257897013,0.5333731903121488,-0.12767563547755245,0.11611683070278389,0.3057842021346924,0.7609621784896052,1
543,main,Design erasure estimator,0.6610488257897013,0.9966241244485263,0.33557529865882507,0.1323727657226944,0.7371735036320453,1.2560747452650074,0
543,main,Post index leakage estimator,0.6610488257897013,0.09800625225997693,-0.5630425735297243,0.09625063600077378,-0.09064499430153967,0.28665749882149355,0
543,main,Oracle prospective estimator,0.6610488257897013,0.5076698564993438,-0.15337896929035744,0.11548112273990571,0.28132685592912865,0.734012857069559,1
544,main,Structured EHR estimator,0.6442563841654362,1.2089245751688584,0.5646681910034222,0.13818724771627885,0.9380775696449519,1.479771580692765,0
544,main,Naive AI estimator,0.6442563841654362,0.0863612602047174,-0.5578951239607188,0.09605578297536452,-0.10190807442699704,0.2746305948364318,0
544,main,ISE causal estimator,0.6442563841654362,0.5530985566131571,-0.09115782755227908,0.11345398973057598,0.33072873674122816,0.775468376485086,1
544,main,Design erasure estimator,0.6442563841654362,0.7893025481584831,0.14504616399304693,0.12292747408781633,0.5483646989463631,1.0302403973706031,1
544,main,Post index leakage estimator,0.6442563841654362,0.11709852618308275,-0.5271578579823535,0.10047550242305717,-0.0798334585661093,0.3140305109322748,0
544,main,Oracle prospective estimator,0.6442563841654362,0.5198758364298776,-0.12438054773555862,0.11206955385462615,0.3002195108748103,0.7395321619849449,1
545,main,Structured EHR estimator,0.6326767100316689,1.1475658808948384,0.5148891708631694,0.14662158841103518,0.8601875676092094,1.4349441941804673,0
545,main,Naive AI estimator,0.6326767100316689,0.041730134594179236,-0.5909465754374896,0.09406136441890625,-0.14263013966687701,0.2260904088552355,0
545,main,ISE causal estimator,0.6326767100316689,0.5477039545263678,-0.08497275550530115,0.11458395410589658,0.3231194044788105,0.7722885045739251,1
545,main,Design erasure estimator,0.6326767100316689,0.9010516387430544,0.26837492871138546,0.13665746581522017,0.6332030057452229,1.1689002717408858,0
545,main,Post index leakage estimator,0.6326767100316689,0.05023847767815373,-0.5824382323535152,0.10157322341138891,-0.14884504020816852,0.24932199556447598,0
545,main,Oracle prospective estimator,0.6326767100316689,0.5237922690118854,-0.10888444101978356,0.11397913101092172,0.3003931722304788,0.7471913657932919,1
546,main,Structured EHR estimator,0.6435015237760705,1.433864989847843,0.7903634660717725,0.14469212030911976,1.1502684340419682,1.717461545653718,0
546,main,Naive AI estimator,0.6435015237760705,0.27148197273066244,-0.37201955104540807,0.10187348593528855,0.07180994029749688,0.471154005163828,0
546,main,ISE causal estimator,0.6435015237760705,0.8298123501167172,0.18631082634064666,0.11428494664605414,0.605813854690451,1.0538108455429833,1
546,main,Design erasure estimator,0.6435015237760705,1.1399991314687856,0.4964976076927151,0.12778454714049975,0.8895414190734061,1.3904568438641651,0
546,main,Post index leakage estimator,0.6435015237760705,0.26077357914187554,-0.38272794463419496,0.10584095375287078,0.0533253097862488,0.46822184849750226,0
546,main,Oracle prospective estimator,0.6435015237760705,0.8293377131666771,0.18583618939060664,0.11358205784535497,0.6067168797897814,1.0519585465435728,1
547,main,Structured EHR estimator,0.6512943370996453,1.3957140330150568,0.7444196959154115,0.14343333863731136,1.1145846892859266,1.676843376744187,0
547,main,Naive AI estimator,0.6512943370996453,0.018452302883015758,-0.6328420342166295,0.0956099158881998,-0.16894313225785584,0.20584773802388734,0
547,main,ISE causal estimator,0.6512943370996453,0.5187641723117956,-0.13253016478784974,0.11359561111650082,0.296116774523454,0.7414115701001373,1
547,main,Design erasure estimator,0.6512943370996453,0.9684857039391886,0.3171913668395433,0.13559707374982563,0.7027154393895304,1.234255968488847,0
547,main,Post index leakage estimator,0.6512943370996453,0.04984073399530574,-0.6014536031043396,0.10475062944706529,-0.15547049972094223,0.2551519677115537,0
547,main,Oracle prospective estimator,0.6512943370996453,0.5060769517994206,-0.14521738530022477,0.11182908037808541,0.2868919542583732,0.725261949340468,1
548,main,Structured EHR estimator,0.6238929750791783,1.3428499203675837,0.7189569452884054,0.13979928125356253,1.0688433291106012,1.6168565116245661,0
548,main,Naive AI estimator,0.6238929750791783,0.1964078881865572,-0.4274850868926211,0.0927148529368396,0.014686776430351572,0.37812899994276283,0
548,main,ISE causal estimator,0.6238929750791783,0.7251870403429692,0.10129406526379092,0.10786757479102797,0.5137665937525544,0.936607486933384,1
548,main,Design erasure estimator,0.6238929750791783,1.0912432941559802,0.4673503190768019,0.12088605842406551,0.8543066196448118,1.3281799686671487,0
548,main,Post index leakage estimator,0.6238929750791783,0.1989013092514252,-0.42499166582775305,0.09902777989958565,0.004806860648237349,0.39299575785461305,0
548,main,Oracle prospective estimator,0.6238929750791783,0.7231253360162204,0.09923236093704213,0.108212374503444,0.5110290819894702,0.9352215900429707,1
549,main,Structured EHR estimator,0.6423558059791392,1.5073861054274207,0.8650302994482815,0.12747310014463412,1.2575388291439378,1.7572333817109036,0
549,main,Naive AI estimator,0.6423558059791392,0.16841878388680626,-0.47393702209233296,0.10115657644101325,-0.029848105937579722,0.3666856737111922,0
549,main,ISE causal estimator,0.6423558059791392,0.690066596006796,0.04771079002765677,0.10594966597039725,0.4824052507048174,0.8977279413087746,1
549,main,Design erasure estimator,0.6423558059791392,1.1114170217295174,0.4690612157503782,0.12373142365894116,0.8689034313579928,1.3539306121010422,0
549,main,Post index leakage estimator,0.6423558059791392,0.23898557669789833,-0.4033702292812409,0.10731187387843866,0.028654303896158556,0.4493168494996381,0
549,main,Oracle prospective estimator,0.6423558059791392,0.6741386893588862,0.031782883379746996,0.10423391689186548,0.46984021225082984,0.8784371664669426,1
550,main,Structured EHR estimator,0.6444298974201839,1.1678740487102637,0.5234441512900798,0.13165095546626462,0.909838175996385,1.4259099214241424,0
550,main,Naive AI estimator,0.6444298974201839,0.11026307757933196,-0.5341668198408519,0.08513820239411245,-0.05660779911312844,0.2771339542717923,0
550,main,ISE causal estimator,0.6444298974201839,0.5428159486228206,-0.1016139487973633,0.09686609541751516,0.3529584016044909,0.7326734956411503,1
550,main,Design erasure estimator,0.6444298974201839,0.8491726705556232,0.20474277313543932,0.11490632951048112,0.6239562647150803,1.074389076396166,1
550,main,Post index leakage estimator,0.6444298974201839,0.1268805261880664,-0.5175493712321175,0.09276323148978674,-0.054935407531915614,0.3086964599080484,0
550,main,Oracle prospective estimator,0.6444298974201839,0.537426143901258,-0.10700375351892588,0.09625010230603016,0.34877594338143886,0.7260763444210772,1
551,main,Structured EHR estimator,0.6458593129406903,1.4929971947417362,0.8471378818010459,0.13035337852930332,1.2375045728243017,1.7484898166591707,0
551,main,Naive AI estimator,0.6458593129406903,0.140002768083706,-0.5058565448569843,0.09909569575495009,-0.05422479559599619,0.33423033176340816,0
551,main,ISE causal estimator,0.6458593129406903,0.7232999998426135,0.07744068690192318,0.11819613937602741,0.4916355666655998,0.9549644330196272,1
551,main,Design erasure estimator,0.6458593129406903,1.2373929062918425,0.5915335933511522,0.1266372376211502,0.9891839205543881,1.4856018920292968,0
551,main,Post index leakage estimator,0.6458593129406903,0.17498426065369674,-0.47087505228699356,0.10089533330972165,-0.022770592633357706,0.3727391139407512,0
551,main,Oracle prospective estimator,0.6458593129406903,0.7193363322264211,0.0734770192857308,0.11781999658134074,0.4884091389269933,0.9502635255258489,1
552,main,Structured EHR estimator,0.6428325199818139,1.25413177164809,0.6112992516662761,0.14797664180865025,0.9640975537031355,1.5441659895930444,0
552,main,Naive AI estimator,0.6428325199818139,0.08762384758875422,-0.5552086723930597,0.09017580808410366,-0.08912073625608896,0.2643684314335974,0
552,main,ISE causal estimator,0.6428325199818139,0.5375080535658155,-0.10532446641599835,0.11451786292835416,0.3130530422262414,0.7619630649053897,1
552,main,Design erasure estimator,0.6428325199818139,0.9413681018266348,0.2985355818448209,0.12997889558988768,0.686609466470455,1.1961267371828146,0
552,main,Post index leakage estimator,0.6428325199818139,0.12420656129595992,-0.5186259586858539,0.09666110123834928,-0.06524919713120467,0.3136623197231245,0
552,main,Oracle prospective estimator,0.6428325199818139,0.5182158742217018,-0.12461664576011211,0.11311901716537194,0.29650260057757283,0.7399291478658307,1
553,main,Structured EHR estimator,0.655888495249075,1.6104825399218539,0.9545940446727789,0.1469204859856431,1.3225183873899935,1.8984466924537142,0
553,main,Naive AI estimator,0.655888495249075,0.1787425564502685,-0.4771459387988065,0.0957362446968731,-0.008900483155602767,0.3663855960561398,0
553,main,ISE causal estimator,0.655888495249075,0.7633103988951997,0.1074219036461247,0.11446819605582899,0.5389527346257749,0.9876680631646245,1
553,main,Design erasure estimator,0.655888495249075,1.0927186029594131,0.43683010771033814,0.1322483345192986,0.8335118673015879,1.3519253386172383,0
553,main,Post index leakage estimator,0.655888495249075,0.21274242622918355,-0.44314606901989145,0.09744257123970666,0.021754986599358483,0.4037298658590086,0
553,main,Oracle prospective estimator,0.655888495249075,0.7216103227769727,0.06572182752789768,0.11513462348612603,0.49594646074416565,0.9472741848097797,1
554,main,Structured EHR estimator,0.6191736809804419,1.5857977809995145,0.9666241000190726,0.1448520920654753,1.301887680551183,1.869707881447846,0
554,main,Naive AI estimator,0.6191736809804419,0.2709887068301779,-0.348184974150264,0.09365359179080933,0.0874276669201916,0.4545497467401642,0
554,main,ISE causal estimator,0.6191736809804419,0.7664059244402223,0.14723224345978037,0.10392663852914093,0.562709712923106,0.9701021359573385,1
554,main,Design erasure estimator,0.6191736809804419,0.9690285305535139,0.349854849573072,0.12104161383508923,0.731786967436739,1.2062700936702888,0
554,main,Post index leakage estimator,0.6191736809804419,0.28965034632270964,-0.32952333465773226,0.10477510264126833,0.08429114514582373,0.4950095474995956,0
554,main,Oracle prospective estimator,0.6191736809804419,0.7562137851512633,0.13704010417082135,0.10293030082837577,0.5544703955276468,0.9579571747748797,1
555,main,Structured EHR estimator,0.6460971781278168,1.3539518457473143,0.7078546676194976,0.13696191373445174,1.0855064948277888,1.6223971966668398,0
555,main,Naive AI estimator,0.6460971781278168,0.04252005048302421,-0.6035771276447925,0.09305849647148083,-0.13987460260107823,0.22491470356712664,0
555,main,ISE causal estimator,0.6460971781278168,0.6483807624117772,0.0022835842839604714,0.10970084788747714,0.433367100552322,0.8633944242712324,1
555,main,Design erasure estimator,0.6460971781278168,0.8509510762481852,0.20485389812036847,0.12453189426144252,0.6068685634957579,1.0950335890006127,1
555,main,Post index leakage estimator,0.6460971781278168,0.058000821419779164,-0.5880963567080376,0.09725420920686319,-0.1326174286256727,0.24861907146523102,0
555,main,Oracle prospective estimator,0.6460971781278168,0.6212636629601953,-0.024833515167621445,0.10903865511413323,0.4075478989364942,0.8349794269838964,1
556,main,Structured EHR estimator,0.6456407588809858,1.348002003804029,0.7023612449230432,0.13934773187196967,1.0748804493349684,1.6211235582730896,0
556,main,Naive AI estimator,0.6456407588809858,0.04876152144497333,-0.5968792374360125,0.09504938083426298,-0.1375352649901821,0.23505830788012877,0
556,main,ISE causal estimator,0.6456407588809858,0.5393010529447176,-0.10633970593626818,0.10662062634128251,0.3303246253158039,0.7482774805736314,1
556,main,Design erasure estimator,0.6456407588809858,0.9106354147288994,0.2649946558479136,0.1175772569048927,0.6801839911953097,1.141086838262489,0
556,main,Post index leakage estimator,0.6456407588809858,0.08384095470950881,-0.561799804171477,0.10543437707140865,-0.12281042435045214,0.29049233376946976,0
556,main,Oracle prospective estimator,0.6456407588809858,0.5243211569770962,-0.12131960190388957,0.10634532462296722,0.3158843207160805,0.732757993238112,1
557,main,Structured EHR estimator,0.648860042653357,1.3732473115720794,0.7243872689187224,0.14544239242839874,1.0881802224124177,1.658314400731741,0
557,main,Naive AI estimator,0.648860042653357,-0.011549539500754368,-0.6604095821541113,0.10630195380476312,-0.2199013689580901,0.19680228995658133,0
557,main,ISE causal estimator,0.648860042653357,0.6197689068197219,-0.029091135833635096,0.11751590002447507,0.3894377427717507,0.850100070867693,1
557,main,Design erasure estimator,0.648860042653357,0.9584133782144534,0.30955333556109643,0.1379818279796522,0.6879689953743351,1.2288577610545717,0
557,main,Post index leakage estimator,0.648860042653357,-0.009508800674836773,-0.6583688433281937,0.11411266960669073,-0.23316963310395059,0.21415203175427702,0
557,main,Oracle prospective estimator,0.648860042653357,0.6138950703751662,-0.03496497227819073,0.11651223569447659,0.3855310884139921,0.8422590523363404,1
558,main,Structured EHR estimator,0.6349215918370275,1.5855560024809514,0.950634410643924,0.1382673963218208,1.3145519056901827,1.8565600992717202,0
558,main,Naive AI estimator,0.6349215918370275,0.25390523682353855,-0.3810163550134889,0.09586221870590887,0.06601528815995716,0.44179518548711993,0
558,main,ISE causal estimator,0.6349215918370275,0.7388192871383901,0.10389769530136261,0.11361926432443588,0.5161255290624958,0.9615130452142844,1
558,main,Design erasure estimator,0.6349215918370275,1.0616009128233628,0.4266793209863353,0.12993096560590803,0.806936220235783,1.3162656054109425,0
558,main,Post index leakage estimator,0.6349215918370275,0.27906969456110026,-0.3558518972759272,0.09892406183559793,0.08517853336332831,0.4729608557588722,0
558,main,Oracle prospective estimator,0.6349215918370275,0.7322562491412316,0.0973346573042041,0.11299982235879326,0.5107765973179967,0.9537359009644664,1
559,main,Structured EHR estimator,0.6534982136966079,1.4563162545098927,0.8028180408132848,0.13083019260922094,1.1998890769958197,1.7127434320239656,0
559,main,Naive AI estimator,0.6534982136966079,0.14414384566113267,-0.5093543680354752,0.09462218296963235,-0.04131563295934673,0.3296033242816121,0
559,main,ISE causal estimator,0.6534982136966079,0.6847004502433487,0.031202236546740814,0.10101267120615615,0.48671561467928265,0.8826852858074148,1
559,main,Design erasure estimator,0.6534982136966079,1.1056179649389812,0.45211975124237336,0.12260949896850816,0.8653033469607052,1.3459325829172573,0
559,main,Post index leakage estimator,0.6534982136966079,0.1240521901711691,-0.5294460235254388,0.10078311188505402,-0.07348270912353679,0.321587089465875,0
559,main,Oracle prospective estimator,0.6534982136966079,0.6862460489216017,0.032747835224993804,0.10097447383158029,0.4883360802117043,0.8841560176314991,1
560,main,Structured EHR estimator,0.6504358889584428,1.4708537959428756,0.8204179069844327,0.13641374317425203,1.2034828593213416,1.7382247325644096,0
560,main,Naive AI estimator,0.6504358889584428,0.1785404747293361,-0.47189541422910675,0.08663025729227741,0.008745170436472383,0.3483357790221998,0
560,main,ISE causal estimator,0.6504358889584428,0.6821522347713055,0.031716345812862645,0.10139546828889089,0.4834171169250794,0.8808873526175316,1
560,main,Design erasure estimator,0.6504358889584428,0.9843677124633216,0.3339318235048787,0.12160526345067504,0.7460213960999985,1.2227140288266447,0
560,main,Post index leakage estimator,0.6504358889584428,0.21946630360093988,-0.43096958535750296,0.09163264988977073,0.03986630981698927,0.3990662973848905,0
560,main,Oracle prospective estimator,0.6504358889584428,0.6616371689426762,0.01120127998423337,0.10047763380283356,0.4647010066891224,0.85857333119623,1
561,main,Structured EHR estimator,0.6374927750929696,1.4357061123453985,0.7982133372524288,0.1328909909895114,1.1752397700059563,1.6961724546848407,0
561,main,Naive AI estimator,0.6374927750929696,0.13289477024971214,-0.5045980048432575,0.08793449161964999,-0.03945683332480185,0.30524637382422615,0
561,main,ISE causal estimator,0.6374927750929696,0.7050257542721299,0.06753297917916024,0.10535937541049724,0.4985213784675553,0.9115301300767045,1
561,main,Design erasure estimator,0.6374927750929696,1.1172910638341145,0.47979828874114483,0.12932380729275192,0.8638164015403207,1.3707657261279083,0
561,main,Post index leakage estimator,0.6374927750929696,0.1362549968513448,-0.5012377782416249,0.09264170574138045,-0.04532274640176087,0.31783274010445045,0
561,main,Oracle prospective estimator,0.6374927750929696,0.6872179760689776,0.049725200976007966,0.10561873461031797,0.4802052562327544,0.8942306959052009,1
562,main,Structured EHR estimator,0.6482247714361397,1.41344333573514,0.7652185642990003,0.13860800406556434,1.1417716477666338,1.685115023703646,0
562,main,Naive AI estimator,0.6482247714361397,0.044652809526138364,-0.6035719619100013,0.08993162337347478,-0.1316131722858722,0.22091879133814893,0
562,main,ISE causal estimator,0.6482247714361397,0.6191104744352347,-0.029114297000904954,0.10750166361041277,0.40840721375882566,0.8298137351116437,1
562,main,Design erasure estimator,0.6482247714361397,1.0417005360008869,0.3934757645647472,0.12421773001482435,0.7982337851718311,1.2851672868299426,0
562,main,Post index leakage estimator,0.6482247714361397,0.07792467947950402,-0.5703000919566357,0.09582523918918942,-0.10989278933130725,0.2657421482903153,0
562,main,Oracle prospective estimator,0.6482247714361397,0.5990923265507488,-0.049132444885390814,0.1068636630634332,0.3896395469464198,0.8085451061550779,1
563,main,Structured EHR estimator,0.6457811971176959,1.3721029887895624,0.7263217916718665,0.13269061209717373,1.112029389079102,1.6321765885000228,0
563,main,Naive AI estimator,0.6457811971176959,0.14594050503431552,-0.49984069208338033,0.09059302463330421,-0.03162182324696072,0.32350283331559176,0
563,main,ISE causal estimator,0.6457811971176959,0.6606033838108132,0.0148221866931173,0.10805585478332078,0.4488139084355045,0.8723928591861219,1
563,main,Design erasure estimator,0.6457811971176959,1.1743606109881957,0.5285794138704998,0.12389726312340106,0.9315219752663296,1.4171992467100618,0
563,main,Post index leakage estimator,0.6457811971176959,0.13497233701868527,-0.5108088600990106,0.09280406914591964,-0.046923638507317206,0.3168683125446877,0
563,main,Oracle prospective estimator,0.6457811971176959,0.6468713216745735,0.0010901245568776252,0.10912320064846251,0.432989848403587,0.86075279494556,1
564,main,Structured EHR estimator,0.6555882382424084,1.272623162032886,0.6170349237904776,0.1433125796949855,0.9917305058307144,1.5535158182350577,0
564,main,Naive AI estimator,0.6555882382424084,0.10281231312152794,-0.5527759251208805,0.09675944301069096,-0.08683619517942634,0.2924608214224822,0
564,main,ISE causal estimator,0.6555882382424084,0.696237047673769,0.04064880943136062,0.12385854306609456,0.45347430326422367,0.9389997920833144,1
564,main,Design erasure estimator,0.6555882382424084,1.0309844832395265,0.3753962449971181,0.13705725647258626,0.7623522605532574,1.2996167059257955,0
564,main,Post index leakage estimator,0.6555882382424084,0.13064152460723744,-0.524946713635171,0.1018714767578076,-0.06902656983806546,0.3303096190525403,0
564,main,Oracle prospective estimator,0.6555882382424084,0.6767474890620174,0.02115925081960901,0.12361127682798848,0.43446938647916,0.9190255916448749,1
565,main,Structured EHR estimator,0.6484196740116637,1.5170949735655515,0.8686752995538878,0.13802630025606683,1.2465634250636604,1.7876265220674425,0
565,main,Naive AI estimator,0.6484196740116637,0.13155207180500883,-0.5168676022066548,0.09680519424551536,-0.05818610891620127,0.3212902525262189,0
565,main,ISE causal estimator,0.6484196740116637,0.6705529340783162,0.022133260066652505,0.10722257750189144,0.46039668217460894,0.8807091859820234,1
565,main,Design erasure estimator,0.6484196740116637,0.9895759496559318,0.3411562756442681,0.12588155047989702,0.7428481107153336,1.23630378859653,0
565,main,Post index leakage estimator,0.6484196740116637,0.10393196582460532,-0.5444877081870584,0.11136263882847516,-0.114338806279206,0.32220273792841664,0
565,main,Oracle prospective estimator,0.6484196740116637,0.6702791782573548,0.021859504245691164,0.10543906320982649,0.4636186143660949,0.8769397421486147,1
566,main,Structured EHR estimator,0.6447598095290378,1.4851519496725099,0.8403921401434721,0.14258539368928796,1.2056845780415055,1.7646193213035142,0
566,main,Naive AI estimator,0.6447598095290378,0.15325161116227606,-0.49150819836676174,0.09882046501311029,-0.040436500263420105,0.34693972258797223,0
566,main,ISE causal estimator,0.6447598095290378,0.722684498002857,0.07792468847381917,0.1154265681152335,0.49644842449699933,0.9489205715087146,1
566,main,Design erasure estimator,0.6447598095290378,1.12241439281834,0.4776545832893023,0.12587597034549577,0.8756974909411683,1.3691312946955119,0
566,main,Post index leakage estimator,0.6447598095290378,0.18026814044883566,-0.4644916690802021,0.10827304682854462,-0.031947031335111786,0.3924833122327831,0
566,main,Oracle prospective estimator,0.6447598095290378,0.6973873435537801,0.052627534024742295,0.11633135378372372,0.4693778901376816,0.9253967969698785,1
567,main,Structured EHR estimator,0.6593257353171904,1.5979867368518894,0.938661001534699,0.14696749723912841,1.3099304422631977,1.8860430314405812,0
567,main,Naive AI estimator,0.6593257353171904,0.20902402712446758,-0.45030170819272286,0.08877830554227255,0.03501854826161338,0.38302950598732177,0
567,main,ISE causal estimator,0.6593257353171904,0.7707433525983383,0.11141761728114785,0.10967901612221806,0.5557724809987908,0.9857142241978857,1
567,main,Design erasure estimator,0.6593257353171904,1.16475131697228,0.5054255816550897,0.13177418576949532,0.9064739128640693,1.4230287210804908,0
567,main,Post index leakage estimator,0.6593257353171904,0.21115376196535707,-0.44817197335183334,0.0971475477519683,0.02074456837149921,0.40156295555921495,0
567,main,Oracle prospective estimator,0.6593257353171904,0.7567301446781409,0.09740440936095052,0.11031351009199054,0.5405156648978395,0.9729446244584423,1
568,main,Structured EHR estimator,0.6350275416294321,1.0283812871507076,0.39335374552127556,0.1434047463386402,0.7473079843269729,1.3094545899744423,0
568,main,Naive AI estimator,0.6350275416294321,-0.02195347218331182,-0.6569810138127439,0.08614191552882658,-0.19079162661981192,0.1468846822531883,0
568,main,ISE causal estimator,0.6350275416294321,0.45093574182795504,-0.18409179980147705,0.10308622663540813,0.24888673762255512,0.652984746033355,1
568,main,Design erasure estimator,0.6350275416294321,0.8795181798331837,0.2444906382037516,0.11717649801532572,0.6498522437231453,1.109184115943222,0
568,main,Post index leakage estimator,0.6350275416294321,-0.012305770490249614,-0.6473333121196817,0.09701192025695315,-0.2024491341938778,0.17783759321337858,0
568,main,Oracle prospective estimator,0.6350275416294321,0.45464989433990044,-0.18037764728953165,0.10393464452224706,0.2509379910762962,0.6583617976035047,1
569,main,Structured EHR estimator,0.6503180979482011,1.3890106364876318,0.7386925385394307,0.13254880683671574,1.129214975087669,1.6488062978875946,0
569,main,Naive AI estimator,0.6503180979482011,0.06114401107228359,-0.5891740868759174,0.08506007009059623,-0.105573726305285,0.2278617484498522,0
569,main,ISE causal estimator,0.6503180979482011,0.6258368731822505,-0.024481224765950604,0.10396833170744899,0.42205894303565045,0.8296148033288504,1
569,main,Design erasure estimator,0.6503180979482011,1.0052184511679263,0.35490035321972524,0.12035789821421397,0.7693169706680669,1.2411199316677857,0
569,main,Post index leakage estimator,0.6503180979482011,0.05852274190824824,-0.5917953560399528,0.0919216598338752,-0.12164371136614713,0.23868919518264362,0
569,main,Oracle prospective estimator,0.6503180979482011,0.6285031825141748,-0.02181491543402625,0.10479272759561137,0.42310943642677656,0.833896928601573,1
570,main,Structured EHR estimator,0.6402793656310052,1.4372820363209904,0.7970026706899852,0.14898868632421003,1.1452642111255387,1.729299861516442,0
570,main,Naive AI estimator,0.6402793656310052,0.16928167818698706,-0.47099768744401815,0.09667688216539726,-0.020205010857191563,0.3587683672311657,0
570,main,ISE causal estimator,0.6402793656310052,0.7412614549658048,0.10098208933479957,0.1139847916682901,0.5178512632959562,0.9646716466356533,1
570,main,Design erasure estimator,0.6402793656310052,1.1509816818888643,0.5107023162578591,0.13512009026808786,0.8861463049634122,1.4158170588143164,0
570,main,Post index leakage estimator,0.6402793656310052,0.15793299257105226,-0.4823463730599529,0.10286007913202373,-0.043672762527714265,0.35953874766981875,0
570,main,Oracle prospective estimator,0.6402793656310052,0.7231044882530706,0.08282512262206543,0.11607212992762203,0.4956031135949314,0.9506058629112097,1
571,main,Structured EHR estimator,0.6461309075913744,1.3135995312797093,0.6674686236883349,0.13386897070527218,1.0512163486973758,1.5759827138620428,0
571,main,Naive AI estimator,0.6461309075913744,0.18641463615086656,-0.4597162714405078,0.08632100902080192,0.017225458470094795,0.3556038138316383,0
571,main,ISE causal estimator,0.6461309075913744,0.6849700683654038,0.03883916077402938,0.10169564242642803,0.4856466092096048,0.8842935275212027,1
571,main,Design erasure estimator,0.6461309075913744,1.1440627142302076,0.4979318066388332,0.11157997692241564,0.925365959462273,1.3627594689981422,0
571,main,Post index leakage estimator,0.6461309075913744,0.180456751166413,-0.46567415642496135,0.09426687364906973,-0.004306321185763684,0.36521982351858967,0
571,main,Oracle prospective estimator,0.6461309075913744,0.6545664429689626,0.008435535377588232,0.10216928021277923,0.4543146537519153,0.8548182321860098,1
572,main,Structured EHR estimator,0.6428866190590983,1.4693479828738791,0.8264613638147809,0.1351414334857181,1.2044707732418716,1.7342251925058867,0
572,main,Naive AI estimator,0.6428866190590983,0.19150298737641264,-0.45138363168268564,0.09706405705460777,0.0012574355493814027,0.38174853920344387,0
572,main,ISE causal estimator,0.6428866190590983,0.7886102524575372,0.14572363339843897,0.1095890527715689,0.5738157090252622,1.0034047958898122,1
572,main,Design erasure estimator,0.6428866190590983,1.3155263610826877,0.6726397420235894,0.1163715989505209,1.0874380271396666,1.5436146950257088,0
572,main,Post index leakage estimator,0.6428866190590983,0.19249345928197384,-0.45039315977712446,0.09850576680703071,-0.0005778436598063708,0.385564762223754,0
572,main,Oracle prospective estimator,0.6428866190590983,0.7644905334458298,0.12160391438673157,0.10886377668824564,0.5511175311368683,0.9778635357547913,1
573,main,Structured EHR estimator,0.6314725856006549,1.198846127568108,0.567373541967453,0.14675895301462868,0.9111985796594357,1.4864936754767801,0
573,main,Naive AI estimator,0.6314725856006549,0.11927053330207485,-0.5122020522985801,0.09673711642103575,-0.07033421488315522,0.3088752814873049,0
573,main,ISE causal estimator,0.6314725856006549,0.554252336312708,-0.07722024928794691,0.11937932904520376,0.3202688513841086,0.7882358212413074,1
573,main,Design erasure estimator,0.6314725856006549,0.8457721003144255,0.21429951471377062,0.13710764189361976,0.5770411222029308,1.1145030784259202,1
573,main,Post index leakage estimator,0.6314725856006549,0.13375764309083366,-0.49771494250982123,0.10225905078555203,-0.06667009644884833,0.33418538263051567,0
573,main,Oracle prospective estimator,0.6314725856006549,0.5349389402117973,-0.09653364538885756,0.12091596203094673,0.29794365463114175,0.7719342257924529,1
574,main,Structured EHR estimator,0.6662615035072633,1.4453824841061942,0.7791209805989309,0.15499970454808834,1.141583063191941,1.7491819050204473,0
574,main,Naive AI estimator,0.6662615035072633,0.23613765625628652,-0.4301238472509768,0.09980638677512257,0.040517138177046275,0.43175817433552677,0
574,main,ISE causal estimator,0.6662615035072633,0.6743624574255813,0.008100953918317999,0.11350734146496251,0.4518880681542548,0.8968368466969079,1
574,main,Design erasure estimator,0.6662615035072633,1.0041426834501437,0.33788117994288036,0.12989550847265477,0.7495474868437404,1.258737880056547,0
574,main,Post index leakage estimator,0.6662615035072633,0.2649566558406767,-0.40130484766658664,0.10739664985302033,0.05445922212875684,0.4754540895525965,0
574,main,Oracle prospective estimator,0.6662615035072633,0.6485318162295292,-0.017729687277734163,0.11363742524140986,0.4258024627563658,0.8712611697026925,1
575,main,Structured EHR estimator,0.6437727275343506,1.6542764333760014,1.0105037058416508,0.13555299883046878,1.3885925556682825,1.9199603110837202,0
575,main,Naive AI estimator,0.6437727275343506,0.2769440594382473,-0.36682866809610326,0.09138115887287812,0.09783698804740618,0.45605113082908844,0
575,main,ISE causal estimator,0.6437727275343506,0.7561013437766906,0.11232861624234003,0.10786364132985718,0.5446886067701705,0.9675140807832107,1
575,main,Design erasure estimator,0.6437727275343506,1.0806407335754267,0.4368680060410761,0.1198154051293505,0.8458025395218997,1.3154789276289536,0
575,main,Post index leakage estimator,0.6437727275343506,0.3333130657700961,-0.31045966176425444,0.09728898903761228,0.14262664725637605,0.5239994842838162,0
575,main,Oracle prospective estimator,0.6437727275343506,0.7624058524135812,0.11863312487923061,0.10732954504551964,0.5520399441243626,0.9727717607027997,1
576,main,Structured EHR estimator,0.6288436846322293,1.2548022524793059,0.6259585678470766,0.130208622104963,0.9995933531535783,1.5100111518050334,0
576,main,Naive AI estimator,0.6288436846322293,0.2353279121530784,-0.39351577247915087,0.08572284966765444,0.06731112680447571,0.4033446975016811,0
576,main,ISE causal estimator,0.6288436846322293,0.7701778752566354,0.1413341906244061,0.09901845975970877,0.5761016941276063,0.9642540563856645,1
576,main,Design erasure estimator,0.6288436846322293,1.138727440720623,0.5098837560883936,0.11818346347051037,0.9070878523184226,1.3703670291228232,0
576,main,Post index leakage estimator,0.6288436846322293,0.21184672187195216,-0.4169969627602771,0.09225642199624647,0.031024134759309097,0.39266930898459523,0
576,main,Oracle prospective estimator,0.6288436846322293,0.7810019056682599,0.1521582210360306,0.09809182689448277,0.5887419249550736,0.9732618863814462,1
577,main,Structured EHR estimator,0.6585808496569067,1.315388753631388,0.6568079039744813,0.14347392997719083,1.034179850876094,1.596597656386682,0
577,main,Naive AI estimator,0.6585808496569067,0.14454105544968449,-0.5140397942072221,0.09189277510604615,-0.03556878375816597,0.32465089465753494,0
577,main,ISE causal estimator,0.6585808496569067,0.7071831091432008,0.04860225948629415,0.1087446771745293,0.49404354188112337,0.9203226764052783,1
577,main,Design erasure estimator,0.6585808496569067,1.0296653563958595,0.3710845067389529,0.12254976312146963,0.7894678206777791,1.26986289211394,0
577,main,Post index leakage estimator,0.6585808496569067,0.136794796624973,-0.5217860530319337,0.0957188787627337,-0.050814205749985075,0.32440379899993105,0
577,main,Oracle prospective estimator,0.6585808496569067,0.6963656757448361,0.037784826087929435,0.10921490217281572,0.4823044674861173,0.9104268840035549,1
578,main,Structured EHR estimator,0.6472955383199349,1.3505450228228262,0.7032494845028913,0.13166599596755515,1.0924796707264182,1.6086103749192342,0
578,main,Naive AI estimator,0.6472955383199349,0.18139898065973936,-0.46589655766019555,0.09094989971233333,0.0031371772235660456,0.3596607840959127,0
578,main,ISE causal estimator,0.6472955383199349,0.6025884330845513,-0.04470710523538357,0.10671425049916383,0.39342850210619024,0.8117483640629124,1
578,main,Design erasure estimator,0.6472955383199349,0.9914120750564931,0.3441165367365582,0.12709014139088826,0.7423153979303521,1.2405087521826341,0
578,main,Post index leakage estimator,0.6472955383199349,0.24124162634025734,-0.40605391197967755,0.09929778473172443,0.04661796826607745,0.4358652844144372,0
578,main,Oracle prospective estimator,0.6472955383199349,0.6031792141220574,-0.04411632419787748,0.10537196501056131,0.3966501627013573,0.8097082655427577,1
579,main,Structured EHR estimator,0.6217804489121664,1.5395051064909802,0.9177246575788137,0.13801340800278106,1.2689988268055292,1.810011386176431,0
579,main,Naive AI estimator,0.6217804489121664,0.09564068279964437,-0.5261397661125221,0.08895473116910568,-0.07871059029180276,0.2699919558910915,0
579,main,ISE causal estimator,0.6217804489121664,0.6706143424508518,0.04883389353868539,0.11249660018516401,0.4501210060879304,0.8911076788137733,1
579,main,Design erasure estimator,0.6217804489121664,1.1835459452852122,0.5617654963730457,0.12455734225635705,0.9394135544627524,1.427678336107672,0
579,main,Post index leakage estimator,0.6217804489121664,0.14847073867196067,-0.47330971024020574,0.10198788285116711,-0.051425511716326866,0.3483669890602482,0
579,main,Oracle prospective estimator,0.6217804489121664,0.6556111850965128,0.0338307361843464,0.11074537642985574,0.4385502472939956,0.8726721228990301,1
580,main,Structured EHR estimator,0.6227354468549731,1.3351085796545794,0.7123731327996063,0.13976519980659274,1.0611687880336578,1.609048371275501,0
580,main,Naive AI estimator,0.6227354468549731,-0.03351171602788298,-0.656247162882856,0.09808749971778778,-0.225763215474747,0.15873978341898107,0
580,main,ISE causal estimator,0.6227354468549731,0.5743113013014954,-0.04842414555347763,0.1146147119533232,0.34966646587298195,0.7989561367300089,1
580,main,Design erasure estimator,0.6227354468549731,0.9822108853843955,0.35947543852942243,0.12165901689298979,0.7437592122741356,1.2206625584946555,0
580,main,Post index leakage estimator,0.6227354468549731,0.03386166064600206,-0.588873786208971,0.10508646669346944,-0.17210781407319803,0.23983113536520217,0
580,main,Oracle prospective estimator,0.6227354468549731,0.5724617448781081,-0.05027370197686498,0.11348482478479852,0.350031488299903,0.7948920014563132,1
581,main,Structured EHR estimator,0.6504172759112629,1.4938487165109797,0.8434314405997169,0.14135346290220477,1.2167959292226584,1.770901503799301,0
581,main,Naive AI estimator,0.6504172759112629,0.3062684014725298,-0.34414887443873304,0.10116336334816861,0.10798820931011935,0.5045485936349403,0
581,main,ISE causal estimator,0.6504172759112629,0.866475008255009,0.21605773234374614,0.1175557090639528,0.6360658184896615,1.0968841980203565,1
581,main,Design erasure estimator,0.6504172759112629,1.2020847930623262,0.5516675171510633,0.13809198428103675,0.9314245038714941,1.4727450822531583,0
581,main,Post index leakage estimator,0.6504172759112629,0.308447404253045,-0.34196987165821785,0.10846657763969082,0.09585291207925101,0.5210418964268391,0
581,main,Oracle prospective estimator,0.6504172759112629,0.8548121094466086,0.2043948335353457,0.11729941100726451,0.6249052638723701,1.084718955020847,1
582,main,Structured EHR estimator,0.615674890593638,1.4411403362920052,0.8254654456983672,0.15231608480932823,1.142600810065722,1.7396798625182885,0
582,main,Naive AI estimator,0.615674890593638,0.2402969251008571,-0.3753779654927809,0.1035293491507606,0.037379400765366305,0.4432144494363479,0
582,main,ISE causal estimator,0.615674890593638,0.733831420253949,0.11815652966031098,0.11897385227628196,0.5006426697924363,0.9670201707154616,1
582,main,Design erasure estimator,0.615674890593638,1.067324466308372,0.4516495757147341,0.13671788530550574,0.7993574111095808,1.3352915215071635,0
582,main,Post index leakage estimator,0.615674890593638,0.2478711232583511,-0.3678037673352869,0.10861985240098637,0.03497621255241781,0.4607660339642844,0
582,main,Oracle prospective estimator,0.615674890593638,0.7303543315154648,0.1146794409218268,0.11713064030119674,0.5007782765251192,0.9599303865058104,1
583,main,Structured EHR estimator,0.6364817165812646,1.2193020591472183,0.5828203425659537,0.13686029869100672,0.9510558737128452,1.4875482445815915,0
583,main,Naive AI estimator,0.6364817165812646,0.07363068898948093,-0.5628510275917837,0.0887324513695947,-0.10028491569492469,0.24754629367388653,0
583,main,ISE causal estimator,0.6364817165812646,0.4825875024265692,-0.1538942141546954,0.10079217031234002,0.2850348486143828,0.6801401562387557,1
583,main,Design erasure estimator,0.6364817165812646,0.8757240788469789,0.23924236226571427,0.12292492901330694,0.6347912179808973,1.1166569397130606,1
583,main,Post index leakage estimator,0.6364817165812646,0.09743729544398584,-0.5390444211372788,0.10080377065219172,-0.10013809503430991,0.2950126859222816,0
583,main,Oracle prospective estimator,0.6364817165812646,0.4960556631667359,-0.14042605341452874,0.10099191399701776,0.2981115117325811,0.6939998146008907,1
584,main,Structured EHR estimator,0.6284788306733046,1.5160474639996044,0.8875686333262999,0.1408559389111541,1.2399698237337424,1.7921251042654665,0
584,main,Naive AI estimator,0.6284788306733046,0.16634147014384407,-0.46213736052946053,0.09209793103456174,-0.014170474683896928,0.34685341497158506,0
584,main,ISE causal estimator,0.6284788306733046,0.6067145768009125,-0.021764253872392114,0.10945339647988903,0.39218591970032995,0.821243233901495,1
584,main,Design erasure estimator,0.6284788306733046,1.0224584855845198,0.3939796549112152,0.12032364896170146,0.7866241336195849,1.2582928375494546,0
584,main,Post index leakage estimator,0.6284788306733046,0.21185300027449663,-0.41662583039880796,0.10002499078743973,0.01580401833111475,0.40790198221787854,0
584,main,Oracle prospective estimator,0.6284788306733046,0.5872307687335149,-0.04124806193978969,0.10769790756100864,0.37614286991393797,0.7983186675530918,1
585,main,Structured EHR estimator,0.6376472547316068,1.4107801681470533,0.7731329134154465,0.13628184795251833,1.1436677461601175,1.6778925901339892,0
585,main,Naive AI estimator,0.6376472547316068,0.16660868370948118,-0.4710385710221256,0.08925894605784435,-0.008338850563893746,0.34155621798285607,0
585,main,ISE causal estimator,0.6376472547316068,0.6417953865070334,0.004148131775426611,0.10841404297143668,0.4293038622830175,0.8542869107310493,1
585,main,Design erasure estimator,0.6376472547316068,0.8663806568727467,0.2287334021411399,0.12039749778109818,0.6304015612217942,1.1023597525236992,1
585,main,Post index leakage estimator,0.6376472547316068,0.23758921018915952,-0.40005804454244726,0.09538937063756794,0.05062604373952634,0.4245523766387927,0
585,main,Oracle prospective estimator,0.6376472547316068,0.6244339113625983,-0.013213343369008479,0.10781022024951005,0.4131258796735586,0.835741943051638,1
586,main,Structured EHR estimator,0.6717068049152793,1.389123815023325,0.7174170101080456,0.14404057626663058,1.106804285540729,1.671443344505921,0
586,main,Naive AI estimator,0.6717068049152793,0.18661953778985524,-0.4850872671254241,0.09152547208242545,0.00722961250830137,0.36600946307140914,0
586,main,ISE causal estimator,0.6717068049152793,0.7287325764111047,0.05702577149582533,0.11213583825250584,0.5089463334361932,0.9485188193860161,1
586,main,Design erasure estimator,0.6717068049152793,1.1393298180101006,0.46762301309482124,0.12560410480846476,0.8931457725855096,1.3855138634346915,0
586,main,Post index leakage estimator,0.6717068049152793,0.21407631303412003,-0.45763049188115934,0.09357216703612116,0.030674865643322557,0.3974777604249175,0
586,main,Oracle prospective estimator,0.6717068049152793,0.7283743133575343,0.05666750844225499,0.11286930582419023,0.5071504739421215,0.9495981527729471,1
587,main,Structured EHR estimator,0.6574817554337399,1.4215028323318226,0.7640210768980827,0.1495015897106781,1.1284797164988936,1.7145259481647517,0
587,main,Naive AI estimator,0.6574817554337399,0.0643860143044796,-0.5930957411292603,0.0958169388119453,-0.1234151857669332,0.2521872143758924,0
587,main,ISE causal estimator,0.6574817554337399,0.4532860428446944,-0.20419571258904545,0.12124760719610574,0.2156407327403272,0.6909313529490617,1
587,main,Design erasure estimator,0.6574817554337399,0.927139541696284,0.2696577862625441,0.12910070580888908,0.6741021583108614,1.1801769250817067,0
587,main,Post index leakage estimator,0.6574817554337399,0.18476337535962314,-0.4727183800741167,0.09853572755589787,-0.008366650649936691,0.377893401369183,0
587,main,Oracle prospective estimator,0.6574817554337399,0.44444609588952494,-0.21303565954421494,0.12163277513552928,0.20604585662388755,0.6828463351551624,1
588,main,Structured EHR estimator,0.6541851472424609,1.3879598665632087,0.7337747193207478,0.1501552208331448,1.0936556337302448,1.6822640993961726,0
588,main,Naive AI estimator,0.6541851472424609,0.1807493687763154,-0.4734357784661455,0.10296842667026575,-0.021068747497405477,0.38256748505003624,0
588,main,ISE causal estimator,0.6541851472424609,0.6929751085453922,0.03878996130293133,0.11570359303582475,0.46619606619517573,0.9197541508956087,1
588,main,Design erasure estimator,0.6541851472424609,0.8704912727277727,0.2163061254853118,0.1279184301548243,0.6197711496243171,1.1212113958312284,1
588,main,Post index leakage estimator,0.6541851472424609,0.13468350332384613,-0.5195016439186148,0.10601149784001616,-0.07309903244258556,0.34246603909027784,0
588,main,Oracle prospective estimator,0.6541851472424609,0.6897887869159486,0.035603639673487675,0.11305687190048923,0.46819731799098974,0.9113802558409074,1
589,main,Structured EHR estimator,0.6477618426258199,1.3850230409002748,0.7372611982744549,0.1459501536385907,1.098960739768637,1.6710853420319127,0
589,main,Naive AI estimator,0.6477618426258199,0.1520713958252916,-0.4956904468005283,0.09379414163323413,-0.03176512177584728,0.3359079134264305,0
589,main,ISE causal estimator,0.6477618426258199,0.6424035885648107,-0.005358254061009204,0.10202888677191498,0.44242697049185736,0.8423802066377641,1
589,main,Design erasure estimator,0.6477618426258199,1.061406210021132,0.41364436739531196,0.12236672793624263,0.8215674232660963,1.3012449967761675,0
589,main,Post index leakage estimator,0.6477618426258199,0.14857947377418895,-0.499182368851631,0.10140838905939555,-0.050180968782226304,0.34733991633060424,0
589,main,Oracle prospective estimator,0.6477618426258199,0.6245470299037834,-0.023214812722036515,0.10333714439750591,0.4220062268846718,0.827087832922895,1
590,main,Structured EHR estimator,0.628241701382498,1.4954382020492327,0.8671965006667347,0.13086475089207425,1.2389432903007673,1.7519331137976981,0
590,main,Naive AI estimator,0.628241701382498,0.20797234390233857,-0.4202693574801595,0.09436578732542694,0.023015400744501757,0.3929292870601754,0
590,main,ISE causal estimator,0.628241701382498,0.7578868007803521,0.12964509939785407,0.10686509524380111,0.548431214102502,0.9673423874582022,1
590,main,Design erasure estimator,0.628241701382498,1.162697572494334,0.534455871111836,0.1239755765839805,0.9197054423897322,1.4056897025989359,0
590,main,Post index leakage estimator,0.628241701382498,0.27236882127277295,-0.35587288010972506,0.09917976657018586,0.07797647879520866,0.46676116375033727,0
590,main,Oracle prospective estimator,0.628241701382498,0.7505978612428165,0.12235615986031845,0.10657753220662097,0.5417058981178393,0.9594898243677936,1
591,main,Structured EHR estimator,0.631332811153902,1.5194772360065316,0.8881444248526296,0.1393024070696505,1.2464445181500166,1.7925099538630467,0
591,main,Naive AI estimator,0.631332811153902,0.2439175586319977,-0.38741525252190434,0.09681241378472569,0.05416522761393536,0.43366988965006004,0
591,main,ISE causal estimator,0.631332811153902,0.6846460172100111,0.05331320605610901,0.10136102622128682,0.4859784058162889,0.8833136286037332,1
591,main,Design erasure estimator,0.631332811153902,1.01247724797664,0.3811444368227379,0.12016128429738278,0.7769611307537697,1.2479933651995103,0
591,main,Post index leakage estimator,0.631332811153902,0.2819422187771062,-0.34939059237679587,0.10293031053299515,0.08019881013243571,0.4836856274217767,0
591,main,Oracle prospective estimator,0.631332811153902,0.6811700064529208,0.049837195299018755,0.1016445006571628,0.48194678516488176,0.8803932277409598,1
592,main,Structured EHR estimator,0.6466065735150675,1.384189762855811,0.7375831893407436,0.1303616752523212,1.1286808793612615,1.6396986463503607,0
592,main,Naive AI estimator,0.6466065735150675,0.26891816349809544,-0.377688410016972,0.0870850977457952,0.09823137191633685,0.43960495507985403,0
592,main,ISE causal estimator,0.6466065735150675,0.8392803961580303,0.19267382264296284,0.10619885207298531,0.631130646094979,1.0474301462210815,1
592,main,Design erasure estimator,0.6466065735150675,1.1316599612194531,0.48505338770438566,0.1173403045487611,0.9016729643038813,1.3616469581350248,0
592,main,Post index leakage estimator,0.6466065735150675,0.25397424023688026,-0.3926323332781872,0.09124932754155658,0.07512555825542935,0.4328229222183312,0
592,main,Oracle prospective estimator,0.6466065735150675,0.8280472100209172,0.18144063650584974,0.10438256682558378,0.623457379042773,1.0326370409990613,1
593,main,Structured EHR estimator,0.6369880165067907,1.4856720359362763,0.8486840194294856,0.136012252766027,1.2190880205148633,1.7522560513576892,0
593,main,Naive AI estimator,0.6369880165067907,0.16415002423541947,-0.47283799227137124,0.09768235541536299,-0.027307392378692008,0.35560744084953094,0
593,main,ISE causal estimator,0.6369880165067907,0.6997622701120843,0.06277425360529354,0.10486204211764656,0.494232667561497,0.9052918726626715,1
593,main,Design erasure estimator,0.6369880165067907,1.1223363369300825,0.4853483204232918,0.12206144378510836,0.8830959071112701,1.361576766748895,0
593,main,Post index leakage estimator,0.6369880165067907,0.18820629026041974,-0.44878172624637097,0.10485929971007321,-0.01731793717132374,0.3937305176921632,0
593,main,Oracle prospective estimator,0.6369880165067907,0.6876944184678052,0.0507064019610145,0.10428438527480569,0.48329702332918606,0.8920918136064244,1
594,main,Structured EHR estimator,0.6403001190987855,1.6310730987566109,0.9907729796578254,0.1381754445514437,1.3602492274357814,1.9018969700774404,0
594,main,Naive AI estimator,0.6403001190987855,0.12288141941827206,-0.5174186996805135,0.09433442885466814,-0.06201406113687748,0.3077768999734216,0
594,main,ISE causal estimator,0.6403001190987855,0.7549197722777037,0.1146196531789182,0.11556414885022324,0.5284140405312661,0.9814255040241413,1
594,main,Design erasure estimator,0.6403001190987855,1.1175872383079677,0.4772871192091822,0.1289289179207697,0.8648865591832591,1.3702879174326763,0
594,main,Post index leakage estimator,0.6403001190987855,0.21729842460633766,-0.42300169449244784,0.1020831169721514,0.017215515340920917,0.4173813338717544,0
594,main,Oracle prospective estimator,0.6403001190987855,0.7352008518569761,0.09490073275819066,0.11421584408604052,0.5113377974483367,0.9590639062656156,1
595,main,Structured EHR estimator,0.6265927183479356,1.5013895086727336,0.874796790324798,0.1350846337512783,1.2366236265202282,1.766155390825239,0
595,main,Naive AI estimator,0.6265927183479356,0.17313526187251738,-0.45345745647541824,0.09142331302439705,-0.00605443165530084,0.3523249554003356,0
595,main,ISE causal estimator,0.6265927183479356,0.722406650042839,0.09581393169490338,0.10334678283051771,0.5198469556950243,0.9249663443906537,1
595,main,Design erasure estimator,0.6265927183479356,1.18630360232554,0.5597108839776044,0.11898794922585519,0.9530872218428639,1.4195199828082161,0
595,main,Post index leakage estimator,0.6265927183479356,0.2069167768840489,-0.41967594146388676,0.09381492930427028,0.023039515447679126,0.39079403832041865,0
595,main,Oracle prospective estimator,0.6265927183479356,0.6954930898162651,0.0689003714683295,0.10126396975188494,0.49701570910257065,0.8939704705299596,1
596,main,Structured EHR estimator,0.6230934734100635,1.298719120959337,0.6756256475492735,0.14662107947288583,1.0113418051924807,1.5860964367261932,0
596,main,Naive AI estimator,0.6230934734100635,0.1562323414285823,-0.46686113198148116,0.09064278211035705,-0.021427511507717517,0.33389219436488216,0
596,main,ISE causal estimator,0.6230934734100635,0.6409109049429297,0.01781743153286619,0.11565105125591517,0.41423484448133596,0.8675869654045234,1
596,main,Design erasure estimator,0.6230934734100635,0.9318884204478675,0.30879494703780397,0.12401323376613708,0.6888224822662388,1.1749543586294962,0
596,main,Post index leakage estimator,0.6230934734100635,0.17645158534310532,-0.44664188806695815,0.0969832614806779,-0.013635607159023372,0.36653877784523403,0
596,main,Oracle prospective estimator,0.6230934734100635,0.6275687323796638,0.004475258969600326,0.11483191154768609,0.4024981857461991,0.8526392790131285,1
597,main,Structured EHR estimator,0.6323205248203644,1.1979618065278552,0.5656412817074908,0.14241322981841698,0.9188318760837579,1.4770917369719525,0
597,main,Naive AI estimator,0.6323205248203644,0.02738478048007969,-0.6049357443402847,0.10343611911621999,-0.17535001298771147,0.23011957394787086,0
597,main,ISE causal estimator,0.6323205248203644,0.5195293245071738,-0.11279120031319056,0.11508682084156892,0.2939591556576987,0.7450994933566489,1
597,main,Design erasure estimator,0.6323205248203644,0.8955331632645723,0.26321263844420795,0.12888693756848293,0.6429147656303458,1.1481515608987989,0
597,main,Post index leakage estimator,0.6323205248203644,0.04966559441491561,-0.5826549304054488,0.10539663012930338,-0.156911800638519,0.2562429894683502,0
597,main,Oracle prospective estimator,0.6323205248203644,0.4994906697790116,-0.1328298550413528,0.11512841420974129,0.27383897792791867,0.7251423616301045,1
598,main,Structured EHR estimator,0.650422234319243,1.506185557271056,0.8557633229518131,0.14059131754145643,1.2306265748898015,1.7817445396523106,0
598,main,Naive AI estimator,0.650422234319243,0.2885343378509072,-0.36188789646833575,0.0961333848329553,0.10011290357831482,0.4769557721234996,0
598,main,ISE causal estimator,0.650422234319243,0.7436767251219967,0.09325449080275372,0.11603078110544528,0.516256394155324,0.9710970560886694,1
598,main,Design erasure estimator,0.650422234319243,1.0875669474832674,0.4371447131640245,0.12234197492569669,0.8477766766289019,1.327357218337633,0
598,main,Post index leakage estimator,0.650422234319243,0.36147739206177437,-0.2889448422574686,0.10255668173803731,0.16046629585522126,0.5624884882683274,0
598,main,Oracle prospective estimator,0.650422234319243,0.7225873202290318,0.07216508590978887,0.11509326062376958,0.49700452940644346,0.9481701110516202,1
599,main,Structured EHR estimator,0.6314585554412424,1.2715585961285574,0.640100040687315,0.14665305092382178,0.9841186163178667,1.5589985759392482,0
599,main,Naive AI estimator,0.6314585554412424,0.0488288200007053,-0.5826297354405371,0.09153974091790892,-0.1305890721983962,0.22824671219980677,0
599,main,ISE causal estimator,0.6314585554412424,0.5440264313050731,-0.0874321241361693,0.11902294686798143,0.31074145544382953,0.7773114071663167,1
599,main,Design erasure estimator,0.6314585554412424,0.9797493566207618,0.3482908011795194,0.13209074238158977,0.7208515015528458,1.2386472116886778,0
599,main,Post index leakage estimator,0.6314585554412424,0.0913552863789636,-0.5401032690622788,0.09922188518086839,-0.10311960857553844,0.28583018133346566,0
599,main,Oracle prospective estimator,0.6314585554412424,0.5397683058993147,-0.09169024954192773,0.11830208933472565,0.3078962108032524,0.771640400995377,1
600,main,Structured EHR estimator,0.6421761755397088,1.5828668575949847,0.9406906820552758,0.14447006547209232,1.2997055292696837,1.8660281859202856,0
600,main,Naive AI estimator,0.6421761755397088,0.27021086123176946,-0.3719653143079394,0.10185024366812331,0.07058438364224778,0.46983733882129114,0
600,main,ISE causal estimator,0.6421761755397088,0.7476000805574402,0.10542390501773136,0.11558527798765725,0.521052935701632,0.9741472254132484,1
600,main,Design erasure estimator,0.6421761755397088,1.1199336876539616,0.47775751211425277,0.1387370469609571,0.8480090756104857,1.3918582996974376,0
600,main,Post index leakage estimator,0.6421761755397088,0.3118884876273687,-0.33028768791234014,0.10957504750088068,0.09712139452564258,0.5266555807290948,0
600,main,Oracle prospective estimator,0.6421761755397088,0.7208390940532758,0.07866291851356699,0.11490187845915781,0.4956314122733265,0.9460467758332252,1
601,main,Structured EHR estimator,0.6270429836432121,1.3298970911711478,0.7028541075279358,0.12994685294995714,1.0752012593892317,1.584592922953064,0
601,main,Naive AI estimator,0.6270429836432121,0.16733654812943935,-0.45970643551377277,0.08397126798158186,0.002752862885538915,0.33192023337333976,0
601,main,ISE causal estimator,0.6270429836432121,0.6701474726212665,0.04310448897805441,0.09902165937906485,0.47606502023829944,0.8642299250042336,1
601,main,Design erasure estimator,0.6270429836432121,0.9992210383908038,0.3721780547475917,0.11653558524852027,0.7708112913037041,1.2276307854779036,0
601,main,Post index leakage estimator,0.6270429836432121,0.18128147757562568,-0.4457615060675864,0.08646508729069478,0.011809906485863914,0.3507530486653875,0
601,main,Oracle prospective estimator,0.6270429836432121,0.666823420431272,0.03978043678805987,0.09806994439325252,0.474606329420497,0.859040511442047,1
602,main,Structured EHR estimator,0.6464319640438622,1.6785467399571872,1.0321147759133251,0.1526850422664302,1.379284057114984,1.9778094227993903,0
602,main,Naive AI estimator,0.6464319640438622,0.02802147823497884,-0.6184104858088834,0.08912661273619026,-0.14666668272795408,0.20270963919791174,0
602,main,ISE causal estimator,0.6464319640438622,0.6358770211716959,-0.010554942872166295,0.11847181937861322,0.40367225518961397,0.8680817871537778,1
602,main,Design erasure estimator,0.6464319640438622,1.067276423332418,0.42084445928855574,0.13634855245909178,0.800033260512598,1.3345195861522376,0
602,main,Post index leakage estimator,0.6464319640438622,0.0950573951282754,-0.5513745689155868,0.09666826182964144,-0.09441239805782183,0.2845271883143726,0
602,main,Oracle prospective estimator,0.6464319640438622,0.6288922063726031,-0.017539757671259038,0.11777196722831673,0.39805915060510233,0.8597252621401039,1
603,main,Structured EHR estimator,0.6545641710762301,1.3395775949660045,0.6850134238897744,0.13797547958049447,1.0691456549882354,1.6100095349437735,0
603,main,Naive AI estimator,0.6545641710762301,0.2266086132377031,-0.427955557838527,0.09601369393459469,0.03842177312589751,0.4147954533495087,0
603,main,ISE causal estimator,0.6545641710762301,0.7486755104267914,0.09411133935056126,0.11237206763530322,0.528426257861597,0.9689247629919857,1
603,main,Design erasure estimator,0.6545641710762301,1.0892148729960058,0.43465070191977573,0.13175276813437642,0.8309794474526281,1.3474502985393837,0
603,main,Post index leakage estimator,0.6545641710762301,0.24308858495441457,-0.41147558612181556,0.10117326104098845,0.04478899331407721,0.44138817659475194,0
603,main,Oracle prospective estimator,0.6545641710762301,0.7310212434474213,0.07645707237119115,0.11297957114103223,0.5095812840109981,0.9524612028838444,1
604,main,Structured EHR estimator,0.6312125877374338,1.261126335758112,0.6299137480206781,0.14630968344241296,0.9743593562109825,1.5478933153052414,0
604,main,Naive AI estimator,0.6312125877374338,0.09777968259285469,-0.5334329051445792,0.0914982081374295,-0.08155680535650711,0.2771161705422165,0
604,main,ISE causal estimator,0.6312125877374338,0.5137872881563473,-0.1174252995810865,0.11137570491808932,0.29549090651689225,0.7320836697958024,1
604,main,Design erasure estimator,0.6312125877374338,0.8442365917891128,0.21302400405167898,0.123724720049845,0.6017361404914165,1.086737043086809,1
604,main,Post index leakage estimator,0.6312125877374338,0.1510529020459256,-0.48015968569150824,0.10148382642153557,-0.047855397740284106,0.3499612018321353,0
604,main,Oracle prospective estimator,0.6312125877374338,0.5094744041107493,-0.12173818362668454,0.10963485907215578,0.294590080329324,0.7243587278921746,1
605,main,Structured EHR estimator,0.6603070008110082,1.0300271047369252,0.3697201039259169,0.13027932099094092,0.774679635594681,1.2853745738791693,0
605,main,Naive AI estimator,0.6603070008110082,0.13944362509576497,-0.5208633757152432,0.0881175687353332,-0.033266809625488114,0.31215405981701805,0
605,main,ISE causal estimator,0.6603070008110082,0.5868391570991589,-0.07346784371184933,0.11056122312857718,0.3701391597671476,0.8035391544311702,1
605,main,Design erasure estimator,0.6603070008110082,0.8824757760468441,0.2221687752358359,0.11585864789495551,0.6553928261727313,1.109558725920957,1
605,main,Post index leakage estimator,0.6603070008110082,0.15234717126324376,-0.5079598295477645,0.09302661994692471,-0.029985003832728674,0.3346793463592162,0
605,main,Oracle prospective estimator,0.6603070008110082,0.5940885078163066,-0.06621849299470162,0.1096328442468179,0.37920813309254353,0.8089688825400697,1
606,main,Structured EHR estimator,0.6436656777658295,1.3686607671951712,0.7249950894293417,0.13858208832241198,1.0970398740832437,1.6402816603070987,0
606,main,Naive AI estimator,0.6436656777658295,0.1922623582729451,-0.45140331949288437,0.08721289741125116,0.021325079346892845,0.3631996371989974,0
606,main,ISE causal estimator,0.6436656777658295,0.7597199491810529,0.1160542714152234,0.10543065967291579,0.553075856222138,0.9663640421399678,1
606,main,Design erasure estimator,0.6436656777658295,1.2569863740912064,0.6133206963253769,0.12317263541032344,1.0155680086869725,1.4984047394954403,0
606,main,Post index leakage estimator,0.6436656777658295,0.1723145908148585,-0.471351086950971,0.09171209580154314,-0.007441116956166061,0.35207029858588307,0
606,main,Oracle prospective estimator,0.6436656777658295,0.7499846457879495,0.10631896802212004,0.10579668210289205,0.5426231488662812,0.9573461427096179,1
607,main,Structured EHR estimator,0.6537143399663653,1.478336758583378,0.8246224186170127,0.13638371761718202,1.2110246720537012,1.7456488451130547,0
607,main,Naive AI estimator,0.6537143399663653,-0.02259463994484935,-0.6763089799112146,0.10276934539435015,-0.22402255691777562,0.17883327702807694,0
607,main,ISE causal estimator,0.6537143399663653,0.5389410205502014,-0.11477331941616387,0.11401158680140008,0.3154783104194573,0.7624037306809456,1
607,main,Design erasure estimator,0.6537143399663653,0.8818879992744362,0.22817365930807088,0.12219407744614032,0.6423876074800011,1.1213883910688711,1
607,main,Post index leakage estimator,0.6537143399663653,0.02552045237818503,-0.6281938875881803,0.10603130475507228,-0.18230090494175663,0.2333418096981267,0
607,main,Oracle prospective estimator,0.6537143399663653,0.507174577300214,-0.14653976266615132,0.11400074789097504,0.2837331114339029,0.7306160431665251,1
608,main,Structured EHR estimator,0.6432290090786175,1.4973647844436093,0.8541357753649919,0.1366764558758326,1.2294789309269774,1.7652506379602413,0
608,main,Naive AI estimator,0.6432290090786175,0.2478319911900038,-0.3953970178886137,0.09442605190565383,0.06275692945492228,0.4329070529250853,0
608,main,ISE causal estimator,0.6432290090786175,0.7025961244923087,0.05936711541369122,0.10775419642596365,0.49139789949741997,0.9137943494871974,1
608,main,Design erasure estimator,0.6432290090786175,1.1463843398254137,0.5031553307467962,0.12230507863165645,0.906666385707367,1.3861022939434604,0
608,main,Post index leakage estimator,0.6432290090786175,0.2649328717844918,-0.37829613729412565,0.10083274141139208,0.06730069861816335,0.4625650449508203,0
608,main,Oracle prospective estimator,0.6432290090786175,0.6668036991271895,0.023574690048572045,0.10709637673319379,0.45689480073012967,0.8767125975242493,1
609,main,Structured EHR estimator,0.6330927070224336,1.3584816898493415,0.7253889828269079,0.14369516475205307,1.0768391669353174,1.6401242127633655,0
609,main,Naive AI estimator,0.6330927070224336,0.0785647132590657,-0.5545279937633679,0.10091392461994472,-0.11922657899602596,0.27635600551415734,0
609,main,ISE causal estimator,0.6330927070224336,0.6833478171481424,0.050255110125708824,0.11699340859412256,0.45404073630366215,0.9126548979926227,1
609,main,Design erasure estimator,0.6330927070224336,0.8946888637719116,0.261596156749478,0.13085984988011642,0.6382035580068834,1.1511741695369397,0
609,main,Post index leakage estimator,0.6330927070224336,0.08728010241609553,-0.5458126046063381,0.10538538012291579,-0.11927524262481941,0.29383544745701046,0
609,main,Oracle prospective estimator,0.6330927070224336,0.6743433130014137,0.041250605978980115,0.11541198774409238,0.44813581702299266,0.9005508089798347,1
610,main,Structured EHR estimator,0.6266611424099139,1.549083139096905,0.9224219966869912,0.15635346902954733,1.2426303397989924,1.8555359383948178,0
610,main,Naive AI estimator,0.6266611424099139,0.17311063156188236,-0.45355051084803155,0.10615492141398168,-0.03495301440952173,0.3811742775332865,0
610,main,ISE causal estimator,0.6266611424099139,0.8031370526741339,0.17647591026422005,0.12192006474806948,0.5641737257679178,1.04210037958035,1
610,main,Design erasure estimator,0.6266611424099139,1.1926435083029034,0.5659823658929896,0.13533340912160582,0.927390026424556,1.4578969901812509,0
610,main,Post index leakage estimator,0.6266611424099139,0.1899456956352213,-0.4367154467746926,0.11245710359945543,-0.030470227419711365,0.410361618690154,0
610,main,Oracle prospective estimator,0.6266611424099139,0.7587096800681573,0.13204853765824343,0.1203397936900016,0.5228436844357542,0.9945756757005604,1
611,main,Structured EHR estimator,0.651199372946452,1.6150599210279986,0.9638605480815465,0.13826692017636644,1.3440567574823203,1.8860630845736768,0
611,main,Naive AI estimator,0.651199372946452,0.22756052222834483,-0.4236388507181072,0.09403794079961768,0.04324615826109418,0.4118748861955955,0
611,main,ISE causal estimator,0.651199372946452,0.8038712935916572,0.15267192064520518,0.10595883749079986,0.5961919721096895,1.0115506150736249,1
611,main,Design erasure estimator,0.651199372946452,1.2510712923426484,0.5998719193961963,0.12206193283182197,1.0118299039922773,1.4903126806930194,0
611,main,Post index leakage estimator,0.651199372946452,0.24014822247016704,-0.411051150476285,0.09622372125061383,0.05154972881896394,0.42874671612137016,0
611,main,Oracle prospective estimator,0.651199372946452,0.779613787124191,0.12841441417773902,0.10391103182606533,0.575948164745103,0.9832794095032791,1
612,main,Structured EHR estimator,0.6363677563493217,1.5373576981252253,0.9009899417759035,0.15646329850733764,1.2306896330508434,1.844025763199607,0
612,main,Naive AI estimator,0.6363677563493217,0.19757852457902547,-0.4387892317702963,0.11901948638056563,-0.035699668726883155,0.43085671788493407,0
612,main,ISE causal estimator,0.6363677563493217,0.6464324290925584,0.010064672743236636,0.12628654115967428,0.3989108084195968,0.89395404976552,1
612,main,Design erasure estimator,0.6363677563493217,1.016052401375881,0.3796846450265592,0.14652762651547274,0.7288582534055543,1.3032465493462075,0
612,main,Post index leakage estimator,0.6363677563493217,0.26139651212606574,-0.374971244223256,0.12617733896279928,0.014088927758979158,0.5087040964931523,0
612,main,Oracle prospective estimator,0.6363677563493217,0.6133231854275449,-0.023044570921776808,0.12439282509050585,0.36951324825015347,0.8571331226049363,1
613,main,Structured EHR estimator,0.6376603159287443,1.421021389171026,0.7833610732422817,0.13463013113571137,1.1571463321450317,1.6848964461970202,0
613,main,Naive AI estimator,0.6376603159287443,0.2733717143799588,-0.3642886015487855,0.08825482362510526,0.10039226007475247,0.4463511686851651,0
613,main,ISE causal estimator,0.6376603159287443,0.6458193725334294,0.008159056604685078,0.11039802122084393,0.4294392509405753,0.8621994941262834,1
613,main,Design erasure estimator,0.6376603159287443,1.015364480934584,0.3777041650058398,0.12242506717812363,0.7754113492654617,1.2553176126037064,0
613,main,Post index leakage estimator,0.6376603159287443,0.3408970540751192,-0.29676326185362506,0.09126373297830342,0.1620201374376445,0.5197739707125939,0
613,main,Oracle prospective estimator,0.6376603159287443,0.6264131134994385,-0.01124720242930577,0.1096111790873636,0.41157520248820584,0.8412510245106712,1
614,main,Structured EHR estimator,0.6430752378304646,1.5079249835079047,0.8648497456774401,0.1450157592127209,1.2236940954509719,1.7921558715648376,0
614,main,Naive AI estimator,0.6430752378304646,0.36167055421061295,-0.28140468361985166,0.0976895842350843,0.17019896910984775,0.5531421393113781,0
614,main,ISE causal estimator,0.6430752378304646,0.7707433870655714,0.12766814923510683,0.11444014049178212,0.5464407117016785,0.9950460624294644,1
614,main,Design erasure estimator,0.6430752378304646,1.381418704589598,0.7383434667591334,0.13688766781793046,1.1131188756664543,1.6497185335127418,0
614,main,Post index leakage estimator,0.6430752378304646,0.4091446193160701,-0.2339306185143945,0.10460537545566898,0.20411808342295892,0.6141711552091813,0
614,main,Oracle prospective estimator,0.6430752378304646,0.7597623504412478,0.11668711261078324,0.11515489100571652,0.5340587640700435,0.9854659368124522,1
615,main,Structured EHR estimator,0.629787687203031,1.3993580854480334,0.7695703982450024,0.13345438667859869,1.13778748755798,1.6609286833380867,0
615,main,Naive AI estimator,0.629787687203031,0.061602976535216916,-0.5681847106678141,0.09574512263194047,-0.1260574638233864,0.24926341689382026,0
615,main,ISE causal estimator,0.629787687203031,0.5300779758284111,-0.09970971137461992,0.10968019291125482,0.31510479772235167,0.7450511539344705,1
615,main,Design erasure estimator,0.629787687203031,0.9710470394509928,0.3412593522479618,0.12720141617677996,0.721732263744504,1.2203618151574815,0
615,main,Post index leakage estimator,0.629787687203031,0.16098622268590865,-0.46880146451712235,0.10003229698826453,-0.03507707941108984,0.35704952478290714,0
615,main,Oracle prospective estimator,0.629787687203031,0.5104196595551959,-0.11936802764783516,0.10939278372613086,0.29600980345197936,0.7248295156584124,1
616,main,Structured EHR estimator,0.6604183150139228,1.4893796880784405,0.8289613730645177,0.13811242642203603,1.21867933229125,1.760080043865631,0
616,main,Naive AI estimator,0.6604183150139228,0.24960186617348656,-0.4108164488404362,0.08825100063768872,0.07662990492361668,0.4225738274233565,0
616,main,ISE causal estimator,0.6604183150139228,0.6828209299902721,0.022402614976349322,0.1106601815813376,0.4659269740908504,0.8997148858896938,1
616,main,Design erasure estimator,0.6604183150139228,1.0610043875348234,0.4005860725209006,0.11821641318032113,0.829300217701394,1.2927085573682529,0
616,main,Post index leakage estimator,0.6604183150139228,0.34138005031472507,-0.3190382646991977,0.09530985475667277,0.15457273499164645,0.5281873656378037,0
616,main,Oracle prospective estimator,0.6604183150139228,0.6649198726809893,0.0045015576670665025,0.11031122516722153,0.4487098713532351,0.8811298740087434,1
617,main,Structured EHR estimator,0.643922295109524,1.0847989452056161,0.4408766500960921,0.14702049978263185,0.7966387656316578,1.3729591247795745,0
617,main,Naive AI estimator,0.643922295109524,-0.0031431497454309696,-0.647065444854955,0.09758287885261653,-0.19440559229655938,0.18811929280569742,0
617,main,ISE causal estimator,0.643922295109524,0.530516286458046,-0.11340600865147799,0.11192100142348149,0.31115112366802233,0.7498814492480698,1
617,main,Design erasure estimator,0.643922295109524,0.9301351246011333,0.2862128294916093,0.12591219702899833,0.6833472184242966,1.1769230307779701,0
617,main,Post index leakage estimator,0.643922295109524,-0.02130005725333642,-0.6652223523628604,0.09899599715523874,-0.21533221167760436,0.17273209717093152,0
617,main,Oracle prospective estimator,0.643922295109524,0.5241423190278722,-0.1197799760816518,0.11166747856455006,0.30527406104135413,0.7430105770143903,1
618,main,Structured EHR estimator,0.6486037240255029,1.5757951784415676,0.9271914544160647,0.14959048427042015,1.282597829271544,1.868992527611591,0
618,main,Naive AI estimator,0.6486037240255029,0.2701862810002712,-0.3784174430252317,0.0998694120715355,0.07444223334006161,0.4659303286604808,0
618,main,ISE causal estimator,0.6486037240255029,0.7794693392798286,0.13086561525432572,0.115422500951344,0.5532412374151944,1.0056974411444628,1
618,main,Design erasure estimator,0.6486037240255029,1.2327042395000867,0.5841005154745837,0.1280273605503444,0.9817706128214116,1.4836378661787617,0
618,main,Post index leakage estimator,0.6486037240255029,0.30265921354203257,-0.34594451048347036,0.10737404544697546,0.09220608446596068,0.5131123426181045,0
618,main,Oracle prospective estimator,0.6486037240255029,0.7483306981576328,0.09972697413212983,0.11624929456937007,0.5204820808016675,0.976179315513598,1
619,main,Structured EHR estimator,0.6490616327036702,1.2545716181789417,0.6055099854752715,0.12593960519090416,1.0077299920047695,1.5014132443531139,0
619,main,Naive AI estimator,0.6490616327036702,0.10885046137596238,-0.5402111713277078,0.08718385990976973,-0.06202990404718631,0.2797308267991111,0
619,main,ISE causal estimator,0.6490616327036702,0.6074174785335098,-0.04164415417016043,0.09648200244716777,0.418312753737061,0.7965222033299586,1
619,main,Design erasure estimator,0.6490616327036702,0.8803741604989564,0.23131252779528622,0.1273287575821669,0.6308097956379093,1.1299385253600036,1
619,main,Post index leakage estimator,0.6490616327036702,0.04927393526825344,-0.5997876974354168,0.0960548024633214,-0.1389934775598565,0.23754134809636337,0
619,main,Oracle prospective estimator,0.6490616327036702,0.5942964845871151,-0.054765148116555085,0.09633330235012785,0.40548321198086457,0.7831097571933657,1
620,main,Structured EHR estimator,0.6845456190213256,1.5437708127802645,0.8592251937589389,0.14411893244656082,1.2612977051850054,1.8262439203755236,0
620,main,Naive AI estimator,0.6845456190213256,0.26132564590400037,-0.42321997311732523,0.09831579467122716,0.06862668834839514,0.4540246034596056,0
620,main,ISE causal estimator,0.6845456190213256,0.6904965988086177,0.005950979787292088,0.11832886090211141,0.4585720314404793,0.9224211661767561,1
620,main,Design erasure estimator,0.6845456190213256,1.259234687073514,0.5746890680521884,0.12879775435636462,1.0067910885350395,1.5116782856119886,0
620,main,Post index leakage estimator,0.6845456190213256,0.3342396876796283,-0.3503059313416973,0.10282115286974708,0.13271022805492402,0.5357691473043326,0
620,main,Oracle prospective estimator,0.6845456190213256,0.6769680666323618,-0.0075775523889638485,0.11667516111088205,0.44828475085503294,0.9056513824096906,1
621,main,Structured EHR estimator,0.6560940741867314,1.8727841669396084,1.216690092752877,0.14106766960925451,1.5962915345054696,2.149276799373747,0
621,main,Naive AI estimator,0.6560940741867314,0.2805854762928484,-0.37550859789388297,0.09405017649676385,0.09624713035919127,0.4649238222265055,0
621,main,ISE causal estimator,0.6560940741867314,0.9877922588729905,0.3316981846862591,0.12265538407349036,0.7473877060889493,1.2281968116570317,0
621,main,Design erasure estimator,0.6560940741867314,1.5453373147428568,0.8892432405561255,0.13111922835406958,1.2883436271688804,1.8023310023168333,0
621,main,Post index leakage estimator,0.6560940741867314,0.40183578767848954,-0.25425828650824184,0.09831633559196508,0.20913576991823798,0.5945358054387411,0
621,main,Oracle prospective estimator,0.6560940741867314,0.9604244817594484,0.304330407572717,0.12307979040971745,0.7191880925564023,1.2016608709624945,0
622,main,Structured EHR estimator,0.6371489459883793,1.5972441239044732,0.9600951779160939,0.13815889371023485,1.326452692232413,1.8680355555765336,0
622,main,Naive AI estimator,0.6371489459883793,0.17967108092896172,-0.4574778650594176,0.10399914410041194,-0.024167241507845688,0.3835094033657691,0
622,main,ISE causal estimator,0.6371489459883793,0.6884562126807684,0.05130726669238905,0.10832636365808869,0.47613653991091454,0.9007758854506223,1
622,main,Design erasure estimator,0.6371489459883793,1.0664679057217734,0.42931895973339407,0.12076382603394754,0.8297708066952363,1.3031650047483105,0
622,main,Post index leakage estimator,0.6371489459883793,0.2506736426070128,-0.38647530338136654,0.10463347494394219,0.04559203171688611,0.4557552534971395,0
622,main,Oracle prospective estimator,0.6371489459883793,0.6893662100849142,0.05221726409653482,0.10645680782519454,0.4807108667475329,0.8980215534222955,1
623,main,Structured EHR estimator,0.6591682520211529,1.779129286707789,1.1199610346866362,0.13035681645289832,1.5236299264601083,2.0346286469554697,0
623,main,Naive AI estimator,0.6591682520211529,0.40516055835554265,-0.25400769366561027,0.10832819091757205,0.19283730415710143,0.6174838125539839,0
623,main,ISE causal estimator,0.6591682520211529,1.0388655057858858,0.37969725376473284,0.12677021352018822,0.7903958872863168,1.2873351242854547,0
623,main,Design erasure estimator,0.6591682520211529,1.3903495808866533,0.7311813288655004,0.13689321952885275,1.1220388706101019,1.6586602911632047,0
623,main,Post index leakage estimator,0.6591682520211529,0.42330011341112683,-0.2358681386100261,0.1090543848748357,0.20955351905644887,0.6370467077658049,0
623,main,Oracle prospective estimator,0.6591682520211529,0.9999898605784134,0.3408216085572605,0.12772482197051727,0.7496492095161996,1.2503305116406271,0
624,main,Structured EHR estimator,0.6409214555008901,1.6478509066561322,1.006929451155242,0.13684632554412704,1.3796321085896432,1.9160697047226212,0
624,main,Naive AI estimator,0.6409214555008901,0.29131361424943236,-0.3496078412514577,0.10092786919917747,0.09349499061904454,0.4891322378798202,0
624,main,ISE causal estimator,0.6409214555008901,0.9012460604360747,0.2603246049351846,0.11779549501027774,0.6703668902159303,1.132125230656219,0
624,main,Design erasure estimator,0.6409214555008901,1.3179341455714426,0.6770126900705525,0.13390981934944726,1.0554708996465259,1.5803973914963594,0
624,main,Post index leakage estimator,0.6409214555008901,0.29888840085124907,-0.342033054649641,0.10296795813470622,0.0970712029072249,0.5007055987952732,0
624,main,Oracle prospective estimator,0.6409214555008901,0.8824916297970171,0.24157017429612704,0.11816472576540045,0.6508887672968322,1.114094492297202,0
625,main,Structured EHR estimator,0.6737532427018363,1.3386977350291667,0.6649444923273303,0.13277127055244764,1.0784660447463694,1.598929425311964,0
625,main,Naive AI estimator,0.6737532427018363,0.17571240348720393,-0.4980408392146324,0.09837662077534479,-0.017105773232471838,0.3685305802068797,0
625,main,ISE causal estimator,0.6737532427018363,0.742541158318127,0.0687879156162906,0.10599782646327345,0.534785418450111,0.9502968981861429,1
625,main,Design erasure estimator,0.6737532427018363,1.1099216587807117,0.43616841607887535,0.12647231362796224,0.8620359240699057,1.3578073934915178,0
625,main,Post index leakage estimator,0.6737532427018363,0.17088696534140166,-0.5028662773604347,0.10526652992906056,-0.035435433319557036,0.3772093640023604,0
625,main,Oracle prospective estimator,0.6737532427018363,0.7346006019409423,0.060847359239106,0.10557436978719914,0.527674837158032,0.9415263667238527,1
626,main,Structured EHR estimator,0.6369629597681173,1.2987270278127612,0.6617640680446438,0.1316863307287119,1.0406218195844859,1.5568322360410365,0
626,main,Naive AI estimator,0.6369629597681173,0.16746552251918623,-0.4694974372489311,0.09735187620455164,-0.023344154841734993,0.3582751998801075,0
626,main,ISE causal estimator,0.6369629597681173,0.6558805795801557,0.018917619812038322,0.1023769703062225,0.45522171777995957,0.8565394413803518,1
626,main,Design erasure estimator,0.6369629597681173,0.9409554230919891,0.30399246332387175,0.12121564089927393,0.7033727669294122,1.178538079254566,0
626,main,Post index leakage estimator,0.6369629597681173,0.17668487603343608,-0.46027808373468126,0.10184127246391027,-0.02292401799582805,0.3762937700627002,0
626,main,Oracle prospective estimator,0.6369629597681173,0.6573852283025159,0.020422268534398547,0.09931849757370671,0.4627209730580507,0.8520494835469811,1
627,main,Structured EHR estimator,0.6719835757418493,1.4462176363901542,0.7742340606483049,0.13952159259991498,1.1727553148943208,1.7196799578859876,0
627,main,Naive AI estimator,0.6719835757418493,0.0008768541314268476,-0.6711067216104225,0.10205479281061716,-0.19915053977738278,0.2009042480402365,0
627,main,ISE causal estimator,0.6719835757418493,0.4775174093257485,-0.19446616641610082,0.11476561703030233,0.25257679994635596,0.702458018705141,1
627,main,Design erasure estimator,0.6719835757418493,0.8624468169109223,0.19046324116907298,0.126434354277956,0.6146354825261285,1.110258151295716,1
627,main,Post index leakage estimator,0.6719835757418493,0.04661114552710079,-0.6253724302147485,0.10594353829715814,-0.16103818953532914,0.2542604805895307,0
627,main,Oracle prospective estimator,0.6719835757418493,0.47930808496379623,-0.19267549077805307,0.11360758231962544,0.2566372236173304,0.7019789463102621,1
628,main,Structured EHR estimator,0.6512550219176289,1.592110280805816,0.9408552588881872,0.13666231645982296,1.324252140544563,1.859968421067069,0
628,main,Naive AI estimator,0.6512550219176289,0.3323336696588131,-0.31892135225881574,0.09227983833244992,0.15146518652721128,0.5132021527904149,0
628,main,ISE causal estimator,0.6512550219176289,0.8045409338950108,0.15328591197738195,0.10418632892885486,0.6003357291944553,1.0087461385955663,1
628,main,Design erasure estimator,0.6512550219176289,1.2036988727459919,0.552443850828363,0.11931337221826181,0.9698446631981987,1.437553082293785,0
628,main,Post index leakage estimator,0.6512550219176289,0.3585146426039549,-0.29274037931367397,0.09637817093692151,0.1696134275675887,0.5474158576403211,0
628,main,Oracle prospective estimator,0.6512550219176289,0.784872954107889,0.1336179321902602,0.10367376327923133,0.5816723780805957,0.9880735301351824,1
629,main,Structured EHR estimator,0.6314308393558846,1.6066682711472375,0.9752374317913529,0.12783745185686163,1.3561068655077888,1.8572296767866863,0
629,main,Naive AI estimator,0.6314308393558846,0.25511561547045764,-0.376315223885427,0.09645078739941677,0.06607207216760078,0.44415915877331447,0
629,main,ISE causal estimator,0.6314308393558846,0.8498298973472187,0.21839905799133408,0.10165076392697352,0.6505944000503506,1.0490653946440869,0
629,main,Design erasure estimator,0.6314308393558846,1.2075956976491924,0.5761648582933078,0.1163091455085343,0.9796297724524652,1.4355616228459196,0
629,main,Post index leakage estimator,0.6314308393558846,0.24494656004137044,-0.3864842793145142,0.10252821514516314,0.04399125835685069,0.4459018617258902,0
629,main,Oracle prospective estimator,0.6314308393558846,0.8320451203736479,0.20061428101776324,0.10022074990512911,0.6356124505595948,1.028477790187701,0
630,main,Structured EHR estimator,0.6551183334224472,1.1077541894563385,0.45263585603389134,0.15201247351568167,0.8098097413656025,1.4056986375470746,0
630,main,Naive AI estimator,0.6551183334224472,0.019962948795984644,-0.6351553846264626,0.09118223451849237,-0.15875423086026041,0.1986801284522297,0
630,main,ISE causal estimator,0.6551183334224472,0.4609242272641731,-0.1941941061582741,0.11117068475718657,0.2430296851400874,0.6788187693882588,1
630,main,Design erasure estimator,0.6551183334224472,0.746993286563509,0.09187495314106187,0.13036353965715386,0.4914807488354875,1.0025058242915306,1
630,main,Post index leakage estimator,0.6551183334224472,0.01209205747606438,-0.6430262759463828,0.09490792726034676,-0.17392747995421529,0.19811159490634403,0
630,main,Oracle prospective estimator,0.6551183334224472,0.46118053830707634,-0.19393779511537085,0.11129142850549009,0.24304933843631576,0.6793117381778369,1
631,main,Structured EHR estimator,0.6415327575978058,1.31085502888609,0.6693222712882843,0.1450502480473024,1.0265565427133774,1.5951535150588028,0
631,main,Naive AI estimator,0.6415327575978058,0.0800837927320426,-0.5614489648657632,0.10950157905228577,-0.13453930221043753,0.2947068876745227,0
631,main,ISE causal estimator,0.6415327575978058,0.5349881197421674,-0.10654463785563839,0.128309510798871,0.28350147857638025,0.7864747609079545,1
631,main,Design erasure estimator,0.6415327575978058,0.8865935766413137,0.24506081904350785,0.1383200315472342,0.6154863148087346,1.1577008384738927,1
631,main,Post index leakage estimator,0.6415327575978058,0.14494420880660092,-0.4965885487912049,0.11087994351289963,-0.07238048047868237,0.36226889809188423,0
631,main,Oracle prospective estimator,0.6415327575978058,0.5069325279253338,-0.13460022967247198,0.12700578288072917,0.25800119347910466,0.755863862371563,1
632,main,Structured EHR estimator,0.6645215935619773,1.2304230746055542,0.565901481043577,0.13499716474108286,0.9658286317130318,1.4950175174980767,0
632,main,Naive AI estimator,0.6645215935619773,0.1723212870073227,-0.4922003065546546,0.0916876849389571,-0.00738657547303323,0.3520291494876786,0
632,main,ISE causal estimator,0.6645215935619773,0.508580908451053,-0.1559406851109243,0.10653729234372225,0.29976781545735737,0.7173940014447486,1
632,main,Design erasure estimator,0.6645215935619773,0.8793392187792127,0.21481762521723546,0.12002482362809581,0.6440905644681449,1.1145878730902805,1
632,main,Post index leakage estimator,0.6645215935619773,0.19282018963762454,-0.4717014039243527,0.09537727293477691,0.005880734685461797,0.3797596445897873,0
632,main,Oracle prospective estimator,0.6645215935619773,0.5096904497080605,-0.15483114385391672,0.10512993219771309,0.3036357826005429,0.7157451168155782,1
633,main,Structured EHR estimator,0.6472621418054944,1.3312789707701578,0.6840168289646634,0.13164141755278674,1.0732617923666958,1.5892961491736197,0
633,main,Naive AI estimator,0.6472621418054944,0.11703018437889064,-0.5302319574266037,0.08967338848343621,-0.05872965704864434,0.2927900258064256,0
633,main,ISE causal estimator,0.6472621418054944,0.6078584274877197,-0.039403714317774674,0.11296522114019662,0.3864465940529343,0.8292702609225051,1
633,main,Design erasure estimator,0.6472621418054944,0.9913231925047452,0.34406105069925086,0.11631254224678898,0.7633506097010387,1.2192957753084517,0
633,main,Post index leakage estimator,0.6472621418054944,0.1347640368794647,-0.5124981049260297,0.09283114827838668,-0.04718501374617318,0.3167130875051026,0
633,main,Oracle prospective estimator,0.6472621418054944,0.615699445714578,-0.03156269609091633,0.11132474757345819,0.3975029404706,0.8338959509585561,1
634,main,Structured EHR estimator,0.6349232302170832,1.6622848576967335,1.0273616274796504,0.12532209931081664,1.4166535430475329,1.9079161723459341,0
634,main,Naive AI estimator,0.6349232302170832,0.2820213351482787,-0.3529018950688045,0.09832966063449315,0.08929520030467214,0.4747474699918853,0
634,main,ISE causal estimator,0.6349232302170832,0.8511010138993781,0.2161777836822949,0.1087438349171772,0.6379630974617108,1.0642389303370454,0
634,main,Design erasure estimator,0.6349232302170832,1.2159736894975888,0.5810504592805056,0.12082812567044292,0.9791505631835207,1.4527968158116569,0
634,main,Post index leakage estimator,0.6349232302170832,0.2806056574057212,-0.354317572811362,0.10347866207284552,0.07778747974294398,0.4834238350684984,0
634,main,Oracle prospective estimator,0.6349232302170832,0.8393199231896903,0.2043966929726071,0.10761550457122246,0.6283935342300943,1.0502463121492862,1
635,main,Structured EHR estimator,0.6331729786897474,1.1473930191121677,0.5142200404224203,0.13640185706105873,0.8800453792724927,1.4147406589518428,0
635,main,Naive AI estimator,0.6331729786897474,0.04655550253152095,-0.5866174761582265,0.09348302535860477,-0.1366712271713444,0.22978223223438632,0
635,main,ISE causal estimator,0.6331729786897474,0.4212436977641678,-0.2119292809255796,0.11325483421282345,0.19926422270703384,0.6432231728213018,1
635,main,Design erasure estimator,0.6331729786897474,0.8494621019945727,0.2162891233048253,0.1368154835885395,0.5813037541610353,1.1176204498281102,1
635,main,Post index leakage estimator,0.6331729786897474,0.11257913758473663,-0.5205938411050108,0.1031810775107681,-0.08965577433636886,0.31481404950584213,0
635,main,Oracle prospective estimator,0.6331729786897474,0.4140774566298034,-0.21909552205994404,0.1121224337015858,0.19431748657469522,0.6338374266849116,1
636,main,Structured EHR estimator,0.6539328951286391,1.4393099179152613,0.7853770227866222,0.1386033276187983,1.1676473957824167,1.710972440048106,0
636,main,Naive AI estimator,0.6539328951286391,0.1528523762170116,-0.5010805189116274,0.0820934859141785,-0.00805085617477827,0.3137556086088015,0
636,main,ISE causal estimator,0.6539328951286391,0.7511788918022927,0.09724599667365363,0.09876559719887819,0.5575983212924914,0.944759462312094,1
636,main,Design erasure estimator,0.6539328951286391,1.2332146476035832,0.5792817524749442,0.11317074327583786,1.011399990782941,1.4550293044242255,0
636,main,Post index leakage estimator,0.6539328951286391,0.11704635135438284,-0.5368865437742563,0.08682707535461157,-0.05313471634065582,0.2872274190494215,0
636,main,Oracle prospective estimator,0.6539328951286391,0.730248930561156,0.07631603543251697,0.09792979017774567,0.5383065418127745,0.9221913193095376,1
637,main,Structured EHR estimator,0.6400290121832318,1.4417118019352093,0.8016827897519775,0.14530811969462915,1.1569078873337362,1.7265157165366825,0
637,main,Naive AI estimator,0.6400290121832318,0.2782970382209077,-0.36173197396232415,0.09881787640165658,0.08461400047366077,0.4719800759681546,0
637,main,ISE causal estimator,0.6400290121832318,0.7350559929748018,0.09502698079157001,0.11259317685702076,0.5143733663350412,0.9557386196145625,1
637,main,Design erasure estimator,0.6400290121832318,1.064605586299005,0.4245765741157731,0.12523909028055955,0.8191369693491082,1.3100742032489017,0
637,main,Post index leakage estimator,0.6400290121832318,0.3219861157141556,-0.31804289646907624,0.10571514979317344,0.11478442211953566,0.5291878093087755,0
637,main,Oracle prospective estimator,0.6400290121832318,0.7205476740340838,0.08051866185085199,0.11319281239912195,0.4986897617318048,0.9424055863363628,1
638,main,Structured EHR estimator,0.6439386275326175,1.339205418130937,0.6952667905983194,0.13509774506848318,1.07441383779671,1.6039969984651639,0
638,main,Naive AI estimator,0.6439386275326175,0.061863043467825916,-0.5820755840647917,0.0871629156194545,-0.10897627114630487,0.23270235808195672,0
638,main,ISE causal estimator,0.6439386275326175,0.5095568473833088,-0.1343817801493088,0.11340525195646763,0.2872825535486322,0.7318311412179853,1
638,main,Design erasure estimator,0.6439386275326175,0.9452565196820911,0.3013178921494736,0.12716346043392424,0.6960161372315996,1.1944969021325826,0
638,main,Post index leakage estimator,0.6439386275326175,0.12477615466862312,-0.5191624728639944,0.09034022605452524,-0.05229068839824634,0.30184299773549256,0
638,main,Oracle prospective estimator,0.6439386275326175,0.5053971775934091,-0.13854144993920847,0.11151757446370894,0.28682273164453953,0.7239716235422786,1
639,main,Structured EHR estimator,0.6440060937386923,1.2897890492987094,0.6457829555600171,0.13161910407049468,1.0318156053205398,1.547762493276879,0
639,main,Naive AI estimator,0.6440060937386923,0.14863510214455,-0.49537099159414233,0.10164533916015114,-0.05058976260934622,0.3478599668984462,0
639,main,ISE causal estimator,0.6440060937386923,0.6798262064558857,0.03582011271719332,0.1086869364729422,0.466799810968919,0.8928526019428523,1
639,main,Design erasure estimator,0.6440060937386923,0.9647986885398804,0.32079259480118805,0.11607932978680505,0.7372832021577425,1.1923141749220183,0
639,main,Post index leakage estimator,0.6440060937386923,0.131803761607601,-0.5122023321310913,0.10487912446233523,-0.07375932233857604,0.33736684555377805,0
639,main,Oracle prospective estimator,0.6440060937386923,0.6590021963874236,0.014996102648731302,0.10853060920617377,0.44628220234332305,0.8717221904315242,1
640,main,Structured EHR estimator,0.6569782626222906,1.4680552735746262,0.8110770109523355,0.16016889618816557,1.1541242370458216,1.7819863101034308,0
640,main,Naive AI estimator,0.6569782626222906,0.187012460587564,-0.46996580203472665,0.1026957750900505,-0.014271258588934993,0.38829617976406294,0
640,main,ISE causal estimator,0.6569782626222906,0.8709128991207474,0.2139346364984568,0.11100325390864732,0.6533465214597987,1.0884792767816962,1
640,main,Design erasure estimator,0.6569782626222906,1.2045448597551995,0.5475665971329089,0.12395781493501995,0.9615875424825604,1.4475021770278387,0
640,main,Post index leakage estimator,0.6569782626222906,0.10011030814922166,-0.556867954473069,0.11505315872540323,-0.12539388295256865,0.325614499251012,0
640,main,Oracle prospective estimator,0.6569782626222906,0.8445646758616849,0.1875864132393943,0.11051323419653303,0.6279587368364802,1.0611706148868896,1
641,main,Structured EHR estimator,0.655559691616654,1.5110926898188601,0.8555329982022062,0.1324805594164991,1.251430793362522,1.7707545862751983,0
641,main,Naive AI estimator,0.655559691616654,0.13237179977545807,-0.5231878918411959,0.09983178954619622,-0.06329850773508652,0.3280421072860027,0
641,main,ISE causal estimator,0.655559691616654,0.6041758128829525,-0.05138387873370143,0.10869153629034181,0.39114040175388254,0.8172112240120225,1
641,main,Design erasure estimator,0.655559691616654,1.060860152947329,0.405300461330675,0.12691836562526845,0.8121001563218028,1.3096201495728552,0
641,main,Post index leakage estimator,0.655559691616654,0.17931014579115057,-0.4762495458255034,0.10576766908201611,-0.027994485609600994,0.3866147771919021,0
641,main,Oracle prospective estimator,0.655559691616654,0.5840861799427551,-0.07147351167389882,0.10911091856649946,0.3702287795524162,0.7979435803330941,1
642,main,Structured EHR estimator,0.6574480281436763,1.4195893767419456,0.7621413485982693,0.1335286211229018,1.1578732793410582,1.681305474142833,0
642,main,Naive AI estimator,0.6574480281436763,0.27557011623767647,-0.38187791190599985,0.08592620846852311,0.10715474763937116,0.44398548483598177,0
642,main,ISE causal estimator,0.6574480281436763,0.7892447032665173,0.131796675122841,0.10583443248006486,0.5818092156055902,0.9966801909274444,1
642,main,Design erasure estimator,0.6574480281436763,1.1496528673889455,0.49220483924526914,0.12358335850810587,0.907429484713058,1.391876250064833,0
642,main,Post index leakage estimator,0.6574480281436763,0.27514749147034245,-0.38230053667333386,0.09220753127873398,0.09442073016402386,0.45587425277666105,0
642,main,Oracle prospective estimator,0.6574480281436763,0.7667433269790355,0.10929529883535916,0.10595580182283997,0.5590699554062691,0.9744166985518018,1
643,main,Structured EHR estimator,0.6438385746870331,1.713572025995556,1.0697334513085228,0.14849495898987386,1.4225219063754033,2.0046221456157087,0
643,main,Naive AI estimator,0.6438385746870331,0.02489974192724762,-0.6189388327597855,0.11910460120550179,-0.2085452764355359,0.2583447602900311,0
643,main,ISE causal estimator,0.6438385746870331,0.6314315528563751,-0.012407021830658005,0.1300810182741232,0.37647275703909366,0.8863903486736565,1
643,main,Design erasure estimator,0.6438385746870331,1.139247736641673,0.4954091619546398,0.15163270595871725,0.8420476329625871,1.4364478403207586,0
643,main,Post index leakage estimator,0.6438385746870331,0.11710459870970794,-0.5267339759773252,0.12788559132650776,-0.13355116029024724,0.3677603577096631,0
643,main,Oracle prospective estimator,0.6438385746870331,0.6225689315279506,-0.02126964315908253,0.12856438428641118,0.37058273832658467,0.8745551247293164,1
644,main,Structured EHR estimator,0.6586511395453447,1.238345221179028,0.5796940816336833,0.14934051310838328,0.9456378154865968,1.5310526268714593,0
644,main,Naive AI estimator,0.6586511395453447,0.08969329584927459,-0.5689578436960702,0.11006751091141777,-0.12603902553710422,0.3054256172356534,0
644,main,ISE causal estimator,0.6586511395453447,0.4211790269103029,-0.2374721126350418,0.12048815102411442,0.18502225090303864,0.6573358029175671,0
644,main,Design erasure estimator,0.6586511395453447,0.7122787243998255,0.053627584854480825,0.13615149282988012,0.4454217984532605,0.9791356503463906,1
644,main,Post index leakage estimator,0.6586511395453447,0.1601505174622477,-0.498500622083097,0.11060223064153864,-0.05662985459516803,0.37693088951966347,0
644,main,Oracle prospective estimator,0.6586511395453447,0.3960762197972773,-0.2625749197480674,0.12011075191447126,0.16065914604491363,0.631493293549641,0
645,main,Structured EHR estimator,0.6375140063496735,1.3139667889356366,0.6764527825859631,0.13330376224950446,1.0526914149266078,1.5752421629446653,0
645,main,Naive AI estimator,0.6375140063496735,0.15635050223899594,-0.48116350411067754,0.09049409178121749,-0.021017917652190354,0.3337189221301822,0
645,main,ISE causal estimator,0.6375140063496735,0.5978417025211494,-0.03967230382852405,0.10201779799135978,0.39788681845808427,0.7977965865842146,1
645,main,Design erasure estimator,0.6375140063496735,0.8973973610771312,0.2598833547274577,0.11840037214123939,0.665332631680302,1.1294620904739603,0
645,main,Post index leakage estimator,0.6375140063496735,0.21721232599787052,-0.42030168035180293,0.093473935246926,0.03400341291389555,0.40042123908184546,0
645,main,Oracle prospective estimator,0.6375140063496735,0.5871269356826213,-0.05038707066705217,0.10129071610968807,0.3885971321076327,0.7856567392576099,1
646,main,Structured EHR estimator,0.6362437677118356,1.2274413257883263,0.5911975580764908,0.1365752100286107,0.9597539141322493,1.4951287374444033,0
646,main,Naive AI estimator,0.6362437677118356,0.2504175216046415,-0.38582624610719407,0.08411457447008502,0.08555295564327484,0.41528208756600815,0
646,main,ISE causal estimator,0.6362437677118356,0.6376690383962118,0.0014252706843762564,0.10481506841979195,0.4322315042934196,0.843106572499004,1
646,main,Design erasure estimator,0.6362437677118356,0.8601031235659239,0.22385935585408834,0.11992726678959423,0.6250456806583192,1.0951605664735287,1
646,main,Post index leakage estimator,0.6362437677118356,0.279415367833629,-0.3568283998782065,0.08584005292995693,0.11116886409091345,0.4476618715763446,0
646,main,Oracle prospective estimator,0.6362437677118356,0.6161414183162872,-0.020102349395548336,0.1038394443345007,0.41261610742066585,0.8196667292119086,1
647,main,Structured EHR estimator,0.6578292266843944,1.2752204977076602,0.6173912710232659,0.1343602854031037,1.011874338317577,1.5385666570977434,0
647,main,Naive AI estimator,0.6578292266843944,0.17388801968116327,-0.48394120700323107,0.09649488282644864,-0.015241950658676062,0.3630179900210026,0
647,main,ISE causal estimator,0.6578292266843944,0.6855973666521558,0.027768139967761396,0.10701826277484994,0.47584157161344987,0.8953531616908617,1
647,main,Design erasure estimator,0.6578292266843944,0.9210881175539404,0.263258890869546,0.12053927762673537,0.684831133405539,1.1573451017023417,0
647,main,Post index leakage estimator,0.6578292266843944,0.20904475608533096,-0.4487844705990634,0.09977316065406068,0.013489361203372047,0.40460015096728985,0
647,main,Oracle prospective estimator,0.6578292266843944,0.6814123283907263,0.023583101706331933,0.10638913699033836,0.4728896198896631,0.8899350368917895,1
648,main,Structured EHR estimator,0.642378525870681,1.120793999108071,0.4784154732373901,0.13714978170629857,0.8519804269637259,1.3896075712524163,0
648,main,Naive AI estimator,0.642378525870681,0.1389776229065551,-0.5034009029641259,0.08958430047233334,-0.03660760601921825,0.31456285183232846,0
648,main,ISE causal estimator,0.642378525870681,0.6022688106260421,-0.04010971524463891,0.11424053710069108,0.3783573579086876,0.8261802633433966,1
648,main,Design erasure estimator,0.642378525870681,0.8853678861587401,0.24298936028805906,0.1245785644498449,0.6411938998370441,1.129541872480436,1
648,main,Post index leakage estimator,0.642378525870681,0.12690274178760863,-0.5154757840830724,0.0933817187108261,-0.05612542688561051,0.30993091046082777,0
648,main,Oracle prospective estimator,0.642378525870681,0.5901842044991978,-0.052194321371483166,0.11345402654748153,0.36781431246613405,0.8125540965322616,1
649,main,Structured EHR estimator,0.6329632961233465,1.3323048741449994,0.699341578021653,0.13524861452129164,1.0672175896832679,1.597392158606731,0
649,main,Naive AI estimator,0.6329632961233465,0.18647798413798322,-0.44648531198536323,0.09623093967859518,-0.0021346576320633304,0.3750906259080298,0
649,main,ISE causal estimator,0.6329632961233465,0.6239420684109012,-0.00902122771244529,0.11275790733353322,0.4029365700371761,0.8449475667846262,1
649,main,Design erasure estimator,0.6329632961233465,1.0070006035789474,0.37403730745560093,0.12684127030911516,0.7583917137730817,1.2556094933848132,0
649,main,Post index leakage estimator,0.6329632961233465,0.26138569970819425,-0.3715775964151522,0.10306846088243868,0.05937151637861446,0.463399883037774,0
649,main,Oracle prospective estimator,0.6329632961233465,0.6031596277610511,-0.02980366836229531,0.11195263158527945,0.3837324698539034,0.8225867856681989,1
650,main,Structured EHR estimator,0.641987433208691,1.3916004138446725,0.7496129806359815,0.14833659323822507,1.1008606910977514,1.6823401365915935,0
650,main,Naive AI estimator,0.641987433208691,0.23024229662334847,-0.4117451365853425,0.09903269976388765,0.036138205086128666,0.42434638816056824,0
650,main,ISE causal estimator,0.641987433208691,0.6163464305033591,-0.025641002705331872,0.11856522583892937,0.38395858785905757,0.8487342731476607,1
650,main,Design erasure estimator,0.641987433208691,0.8849871632644342,0.24299973005574316,0.12627325411173587,0.6374915852054319,1.1324827413234364,1
650,main,Post index leakage estimator,0.641987433208691,0.2656801332800424,-0.3763072999286486,0.10275728471768512,0.06427585523337959,0.46708441132670525,0
650,main,Oracle prospective estimator,0.641987433208691,0.5987240441840596,-0.04326338902463145,0.11805499233278105,0.3673362592118087,0.8301118291563104,1
651,main,Structured EHR estimator,0.6492081571766876,1.4620990767117092,0.8128909195350217,0.13002723684448553,1.2072456924965176,1.716952460926901,0
651,main,Naive AI estimator,0.6492081571766876,0.30599471072267215,-0.3432134464540154,0.0991162018157734,0.1117269551637563,0.500262466281588,0
651,main,ISE causal estimator,0.6492081571766876,0.7165000350696494,0.06729187789296187,0.10965029850023435,0.5015854500091901,0.9314146201301088,1
651,main,Design erasure estimator,0.6492081571766876,0.9766084093510319,0.3274002521743443,0.1236626499307072,0.7342296154868457,1.218987203215218,0
651,main,Post index leakage estimator,0.6492081571766876,0.3629218863907211,-0.28628627078596647,0.10428420692456805,0.1585248408185677,0.5673189319628744,0
651,main,Oracle prospective estimator,0.6492081571766876,0.7005081207429218,0.05129996356623423,0.1093915780926085,0.48610062768140916,0.9149156138044344,1
652,main,Structured EHR estimator,0.610616523067235,1.531695000181743,0.9210784771145081,0.13722887118083915,1.2627264126672983,1.8006635876961878,0
652,main,Naive AI estimator,0.610616523067235,0.2464086796872848,-0.3642078433799502,0.08803556357483408,0.07385897508061001,0.4189583842939596,0
652,main,ISE causal estimator,0.610616523067235,0.873163906283,0.262547383215765,0.10553072301550775,0.6663236891726048,1.0800041233933952,0
652,main,Design erasure estimator,0.610616523067235,1.2003770654248909,0.5897605423576558,0.12065591521041308,0.9638914716124812,1.4368626592373004,0
652,main,Post index leakage estimator,0.610616523067235,0.2212480685336317,-0.38936845453360336,0.0942054281419543,0.03660542937540126,0.4058907076918621,0
652,main,Oracle prospective estimator,0.610616523067235,0.8703032830442854,0.2596867599770504,0.10556773588757133,0.6633905207046455,1.0772160453839252,0
653,main,Structured EHR estimator,0.6211018621194095,1.422873754066907,0.8017718919474974,0.1381919534958928,1.1520175252149571,1.6937299829188568,0
653,main,Naive AI estimator,0.6211018621194095,0.22278933350851293,-0.3983125286108966,0.08852167332468419,0.04928685379213191,0.39629181322489393,0
653,main,ISE causal estimator,0.6211018621194095,0.687943125666406,0.06684126354699649,0.1010367626443652,0.4899110708834502,0.8859751804493619,1
653,main,Design erasure estimator,0.6211018621194095,1.0120440768740195,0.39094221475461,0.11757420035589486,0.7815986441764656,1.2424895095715733,0
653,main,Post index leakage estimator,0.6211018621194095,0.2216975221567675,-0.399404339962642,0.09457536976581313,0.036329797415773774,0.40706524689776125,0
653,main,Oracle prospective estimator,0.6211018621194095,0.679030896415621,0.057929034296211435,0.10019808350220173,0.4826426527513056,0.8754191400799364,1
654,main,Structured EHR estimator,0.6244751763786999,1.2392763827570306,0.6148012063783307,0.1303552436346397,0.9837801052331367,1.4947726602809244,0
654,main,Naive AI estimator,0.6244751763786999,0.08269163203465076,-0.5417835443440491,0.09442650693789148,-0.10238432156361653,0.267767585632918,0
654,main,ISE causal estimator,0.6244751763786999,0.761332219671997,0.13685704329329718,0.11221087201651322,0.5413989105196311,0.981265528824363,1
654,main,Design erasure estimator,0.6244751763786999,1.0815624249332403,0.4570872485545404,0.12401336232571868,0.8384962347748317,1.3246286150916489,0
654,main,Post index leakage estimator,0.6244751763786999,0.05770865640254207,-0.5667665199761578,0.09862724111944914,-0.13560073619157822,0.25101804899666236,0
654,main,Oracle prospective estimator,0.6244751763786999,0.7447548093020573,0.12027963292335742,0.11219307528795675,0.5248563817376621,0.9646532368664524,1
655,main,Structured EHR estimator,0.61933830215428,1.1329988225331382,0.5136605203788582,0.14120154153247502,0.8562438011294872,1.4097538439367892,0
655,main,Naive AI estimator,0.61933830215428,0.0018278260221761353,-0.6175104761321039,0.0907064626417245,-0.1759568407556039,0.17961249279995614,0
655,main,ISE causal estimator,0.61933830215428,0.4156429315921588,-0.20369537056212117,0.1063555374743422,0.2071860781424481,0.6240997850418695,1
655,main,Design erasure estimator,0.61933830215428,0.7821720453028339,0.16283374314855392,0.12432320614316134,0.5384985612622377,1.02584552934343,1
655,main,Post index leakage estimator,0.61933830215428,0.023429779170452338,-0.5959085229838277,0.09374932353603832,-0.16031889496018278,0.20717845330108745,0
655,main,Oracle prospective estimator,0.61933830215428,0.43888957776039766,-0.18044872439388232,0.10517520865926103,0.23274616878824606,0.6450329867325493,1
656,main,Structured EHR estimator,0.6574192323467767,1.3180739825562493,0.6606547502094726,0.12875144307544326,1.0657211541283806,1.570426810984118,0
656,main,Naive AI estimator,0.6574192323467767,0.2052338500134538,-0.4521853823333229,0.09062969763419652,0.027599642650428607,0.382868057376479,0
656,main,ISE causal estimator,0.6574192323467767,0.5730528229037549,-0.08436640944302176,0.09763851954583976,0.381681324593909,0.7644243212136008,1
656,main,Design erasure estimator,0.6574192323467767,0.8418599713772026,0.1844407390304259,0.1126449021533946,0.6210759631565492,1.062643979597856,1
656,main,Post index leakage estimator,0.6574192323467767,0.22986802121919872,-0.427551211127578,0.09717195553419444,0.0394109883721776,0.42032505406621984,0
656,main,Oracle prospective estimator,0.6574192323467767,0.5658798609311793,-0.09153937141559743,0.09693562632737004,0.37588603332953396,0.7558736885328246,1
657,main,Structured EHR estimator,0.6367679782080564,1.4246352257880492,0.7878672475799928,0.13730853707689908,1.155510493117327,1.6937599584587715,0
657,main,Naive AI estimator,0.6367679782080564,0.0806460015419139,-0.5561219766661425,0.09740006144545077,-0.1102581188911696,0.2715501219749974,0
657,main,ISE causal estimator,0.6367679782080564,0.6836414358594272,0.04687345765137074,0.11036672576946117,0.46732265335128326,0.899960218367571,1
657,main,Design erasure estimator,0.6367679782080564,1.0576761529432914,0.420908174735235,0.12319414562337082,0.8162156275214847,1.2991366783650982,0
657,main,Post index leakage estimator,0.6367679782080564,0.08667539045772263,-0.5500925877503338,0.10463100797454751,-0.11840138517239049,0.2917521660878357,0
657,main,Oracle prospective estimator,0.6367679782080564,0.6763814081566908,0.03961342994863437,0.1108120631967146,0.4591897642911302,0.8935730520222513,1
658,main,Structured EHR estimator,0.6422889770757403,1.3784683274804084,0.7361793504046681,0.13958006089935032,1.1048914081176817,1.652045246843135,0
658,main,Naive AI estimator,0.6422889770757403,0.1617487105469969,-0.4805402665287434,0.08849586628363629,-0.011703187368930223,0.33520060846292404,0
658,main,ISE causal estimator,0.6422889770757403,0.6679990999248189,0.025710122849078587,0.10562044948288125,0.4609830189383716,0.8750151809112661,1
658,main,Design erasure estimator,0.6422889770757403,1.0674642178336298,0.4251752407578895,0.1243244775075017,0.8237882419189264,1.3111401937483331,0
658,main,Post index leakage estimator,0.6422889770757403,0.16408064062516944,-0.4782083364505708,0.09660027119828647,-0.025255890923472024,0.3534171721738109,0
658,main,Oracle prospective estimator,0.6422889770757403,0.6796319495021926,0.03734297242645235,0.10399884337359595,0.4757942164899446,0.8834696825144407,1
659,main,Structured EHR estimator,0.656274094607434,1.4332984085988945,0.7770243139914604,0.13375494671484014,1.1711387130378077,1.6954581041599812,0
659,main,Naive AI estimator,0.656274094607434,0.2841905308419589,-0.37208356376547513,0.0940768224031518,0.09979995893178137,0.4685811027521364,0
659,main,ISE causal estimator,0.656274094607434,0.7458042200441317,0.0895301254366977,0.11599766359998563,0.5184487993881599,0.9731596407001035,1
659,main,Design erasure estimator,0.656274094607434,1.0780437106487435,0.42176961604130947,0.12943162537195863,0.8243577249197046,1.3317296963777823,0
659,main,Post index leakage estimator,0.656274094607434,0.3050107668621113,-0.3512633277453227,0.0979718911546412,0.11298586019901458,0.49703567352520805,0
659,main,Oracle prospective estimator,0.656274094607434,0.730391589194939,0.07411749458750494,0.11460734617917273,0.5057611906837605,0.9550219877061175,1
660,main,Structured EHR estimator,0.6332397012614056,1.5216827091707779,0.8884430079093723,0.14076628878938552,1.2457807831435823,1.7975846351979734,0
660,main,Naive AI estimator,0.6332397012614056,0.34614174389518476,-0.28709795736622085,0.09651290082253175,0.15697645828302254,0.535307029507347,0
660,main,ISE causal estimator,0.6332397012614056,0.8084278099290093,0.1751881086676037,0.10989904821024815,0.593025675436923,1.0238299444210957,1
660,main,Design erasure estimator,0.6332397012614056,1.2032949921387104,0.5700552908773048,0.12442052848411272,0.9594307563098494,1.4471592279675713,0
660,main,Post index leakage estimator,0.6332397012614056,0.42137359884429193,-0.21186610241711368,0.1042511865436242,0.2170412732187885,0.6257059244697953,0
660,main,Oracle prospective estimator,0.6332397012614056,0.7758129581274853,0.1425732568660797,0.10992039204928458,0.5603689897108876,0.991256926544083,1
661,main,Structured EHR estimator,0.6527922784415338,1.2885498085391736,0.6357575300976398,0.14613760536258333,1.0021201020285102,1.574979515049837,0
661,main,Naive AI estimator,0.6527922784415338,0.1399718733134187,-0.5128204051281151,0.0889631780356321,-0.0343959556364202,0.3143397022632576,0
661,main,ISE causal estimator,0.6527922784415338,0.6295743192781132,-0.02321795916342051,0.11669893237065433,0.4008444118316308,0.8583042267245957,1
661,main,Design erasure estimator,0.6527922784415338,0.8967979351407641,0.24400565669923036,0.12738227784101291,0.6471286705723788,1.1464671997091493,1
661,main,Post index leakage estimator,0.6527922784415338,0.1955060098991362,-0.45728626854239757,0.09406419140912022,0.011140194737260578,0.3798718250610118,0
661,main,Oracle prospective estimator,0.6527922784415338,0.6194621676153004,-0.03333011082623338,0.11599600430797519,0.392109999171669,0.8468143360589317,1
662,main,Structured EHR estimator,0.653344048622848,1.3684790636067732,0.7151350149839252,0.15889533016629612,1.0570442164808327,1.6799139107327137,0
662,main,Naive AI estimator,0.653344048622848,-0.0665742116846492,-0.7199182603074972,0.1010201080221951,-0.2645736234081516,0.13142520003885322,0
662,main,ISE causal estimator,0.653344048622848,0.5442334567499929,-0.1091105918728551,0.11870878494640355,0.311564238255042,0.7769026752449438,1
662,main,Design erasure estimator,0.653344048622848,0.8462016879603679,0.19285763933751987,0.13830461935095473,0.5751246340324967,1.117278741888239,1
662,main,Post index leakage estimator,0.653344048622848,-0.05750711270489493,-0.710851161327743,0.10497390733868785,-0.2632559710887231,0.14824174567893322,0
662,main,Oracle prospective estimator,0.653344048622848,0.5375307774407931,-0.11581327118205487,0.1191630794942332,0.30397114163209604,0.7710904132494902,1
663,main,Structured EHR estimator,0.6281852237658412,1.1687685513793173,0.5405833276134762,0.13684654445421612,0.9005493242490538,1.436987778509581,0
663,main,Naive AI estimator,0.6281852237658412,0.12971525734365427,-0.4984699664221869,0.08732133014891598,-0.041434549748221056,0.3008650644355296,0
663,main,ISE causal estimator,0.6281852237658412,0.5049555526835984,-0.12322967108224281,0.10098960149280874,0.30701593375769326,0.7028951716095035,1
663,main,Design erasure estimator,0.6281852237658412,0.9288730923528099,0.3006878685869687,0.12420446758140319,0.6854323358932597,1.1723138488123601,0
663,main,Post index leakage estimator,0.6281852237658412,0.17697996274482217,-0.451205261021019,0.098469486237545,-0.016020230280766046,0.3699801557704104,0
663,main,Oracle prospective estimator,0.6281852237658412,0.492539018638088,-0.13564620512775316,0.09932827037245898,0.29785560870806843,0.6872224285681077,1
664,main,Structured EHR estimator,0.6385986987478318,1.6315410548204186,0.9929423560725867,0.13959208687929806,1.3579405645369944,1.9051415451038427,0
664,main,Naive AI estimator,0.6385986987478318,0.2793839304687771,-0.35921476827905474,0.09650168806260302,0.09024062186607515,0.468527239071479,0
664,main,ISE causal estimator,0.6385986987478318,0.7583537151153091,0.11975501636747732,0.11647115445350376,0.5300702523864418,0.9866371778441765,1
664,main,Design erasure estimator,0.6385986987478318,1.3050871614545327,0.6664884627067009,0.1200850128979476,1.0697205361745554,1.54045378673451,0
664,main,Post index leakage estimator,0.6385986987478318,0.3567043578073862,-0.28189434094044563,0.0986621920654213,0.16332646135916043,0.550082254255612,0
664,main,Oracle prospective estimator,0.6385986987478318,0.7598375876260486,0.12123888887821677,0.11616341423256207,0.532157295730227,0.9875178795218702,1
665,main,Structured EHR estimator,0.6518043044266663,1.6773337566189743,1.0255294521923082,0.14014457226078472,1.4026503949878362,1.9520171182501125,0
665,main,Naive AI estimator,0.6518043044266663,0.30420171699317766,-0.3476025874334886,0.09259350061496487,0.12271845578784651,0.4856849781985088,0
665,main,ISE causal estimator,0.6518043044266663,0.9491165774407463,0.29731227301408003,0.13206761847777684,0.6902640452243036,1.207969109657189,0
665,main,Design erasure estimator,0.6518043044266663,1.2496189548225711,0.5978146503959049,0.14172206536330648,0.9718437067104904,1.527394202934652,0
665,main,Post index leakage estimator,0.6518043044266663,0.33153427480508474,-0.3202700296215815,0.09473842045724232,0.1458469707088898,0.5172215789012797,0
665,main,Oracle prospective estimator,0.6518043044266663,0.926261692039711,0.2744573876130447,0.13034963801108146,0.6707764015379913,1.1817469825414306,0
666,main,Structured EHR estimator,0.6514945843655021,1.4463000323199537,0.7948054479544516,0.12967588107402778,1.1921353054148593,1.7004647592250481,0
666,main,Naive AI estimator,0.6514945843655021,0.13152181072733357,-0.5199727736381685,0.08519655278855322,-0.035463432738230743,0.2985070541928979,0
666,main,ISE causal estimator,0.6514945843655021,0.625181044327265,-0.02631354003823716,0.09802463113792959,0.433052767296923,0.8173093213576069,1
666,main,Design erasure estimator,0.6514945843655021,1.0154315479289697,0.3639369635634676,0.11507570557285032,0.789883165006183,1.2409799308517564,0
666,main,Post index leakage estimator,0.6514945843655021,0.1598231087779147,-0.4916714755875874,0.09549229823154581,-0.027341795755915083,0.34698801331174445,0
666,main,Oracle prospective estimator,0.6514945843655021,0.6088895227612218,-0.04260506160428035,0.0977846244463127,0.41723165884644886,0.8005473866759947,1
667,main,Structured EHR estimator,0.6471823527098695,1.473082483458444,0.8259001307485745,0.14318504547970953,1.1924397943182132,1.7537251725986747,0
667,main,Naive AI estimator,0.6471823527098695,0.1755853237338683,-0.4715970289760012,0.09454968925423644,-0.009732067204435146,0.3609027146721717,0
667,main,ISE causal estimator,0.6471823527098695,0.8416881273114283,0.19450577460155882,0.11540487621238633,0.6154945699351511,1.0678816846877055,1
667,main,Design erasure estimator,0.6471823527098695,1.1913135948447076,0.5441312421348381,0.13685436253312064,0.9230790442797911,1.459548145409624,0
667,main,Post index leakage estimator,0.6471823527098695,0.13881304269661923,-0.5083693100132503,0.09865394599750534,-0.05454869145849123,0.3321747768517297,0
667,main,Oracle prospective estimator,0.6471823527098695,0.8183513196052387,0.1711689668953692,0.11365906837094314,0.59557954559819,1.0411230936122873,1
668,main,Structured EHR estimator,0.6411404389741372,1.35556358524765,0.7144231462735128,0.1449872927201539,1.0713884915161485,1.6397386789791515,0
668,main,Naive AI estimator,0.6411404389741372,0.05087944069500719,-0.59026099827913,0.09593447173033012,-0.13715212389643985,0.23891100528645423,0
668,main,ISE causal estimator,0.6411404389741372,0.692355942608761,0.051215503634623794,0.11873879646163914,0.4596279015439483,0.9250839836735737,1
668,main,Design erasure estimator,0.6411404389741372,1.013123866908423,0.37198342793428585,0.13139435142632355,0.755590938112829,1.2706567957040171,0
668,main,Post index leakage estimator,0.6411404389741372,0.060074380822986474,-0.5810660581511508,0.09943513468818387,-0.1348184831658539,0.25496724481182687,0
668,main,Oracle prospective estimator,0.6411404389741372,0.6652770310345149,0.02413659206037766,0.1173469097389197,0.4352770879462322,0.8952769741227975,1
669,main,Structured EHR estimator,0.652719937802953,1.5865398867581022,0.9338199489551492,0.12441239931209006,1.3426915841064058,1.8303881894097986,0
669,main,Naive AI estimator,0.652719937802953,0.3399291670710042,-0.31279077073194883,0.0829003236675916,0.17744453268252464,0.5024138014594837,0
669,main,ISE causal estimator,0.652719937802953,0.7560897224264361,0.10336978462348312,0.09852669498756904,0.5629774002508008,0.9492020446020715,1
669,main,Design erasure estimator,0.652719937802953,1.1419060635226486,0.48918612571969555,0.11434157632793816,0.9177965739198898,1.3660155531254072,0
669,main,Post index leakage estimator,0.652719937802953,0.39720435582350483,-0.2555155819794482,0.08649777979563375,0.22766870742406267,0.566740004222947,0
669,main,Oracle prospective estimator,0.652719937802953,0.7220050829122162,0.0692851451092632,0.09813113805911787,0.5296680523163452,0.9143421135080873,1
670,main,Structured EHR estimator,0.6440713161481666,1.4601476745480184,0.8160763583998518,0.13422309286657025,1.1970704125295408,1.723224936566496,0
670,main,Naive AI estimator,0.6440713161481666,0.172506213817255,-0.4715651023309116,0.09700217861693444,-0.017618056271936494,0.3626304839064465,0
670,main,ISE causal estimator,0.6440713161481666,0.6902709699361481,0.04619965378798152,0.11284344979326597,0.46909780834134684,0.9114441315309494,1
670,main,Design erasure estimator,0.6440713161481666,1.0082374555806413,0.36416613943247467,0.11455468767883135,0.7837102677301317,1.2327646434311508,0
670,main,Post index leakage estimator,0.6440713161481666,0.22438922406830256,-0.41968209207986407,0.10242014273522619,0.023645744307259214,0.42513270382934587,0
670,main,Oracle prospective estimator,0.6440713161481666,0.6592954482187249,0.015224132070558283,0.11204377939002629,0.4396896406142734,0.8789012558231764,1
671,main,Structured EHR estimator,0.6217252227866937,1.3926785955858736,0.7709533727991799,0.1348730980037448,1.1283273234985338,1.6570298676732134,0
671,main,Naive AI estimator,0.6217252227866937,0.2915268462786488,-0.33019837650804496,0.0982865366346086,0.09888523447481593,0.48416845808248166,0
671,main,ISE causal estimator,0.6217252227866937,0.8206935172078215,0.19896829442112773,0.11221423643599569,0.6007536137932699,1.040633420622373,1
671,main,Design erasure estimator,0.6217252227866937,1.060193745567477,0.4384685227807833,0.12373096593427274,0.8176810523363025,1.3027064387986516,0
671,main,Post index leakage estimator,0.6217252227866937,0.3000510605011624,-0.3216741622855313,0.10417340718210705,0.09587118242423262,0.5042309385780922,0
671,main,Oracle prospective estimator,0.6217252227866937,0.7946945055672644,0.17296928278057067,0.11090638219405079,0.5773179964669248,1.012071014667604,1
672,main,Structured EHR estimator,0.650346399381151,1.2508596885396206,0.6005132891584696,0.14276694028216755,0.9710364855865722,1.5306828914926691,0
672,main,Naive AI estimator,0.650346399381151,0.016298404570076263,-0.6340479948110748,0.08686664093888884,-0.15396021167014587,0.18655702081029837,0
672,main,ISE causal estimator,0.650346399381151,0.5934477934138599,-0.05689860596729113,0.1163126801844092,0.3654749402524179,0.8214206465753019,1
672,main,Design erasure estimator,0.650346399381151,0.9636109888184242,0.3132645894372732,0.12216646638362641,0.7241647147065164,1.203057262930332,0
672,main,Post index leakage estimator,0.650346399381151,0.02028374964016846,-0.6300626497409826,0.09056369353797923,-0.15722108969427082,0.19778858897460774,0
672,main,Oracle prospective estimator,0.650346399381151,0.5891750141119573,-0.061171385269193745,0.11432604425966485,0.3650959673630142,0.8132540608609004,1
673,main,Structured EHR estimator,0.6442054781986408,1.4465884728231302,0.8023829946244894,0.13142599713493502,1.1889935184386575,1.7041834272076029,0
673,main,Naive AI estimator,0.6442054781986408,0.09112771357764174,-0.5530777646209991,0.08605942742505027,-0.07754876417545678,0.2598041913307403,0
673,main,ISE causal estimator,0.6442054781986408,0.6743158142130818,0.03011033601444102,0.11082917836746559,0.45709062461284933,0.8915410038133144,1
673,main,Design erasure estimator,0.6442054781986408,1.0542317837199247,0.41002630552128383,0.12354866319446436,0.8120764038587744,1.2963871635810749,0
673,main,Post index leakage estimator,0.6442054781986408,0.10773785384737605,-0.5364676243512647,0.09040139467534314,-0.06944887971629649,0.2849245874110486,0
673,main,Oracle prospective estimator,0.6442054781986408,0.6506012015884844,0.006395723389843622,0.11065453695280615,0.4337183091609844,0.8674840940159845,1
674,main,Structured EHR estimator,0.6611184739666631,1.574108403805309,0.9129899298386459,0.14135458651161778,1.297053414242538,1.85116339336808,0
674,main,Naive AI estimator,0.6611184739666631,0.18937334372196166,-0.47174513024470144,0.08749463630680886,0.017883856560616307,0.360862830883307,0
674,main,ISE causal estimator,0.6611184739666631,0.7557858203321258,0.0946673463654627,0.09858996079270481,0.5625494971784244,0.9490221434858273,1
674,main,Design erasure estimator,0.6611184739666631,1.0800636015533591,0.418945127586696,0.11697885795710382,0.8507850399574357,1.3093421631492825,0
674,main,Post index leakage estimator,0.6611184739666631,0.19947035640055158,-0.46164811756611157,0.0963490083143214,0.010626300104481623,0.38831441269662154,0
674,main,Oracle prospective estimator,0.6611184739666631,0.7705689225495418,0.10945044858287867,0.09817967055202301,0.5781367682675767,0.9630010768315069,1
675,main,Structured EHR estimator,0.6203149645698527,1.3863594943913644,0.7660445298215117,0.15878143199442382,1.0751478876822937,1.697571101100435,0
675,main,Naive AI estimator,0.6203149645698527,0.13846648804393868,-0.481848476525914,0.09827575487680539,-0.054153991514599875,0.33108696760247724,0
675,main,ISE causal estimator,0.6203149645698527,0.6479727401479747,0.02765777557812199,0.11015837745710724,0.4320623203320445,0.8638831599639049,1
675,main,Design erasure estimator,0.6203149645698527,1.1272410228545546,0.5069260582847019,0.11688398649302532,0.898148409328225,1.3563336363808842,0
675,main,Post index leakage estimator,0.6203149645698527,0.046687961864330746,-0.5736270027055219,0.10640938419656286,-0.16187443116093245,0.2552503548895939,0
675,main,Oracle prospective estimator,0.6203149645698527,0.6418201360036718,0.021505171433819137,0.10996699994488754,0.4262848161116922,0.8573554558956514,1
676,main,Structured EHR estimator,0.6243798782932601,1.2661566784727651,0.641776800179505,0.13542367517264725,1.0007262751343764,1.5315870818111539,0
676,main,Naive AI estimator,0.6243798782932601,0.20758984333088204,-0.4167900349623781,0.0877359387244765,0.03562740343090809,0.379552283230856,0
676,main,ISE causal estimator,0.6243798782932601,0.6469152902792259,0.02253541198596576,0.10738640254980192,0.4364379412816142,0.8573926392768376,1
676,main,Design erasure estimator,0.6243798782932601,1.0735530266972104,0.4491731484039503,0.12258694455000471,0.8332826153792012,1.3138234380152196,0
676,main,Post index leakage estimator,0.6243798782932601,0.18816166487707398,-0.43621821341618616,0.09137489689141015,0.009066866969910076,0.36725646278423785,0
676,main,Oracle prospective estimator,0.6243798782932601,0.6068646264169846,-0.01751525187627556,0.10605941225353424,0.39898817840005746,0.8147410744339116,1
677,main,Structured EHR estimator,0.6526289084754472,1.457281109315307,0.8046522008398599,0.13173111275275579,1.1990881283199057,1.7154740903107084,0
677,main,Naive AI estimator,0.6526289084754472,0.2238857913533796,-0.4287431171220676,0.09684567855220508,0.03406826139105765,0.41370332131570153,0
677,main,ISE causal estimator,0.6526289084754472,0.8306041261486421,0.1779752176731949,0.1046549701618317,0.625480384631452,1.0357278676658321,1
677,main,Design erasure estimator,0.6526289084754472,1.1628769098653062,0.510248001389859,0.12077445136013658,0.9261589851994385,1.399594834531174,0
677,main,Post index leakage estimator,0.6526289084754472,0.21287685511727733,-0.43975205335816986,0.09991281120950583,0.017047745146645893,0.4087059650879088,0
677,main,Oracle prospective estimator,0.6526289084754472,0.8109629288092086,0.15833402033376143,0.10410265248698643,0.6069217299347152,1.015004127683702,1
678,main,Structured EHR estimator,0.6405781105215645,1.151904792997174,0.5113266824756094,0.13730793459955642,0.8827812411820434,1.4210283448123047,0
678,main,Naive AI estimator,0.6405781105215645,0.10306968832665411,-0.5375084221949105,0.09572292579921501,-0.0845472462398073,0.29068662289311553,0
678,main,ISE causal estimator,0.6405781105215645,0.6048337541697719,-0.03574435635179263,0.10344011953972544,0.40209111987191004,0.8075763884676338,1
678,main,Design erasure estimator,0.6405781105215645,0.8687436639336584,0.22816555341209388,0.11875150632870128,0.6359907115294039,1.101496616337913,1
678,main,Post index leakage estimator,0.6405781105215645,0.08430130767608196,-0.5562768028454825,0.10061403593182737,-0.11290220275029969,0.28150481810246364,0
678,main,Oracle prospective estimator,0.6405781105215645,0.5837493689823925,-0.056828741539172056,0.10303477045742156,0.3818012188858463,0.7856975190789387,1
679,main,Structured EHR estimator,0.6523170735368637,1.4046747557261943,0.7523576821893305,0.13789486777432022,1.1344008148885267,1.6749486965638618,0
679,main,Naive AI estimator,0.6523170735368637,0.1809037490683536,-0.47141332446851014,0.0988139794659547,-0.012771650684917618,0.3745791488216248,0
679,main,ISE causal estimator,0.6523170735368637,0.5833870213138286,-0.06893005222303517,0.11156949062897045,0.36471081968104646,0.8020632229466107,1
679,main,Design erasure estimator,0.6523170735368637,1.0755428633488582,0.42322578981199444,0.12656827151170427,0.8274690511859178,1.3236166755117986,0
679,main,Post index leakage estimator,0.6523170735368637,0.26875824084536737,-0.3835588326914964,0.10499203229756576,0.06297385754213847,0.47454262414859627,0
679,main,Oracle prospective estimator,0.6523170735368637,0.5919462243667857,-0.06037084917007807,0.11113180705593914,0.37412788253714496,0.8097645661964263,1
680,main,Structured EHR estimator,0.6363582267047256,1.3061154869326876,0.669757260227962,0.14487199381270885,1.0221663790597784,1.590064594805597,0
680,main,Naive AI estimator,0.6363582267047256,0.14716115313978348,-0.48919707356494213,0.09633227068868565,-0.04165009741004039,0.33597240368960735,0
680,main,ISE causal estimator,0.6363582267047256,0.670745262887573,0.03438703618284733,0.12111785986626739,0.4333542575496889,0.908136268225457,1
680,main,Design erasure estimator,0.6363582267047256,0.9612545678220966,0.324896341117371,0.13549185657794258,0.6956905289293291,1.226818606714864,0
680,main,Post index leakage estimator,0.6363582267047256,0.14931500592243463,-0.487043220782291,0.10039835181255793,-0.04746576363017893,0.3460957754750482,0
680,main,Oracle prospective estimator,0.6363582267047256,0.6630203205648405,0.026662093860114866,0.12040636020323368,0.4270238545665025,0.8990167865631785,1
681,main,Structured EHR estimator,0.6637600304001824,0.9055857052429478,0.2418256748427654,0.12884517780610238,0.6530491567429871,1.1581222537429086,1
681,main,Naive AI estimator,0.6637600304001824,-0.04943963229331445,-0.7131996626934969,0.09326397927709712,-0.2322370316764248,0.1333577670897959,0
681,main,ISE causal estimator,0.6637600304001824,0.36737173264506645,-0.29638829775511594,0.10607463445702657,0.1594654491092944,0.5752780161808385,0
681,main,Design erasure estimator,0.6637600304001824,0.7990706784286858,0.13531064802850346,0.12822773222153916,0.5477443232744691,1.0503970335829025,1
681,main,Post index leakage estimator,0.6637600304001824,-0.028185765048244733,-0.6919457954484272,0.09547237564281731,-0.21531162130816667,0.15894009121167718,0
681,main,Oracle prospective estimator,0.6637600304001824,0.35267670880922536,-0.31108332159095703,0.10656950859980277,0.14380047195361192,0.5615529456648388,0
682,main,Structured EHR estimator,0.6385882409633103,1.1397185296632788,0.5011302886999685,0.1344445201566207,0.8762072701563022,1.4032297891702554,0
682,main,Naive AI estimator,0.6385882409633103,-0.029713547011616742,-0.6683017879749271,0.09809447450365565,-0.2219787170387818,0.16255162301554832,0
682,main,ISE causal estimator,0.6385882409633103,0.47927704705220914,-0.1593111939111012,0.11430307593811302,0.2552430182135076,0.7033110758909107,1
682,main,Design erasure estimator,0.6385882409633103,0.9449853182589247,0.3063970772956144,0.1294727058118499,0.691218814867699,1.1987518216501505,0
682,main,Post index leakage estimator,0.6385882409633103,-0.00857310019984537,-0.6471613411631557,0.10104882826467823,-0.20662880359861469,0.18948260319892396,0
682,main,Oracle prospective estimator,0.6385882409633103,0.4510136025398197,-0.18757463842349065,0.11400314066109908,0.22756744684406552,0.6744597582355739,1
683,main,Structured EHR estimator,0.6388738510860482,1.2293744106527864,0.5905005595667382,0.1309933729400294,0.9726273996903287,1.486121421615244,0
683,main,Naive AI estimator,0.6388738510860482,0.13395936581949566,-0.5049144852665526,0.07921441868420744,-0.021300894801550896,0.2892196264405422,0
683,main,ISE causal estimator,0.6388738510860482,0.6120049177936894,-0.026868933292358843,0.10151269990656205,0.41304002597682776,0.810969809610551,1
683,main,Design erasure estimator,0.6388738510860482,0.9475535974570182,0.30867974637096995,0.12773567530894925,0.6971916738514776,1.1979155210625587,0
683,main,Post index leakage estimator,0.6388738510860482,0.17704603565866847,-0.4618278154273797,0.08545647438438604,0.009551345865271843,0.3445407254520651,0
683,main,Oracle prospective estimator,0.6388738510860482,0.6078001746600363,-0.031073676426011887,0.10097800184722819,0.4098832910394691,0.8057170582806036,1
684,main,Structured EHR estimator,0.6529515029138037,1.236438445101605,0.5834869421878014,0.136296087733261,0.9692981131444135,1.5035787770587965,0
684,main,Naive AI estimator,0.6529515029138037,0.07496701148923843,-0.5779844914245652,0.10104134923248977,-0.12307403300644151,0.2730080559849184,0
684,main,ISE causal estimator,0.6529515029138037,0.5760861632525953,-0.07686533966120834,0.1163720375876766,0.3479969695807492,0.8041753569244414,1
684,main,Design erasure estimator,0.6529515029138037,1.0314715139359416,0.37852001102213795,0.1234365926140573,0.7895357924123894,1.2734072354594939,0
684,main,Post index leakage estimator,0.6529515029138037,0.0709226371159645,-0.5820288657978392,0.11126809904088104,-0.14716283700416236,0.2890081112360914,0
684,main,Oracle prospective estimator,0.6529515029138037,0.5842817070897456,-0.06866979582405808,0.11586436183764202,0.3571875578879672,0.811375856291524,1
685,main,Structured EHR estimator,0.6575889803400268,1.687662198049873,1.0300732177098462,0.13277674162576236,1.4274197844633787,1.9479046116363672,0
685,main,Naive AI estimator,0.6575889803400268,0.22332829446515567,-0.4342606858748711,0.09481964113906573,0.037481797832586844,0.4091747910977245,0
685,main,ISE causal estimator,0.6575889803400268,0.7992501469661218,0.14166116662609507,0.10413033638618531,0.5951546876491987,1.003345606283045,1
685,main,Design erasure estimator,0.6575889803400268,1.3090973110292343,0.6515083306892075,0.11610523230623923,1.0815310557090054,1.5366635663494632,0
685,main,Post index leakage estimator,0.6575889803400268,0.2575320943156095,-0.40005688602441725,0.09984796627296151,0.06183008042060498,0.45323410821061405,0
685,main,Oracle prospective estimator,0.6575889803400268,0.7748830249242589,0.1172940445842321,0.10508624895937312,0.5689139769638876,0.9808520728846302,1
686,main,Structured EHR estimator,0.6408188580413401,1.5702951365380586,0.9294762784967185,0.1345090995854687,1.30665730135054,1.8339329717255772,0
686,main,Naive AI estimator,0.6408188580413401,0.19629976964592788,-0.4445190883954122,0.09103534804287079,0.01787048748190112,0.37472905180995464,0
686,main,ISE causal estimator,0.6408188580413401,0.6694505885427482,0.028631730501408104,0.11106337972154139,0.45176636428852707,0.8871348127969694,1
686,main,Design erasure estimator,0.6408188580413401,1.1531580654077012,0.5123392073663611,0.1205579283512542,0.9168645258392429,1.3894516049761594,0
686,main,Post index leakage estimator,0.6408188580413401,0.24485574450439984,-0.39596311353694025,0.09523579767731785,0.05819358105685685,0.43151790795194284,0
686,main,Oracle prospective estimator,0.6408188580413401,0.650865395957357,0.010046537916016951,0.10979017952699177,0.43567664408445317,0.8660541478302609,1
687,main,Structured EHR estimator,0.6725594091403737,1.6204276678697227,0.947868258729349,0.1455672768665046,1.3351158052113736,1.9057395305280718,0
687,main,Naive AI estimator,0.6725594091403737,0.37171367091353397,-0.30084573822683974,0.09815060174615797,0.17933849149106434,0.5640888503360035,0
687,main,ISE causal estimator,0.6725594091403737,0.9012229364887844,0.22866352734841067,0.1125223881414548,0.680679055731533,1.1217668172460358,0
687,main,Design erasure estimator,0.6725594091403737,1.2498951409913062,0.5773357318509325,0.13067451429535112,0.993773092972418,1.5060171890101943,0
687,main,Post index leakage estimator,0.6725594091403737,0.4154355817507238,-0.2571238273896499,0.10278058615268074,0.21398563289146957,0.6168855306099781,0
687,main,Oracle prospective estimator,0.6725594091403737,0.8985725002356095,0.22601309109523582,0.11382745847351096,0.675470681627528,1.121674318843691,0
688,main,Structured EHR estimator,0.6374006397584248,1.4941601785074001,0.8567595387489754,0.1363918490875869,1.22683215429573,1.7614882027190704,0
688,main,Naive AI estimator,0.6374006397584248,0.19554600814930284,-0.4418546316091219,0.08778537912933798,0.02348666505580041,0.36760535124280524,0
688,main,ISE causal estimator,0.6374006397584248,0.774502709600734,0.13710206984230922,0.099841659450304,0.5788130570781381,0.9701923621233298,1
688,main,Design erasure estimator,0.6374006397584248,1.2182259305164216,0.5808252907579968,0.11750087672551777,0.9879242121344067,1.4485276488984364,0
688,main,Post index leakage estimator,0.6374006397584248,0.1941241420052728,-0.4432764977531519,0.09561528136885221,0.006718190522322476,0.38153009348822314,0
688,main,Oracle prospective estimator,0.6374006397584248,0.7776526109072451,0.14025197114882038,0.09849718541072496,0.5845981275022243,0.970707094312266,1
689,main,Structured EHR estimator,0.6450569412640954,1.284844245231011,0.6397873039669155,0.140129228321281,1.0101909577213002,1.5594975327407217,0
689,main,Naive AI estimator,0.6450569412640954,0.03979766383852722,-0.6052592774255682,0.09079094737257325,-0.13815259301171634,0.2177479206887708,0
689,main,ISE causal estimator,0.6450569412640954,0.5240805801519749,-0.12097636111212051,0.10611466436527162,0.3160958379960426,0.7320653223079072,1
689,main,Design erasure estimator,0.6450569412640954,0.9885005082966772,0.34344356703258183,0.11488575418589886,0.7633244300923154,1.213676586501039,0
689,main,Post index leakage estimator,0.6450569412640954,0.058965822787772085,-0.5860911184763233,0.09805584871503353,-0.13322364069369363,0.25115528626923783,0
689,main,Oracle prospective estimator,0.6450569412640954,0.502060784061484,-0.14299615720261138,0.10523771303579035,0.2957948665113349,0.7083267016116331,1
690,main,Structured EHR estimator,0.6602525437604615,1.3908988399766344,0.7306462962161729,0.13784838219545753,1.1207160108735377,1.6610816690797312,0
690,main,Naive AI estimator,0.6602525437604615,-0.012245117478557976,-0.6724976612390194,0.09563834627199669,-0.1996962761716715,0.17520604121455555,0
690,main,ISE causal estimator,0.6602525437604615,0.5958716895234866,-0.06438085423697493,0.10543790057235848,0.38921340440166396,0.8025299746453092,1
690,main,Design erasure estimator,0.6602525437604615,1.0467225988676783,0.38647005510721677,0.1263241319247836,0.7991273002951025,1.294317897440254,0
690,main,Post index leakage estimator,0.6602525437604615,-0.029346648467378646,-0.6895991922278402,0.10394366888641618,-0.23307623948475434,0.17438294254999706,0
690,main,Oracle prospective estimator,0.6602525437604615,0.5745410800539957,-0.08571146370646576,0.10385759112830943,0.37098020144250926,0.7781019586654823,1
691,main,Structured EHR estimator,0.6717384334832646,1.3145922445824105,0.642853811099146,0.13811814186747468,1.0438806865221602,1.585303802642661,0
691,main,Naive AI estimator,0.6717384334832646,-0.0016527522489371666,-0.6733911857322017,0.09534565096672881,-0.18853022814372564,0.18522472364585132,0
691,main,ISE causal estimator,0.6717384334832646,0.6533091880823892,-0.018429245400875316,0.11497055597720557,0.42796689836706636,0.8786514777977121,1
691,main,Design erasure estimator,0.6717384334832646,0.9284319044725472,0.25669347098928263,0.12454116435363673,0.6843312223394192,1.1725325866056753,0
691,main,Post index leakage estimator,0.6717384334832646,-0.00720949765250788,-0.6789479311357725,0.09731289761192248,-0.19794277697187596,0.18352378166686018,0
691,main,Oracle prospective estimator,0.6717384334832646,0.6605052150870067,-0.011233218396257905,0.11502512584201181,0.4350559684366635,0.8859544617373498,1
692,main,Structured EHR estimator,0.6458033480816591,1.4567762991020952,0.8109729510204361,0.13803666651724736,1.1862244327282903,1.7273281654759,0
692,main,Naive AI estimator,0.6458033480816591,0.2809498129488666,-0.36485353513279245,0.09398720711738176,0.09673488699879837,0.46516473889893484,0
692,main,ISE causal estimator,0.6458033480816591,0.8665779083323968,0.22077456025073772,0.1134115014568111,0.644291365477047,1.0888644511877466,1
692,main,Design erasure estimator,0.6458033480816591,1.2489753888108863,0.6031720407292273,0.1286408118890278,0.9968393975083918,1.5011113801133809,0
692,main,Post index leakage estimator,0.6458033480816591,0.2863947550902152,-0.35940859299144384,0.09544090136321039,0.09933058841832287,0.4734589217621076,0
692,main,Oracle prospective estimator,0.6458033480816591,0.8376204985240964,0.1918171504424373,0.11408710260197329,0.6140097774242288,1.061231219623964,1
693,main,Structured EHR estimator,0.6107641303374605,1.2966604872402365,0.6858963569027761,0.14108094876304872,1.020141827664661,1.573179146815812,0
693,main,Naive AI estimator,0.6107641303374605,0.10068826338075838,-0.510075866956702,0.09866423413260335,-0.09269363551914418,0.29407016228066096,0
693,main,ISE causal estimator,0.6107641303374605,0.5672593502743934,-0.04350478006306702,0.12359488665536651,0.32501337242987505,0.8095053281189118,1
693,main,Design erasure estimator,0.6107641303374605,0.9700047880542612,0.3592406577168007,0.13421625729494824,0.7069409237561626,1.2330686523523597,0
693,main,Post index leakage estimator,0.6107641303374605,0.16508662218004427,-0.4456775081574162,0.10124798684986297,-0.03335943204568714,0.3635326764057757,0
693,main,Oracle prospective estimator,0.6107641303374605,0.5651415920679279,-0.04562253826953255,0.12306108479299353,0.3239418658736606,0.8063413182621952,1
694,main,Structured EHR estimator,0.6518833817626839,1.3312572429455367,0.6793738611828528,0.1398969323806506,1.0570592554794616,1.6054552304116119,0
694,main,Naive AI estimator,0.6518833817626839,0.10493370227691949,-0.5469496794857645,0.09647530751653831,-0.08415790045549558,0.29402530500933455,0
694,main,ISE causal estimator,0.6518833817626839,0.4591416483256556,-0.19274173343702827,0.11379230462597587,0.23610873125874293,0.6821745653925684,1
694,main,Design erasure estimator,0.6518833817626839,0.8701407469023337,0.21825736513964977,0.13165651253996563,0.612093982324001,1.1281875114806663,1
694,main,Post index leakage estimator,0.6518833817626839,0.2093840871512319,-0.442499294611452,0.10255725947215925,0.00837185858579978,0.410396315716664,0
694,main,Oracle prospective estimator,0.6518833817626839,0.42818871063457237,-0.22369467112811153,0.11188187123945326,0.20890024300524399,0.6474771782639007,0
695,main,Structured EHR estimator,0.6437120516579933,1.4187266610599614,0.7750146094019681,0.1385695945138869,1.1471302558127432,1.6903230663071795,0
695,main,Naive AI estimator,0.6437120516579933,0.059730885116245594,-0.5839811665417477,0.09023970170152142,-0.11713893021873638,0.23660070045122755,0
695,main,ISE causal estimator,0.6437120516579933,0.5929240552704,-0.05078799638759324,0.11670214924800561,0.36418784274430904,0.821660267796491,1
695,main,Design erasure estimator,0.6437120516579933,1.0412820964378213,0.39757004477982805,0.1358972485816342,0.7749234892178183,1.3076407036578244,0
695,main,Post index leakage estimator,0.6437120516579933,0.12785953204111147,-0.5158525196168818,0.0967217366706375,-0.06171507183333805,0.317434135915561,0
695,main,Oracle prospective estimator,0.6437120516579933,0.5508052288148529,-0.09290682284314034,0.11771174593233102,0.3200902067874841,0.7815202508422218,1
696,main,Structured EHR estimator,0.6438396723793404,1.4565761811929465,0.8127365088136062,0.13472583208953184,1.192513550297464,1.720638812088429,0
696,main,Naive AI estimator,0.6438396723793404,-0.03041987674018102,-0.6742595491195214,0.09930265593011547,-0.22505308236320734,0.16421332888284532,0
696,main,ISE causal estimator,0.6438396723793404,0.710163251847359,0.06632357946801859,0.12770668790242218,0.4598581435586115,0.9604683601361064,1
696,main,Design erasure estimator,0.6438396723793404,1.0865966234827007,0.44275695110336033,0.13865195292718033,0.8148387957454273,1.3583544512199741,0
696,main,Post index leakage estimator,0.6438396723793404,-0.01311638049714674,-0.6569560528764871,0.10064914681844224,-0.21038870826129355,0.18415594726700005,0
696,main,Oracle prospective estimator,0.6438396723793404,0.6918018511586743,0.04796217877933395,0.12744251798881914,0.4420145159005888,0.9415891864167598,1
697,main,Structured EHR estimator,0.6420057742985938,1.3199413512139708,0.677935576915377,0.14284771396180954,1.0399598318488241,1.5999228705791175,0
697,main,Naive AI estimator,0.6420057742985938,-0.02725318722500429,-0.6692589615235981,0.09371766534383359,-0.21093981129891815,0.15643343684890954,0
697,main,ISE causal estimator,0.6420057742985938,0.5249020287626858,-0.11710374553590808,0.12149887331478537,0.2867642370657064,0.7630398204596651,1
697,main,Design erasure estimator,0.6420057742985938,0.7714515654620532,0.12944579116345933,0.13598176682309995,0.5049273024887773,1.037975828435329,1
697,main,Post index leakage estimator,0.6420057742985938,0.008866166531202322,-0.6331396077673915,0.09804217585186596,-0.18329649813845497,0.2010288312008596,0
697,main,Oracle prospective estimator,0.6420057742985938,0.5204754915187466,-0.12153028277984723,0.12023282226374117,0.28481915988181394,0.7561318231556793,1
698,main,Structured EHR estimator,0.6266568072337088,1.4867794793025506,0.8601226720688419,0.13694817150263186,1.2183610631573922,1.755197895447709,0
698,main,Naive AI estimator,0.6266568072337088,0.1551698982321528,-0.471486909001556,0.08388489726935312,-0.009244500415779316,0.31958429688008494,0
698,main,ISE causal estimator,0.6266568072337088,0.6535320810581404,0.026875273824431667,0.11120747148914588,0.4355654369394145,0.8714987251768663,1
698,main,Design erasure estimator,0.6266568072337088,1.0854201465865758,0.45876333935286706,0.12317206040871417,0.8440029081854961,1.3268373849876556,0
698,main,Post index leakage estimator,0.6266568072337088,0.24809330708815472,-0.37856350014555407,0.0842207524800421,0.08302063222727221,0.4131659819490372,0
698,main,Oracle prospective estimator,0.6266568072337088,0.6430955879549602,0.01643878072125149,0.10932258015137275,0.4288233308582696,0.8573678450516509,1
699,main,Structured EHR estimator,0.6570228641293208,1.3033569335534236,0.6463340694241029,0.12504572015758797,1.0582673220445513,1.548446545062296,0
699,main,Naive AI estimator,0.6570228641293208,0.14708733992434692,-0.5099355242049739,0.09515587203526228,-0.039418169264767156,0.333592849113461,0
699,main,ISE causal estimator,0.6570228641293208,0.6376011801181951,-0.01942168401112565,0.1026639050530981,0.43637992621412286,0.8388224340222674,1
699,main,Design erasure estimator,0.6570228641293208,1.254741767601353,0.5977189034720323,0.11717837274995804,1.0250721570114352,1.484411378191271,0
699,main,Post index leakage estimator,0.6570228641293208,0.20984054702934765,-0.44718231709997314,0.10446708750129256,0.005085055526814236,0.4145960385318811,0
699,main,Oracle prospective estimator,0.6570228641293208,0.6567609269905608,-0.00026193713875999336,0.10327491775842312,0.4543420881840514,0.8591797657970701,1
700,main,Structured EHR estimator,0.6210492807273369,1.3869382613828376,0.7658889806555007,0.13157501830588955,1.129051225503294,1.6448252972623811,0
700,main,Naive AI estimator,0.6210492807273369,0.1369359847085169,-0.48411329601882,0.11237261605622152,-0.08331434276167729,0.3571863121787111,0
700,main,ISE causal estimator,0.6210492807273369,0.584870482176533,-0.03617879855080386,0.12071560475879074,0.34826789684930315,0.8214730675037629,1
700,main,Design erasure estimator,0.6210492807273369,0.9534855405953472,0.3324362598680103,0.13320403964400604,0.6924056228930954,1.2145654582975989,0
700,main,Post index leakage estimator,0.6210492807273369,0.21006742262432032,-0.4109818581030166,0.11519528646269904,-0.015715338842569787,0.43585018409121046,0
700,main,Oracle prospective estimator,0.6210492807273369,0.596400089878936,-0.024649190848400893,0.12018993887587394,0.36082780968222306,0.831972370075649,1
701,main,Structured EHR estimator,0.6642751407875805,1.3891571755898935,0.724882034802313,0.1440270591998757,1.1068641395581371,1.6714502116216499,0
701,main,Naive AI estimator,0.6642751407875805,0.3175481808554963,-0.34672695993208424,0.09261384173121283,0.13602505106231916,0.49907131064867344,0
701,main,ISE causal estimator,0.6642751407875805,0.6373010625728939,-0.02697407821468667,0.10768328373795921,0.42624182644649383,0.848360298699294,1
701,main,Design erasure estimator,0.6642751407875805,1.213867367762156,0.5495922269745755,0.1227312409390421,0.9733141355216336,1.4544206000026787,0
701,main,Post index leakage estimator,0.6642751407875805,0.3679860857587743,-0.29628905502880626,0.09721674995705164,0.1774412558429531,0.5585309156745955,0
701,main,Oracle prospective estimator,0.6642751407875805,0.6231550448242926,-0.04112009596328792,0.1061260195504787,0.41514804650535436,0.8311620431432309,1
702,main,Structured EHR estimator,0.6357986009986779,1.3100441525976114,0.6742455515989335,0.14282695456436326,1.0301033216514595,1.5899849835437634,0
702,main,Naive AI estimator,0.6357986009986779,0.0346207498152252,-0.6011778511834527,0.09292472329799317,-0.1475117078488414,0.2167532074792918,0
702,main,ISE causal estimator,0.6357986009986779,0.6559942340005201,0.02019563300184224,0.10872492750395969,0.44289337609275914,0.8690950919082812,1
702,main,Design erasure estimator,0.6357986009986779,0.9952211103284928,0.3594225093298149,0.12095332486964723,0.7581525935839842,1.2322896270730013,0
702,main,Post index leakage estimator,0.6357986009986779,0.014018452426005376,-0.6217801485726725,0.10065128347022412,-0.1832580631756339,0.21129496802764466,0
702,main,Oracle prospective estimator,0.6357986009986779,0.653330532461582,0.017531931462904105,0.10760818151298557,0.4424184966961303,0.8642425682270337,1
703,main,Structured EHR estimator,0.6356561892092013,1.5432310133732123,0.907574824164011,0.1371267923056308,1.274462500454176,1.8119995262922486,0
703,main,Naive AI estimator,0.6356561892092013,0.04491604863539896,-0.5907401405738023,0.09883596885245234,-0.14880245031540762,0.23863454758620556,0
703,main,ISE causal estimator,0.6356561892092013,0.5795527621039929,-0.05610342710520844,0.10615830289922326,0.37148248842151527,0.7876230357864704,1
703,main,Design erasure estimator,0.6356561892092013,0.9973354176408733,0.361679228431672,0.12410124068995354,0.7540969858885643,1.2405738493931822,0
703,main,Post index leakage estimator,0.6356561892092013,0.09226895640838097,-0.5433872328008204,0.1119632466411902,-0.12717900700835183,0.31171691982511374,0
703,main,Oracle prospective estimator,0.6356561892092013,0.5762257144961197,-0.059430474713081605,0.10702833080854028,0.36645018611138075,0.7860012428808587,1
704,main,Structured EHR estimator,0.647298002848027,1.339098234113985,0.691800231265958,0.1406105395423463,1.063501576610986,1.6146948916169839,0
704,main,Naive AI estimator,0.647298002848027,0.004193816096588116,-0.6431041867514389,0.09936876604094108,-0.1905689653436564,0.19895659753683262,0
704,main,ISE causal estimator,0.647298002848027,0.5476899810753556,-0.09960802177267136,0.11978738035452201,0.31290671558049243,0.7824732465702188,1
704,main,Design erasure estimator,0.647298002848027,0.8685513629422633,0.22125336009423635,0.13201771848024835,0.6097966347209766,1.12730609116355,1
704,main,Post index leakage estimator,0.647298002848027,0.07095306431842337,-0.5763449385296036,0.10326871731483793,-0.13145362161865898,0.2733597502555057,0
704,main,Oracle prospective estimator,0.647298002848027,0.5394382103316686,-0.10785979251635835,0.11834433690786678,0.3074833099922497,0.7713931106710875,1
705,main,Structured EHR estimator,0.6551084145172936,1.590252392064747,0.9351439775474533,0.14142434247387156,1.3130606808159586,1.8674441033135352,0
705,main,Naive AI estimator,0.6551084145172936,0.12485319230344874,-0.5302552222138449,0.09613511585535792,-0.06357163477305278,0.31327801937995026,0
705,main,ISE causal estimator,0.6551084145172936,0.5422749982273979,-0.11283341628989574,0.11742134217666099,0.31212916756114234,0.7724208288936534,1
705,main,Design erasure estimator,0.6551084145172936,1.0482722388679495,0.3931638243506559,0.1331925101612717,0.7872149189518569,1.3093295587840421,0
705,main,Post index leakage estimator,0.6551084145172936,0.23748135470791668,-0.417627059809377,0.10361356068954293,0.034398775756412536,0.4405639336594208,0
705,main,Oracle prospective estimator,0.6551084145172936,0.513738515066963,-0.14136989945033063,0.11525292688149326,0.2878427783792362,0.7396342517546898,1
706,main,Structured EHR estimator,0.6641926269216338,1.4378960570575097,0.7737034301358758,0.14118092665356774,1.1611814408165169,1.7146106732985025,0
706,main,Naive AI estimator,0.6641926269216338,0.1657454243931834,-0.49844720252845043,0.09028610441213075,-0.011215340254592865,0.3427061890409597,0
706,main,ISE causal estimator,0.6641926269216338,0.6828699402977184,0.01867731337608458,0.1088881212147725,0.4694492227167643,0.8962906578786725,1
706,main,Design erasure estimator,0.6641926269216338,0.9870712359193456,0.3228786089977118,0.1190415886323294,0.75374972219998,1.2203927496387112,0
706,main,Post index leakage estimator,0.6641926269216338,0.16766509168296803,-0.4965275352386658,0.09844071656462737,-0.025278712783701612,0.36060889614963765,0
706,main,Oracle prospective estimator,0.6641926269216338,0.6782914792101535,0.014098852288519703,0.10815876245935047,0.46630030478982665,0.8902826536304804,1
707,main,Structured EHR estimator,0.6471280360587068,1.4150822902046645,0.7679542541459576,0.13317863583791378,1.1540521639623535,1.6761124164469754,0
707,main,Naive AI estimator,0.6471280360587068,0.08237855478988372,-0.5647494812688231,0.09899758021080475,-0.11165670242329358,0.27641381200306103,0
707,main,ISE causal estimator,0.6471280360587068,0.6933681111797784,0.04624007512107153,0.11068420894696847,0.4764270616437202,0.9103091607158366,1
707,main,Design erasure estimator,0.6471280360587068,1.0662645920274296,0.4191365559687228,0.12293835908222565,0.8253054082262674,1.3072237758285918,0
707,main,Post index leakage estimator,0.6471280360587068,0.10982945905951444,-0.5372985769991924,0.10637044728577102,-0.09865661762059677,0.3183155357396257,0
707,main,Oracle prospective estimator,0.6471280360587068,0.6647465489162127,0.01761851285750582,0.10968622473691758,0.44976154843185423,0.8797315494005711,1
708,main,Structured EHR estimator,0.6450345561274357,1.4363900910822425,0.7913555349548068,0.13559474567551846,1.1706243895582262,1.7021557926062587,0
708,main,Naive AI estimator,0.6450345561274357,0.05740273964381418,-0.5876318164836215,0.09606191198374403,-0.13087860784432412,0.24568408713195247,0
708,main,ISE causal estimator,0.6450345561274357,0.6128270740220221,-0.032207482105413576,0.10947284523327803,0.3982602973647971,0.8273938506792471,1
708,main,Design erasure estimator,0.6450345561274357,0.9710533313818049,0.3260187752543693,0.13137548834089083,0.713557374233659,1.228549288529951,0
708,main,Post index leakage estimator,0.6450345561274357,0.09085916952671093,-0.5541753866007247,0.10056982876677702,-0.10625769485617202,0.28797603390959386,0
708,main,Oracle prospective estimator,0.6450345561274357,0.606134688669145,-0.03889986745829066,0.10906991293084155,0.3923576593246956,0.8199117180135944,1
709,main,Structured EHR estimator,0.647164932788955,1.4379826224010293,0.7908176896120742,0.1427207504813599,1.158249951457564,1.7177152933444946,0
709,main,Naive AI estimator,0.647164932788955,0.15315699436703037,-0.4940079384219247,0.09958833076468891,-0.042036133931759895,0.34835012266582066,0
709,main,ISE causal estimator,0.647164932788955,0.6854917486786712,0.038326815889716204,0.11342190531453547,0.4631848142621817,0.9077986830951608,1
709,main,Design erasure estimator,0.647164932788955,1.08033903785955,0.43317410507059506,0.1295238038536242,0.8264723823064467,1.3342056934126534,0
709,main,Post index leakage estimator,0.647164932788955,0.15570891202515488,-0.4914560207638001,0.10445739941881953,-0.04902759083573138,0.36044541488604115,0
709,main,Oracle prospective estimator,0.647164932788955,0.6989693259584671,0.05180439316951202,0.11467324768646577,0.4742097604929941,0.92372889142394,1
710,main,Structured EHR estimator,0.654411900888531,1.215610012778743,0.5611981118902121,0.14058494031140764,0.9400635297683841,1.491156495789102,0
710,main,Naive AI estimator,0.654411900888531,0.03385182765167,-0.620560073236861,0.09516468878774023,-0.15267096237230085,0.22037461767564084,0
710,main,ISE causal estimator,0.654411900888531,0.5838067327472756,-0.07060516814125539,0.112013830231935,0.364259625492683,0.8033538400018682,1
710,main,Design erasure estimator,0.654411900888531,0.855201315627716,0.200789414739185,0.13087245410746812,0.5986913055770784,1.1117113256783535,1
710,main,Post index leakage estimator,0.654411900888531,0.021168714092703166,-0.6332431867958278,0.10095950848777831,-0.1767119225433423,0.21904935072874862,0
710,main,Oracle prospective estimator,0.654411900888531,0.5637871193745877,-0.09062478151394326,0.11125689060953861,0.345723613779892,0.7818506249692834,1
711,main,Structured EHR estimator,0.6523465525517538,1.3964273270038892,0.7440807744521354,0.13197722046440158,1.137751974893662,1.6551026791141163,0
711,main,Naive AI estimator,0.6523465525517538,0.204014245370691,-0.44833230718106276,0.0871281076839947,0.03324315431006136,0.3747853364313206,0
711,main,ISE causal estimator,0.6523465525517538,0.7477248858082134,0.09537833325645961,0.10708914166254778,0.5378301681496198,0.957619603466807,1
711,main,Design erasure estimator,0.6523465525517538,0.9536879411090655,0.30134138855731174,0.12466885011237121,0.709336994888818,1.198038887329313,0
711,main,Post index leakage estimator,0.6523465525517538,0.25622211679785917,-0.3961244357538946,0.09323176362358253,0.0734878600956374,0.43895637350008093,0
711,main,Oracle prospective estimator,0.6523465525517538,0.7339056417667204,0.08155908921496657,0.10730470201894107,0.5235884258095959,0.9442228577238448,1
712,main,Structured EHR estimator,0.6263707165270286,1.3231955624937048,0.6968248459666763,0.13447158638115092,1.059631253186649,1.5867598718007607,0
712,main,Naive AI estimator,0.6263707165270286,-0.08384121583826941,-0.710211932365298,0.09557320091105174,-0.2711646896239308,0.103482257947392,0
712,main,ISE causal estimator,0.6263707165270286,0.55199437574949,-0.07437634077753863,0.11549031405992022,0.32563336019204636,0.7783553913069335,1
712,main,Design erasure estimator,0.6263707165270286,0.9472713192451236,0.32090060271809506,0.12283805285692571,0.7065087356455493,1.188033902844698,0
712,main,Post index leakage estimator,0.6263707165270286,-0.045002038186897776,-0.6713727547139263,0.10193470789516652,-0.24479406566142414,0.1547899892876286,0
712,main,Oracle prospective estimator,0.6263707165270286,0.5472793800868457,-0.07909133644018285,0.11496855483049606,0.3219410126190735,0.772617747554618,1
713,main,Structured EHR estimator,0.6332950568991987,1.413598072468543,0.7803030155693443,0.14148162548703086,1.1362940865139626,1.6909020584231236,0
713,main,Naive AI estimator,0.6332950568991987,0.2872331506557856,-0.34606190624341315,0.08444673785131565,0.12171754446720692,0.4527487568443642,0
713,main,ISE causal estimator,0.6332950568991987,0.7163173831863084,0.0830223262871097,0.10725445362031004,0.5060986540905008,0.9265361122821161,1
713,main,Design erasure estimator,0.6332950568991987,1.0371680027671655,0.40387294586796674,0.11740453104626149,0.807055121916493,1.267280883617838,0
713,main,Post index leakage estimator,0.6332950568991987,0.2972724227091112,-0.33602263419008754,0.08787164145635973,0.12504400545464614,0.4695008399635763,0
713,main,Oracle prospective estimator,0.6332950568991987,0.6994540227294436,0.06615896583024483,0.10696441862176329,0.48980376223078753,0.9091042832280996,1
714,main,Structured EHR estimator,0.6584258248166573,1.403066146192579,0.7446403213759217,0.13868858594539146,1.1312365177396118,1.6748957746455464,0
714,main,Naive AI estimator,0.6584258248166573,0.21946370671292337,-0.438962118103734,0.09052246375656897,0.04203967775004819,0.39688773567579855,0
714,main,ISE causal estimator,0.6584258248166573,0.7123579532838794,0.05393212846722206,0.10742573589699767,0.501803510925764,0.9229123956419948,1
714,main,Design erasure estimator,0.6584258248166573,1.045417106366731,0.3869912815500737,0.12811773633184304,0.7943063431563187,1.2965278695771434,0
714,main,Post index leakage estimator,0.6584258248166573,0.23991950947765553,-0.41850631533900184,0.09910608639650414,0.0456715801405074,0.4341674388148037,0
714,main,Oracle prospective estimator,0.6584258248166573,0.7304819547181678,0.07205612990151045,0.10668925146453372,0.5213710218476817,0.9395928875886539,1
715,main,Structured EHR estimator,0.6440005403116056,1.1494056349088484,0.5054050945972428,0.14825131138465447,0.8588330645949256,1.4399782052227712,0
715,main,Naive AI estimator,0.6440005403116056,0.12600919426992813,-0.5179913460416774,0.09382995189715033,-0.05789751144848654,0.3099158999883428,0
715,main,ISE causal estimator,0.6440005403116056,0.5048677341569219,-0.1391328061546837,0.110819681100693,0.2876611591995636,0.7220743091142802,1
715,main,Design erasure estimator,0.6440005403116056,0.8039101244174109,0.15990958410580536,0.12926653590539788,0.5505477140428311,1.057272534791991,1
715,main,Post index leakage estimator,0.6440005403116056,0.1635660531059279,-0.4804344872056777,0.10253627052551154,-0.037405037124074725,0.3645371433359305,0
715,main,Oracle prospective estimator,0.6440005403116056,0.5046563285906334,-0.13934421172097222,0.11019102308667503,0.2886819233407503,0.7206307338405165,1
716,main,Structured EHR estimator,0.6454090337974062,1.6697265151850396,1.0243174813876332,0.13806126988196,1.399126426216398,1.940326604153681,0
716,main,Naive AI estimator,0.6454090337974062,0.22374664391769647,-0.4216623898797097,0.09977317805884585,0.0281912149223586,0.41930207291303434,0
716,main,ISE causal estimator,0.6454090337974062,0.940585268693941,0.2951762348965348,0.11142840238156604,0.7221856000260716,1.1589849373618104,0
716,main,Design erasure estimator,0.6454090337974062,1.37237048632616,0.7269614525287539,0.12925285248531657,1.1190348954549396,1.6257060771973806,0
716,main,Post index leakage estimator,0.6454090337974062,0.22399705176077012,-0.4214119820366361,0.10291136732209483,0.02229077180946426,0.42570333171207597,0
716,main,Oracle prospective estimator,0.6454090337974062,0.920080678401951,0.27467164460454474,0.11166474093200002,0.7012177861752309,1.138943570628671,0
717,main,Structured EHR estimator,0.636400738807859,1.2449876534042201,0.6085869145963612,0.13610815485015626,0.9782156698979139,1.5117596369105264,0
717,main,Naive AI estimator,0.636400738807859,0.24823408460600319,-0.3881666542018558,0.09203975389403993,0.06783616697368494,0.42863200223832143,0
717,main,ISE causal estimator,0.636400738807859,0.626762630115645,-0.009638108692213931,0.1069185818321862,0.4172022097245601,0.83632305050673,1
717,main,Design erasure estimator,0.636400738807859,0.9138355084304193,0.2774347696225603,0.120585997277669,0.6774869537661881,1.1501840630946505,0
717,main,Post index leakage estimator,0.636400738807859,0.2914508076817368,-0.34494993112612216,0.09738094370304445,0.10058415802376969,0.48231745733970394,0
717,main,Oracle prospective estimator,0.636400738807859,0.6116978225376424,-0.02470291627021659,0.10848385933853996,0.39906945823410406,0.8243261868411806,1
718,main,Structured EHR estimator,0.6412641269989336,1.4505818413502538,0.8093177143513202,0.14208600649159175,1.172093268626734,1.7290704140737736,0
718,main,Naive AI estimator,0.6412641269989336,0.16460726664356584,-0.4766568603553678,0.0889881608451991,-0.009809528613024393,0.3390240619001561,0
718,main,ISE causal estimator,0.6412641269989336,0.6853813317343248,0.04411720473539116,0.11180264123126141,0.4662481549210524,0.9045145085475972,1
718,main,Design erasure estimator,0.6412641269989336,1.0811611338492075,0.4398970068502739,0.1255425389998113,0.8350977574095774,1.3272245102888376,0
718,main,Post index leakage estimator,0.6412641269989336,0.21259082944522562,-0.42867329755370803,0.09360071110954908,0.02913343567050941,0.3960482232199418,0
718,main,Oracle prospective estimator,0.6412641269989336,0.6768331722897808,0.035569045290847146,0.11082330567009567,0.4596194931763933,0.8940468514031683,1
719,main,Structured EHR estimator,0.6487228210239278,1.4758074210191563,0.8270845999952285,0.13760758360959327,1.2060965571443534,1.7455182848939592,0
719,main,Naive AI estimator,0.6487228210239278,0.23262216073670341,-0.41610066028722437,0.09380150246739064,0.04877121590061778,0.41647310557278905,0
719,main,ISE causal estimator,0.6487228210239278,0.7472234845107959,0.09850066348686815,0.11031183055199317,0.5310122966288893,0.9634346723927025,1
719,main,Design erasure estimator,0.6487228210239278,1.0834825199173352,0.4347596988934075,0.11721469867771132,0.853741710509021,1.3132233293256494,0
719,main,Post index leakage estimator,0.6487228210239278,0.22308849283119245,-0.4256343281927353,0.10344219709455355,0.02034178652586749,0.4258351991365174,0
719,main,Oracle prospective estimator,0.6487228210239278,0.7220842158852527,0.07336139486132498,0.10865176313581074,0.5091267601390637,0.9350416716314418,1
720,main,Structured EHR estimator,0.6504219751347602,1.3850997977701076,0.7346778226353474,0.14320022019185644,1.1044273661940691,1.665772229346146,0
720,main,Naive AI estimator,0.6504219751347602,0.30699859155943116,-0.34342338357532903,0.09907629297974899,0.11280905731912313,0.5011881257997391,0
720,main,ISE causal estimator,0.6504219751347602,0.7450611422096521,0.09463916707489195,0.11268615560674008,0.5241962772204416,0.9659260071988627,1
720,main,Design erasure estimator,0.6504219751347602,1.0314589634941551,0.3810369883593949,0.1301808250883329,0.7763045463210226,1.2866133806672875,0
720,main,Post index leakage estimator,0.6504219751347602,0.31228948743700463,-0.33813248769775556,0.10396353491234221,0.1085209590088139,0.5160580158651954,0
720,main,Oracle prospective estimator,0.6504219751347602,0.7275930333488694,0.07717105821410919,0.11246827975478993,0.5071552050294811,0.9480308616682577,1
721,main,Structured EHR estimator,0.6465543971824623,1.3247154130318861,0.6781610158494238,0.1338167643188005,1.062434554967037,1.5869962710967351,0
721,main,Naive AI estimator,0.6465543971824623,0.12035168975372636,-0.526202707428736,0.07873940506301723,-0.03397754416978742,0.2746809236772401,0
721,main,ISE causal estimator,0.6465543971824623,0.6162289643726215,-0.03032543280984079,0.09930736397539948,0.42158653098083854,0.8108713977644045,1
721,main,Design erasure estimator,0.6465543971824623,0.9331531481498803,0.28659875096741794,0.11802632016614124,0.7018215606242434,1.164484735675517,0
721,main,Post index leakage estimator,0.6465543971824623,0.1476094817058297,-0.49894491547663267,0.08531429637409503,-0.019606539187396577,0.31482550259905595,0
721,main,Oracle prospective estimator,0.6465543971824623,0.5925507687473512,-0.054003628435111084,0.09840375423775562,0.39967941044135025,0.7854221270533522,1
722,main,Structured EHR estimator,0.6335965203156767,1.2617487872150266,0.6281522668993499,0.14906469311524392,0.9695819887091486,1.5539155857209046,0
722,main,Naive AI estimator,0.6335965203156767,0.17127980254791628,-0.4623167177677604,0.08973937937043526,-0.004609381018136821,0.3471689861139694,0
722,main,ISE causal estimator,0.6335965203156767,0.6251978311848906,-0.008398689130786119,0.10878886570071299,0.41197165441149314,0.8384240079582881,1
722,main,Design erasure estimator,0.6335965203156767,0.9090611258750163,0.2754646055593396,0.12555013510988075,0.66298286105965,1.1551393906903826,0
722,main,Post index leakage estimator,0.6335965203156767,0.15431108943836494,-0.4792854308773118,0.09604325334033426,-0.033933687108690186,0.3425558659854201,0
722,main,Oracle prospective estimator,0.6335965203156767,0.6108477789295922,-0.022748741386084514,0.1083730256113436,0.39843664873135876,0.8232589091278256,1
723,main,Structured EHR estimator,0.6426446733694451,1.4364474006573298,0.7938027272878847,0.13424489505456227,1.1733274063503878,1.6995673949642718,0
723,main,Naive AI estimator,0.6426446733694451,0.2740385928697764,-0.3686060804996687,0.09165648666957554,0.09439187899740833,0.45368530674214447,0
723,main,ISE causal estimator,0.6426446733694451,0.7282387348758241,0.08559406150637905,0.11200504061624572,0.5087088552679825,0.9477686144836658,1
723,main,Design erasure estimator,0.6426446733694451,0.9875192307348967,0.3448745573654516,0.1227025663956498,0.747022200599423,1.2280162608703702,0
723,main,Post index leakage estimator,0.6426446733694451,0.31729301410967037,-0.3253516592597747,0.09482203781351618,0.13144181999517865,0.5031442082241621,0
723,main,Oracle prospective estimator,0.6426446733694451,0.692910316678957,0.05026564330951189,0.11086631245525588,0.47561234426665544,0.9102082890912585,1
724,main,Structured EHR estimator,0.6366096466858208,1.3751033188151551,0.7384936721293344,0.13861840179991097,1.1034112512873295,1.6467953863429807,0
724,main,Naive AI estimator,0.6366096466858208,0.17465225724929673,-0.46195738943652404,0.08490951217774889,0.008229613380908912,0.34107490111768457,0
724,main,ISE causal estimator,0.6366096466858208,0.6401046218838119,0.0034949751979911348,0.10624014077724414,0.4318739459604134,0.8483352978072104,1
724,main,Design erasure estimator,0.6366096466858208,0.9532807803213715,0.31667113363555077,0.12807927716673584,0.7022453970745692,1.2043161635681738,0
724,main,Post index leakage estimator,0.6366096466858208,0.2484445250678234,-0.3881651216179973,0.09230880244329402,0.06751927227896715,0.4293697778566797,0
724,main,Oracle prospective estimator,0.6366096466858208,0.6243343459139187,-0.012275300771902087,0.10551672467142442,0.4175215655579268,0.8311471262699106,1
725,main,Structured EHR estimator,0.651841164840673,1.241441897930044,0.5896007330893709,0.15259318343800024,0.9423592583915634,1.5405245374685244,0
725,main,Naive AI estimator,0.651841164840673,-0.05399021913168503,-0.705831383972358,0.08932886826356114,-0.22907480092826485,0.12109436266489479,0
725,main,ISE causal estimator,0.651841164840673,0.39949794513648457,-0.25234321970418844,0.10861473384189427,0.1866130668063718,0.6123828234665973,0
725,main,Design erasure estimator,0.651841164840673,0.8279786977865634,0.1761375329458904,0.13557352000236808,0.5622545985819221,1.0937027969912048,1
725,main,Post index leakage estimator,0.651841164840673,-0.021032492077889087,-0.672873656918562,0.09563264732254577,-0.2084724808300788,0.1664074966743006,0
725,main,Oracle prospective estimator,0.651841164840673,0.4147393469716152,-0.23710181786905782,0.10892073154729928,0.2012547131389086,0.6282239808043217,0
726,main,Structured EHR estimator,0.6562441786335195,1.376725193088321,0.7204810144548016,0.14400238783903863,1.0944805129238053,1.6589698732528368,0
726,main,Naive AI estimator,0.6562441786335195,0.19007837663139224,-0.4661658020021272,0.11134122249883321,-0.028150419466320853,0.4083071727291053,0
726,main,ISE causal estimator,0.6562441786335195,0.6913148978784461,0.03507071924492666,0.12087363761973323,0.454402568143769,0.9282272276131233,1
726,main,Design erasure estimator,0.6562441786335195,1.1127390241898443,0.4564948455563248,0.13490535280626273,0.8483245326895693,1.3771535156901193,0
726,main,Post index leakage estimator,0.6562441786335195,0.1835833888706781,-0.47266078976284137,0.11653620701936003,-0.044827576887267545,0.41199435462862377,0
726,main,Oracle prospective estimator,0.6562441786335195,0.695371493625733,0.03912731499221356,0.1216739828993208,0.45689048714306424,0.9338525001084018,1
727,main,Structured EHR estimator,0.6206944010784915,1.2843484865026238,0.6636540854241323,0.13636437561964768,1.0170743102881143,1.5516226627171332,0
727,main,Naive AI estimator,0.6206944010784915,0.18821038287679717,-0.43248401820169435,0.08947353352643113,0.012842257164992155,0.3635785085886022,0
727,main,ISE causal estimator,0.6206944010784915,0.7306907599873762,0.1099963589088847,0.10255358678865317,0.529685729881616,0.9316957900931364,1
727,main,Design erasure estimator,0.6206944010784915,1.017504338687875,0.39680993760938355,0.1288573320341426,0.7649439679009555,1.2700647094747946,0
727,main,Post index leakage estimator,0.6206944010784915,0.1774458860038068,-0.44324851507468466,0.0937806132722691,-0.0063641160098406035,0.36125588801745423,0
727,main,Oracle prospective estimator,0.6206944010784915,0.7062316094979523,0.08553720841946078,0.10202033151300713,0.5062717597324583,0.9061914592634462,1
728,main,Structured EHR estimator,0.6400873382360377,1.3267528737094574,0.6866655354734197,0.13765712031164004,1.056944917898643,1.5965608295202718,0
728,main,Naive AI estimator,0.6400873382360377,0.11894447740197278,-0.5211428608340649,0.09030684502998655,-0.058056938856800855,0.2959458936607464,0
728,main,ISE causal estimator,0.6400873382360377,0.5743957971203097,-0.06569154111572795,0.11025666989034615,0.3582927241352313,0.7904988701053882,1
728,main,Design erasure estimator,0.6400873382360377,1.03493002871852,0.3948426904824822,0.13050504764329415,0.7791401353376634,1.2907199220993766,0
728,main,Post index leakage estimator,0.6400873382360377,0.2109340620436605,-0.4291532761923772,0.09940391798741546,0.01610238278832618,0.4057657412989948,0
728,main,Oracle prospective estimator,0.6400873382360377,0.5626696775875492,-0.07741766064848854,0.11012739981921674,0.34681997394188435,0.778519381233214,1
729,main,Structured EHR estimator,0.6396015841250905,1.3294919080882435,0.689890323963153,0.1289466487773221,1.0767564764846922,1.5822273396917947,0
729,main,Naive AI estimator,0.6396015841250905,0.15171627371142338,-0.4878853104136671,0.08459377628668509,-0.014087527810479394,0.31752007523332615,0
729,main,ISE causal estimator,0.6396015841250905,0.6122397110413961,-0.02736187308369442,0.1080755043472021,0.40041172252088,0.8240676995619122,1
729,main,Design erasure estimator,0.6396015841250905,0.8702999686079147,0.2306983844828242,0.11888024953591914,0.6372946795175132,1.1033052576983162,1
729,main,Post index leakage estimator,0.6396015841250905,0.18431248653638768,-0.45528909758870284,0.08957101601101146,0.008753295154805218,0.35987167791797015,0
729,main,Oracle prospective estimator,0.6396015841250905,0.5927051365797152,-0.04689644754537525,0.10883063516574885,0.3793970916548475,0.806013181504583,1
730,main,Structured EHR estimator,0.6543131330324706,1.4267172054867816,0.772404072454311,0.1384007546121727,1.155451726446923,1.6979826845266401,0
730,main,Naive AI estimator,0.6543131330324706,0.19339510685625003,-0.4609180261762206,0.1105720105819384,-0.02332603388434923,0.4101162475968493,0
730,main,ISE causal estimator,0.6543131330324706,0.7512769452716515,0.09696381223918082,0.1336851252084544,0.4892540998630808,1.0132997906802221,1
730,main,Design erasure estimator,0.6543131330324706,1.1744037006996975,0.5200905676672268,0.13635298517060854,0.9071518497653047,1.4416555516340903,0
730,main,Post index leakage estimator,0.6543131330324706,0.23229197769693613,-0.4220211553355345,0.1110507124745948,0.014632581246730308,0.4499513741471419,0
730,main,Oracle prospective estimator,0.6543131330324706,0.733489453808884,0.07917632077641334,0.13386427188452865,0.47111548091520783,0.9958634267025601,1
731,main,Structured EHR estimator,0.6540081691382693,1.4367030211282399,0.7826948519899706,0.1355505747365877,1.1710238946445282,1.7023821476119516,0
731,main,Naive AI estimator,0.6540081691382693,0.24694832904449943,-0.4070598400937699,0.10337955447772076,0.044324402268166724,0.44957225582083216,0
731,main,ISE causal estimator,0.6540081691382693,0.698161386869938,0.04415321773166869,0.10674509045274025,0.48894100958256714,0.9073817641573089,1
731,main,Design erasure estimator,0.6540081691382693,0.9996352318877381,0.34562706274946875,0.12937284896320123,0.7460644479198637,1.2532060158556124,0
731,main,Post index leakage estimator,0.6540081691382693,0.2569232272406074,-0.3970849418976619,0.10890214396576085,0.04347502506771614,0.47037142941349863,0
731,main,Oracle prospective estimator,0.6540081691382693,0.6882702103085784,0.034262041170309065,0.1061378876201021,0.48023995057317825,0.8963004700439785,1
732,main,Structured EHR estimator,0.6297992832638218,1.5206074359024997,0.8908081526386779,0.13918560879752312,1.2478036426593544,1.793411229145645,0
732,main,Naive AI estimator,0.6297992832638218,0.12352331199758507,-0.5062759712662368,0.08965763616766874,-0.05220565489104567,0.2992522788862158,0
732,main,ISE causal estimator,0.6297992832638218,0.5903493888284789,-0.03944989443534297,0.10759869970109158,0.37945593741433936,0.8012428402426184,1
732,main,Design erasure estimator,0.6297992832638218,0.9300499425435758,0.3002506592797539,0.11985483715489689,0.6951344617199778,1.1649654233671736,0
732,main,Post index leakage estimator,0.6297992832638218,0.20449539168011896,-0.42530389158370285,0.09934380062055624,0.00978154246382873,0.3992092408964092,0
732,main,Oracle prospective estimator,0.6297992832638218,0.5560190697660689,-0.07378021349775299,0.1062576151095507,0.3477541441513495,0.7642839953807883,1
733,main,Structured EHR estimator,0.6346387872575803,1.5035476807690817,0.8689088935115015,0.1311772558708829,1.2464402592621513,1.7606551022760122,0
733,main,Naive AI estimator,0.6346387872575803,0.20327919075737225,-0.43135959650020805,0.09001870009510465,0.026842538570967134,0.37971584294377736,0
733,main,ISE causal estimator,0.6346387872575803,0.6846484716444459,0.050009684386865594,0.10083012492934511,0.4870214267829295,0.8822755165059623,1
733,main,Design erasure estimator,0.6346387872575803,1.1610712436392614,0.5264324563816811,0.12263548755755505,0.9207056880264535,1.4014367992520693,0
733,main,Post index leakage estimator,0.6346387872575803,0.25207708798867534,-0.38256169926890493,0.09645123120321275,0.06303267483037836,0.44112150114697235,0
733,main,Oracle prospective estimator,0.6346387872575803,0.6737651846725894,0.03912639741500912,0.10142432530594063,0.4749735070729457,0.8725568622722331,1
734,main,Structured EHR estimator,0.6400137869269261,1.4915568490381108,0.8515430621111847,0.1323751436412499,1.232101567501261,1.7510121305749606,0
734,main,Naive AI estimator,0.6400137869269261,0.10610765126182366,-0.5339061356651025,0.09661133154088977,-0.0832505585583203,0.2954658610819676,0
734,main,ISE causal estimator,0.6400137869269261,0.6764672312229302,0.036453444296004056,0.11421966980067061,0.4525966784136158,0.9003377840322446,1
734,main,Design erasure estimator,0.6400137869269261,1.097181525114699,0.4571677381877729,0.13152475354627002,0.8393930081640097,1.3549700420653883,0
734,main,Post index leakage estimator,0.6400137869269261,0.13393945647315691,-0.5060743304537692,0.10049386105762206,-0.06302851119978234,0.3309074241460962,0
734,main,Oracle prospective estimator,0.6400137869269261,0.6458319377103487,0.0058181507834226265,0.11199824197457554,0.4263153834401807,0.8653484919805168,1
735,main,Structured EHR estimator,0.6495106406838991,1.4042349180797482,0.7547242773958491,0.1444712996059974,1.1210711708519934,1.687398665307503,0
735,main,Naive AI estimator,0.6495106406838991,0.19244786147197682,-0.4570627792119223,0.09547912135650698,0.00530878361322315,0.3795869393307305,0
735,main,ISE causal estimator,0.6495106406838991,0.8448273871336384,0.1953167464497393,0.12351312254705243,0.6027416669414156,1.086913107325861,1
735,main,Design erasure estimator,0.6495106406838991,1.1823520396952254,0.5328413990113263,0.1365861235810397,0.9146432374763875,1.4500608419140633,0
735,main,Post index leakage estimator,0.6495106406838991,0.17470680815993905,-0.47480383252396,0.10113201512419044,-0.023511941483474214,0.37292555780335235,0
735,main,Oracle prospective estimator,0.6495106406838991,0.8247401499329972,0.17522950924909808,0.12248423890820634,0.5846710416729127,1.0648092581930815,1
736,main,Structured EHR estimator,0.6332721231505776,1.5535883709759228,0.9203162478253453,0.13993544250243048,1.279314903671159,1.8278618382806866,0
736,main,Naive AI estimator,0.6332721231505776,0.14163651042990208,-0.49163561272067546,0.09690911595715514,-0.04830535684612197,0.33157837770592613,0
736,main,ISE causal estimator,0.6332721231505776,0.7808238651326809,0.1475517419821033,0.10717817473040987,0.5707546426610776,0.9908930876042842,1
736,main,Design erasure estimator,0.6332721231505776,1.2236528024107343,0.5903806792601567,0.12712319347244558,0.974491343204741,1.4728142616167277,0
736,main,Post index leakage estimator,0.6332721231505776,0.13512894416625795,-0.4981431789843196,0.10430703202584111,-0.06931283860439064,0.33957072693690654,0
736,main,Oracle prospective estimator,0.6332721231505776,0.7423006373599058,0.10902851420932824,0.10533766504608373,0.5358388138695818,0.9487624608502299,1
737,main,Structured EHR estimator,0.6619231785648354,1.7761252676286805,1.114202089063845,0.1511464284226477,1.479878267920291,2.07237226733707,0
737,main,Naive AI estimator,0.6619231785648354,0.3609644192513958,-0.3009587593134396,0.09399738033586158,0.1767295537931071,0.5451992847096845,0
737,main,ISE causal estimator,0.6619231785648354,0.9659719707396296,0.3040487921747942,0.11532233567629559,0.7399401928140903,1.192003748665169,0
737,main,Design erasure estimator,0.6619231785648354,1.384091420591503,0.7221682420266675,0.13237443713459646,1.124637523807694,1.6435453173753118,0
737,main,Post index leakage estimator,0.6619231785648354,0.3841249313113888,-0.2777982472534466,0.10085930475316038,0.18644069399519447,0.5818091686275831,0
737,main,Oracle prospective estimator,0.6619231785648354,0.9597808034470983,0.29785762488226286,0.1136200247491357,0.7370855549387922,1.1824760519554043,0
738,main,Structured EHR estimator,0.6447751003207589,1.3441993399877563,0.6994242396669974,0.13058726703600154,1.0882482965971934,1.6001503833783193,0
738,main,Naive AI estimator,0.6447751003207589,0.12483613811604795,-0.5199389622047109,0.08639866572009491,-0.04450524669533808,0.294177522927434,0
738,main,ISE causal estimator,0.6447751003207589,0.6377100885495265,-0.007065011771232421,0.10149638878568772,0.43877716652957854,0.8366430105694744,1
738,main,Design erasure estimator,0.6447751003207589,0.9394147693253836,0.2946396690046247,0.11382612576860052,0.7163155628189266,1.1625139758318406,0
738,main,Post index leakage estimator,0.6447751003207589,0.14202118669905714,-0.5027539136217017,0.09108480725922957,-0.03650503552903281,0.32054740892714706,0
738,main,Oracle prospective estimator,0.6447751003207589,0.6396396264369535,-0.005135473883805419,0.10165819874544273,0.44038955689588577,0.8388896959780212,1
739,main,Structured EHR estimator,0.6496019886054609,1.303979316496531,0.6543773278910701,0.14407659217544527,1.0215891958326582,1.5863694371604038,0
739,main,Naive AI estimator,0.6496019886054609,0.1127002773304867,-0.5369017112749742,0.09817521220359336,-0.0797231385885563,0.3051236932495297,0
739,main,ISE causal estimator,0.6496019886054609,0.6690451887758054,0.01944320017034451,0.10906054341954032,0.4552865236735064,0.8828038538781044,1
739,main,Design erasure estimator,0.6496019886054609,0.9638029751097843,0.3142009865043234,0.12944582742934174,0.7100891533482745,1.217516796871294,0
739,main,Post index leakage estimator,0.6496019886054609,0.08077426284190849,-0.5688277257635524,0.10225882817025124,-0.11965304037178394,0.2812015660556009,0
739,main,Oracle prospective estimator,0.6496019886054609,0.6665210594565281,0.01691907085106714,0.10829980986311231,0.45425343212482794,0.8787886867882282,1
740,main,Structured EHR estimator,0.6626968827922174,1.375104737001861,0.7124078542096436,0.13907687062800264,1.1025140705709757,1.6476954034327462,0
740,main,Naive AI estimator,0.6626968827922174,0.13889630374371556,-0.5238005790485019,0.10371704913181766,-0.06438911255464705,0.34218172004207814,0
740,main,ISE causal estimator,0.6626968827922174,0.6307405292524001,-0.031956353539817295,0.11268551501417247,0.40987691982462204,0.8516041386801781,1
740,main,Design erasure estimator,0.6626968827922174,0.9464412861736603,0.2837444033814429,0.1292622816880029,0.6930872140651746,1.1997953582821461,0
740,main,Post index leakage estimator,0.6626968827922174,0.17722045304539655,-0.4854764297468208,0.10981581909931347,-0.03801855238925786,0.3924594584800509,0
740,main,Oracle prospective estimator,0.6626968827922174,0.6192963426892472,-0.04340054010297023,0.11293174272212622,0.39795012695387977,0.8406425584246145,1
741,main,Structured EHR estimator,0.6465953352663537,1.5960727274574873,0.9494773921911336,0.1456971624716576,1.3105062890130383,1.8816391659019363,0
741,main,Naive AI estimator,0.6465953352663537,0.15005957048029303,-0.49653576478606065,0.10134782897498337,-0.04858217431067438,0.34870131527126047,0
741,main,ISE causal estimator,0.6465953352663537,0.7757416425490229,0.12914630728266918,0.11399905690025769,0.5523034910245178,0.999179794073528,1
741,main,Design erasure estimator,0.6465953352663537,1.1347799819733078,0.48818464670695405,0.13452933259087038,0.8711024900952018,1.3984574738514137,0
741,main,Post index leakage estimator,0.6465953352663537,0.14204584976646636,-0.5045494854998873,0.10747846973574395,-0.06861195091559177,0.3527036504485245,0
741,main,Oracle prospective estimator,0.6465953352663537,0.776213585556722,0.12961825029036833,0.11348371687748005,0.5537855004768611,0.9986416706365829,1
742,main,Structured EHR estimator,0.666516534254918,1.6148695304963858,0.9483529962414678,0.12120656816947646,1.377304656884212,1.8524344041085596,0
742,main,Naive AI estimator,0.666516534254918,0.23745597527720422,-0.4290605589777138,0.08922822895794513,0.06256864651963176,0.4123433040347767,0
742,main,ISE causal estimator,0.666516534254918,0.6349514975350258,-0.03156503671989219,0.10379344041867374,0.43151635431442525,0.8383866407556263,1
742,main,Design erasure estimator,0.666516534254918,1.0883136490578833,0.42179711480296533,0.11873962482682833,0.8555839843972998,1.3210433137184667,0
742,main,Post index leakage estimator,0.666516534254918,0.3918253792992093,-0.27469115495570867,0.09705817516951293,0.20159135596696395,0.5820594026314546,0
742,main,Oracle prospective estimator,0.666516534254918,0.6230460763538644,-0.04347045790105353,0.10312138380751269,0.42092816409113953,0.8251639886165894,1
743,main,Structured EHR estimator,0.6387922789288006,1.4955611174511823,0.8567688385223816,0.13401363061908372,1.232894401437778,1.7582278334645864,0
743,main,Naive AI estimator,0.6387922789288006,0.22201446669065966,-0.416777812238141,0.0976357475326661,0.030648401526634117,0.4133805318546852,0
743,main,ISE causal estimator,0.6387922789288006,0.7034756972967384,0.06468341836793778,0.10127908542096876,0.5049686898716397,0.9019827047218372,1
743,main,Design erasure estimator,0.6387922789288006,1.1041136612652238,0.4653213823364232,0.11791620613661453,0.8729978972374594,1.3352294252929884,0
743,main,Post index leakage estimator,0.6387922789288006,0.18973132138466428,-0.44906095754413633,0.10744610196015689,-0.020863038457243216,0.40032568122657175,0
743,main,Oracle prospective estimator,0.6387922789288006,0.6934973364225506,0.05470505749374999,0.10073733577331447,0.4960521583068543,0.890942514538247,1
744,main,Structured EHR estimator,0.6325646184109808,1.2252132409013927,0.592648622490412,0.13395561452758672,0.9626602364273227,1.4877662453754628,0
744,main,Naive AI estimator,0.6325646184109808,0.03817145150585595,-0.5943931669051248,0.08994712016924658,-0.13812490402586736,0.21446780703757923,0
744,main,ISE causal estimator,0.6325646184109808,0.5366711029665209,-0.0958935154444599,0.10421653882888943,0.33240668686189756,0.7409355190711442,1
744,main,Design erasure estimator,0.6325646184109808,0.8851319819869785,0.25256736357599774,0.11147536669480435,0.666640263265162,1.103623700708795,0
744,main,Post index leakage estimator,0.6325646184109808,0.007529214552339382,-0.6250354038586414,0.09505831956045503,-0.17878509178615248,0.19384352089083123,0
744,main,Oracle prospective estimator,0.6325646184109808,0.5264437992258333,-0.10612081918514749,0.10399027404933998,0.32262286208912694,0.7302647363625396,1
745,main,Structured EHR estimator,0.6336858438067019,1.4634251433009697,0.8297392994942678,0.13618077814422097,1.1965108181382966,1.7303394684636428,0
745,main,Naive AI estimator,0.6336858438067019,0.08313657700811478,-0.5505492667985872,0.09322401040794198,-0.09958248339145151,0.26585563740768103,0
745,main,ISE causal estimator,0.6336858438067019,0.589737377086307,-0.043948466720394874,0.11423064375594306,0.3658453153246586,0.8136294388479555,1
745,main,Design erasure estimator,0.6336858438067019,1.1060672826455042,0.47238143883880235,0.12875291816838952,0.8537115630354608,1.3584230022555477,0
745,main,Post index leakage estimator,0.6336858438067019,0.14677590258477716,-0.48690994122192477,0.09731810510687591,-0.04396758342469964,0.33751938859425396,0
745,main,Oracle prospective estimator,0.6336858438067019,0.5742444243062569,-0.059441419500445014,0.11473938386113829,0.3493552319384259,0.7991336166740879,1
746,main,Structured EHR estimator,0.6675160963695279,1.5919012751932364,0.9243851788237085,0.1258828211241808,1.345170945789842,1.8386316045966309,0
746,main,Naive AI estimator,0.6675160963695279,0.19500286837544684,-0.4725132279940811,0.09148658725796231,0.015689157349840693,0.374316579401053,0
746,main,ISE causal estimator,0.6675160963695279,0.8731118805326993,0.20559578416317137,0.10126818989256224,0.6746262283432773,1.0715975327221212,0
746,main,Design erasure estimator,0.6675160963695279,1.2893233998223188,0.6218073034527909,0.11187150448743065,1.0700552510269548,1.5085915486176829,0
746,main,Post index leakage estimator,0.6675160963695279,0.16440562597202,-0.5031104703975079,0.09530710472103428,-0.022396299281207177,0.35120755122524716,0
746,main,Oracle prospective estimator,0.6675160963695279,0.856146644145059,0.18863054777553112,0.10146689363340711,0.6572715326235811,1.0550217556665369,1
747,main,Structured EHR estimator,0.641293503836329,1.526014616374782,0.8847211125384531,0.14135859830197192,1.248951763702917,1.8030774690466471,0
747,main,Naive AI estimator,0.641293503836329,0.2556405959889713,-0.3856529078473577,0.09660599942239613,0.06629283712107492,0.4449883548568677,0
747,main,ISE causal estimator,0.641293503836329,0.8429944662821033,0.2017009624457743,0.10927716554523105,0.6288112218134504,1.057177710750756,1
747,main,Design erasure estimator,0.641293503836329,1.2059752767621774,0.5646817729258484,0.12547250883771766,0.9600491594402508,1.451901394084104,0
747,main,Post index leakage estimator,0.641293503836329,0.2510226857484481,-0.3902708180878809,0.10266266650433671,0.049803859399948164,0.4522415120969481,0
747,main,Oracle prospective estimator,0.641293503836329,0.8473355865803903,0.20604208274406133,0.10940232442570469,0.6329070307060092,1.0617641424547715,1
748,main,Structured EHR estimator,0.617414727499155,1.2468263406688478,0.6294116131696927,0.14441440384850399,0.96377410912578,1.5298785722119157,0
748,main,Naive AI estimator,0.617414727499155,0.056408621326259435,-0.5610061061728956,0.09212215251597827,-0.12415079760505798,0.23696804025757684,0
748,main,ISE causal estimator,0.617414727499155,0.5154563720231021,-0.10195835547605292,0.11139928183935428,0.2971137796179677,0.7337989644282366,1
748,main,Design erasure estimator,0.617414727499155,0.9106358831093208,0.2932211556101657,0.13444269368329106,0.6471282034900703,1.1741435627285712,0
748,main,Post index leakage estimator,0.617414727499155,0.07340507273495354,-0.5440096547642015,0.09419386180055288,-0.11121489639413008,0.2580250418640372,0
748,main,Oracle prospective estimator,0.617414727499155,0.5180253529424034,-0.09938937455675168,0.11080895964005177,0.3008397920479019,0.7352109138369048,1
749,main,Structured EHR estimator,0.6288998157328554,1.293742377029215,0.6648425612963595,0.12996455024885686,1.0390118585414554,1.5484728955169744,0
749,main,Naive AI estimator,0.6288998157328554,0.09076266143811224,-0.5381371542947431,0.08424997380806598,-0.07436728722569708,0.25589261010192155,0
749,main,ISE causal estimator,0.6288998157328554,0.651796082635752,0.02289626690289659,0.10175119885171763,0.45236373288638543,0.8512284323851185,1
749,main,Design erasure estimator,0.6288998157328554,1.0031529630125078,0.3742531472796524,0.12250111385751836,0.7630507798517718,1.2432551461732437,0
749,main,Post index leakage estimator,0.6288998157328554,0.0861508364011708,-0.5427489793316845,0.09101361307987257,-0.09223584523537945,0.2645375180377211,0
749,main,Oracle prospective estimator,0.6288998157328554,0.630713691677835,0.001813875944979615,0.10162797925657678,0.4315228523349445,0.8299045310207255,1
750,main,Structured EHR estimator,0.6445614378727353,1.3349347530433728,0.6903733151706375,0.1452684395482349,1.0502086115288325,1.6196608945579132,0
750,main,Naive AI estimator,0.6445614378727353,0.20814674649675657,-0.43641469137597877,0.1005000951739734,0.011166559955768707,0.40512693303774444,0
750,main,ISE causal estimator,0.6445614378727353,0.7013360195792503,0.05677458170651495,0.11279573927515243,0.4802563705999515,0.9224156685585491,1
750,main,Design erasure estimator,0.6445614378727353,1.0456742043723561,0.4011127664996208,0.12582464523190645,0.7990578997178195,1.2922905090268928,0
750,main,Post index leakage estimator,0.6445614378727353,0.22959102300474502,-0.41497041486799036,0.10098441435910487,0.03166157086089949,0.42752047514859054,0
750,main,Oracle prospective estimator,0.6445614378727353,0.6693761023854831,0.02481466451274772,0.11280955915965783,0.4482693664325537,0.8904828383384125,1
751,main,Structured EHR estimator,0.6412684664092054,1.4523099786047657,0.8110415121955603,0.12447644947706493,1.2083361376297184,1.6962838195798131,0
751,main,Naive AI estimator,0.6412684664092054,0.205550470360376,-0.43571799604882944,0.09001427114273944,0.0291224989206067,0.3819784418001453,0
751,main,ISE causal estimator,0.6412684664092054,0.674452742558781,0.03318427614957553,0.09609851322700921,0.4860996566338429,0.862805828483719,1
751,main,Design erasure estimator,0.6412684664092054,0.9765151230503788,0.33524665664117337,0.11722145676436714,0.7467610677922192,1.2062691783085384,0
751,main,Post index leakage estimator,0.6412684664092054,0.20933958745253434,-0.4319288789566711,0.09976795937244372,0.013794387082544657,0.404884787822524,0
751,main,Oracle prospective estimator,0.6412684664092054,0.6571488881932857,0.015880421784080223,0.09690951872818408,0.46720623148604484,0.8470915449005265,1
752,main,Structured EHR estimator,0.6621621346642201,1.7215023160222056,1.0593401813579855,0.1532369245027209,1.4211579439968727,2.0218466880475385,0
752,main,Naive AI estimator,0.6621621346642201,0.1845856501624436,-0.47757648450177653,0.10047611652638751,-0.012347538229275895,0.38151883855416313,0
752,main,ISE causal estimator,0.6621621346642201,0.7653319934614751,0.10316985879725493,0.13328342118424116,0.5040964879403624,1.0265674989825877,1
752,main,Design erasure estimator,0.6621621346642201,1.2253070305061025,0.5631448958418823,0.14771779262593213,0.9357801569592755,1.5148339040529293,0
752,main,Post index leakage estimator,0.6621621346642201,0.23787748358290675,-0.4242846510813134,0.10173833792880989,0.038470341242439365,0.43728462592337414,0
752,main,Oracle prospective estimator,0.6621621346642201,0.7512005307097026,0.08903839604548247,0.1342768439666623,0.4880179165350445,1.0143831448843608,1
753,main,Structured EHR estimator,0.6445634398937641,1.4990403701664248,0.8544769302726607,0.1345935214836095,1.23523706805855,1.7628436722742995,0
753,main,Naive AI estimator,0.6445634398937641,0.22811892136563094,-0.41644451852813313,0.08687674093845672,0.05784050912625577,0.3983973336050061,0
753,main,ISE causal estimator,0.6445634398937641,0.7676054581759326,0.12304201828216854,0.09827717885747907,0.5749821876152736,0.9602287287365916,1
753,main,Design erasure estimator,0.6445634398937641,1.241299673372937,0.5967362334791728,0.11712536222827839,1.0117339634055114,1.4708653833403624,0
753,main,Post index leakage estimator,0.6445634398937641,0.20858002366876388,-0.4359834162250002,0.09123480612447356,0.02975980366479572,0.38740024367273207,0
753,main,Oracle prospective estimator,0.6445634398937641,0.7431809747395642,0.09861753484580016,0.0967951476621994,0.5534624853216534,0.932899464157475,1
754,main,Structured EHR estimator,0.6523675162790644,1.2468487555822305,0.5944812393031661,0.14030023100896377,0.9718603028046615,1.5218372083597995,0
754,main,Naive AI estimator,0.6523675162790644,0.13668275451176645,-0.5156847617672979,0.09143986946125283,-0.04253938963228909,0.315904898655822,0
754,main,ISE causal estimator,0.6523675162790644,0.49409843968079575,-0.15826907659826867,0.10738394351339152,0.2836259103945484,0.7045709689670432,1
754,main,Design erasure estimator,0.6523675162790644,0.8072074890799542,0.1548399728008898,0.11585240734944381,0.5801367706750443,1.034278207484864,1
754,main,Post index leakage estimator,0.6523675162790644,0.19208767595823936,-0.46027984032082503,0.10185422645907621,-0.007546607901550012,0.3917219598180287,0
754,main,Oracle prospective estimator,0.6523675162790644,0.5046407242362664,-0.14772679204279804,0.10767078875888783,0.29360597826884627,0.7156754702036865,1
755,main,Structured EHR estimator,0.6427728636025597,1.2779008195697017,0.635127955967142,0.13965400547278087,1.0041789688430511,1.5516226702963523,0
755,main,Naive AI estimator,0.6427728636025597,0.039654000520927546,-0.6031188630816322,0.0934130951453423,-0.14343566596394336,0.22274366700579845,0
755,main,ISE causal estimator,0.6427728636025597,0.6017858848211295,-0.040986978781430206,0.11136921192741488,0.38350222944339635,0.8200695401988627,1
755,main,Design erasure estimator,0.6427728636025597,0.9895801514829513,0.3468072878803916,0.12295709716047303,0.7485842410484242,1.2305760619174784,0
755,main,Post index leakage estimator,0.6427728636025597,0.05240850026488131,-0.5903643633376784,0.0972543340297477,-0.1382099944334242,0.2430269949631868,0
755,main,Oracle prospective estimator,0.6427728636025597,0.5893850545375391,-0.05338780906502061,0.11231867028772907,0.3692404607735901,0.8095296483014881,1
756,main,Structured EHR estimator,0.6244339765617485,1.4611622751160664,0.836728298554318,0.13335821332726422,1.1997801769946286,1.7225443732375043,0
756,main,Naive AI estimator,0.6244339765617485,0.03564603353772042,-0.588787943024028,0.08672577035963959,-0.13433647636717316,0.205628543442614,0
756,main,ISE causal estimator,0.6244339765617485,0.5941602814105221,-0.030273695151226354,0.11463300245087357,0.36947959660680996,0.8188409662142343,1
756,main,Design erasure estimator,0.6244339765617485,0.9970219224698206,0.3725879459080721,0.12736925234307248,0.7473781878773985,1.2466656570622425,0
756,main,Post index leakage estimator,0.6244339765617485,0.1350505316473763,-0.4893834449143722,0.09583561027407206,-0.05278726448980495,0.32288832778455756,0
756,main,Oracle prospective estimator,0.6244339765617485,0.5500312495587149,-0.07440272700303363,0.1133679793260783,0.3278300100796014,0.7722324890378283,1
757,main,Structured EHR estimator,0.6570303948502902,1.495014556936189,0.8379841620858988,0.14277606428745052,1.215173470932786,1.774855642939592,0
757,main,Naive AI estimator,0.6570303948502902,0.016245512024932542,-0.6407848828253577,0.11023748641674375,-0.1998199613518852,0.2323109854017503,0
757,main,ISE causal estimator,0.6570303948502902,0.5857024719282039,-0.07132792292208634,0.11622220390105094,0.3579069522821441,0.8134979915742637,1
757,main,Design erasure estimator,0.6570303948502902,0.8939167427075162,0.23688634785722595,0.13328121654466113,0.6326855582799804,1.155147927135052,1
757,main,Post index leakage estimator,0.6570303948502902,0.044182984875083355,-0.6128474099752069,0.1170340869246854,-0.18520382549730002,0.2735697952474667,0
757,main,Oracle prospective estimator,0.6570303948502902,0.5581510762343083,-0.09887931861598198,0.11691384523054704,0.32899993958243606,0.7873022128861804,1
758,main,Structured EHR estimator,0.6492140996662243,1.5168096999594483,0.8675956002932239,0.13807160217768902,1.2461893596911777,1.7874300402277188,0
758,main,Naive AI estimator,0.6492140996662243,0.24642467040545868,-0.40278942926076566,0.1033348000827401,0.0438884622432881,0.44896087856762923,0
758,main,ISE causal estimator,0.6492140996662243,0.6591838322149993,0.009969732548774979,0.11149292620921616,0.4406576968449356,0.877709967585063,1
758,main,Design erasure estimator,0.6492140996662243,0.8614072870625503,0.21219318739632598,0.1320091063556496,0.6026694386054772,1.1201451355196235,1
758,main,Post index leakage estimator,0.6492140996662243,0.3399593099458935,-0.3092547897203308,0.10893503822955605,0.12644663501596365,0.5534719848758234,0
758,main,Oracle prospective estimator,0.6492140996662243,0.6290708666116791,-0.02014323305454524,0.11251045217182365,0.40855038035490476,0.8495913528684534,1
759,main,Structured EHR estimator,0.6393328954665465,1.5670093769688689,0.9276764815023224,0.1451604538361927,1.2824948874499311,1.8515238664878066,0
759,main,Naive AI estimator,0.6393328954665465,0.25527269502194,-0.3840602004446065,0.0928920719645696,0.07320423397138359,0.4373411560724964,0
759,main,ISE causal estimator,0.6393328954665465,0.7588599480563841,0.11952705258983765,0.11593631413291039,0.5316247723558798,0.9860951237568885,1
759,main,Design erasure estimator,0.6393328954665465,1.1408387544437149,0.5015058589771684,0.12488849190828222,0.8960573103034817,1.385620198583948,0
759,main,Post index leakage estimator,0.6393328954665465,0.2693995270947075,-0.369933368371839,0.10091071433659957,0.07161452699497234,0.46718452719444264,0
759,main,Oracle prospective estimator,0.6393328954665465,0.7380298550136349,0.09869695954708846,0.1161390737352841,0.5103972704924781,0.9656624395347918,1
760,main,Structured EHR estimator,0.64417580299229,1.3084423663860212,0.6642665633937311,0.1266548423949888,1.0601988752918432,1.5566858574801992,0
760,main,Naive AI estimator,0.64417580299229,0.06428636907162538,-0.5798894339206646,0.08849561415707596,-0.1091650346762435,0.23773777281949426,0
760,main,ISE causal estimator,0.64417580299229,0.5483582718157683,-0.0958175311765217,0.10730760135340185,0.3380353731631007,0.758681170468436,1
760,main,Design erasure estimator,0.64417580299229,0.9267605390169791,0.28258473602468903,0.1232848093320289,0.6851223127262025,1.1683987653077557,0
760,main,Post index leakage estimator,0.64417580299229,0.10163995202666802,-0.5425358509656221,0.09168066174021955,-0.07805414498416229,0.2813340490374983,0
760,main,Oracle prospective estimator,0.64417580299229,0.5455463248459594,-0.09862947814633061,0.10625721705315684,0.3372821794217721,0.7538104702701468,1
761,main,Structured EHR estimator,0.6683152211499862,1.6203289096094162,0.95201368845943,0.1447584394754391,1.3366023682375556,1.9040554509812768,0
761,main,Naive AI estimator,0.6683152211499862,0.36878474975975506,-0.29953047139023115,0.09964836634018878,0.17347395173298505,0.564095547786525,0
761,main,ISE causal estimator,0.6683152211499862,0.8963232433598629,0.2280080222098767,0.1167414037855944,0.6675100919400979,1.125136394779628,1
761,main,Design erasure estimator,0.6683152211499862,1.2477517622574565,0.5794365411074703,0.12894187051731607,0.9950256960435171,1.500477828471396,0
761,main,Post index leakage estimator,0.6683152211499862,0.36908655075119084,-0.29922867039879536,0.10714050157775172,0.15909116765879747,0.5790819338435842,0
761,main,Oracle prospective estimator,0.6683152211499862,0.8847817658296053,0.21646654467961912,0.11506584842151646,0.6592527029234331,1.1103108287357775,1
762,main,Structured EHR estimator,0.6581144872207862,1.287255081149607,0.6291405939288208,0.15924309167684245,0.9751386214629959,1.5993715408362181,0
762,main,Naive AI estimator,0.6581144872207862,0.14942150902553497,-0.5086929781952513,0.0984345787887703,-0.0435102654004548,0.3423532834515247,0
762,main,ISE causal estimator,0.6581144872207862,0.722810223852293,0.06469573663150674,0.11833730929274731,0.4908690976385083,0.9547513500660777,1
762,main,Design erasure estimator,0.6581144872207862,0.9295699310247438,0.2714554438039576,0.12780574870788117,0.6790706635572967,1.180069198492191,0
762,main,Post index leakage estimator,0.6581144872207862,0.126591830960965,-0.5315226562598212,0.11190250267654674,-0.09273707428506661,0.3459207362069966,0
762,main,Oracle prospective estimator,0.6581144872207862,0.7132803643408904,0.05516587712010412,0.1169267296314949,0.4841039742631604,0.9424567544186204,1
763,main,Structured EHR estimator,0.636937028700774,1.5012723650692568,0.8643353363684828,0.14369622356107487,1.21962776688955,1.7829169632489634,0
763,main,Naive AI estimator,0.636937028700774,0.21124952901393057,-0.4256874996868434,0.09157919800991302,0.03175430091450107,0.3907447571133601,0
763,main,ISE causal estimator,0.636937028700774,0.7698819760219323,0.13294494732115836,0.11271789367226796,0.5489549044242871,0.9908090476195776,1
763,main,Design erasure estimator,0.636937028700774,1.125009001844327,0.4880719731435531,0.13900839550396604,0.8525525466565536,1.3974654570321006,0
763,main,Post index leakage estimator,0.636937028700774,0.24806657381379127,-0.3888704548869827,0.09742577548772693,0.057112053857846484,0.4390210937697361,0
763,main,Oracle prospective estimator,0.636937028700774,0.7610615299995649,0.12412450129879093,0.11231887920341194,0.5409165267608775,0.9812065332382522,1
764,main,Structured EHR estimator,0.6565650043577594,1.4221507929870043,0.7655857886292449,0.1382103329377839,1.151258540428948,1.6930430455450607,0
764,main,Naive AI estimator,0.6565650043577594,0.14693196211694223,-0.5096330422408172,0.09608331069740886,-0.04139132684997912,0.33525525108386356,0
764,main,ISE causal estimator,0.6565650043577594,0.5572292415772016,-0.09933576278055789,0.10435484230128327,0.35269375066668635,0.7617647324877168,1
764,main,Design erasure estimator,0.6565650043577594,0.867578361338109,0.2110133569803495,0.12233046729812867,0.6278106454337767,1.107346077242441,1
764,main,Post index leakage estimator,0.6565650043577594,0.22880104607501864,-0.42776395828274083,0.10027152063459621,0.032268865631210064,0.4253332265188272,0
764,main,Oracle prospective estimator,0.6565650043577594,0.5388004860924746,-0.11776451826528489,0.10514967025319703,0.33270713239620836,0.7448938397887408,1
765,main,Structured EHR estimator,0.6472901317596941,1.5209957225507607,0.8737055907910666,0.13219366727412157,1.2618961346934823,1.780095310408039,0
765,main,Naive AI estimator,0.6472901317596941,0.34536825006577065,-0.3019218816939234,0.086873855616302,0.17509549305781874,0.5156410070737225,0
765,main,ISE causal estimator,0.6472901317596941,0.7639576450242961,0.11666751326460201,0.10327983068263707,0.5615291768863274,0.9663861131622647,1
765,main,Design erasure estimator,0.6472901317596941,1.2151677797202787,0.5678776479605846,0.11275693088174912,0.9941641951920503,1.436171364248507,0
765,main,Post index leakage estimator,0.6472901317596941,0.39507691249831306,-0.252213219261381,0.09026270260820131,0.2181620153862385,0.5719918096103876,0
765,main,Oracle prospective estimator,0.6472901317596941,0.7662427327462918,0.11895260098659777,0.10347661136940331,0.5634285744622614,0.9690568910303223,1
766,main,Structured EHR estimator,0.6631042440632979,1.3514828862246484,0.6883786421613505,0.13916408594584667,1.0787212777707889,1.624244494678508,0
766,main,Naive AI estimator,0.6631042440632979,0.09066033756657779,-0.5724439064967202,0.10117488565827648,-0.10764243832364412,0.2889631134567997,0
766,main,ISE causal estimator,0.6631042440632979,0.6077556183565319,-0.05534862570676602,0.10734373898018397,0.39736188995537136,0.8181493467576925,1
766,main,Design erasure estimator,0.6631042440632979,1.041566194070818,0.37846195000752014,0.12168396504274927,0.8030656225870295,1.2800667655546065,0
766,main,Post index leakage estimator,0.6631042440632979,0.12734156626731952,-0.5357626777959784,0.10637856814978322,-0.08116042730625558,0.33584355984089465,0
766,main,Oracle prospective estimator,0.6631042440632979,0.6174093723392667,-0.045694871724031194,0.10681326556939616,0.40805537182325025,0.8267633728552832,1
767,main,Structured EHR estimator,0.6484600972088271,1.3990115370767415,0.7505514398679144,0.1383517539705179,1.1278420992945264,1.6701809748589567,0
767,main,Naive AI estimator,0.6484600972088271,0.10250649677081973,-0.5459536004380074,0.08784218099015158,-0.06966417796987735,0.2746771715115168,0
767,main,ISE causal estimator,0.6484600972088271,0.5976735489739762,-0.05078654823485096,0.10765521906932622,0.3866693195980968,0.8086777783498555,1
767,main,Design erasure estimator,0.6484600972088271,0.9838027907489569,0.3353426935401298,0.12349845546315731,0.7417458180411686,1.2258597634567452,0
767,main,Post index leakage estimator,0.6484600972088271,0.1321808870071239,-0.5162792102017032,0.09298549787272443,-0.050070688823415976,0.3144324628376638,0
767,main,Oracle prospective estimator,0.6484600972088271,0.5834118037549669,-0.0650482934538602,0.10780852778319855,0.3721070892998978,0.7947165182100361,1
768,main,Structured EHR estimator,0.6442579743643906,1.3468901516748615,0.7026321773104709,0.1506923752168903,1.0515330962497564,1.6422472070999665,0
768,main,Naive AI estimator,0.6442579743643906,0.12085344914337108,-0.5234045252210195,0.09669176672453997,-0.06866241363672725,0.3103693119234694,0
768,main,ISE causal estimator,0.6442579743643906,0.5781048509551003,-0.06615312340929025,0.11338698977407322,0.35586635099791686,0.8003433509122838,1
768,main,Design erasure estimator,0.6442579743643906,1.0353561595527707,0.39109818518838013,0.12832668048027754,0.7838358658114267,1.2868764532941146,0
768,main,Post index leakage estimator,0.6442579743643906,0.17453593631289935,-0.46972203805149126,0.10375293467234767,-0.028819815644902075,0.37789168827070074,0
768,main,Oracle prospective estimator,0.6442579743643906,0.5802603795216461,-0.06399759484274448,0.11308846199067216,0.3586069940199287,0.8019137650233635,1
769,main,Structured EHR estimator,0.6311686613630804,1.5323523321709744,0.9011836708078941,0.13604454706907054,1.2657050199155961,1.7989996444263527,0
769,main,Naive AI estimator,0.6311686613630804,0.23477646453112638,-0.396392196831954,0.0955340013171316,0.04752982194954844,0.4220231071127043,0
769,main,ISE causal estimator,0.6311686613630804,0.7348331566499582,0.10366449528687782,0.10507489500355445,0.5288863624429915,0.9407799508569249,1
769,main,Design erasure estimator,0.6311686613630804,1.1602747378872431,0.5291060765241627,0.11966334612395316,0.9257345794842949,1.3948148962901912,0
769,main,Post index leakage estimator,0.6311686613630804,0.2863462041005289,-0.34482245726255145,0.10355117812281886,0.08338589497980395,0.48930651322125385,0
769,main,Oracle prospective estimator,0.6311686613630804,0.7327659409399021,0.10159727957682174,0.10476108421500664,0.527434215878489,0.9380976660013152,1
770,main,Structured EHR estimator,0.6462289548920673,1.4581236410289202,0.8118946861368529,0.1446565800985948,1.1745967440356744,1.741650538022166,0
770,main,Naive AI estimator,0.6462289548920673,0.1585090237163227,-0.48771993117574464,0.0892448338190375,-0.016410850568990804,0.3334288980016362,0
770,main,ISE causal estimator,0.6462289548920673,0.5633219949796511,-0.08290695991241626,0.12070435589490344,0.3267414574256403,0.7999025325336618,1
770,main,Design erasure estimator,0.6462289548920673,1.1931699056354355,0.5469409507433681,0.1318907712137975,0.9346639940563923,1.4516758172144786,0
770,main,Post index leakage estimator,0.6462289548920673,0.24951164624467215,-0.3967173086473952,0.09460563483566943,0.06408460196676008,0.4349386905225842,0
770,main,Oracle prospective estimator,0.6462289548920673,0.543566870970558,-0.10266208392150933,0.1202751534459041,0.30782757021658597,0.77930617172453,1
771,main,Structured EHR estimator,0.665289451406749,1.3314555738910865,0.6661661224843375,0.14441151024814625,1.04840901380472,1.614502133977453,0
771,main,Naive AI estimator,0.665289451406749,-0.05837866105702035,-0.7236681124637694,0.10397319173318796,-0.26216611685406876,0.14540879474002805,0
771,main,ISE causal estimator,0.665289451406749,0.46655032675675556,-0.19873912464999344,0.11368104746766355,0.243735473720135,0.6893651797933762,1
771,main,Design erasure estimator,0.665289451406749,0.9502342296566132,0.2849447782498642,0.13224044688507386,0.6910429537618684,1.209425505551358,0
771,main,Post index leakage estimator,0.665289451406749,-0.002262198483458209,-0.6675516498902072,0.1120773521511403,-0.2219338086996932,0.21740941173277678,0
771,main,Oracle prospective estimator,0.665289451406749,0.4594469683374669,-0.2058424830692821,0.11154785332811451,0.24081317581436246,0.6780807608605713,1
772,main,Structured EHR estimator,0.6669263151898851,1.3803949755973217,0.7134686604074366,0.14090692212881412,1.1042174082248462,1.6565725429697973,0
772,main,Naive AI estimator,0.6669263151898851,0.15508022449661654,-0.5118460906932686,0.10635777416252906,-0.05338101286194041,0.3635414618551735,0
772,main,ISE causal estimator,0.6669263151898851,0.7312956540946406,0.06436933890475549,0.11496431516806346,0.5059655963652362,0.956625711824045,1
772,main,Design erasure estimator,0.6669263151898851,1.1939897604227871,0.527063445232902,0.12440688930395062,0.9501522573870439,1.4378272634585303,0
772,main,Post index leakage estimator,0.6669263151898851,0.14539145265154568,-0.5215348625383394,0.10977116747739539,-0.06976003560414928,0.36054294090724065,0
772,main,Oracle prospective estimator,0.6669263151898851,0.712569255243018,0.04564294005313285,0.11547039949047785,0.48624727224168135,0.9388912382443546,1
773,main,Structured EHR estimator,0.6685560128964343,1.3052152313160192,0.636659218419585,0.15323302544094416,1.0048785014517687,1.6055519611802698,0
773,main,Naive AI estimator,0.6685560128964343,0.0330991533552818,-0.6354568595411525,0.10375234588952532,-0.17025544458818784,0.23645375129875143,0
773,main,ISE causal estimator,0.6685560128964343,0.5430554682519432,-0.12550054464449112,0.1174423363765804,0.31286848895384556,0.7732424475500408,1
773,main,Design erasure estimator,0.6685560128964343,0.9761083310907862,0.3075523181943519,0.1410636845699653,0.6996235093336542,1.2525931528479182,0
773,main,Post index leakage estimator,0.6685560128964343,0.05809230809679944,-0.6104637047996349,0.11839239660852002,-0.1739567892558998,0.2901414054494987,0
773,main,Oracle prospective estimator,0.6685560128964343,0.5459759953788775,-0.12258001751755676,0.11602187398016242,0.3185731223777592,0.7733788683799958,1
774,main,Structured EHR estimator,0.6335147204814874,1.3842159771730385,0.7507012566915511,0.14450045347324406,1.10099508836548,1.667436865980597,0
774,main,Naive AI estimator,0.6335147204814874,0.07264158526143556,-0.5608731352200518,0.09335085262637194,-0.11032608588625344,0.2556092564091246,0
774,main,ISE causal estimator,0.6335147204814874,0.6136048100383779,-0.019909910443109524,0.11022749997130811,0.39755891009461397,0.8296507099821417,1
774,main,Design erasure estimator,0.6335147204814874,0.9039772802118424,0.27046255973035505,0.13190234304166198,0.6454486878501849,1.1625058725735,0
774,main,Post index leakage estimator,0.6335147204814874,0.13009266882017126,-0.5034220516613162,0.10008794222733917,-0.06607969794541352,0.32626503558575604,0
774,main,Oracle prospective estimator,0.6335147204814874,0.5980213529492756,-0.03549336753221177,0.10986691482936943,0.38268219988371155,0.8133605060148397,1
775,main,Structured EHR estimator,0.663596908565416,1.3696246207684615,0.7060277122030455,0.14941104137388886,1.0767789796756393,1.6624702618612837,0
775,main,Naive AI estimator,0.663596908565416,-0.08466846200513775,-0.7482653705705538,0.09452502617271794,-0.2699375133036649,0.10060058929338939,0
775,main,ISE causal estimator,0.663596908565416,0.6415043882761894,-0.02209252028922659,0.11734654319986501,0.411505163604454,0.8715036129479248,1
775,main,Design erasure estimator,0.663596908565416,0.9728705553917188,0.3092736468263029,0.13393855384366138,0.7103509898581426,1.235390120925295,0
775,main,Post index leakage estimator,0.663596908565416,-0.061085874981044154,-0.7246827835464601,0.10012678274014397,-0.25733436915172636,0.13516261918963804,0
775,main,Oracle prospective estimator,0.663596908565416,0.6176830064715378,-0.045913902093878134,0.11572653086231494,0.39085900598140055,0.8445070069616751,1
776,main,Structured EHR estimator,0.6234147900944296,1.1032857712025093,0.4798709811080797,0.13489067224741408,0.8389000535975777,1.3676714888074408,0
776,main,Naive AI estimator,0.6234147900944296,0.05563003870652655,-0.5677847513879031,0.0876712884968606,-0.11620568674732021,0.2274657641603733,0
776,main,ISE causal estimator,0.6234147900944296,0.5161227848009939,-0.10729200529343563,0.10515802810809514,0.31001304970912746,0.7222325198928604,1
776,main,Design erasure estimator,0.6234147900944296,0.7714281925383515,0.14801340244392192,0.1166469676832126,0.5428001358792548,1.0000562491974483,1
776,main,Post index leakage estimator,0.6234147900944296,0.04480785987336539,-0.5786069302210641,0.09257023621249218,-0.13662980310311929,0.22624552284985006,0
776,main,Oracle prospective estimator,0.6234147900944296,0.47594281351446505,-0.14747197657996453,0.10334074213290158,0.2733949589339779,0.6784906680949522,1
777,main,Structured EHR estimator,0.6317730144088621,1.3161049527757596,0.6843319383668974,0.14770062004072915,1.0266117374959305,1.6055981680555886,0
777,main,Naive AI estimator,0.6317730144088621,0.21541285399718949,-0.4163601604116727,0.0966712440661155,0.025937215627603094,0.4048884923667759,0
777,main,ISE causal estimator,0.6317730144088621,0.7948421534130199,0.16306913900415776,0.10905985902105983,0.5810848297317426,1.0085994770942972,1
777,main,Design erasure estimator,0.6317730144088621,1.0752660592113887,0.4434930448025266,0.12558709303399318,0.8291153568647621,1.3214167615580155,0
777,main,Post index leakage estimator,0.6317730144088621,0.1449730636465043,-0.4867999507623578,0.10416214793342386,-0.059184746303006464,0.3491308735960151,0
777,main,Oracle prospective estimator,0.6317730144088621,0.7784767353225353,0.14670372091367312,0.1088081576219949,0.5652127463834252,0.9917407242616453,1
778,main,Structured EHR estimator,0.6591742341826962,1.2663892236476102,0.607214989464914,0.1323769523539281,1.0069303970339112,1.5258480502613092,0
778,main,Naive AI estimator,0.6591742341826962,0.13795327339670369,-0.5212209607859924,0.08872683684776171,-0.03595132682490926,0.31185787361831663,0
778,main,ISE causal estimator,0.6591742341826962,0.6734621138334198,0.014287879650723645,0.1145454394497777,0.4489530525118555,0.8979711751549841,1
778,main,Design erasure estimator,0.6591742341826962,0.9930612001935843,0.3338869660108882,0.1302599631608823,0.737751672398255,1.2483707279889136,0
778,main,Post index leakage estimator,0.6591742341826962,0.15530322415003014,-0.503871010032666,0.09397012689649507,-0.028878224567100208,0.3394846728671605,0
778,main,Oracle prospective estimator,0.6591742341826962,0.6682229479628387,0.009048713780142492,0.11310420740132038,0.44653870145625074,0.8899071944694266,1
779,main,Structured EHR estimator,0.6379431478019866,1.4798214351723262,0.8418782873703397,0.13570379506081692,1.213841996853125,1.7458008734915273,0
779,main,Naive AI estimator,0.6379431478019866,0.0729644432966506,-0.5649787045053359,0.09699007024197803,-0.11713609437762636,0.26306498097092756,0
779,main,ISE causal estimator,0.6379431478019866,0.7150634933933305,0.07712034559134395,0.11354525636739755,0.49251479091323136,0.9376121958734297,1
779,main,Design erasure estimator,0.6379431478019866,1.0892611877104643,0.45131803990847774,0.13244309845464958,0.8296727147393512,1.3488496606815774,0
779,main,Post index leakage estimator,0.6379431478019866,0.08707571241798419,-0.5508674353840024,0.1065537392179307,-0.12176961644915997,0.29592104128512836,0
779,main,Oracle prospective estimator,0.6379431478019866,0.7066571476799285,0.06871399987794191,0.11456897332279159,0.48210195996725697,0.9312123353926001,1
780,main,Structured EHR estimator,0.6371286155454534,1.0677655442384797,0.4306369286930263,0.1504591789119411,0.7728655535710751,1.3626655349058843,0
780,main,Naive AI estimator,0.6371286155454534,-0.08800726588637063,-0.7251358814318241,0.08578688907131647,-0.2561495684661509,0.08013503669340964,0
780,main,ISE causal estimator,0.6371286155454534,0.34460989366453415,-0.29251872188091926,0.11213257587410895,0.12483004495128061,0.5643897423777877,0
780,main,Design erasure estimator,0.6371286155454534,0.5608588165966057,-0.07626979894884767,0.12809807461682626,0.3097865903476263,0.8119310428455853,1
780,main,Post index leakage estimator,0.6371286155454534,-0.05897636235589309,-0.6961049779013465,0.09025319590812941,-0.23587262633582676,0.11791990162404056,0
780,main,Oracle prospective estimator,0.6371286155454534,0.30999547012504963,-0.3271331454204038,0.10975053156975069,0.09488442824833829,0.525106512001761,0
781,main,Structured EHR estimator,0.6482032241658091,1.4402652516543142,0.7920620274885051,0.1472596050565882,1.1516364257434013,1.728894077565227,0
781,main,Naive AI estimator,0.6482032241658091,0.11351986830205961,-0.5346833558637495,0.09525414248494078,-0.07317825096842433,0.30021798757254353,0
781,main,ISE causal estimator,0.6482032241658091,0.5959727101108432,-0.052230514054965926,0.11505412103482719,0.37046663288258186,0.8214787873391045,1
781,main,Design erasure estimator,0.6482032241658091,1.0714445562976846,0.42324133213187554,0.12755391293508422,0.8214388869449196,1.3214502256504497,0
781,main,Post index leakage estimator,0.6482032241658091,0.16407259862933488,-0.48413062553647424,0.10175329394749412,-0.03536385750775359,0.36350905476642337,0
781,main,Oracle prospective estimator,0.6482032241658091,0.575949565138115,-0.0722536590276941,0.11431015688997696,0.35190165763376013,0.7999974726424699,1
782,main,Structured EHR estimator,0.6266533811885407,1.363435673388588,0.7367822922000472,0.13675883657929014,1.0953883536931792,1.6314829930839967,0
782,main,Naive AI estimator,0.6266533811885407,0.2043595987957885,-0.4222937823927523,0.09164405084316414,0.02473725914318678,0.38398193844839024,0
782,main,ISE causal estimator,0.6266533811885407,0.6503949770456562,0.02374159585711544,0.10216577694293195,0.45015005423750953,0.8506398998538028,1
782,main,Design erasure estimator,0.6266533811885407,1.0492762579861972,0.4226228767976564,0.11790757333059006,0.8181774142582406,1.2803751017141536,0
782,main,Post index leakage estimator,0.6266533811885407,0.2875220333296068,-0.33913134785893395,0.1010210293016566,0.08952081589835986,0.48552325076085373,0
782,main,Oracle prospective estimator,0.6266533811885407,0.6471440464206086,0.020490665232067884,0.1023281900055426,0.44658079400974515,0.8477072988314721,1
783,main,Structured EHR estimator,0.6318587282890658,1.409949998530774,0.7780912702417082,0.13629103760435748,1.1428195648262334,1.6770804322353146,0
783,main,Naive AI estimator,0.6318587282890658,0.07758159808073038,-0.5542771302083354,0.09851570029258894,-0.11550917449274394,0.2706723706542047,0
783,main,ISE causal estimator,0.6318587282890658,0.7240199401333394,0.09216121184427362,0.10664699566007638,0.5149918286395897,0.933048051627089,1
783,main,Design erasure estimator,0.6318587282890658,1.2804947746199007,0.6486360463308349,0.12702307446193956,1.031529548674499,1.5294600005653023,0
783,main,Post index leakage estimator,0.6318587282890658,0.01154806490512873,-0.620310663383937,0.10388194647831334,-0.19206055019236543,0.21515668000262286,0
783,main,Oracle prospective estimator,0.6318587282890658,0.7021393842360925,0.0702806559470267,0.10548809515006095,0.49538271774197296,0.908896050730212,1
784,main,Structured EHR estimator,0.6432303286098197,1.3553425901574823,0.7121122615476626,0.14292542568966832,1.0752087558057324,1.6354764245092321,0
784,main,Naive AI estimator,0.6432303286098197,0.07677773595313396,-0.5664525926566857,0.0949278443748036,-0.1092808390214811,0.262836310927749,0
784,main,ISE causal estimator,0.6432303286098197,0.5973731286776004,-0.04585719993221926,0.12393677141494573,0.35445705670430677,0.840289200650894,1
784,main,Design erasure estimator,0.6432303286098197,0.9283417739957187,0.28511144538589905,0.1444832358613388,0.6451546317074948,1.2115289162839427,0
784,main,Post index leakage estimator,0.6432303286098197,0.13375931440228955,-0.50947101420753,0.1018409852982168,-0.06584901678221536,0.33336764558679444,0
784,main,Oracle prospective estimator,0.6432303286098197,0.591876931286897,-0.051353397322922656,0.12336234171283084,0.35008674152974856,0.8336671210440454,1
785,main,Structured EHR estimator,0.6350326376119708,1.4423903679339496,0.8073577303219788,0.1364894706249332,1.1748710055090805,1.7099097303588187,0
785,main,Naive AI estimator,0.6350326376119708,0.21465584988114364,-0.4203767877308272,0.08929605419910136,0.03963558365090497,0.3896761161113823,0
785,main,ISE causal estimator,0.6350326376119708,0.8700833294131032,0.23505069180113236,0.11587281452559767,0.6429726129429317,1.0971940458832745,0
785,main,Design erasure estimator,0.6350326376119708,1.1338561487920802,0.49882351118010937,0.12993734941252605,0.8791789439435291,1.3885333536406312,0
785,main,Post index leakage estimator,0.6350326376119708,0.1830176361309592,-0.4520150014810116,0.09329768985899452,0.0001541640073299544,0.3658811082545884,0
785,main,Oracle prospective estimator,0.6350326376119708,0.861815210581109,0.22678257296913817,0.11496963697206314,0.6364747221158653,1.0871556990463527,0
786,main,Structured EHR estimator,0.6442198212708335,1.4028664693742712,0.7586466481034376,0.15886105924692054,1.0914987932503069,1.7142341454982355,0
786,main,Naive AI estimator,0.6442198212708335,-0.02678018032255185,-0.6710000015933854,0.09017854748993874,-0.2035301334028318,0.14996977275772808,0
786,main,ISE causal estimator,0.6442198212708335,0.4388057383795792,-0.20541408289125435,0.12557520064920671,0.19267834510713405,0.6849331316520244,1
786,main,Design erasure estimator,0.6442198212708335,0.9912667304457727,0.3470469091749392,0.1374974916266973,0.721771646857446,1.2607618140340995,0
786,main,Post index leakage estimator,0.6442198212708335,0.057901748573724446,-0.5863180726971091,0.10238062706794666,-0.142764280479451,0.2585677776268999,0
786,main,Oracle prospective estimator,0.6442198212708335,0.4430159618287606,-0.20120385944207297,0.12174177091476483,0.2044020908358215,0.6816298328216996,1
787,main,Structured EHR estimator,0.6326962804645367,1.2858761627937327,0.653179882329196,0.1503651556094465,0.9911604577992177,1.5805918677882478,0
787,main,Naive AI estimator,0.6326962804645367,-0.028617913847401144,-0.6613141943119378,0.09394577646439373,-0.21275163571761285,0.15551580802281056,0
787,main,ISE causal estimator,0.6326962804645367,0.45547421294188584,-0.1772220675226509,0.1123575580546191,0.2352533991548324,0.6756950267289392,1
787,main,Design erasure estimator,0.6326962804645367,1.0004780461484943,0.3677817656839576,0.128910337772359,0.7478137841146707,1.2531423081823179,0
787,main,Post index leakage estimator,0.6326962804645367,0.0033412666122727705,-0.629355013852264,0.10030588042046466,-0.19325825901183796,0.1999407922363835,0
787,main,Oracle prospective estimator,0.6326962804645367,0.46638017545409916,-0.1663161050104376,0.1114418901406814,0.24795407077836362,0.6848062801298347,1
788,main,Structured EHR estimator,0.6581206096466086,1.6482575045101673,0.9901368948635587,0.13593735209294674,1.3818202944079916,1.914694714612343,0
788,main,Naive AI estimator,0.6581206096466086,0.3367110789575155,-0.32140953068909306,0.11526914831063731,0.11078354826866638,0.5626386096463647,0
788,main,ISE causal estimator,0.6581206096466086,0.9511753742164302,0.2930547645698216,0.10460495488796533,0.7461496626360181,1.156201085796842,0
788,main,Design erasure estimator,0.6581206096466086,1.2588091247181525,0.600688515071544,0.12640079357925751,1.0110635693028078,1.5065546801334972,0
788,main,Post index leakage estimator,0.6581206096466086,0.30378869959098764,-0.3543319100556209,0.12513573990572283,0.0585226493757709,0.5490547498062044,0
788,main,Oracle prospective estimator,0.6581206096466086,0.9412769511895627,0.2831563415429541,0.10372187478670501,0.7379820766076208,1.1445718257715045,0
789,main,Structured EHR estimator,0.6287681995936945,1.3092069424946788,0.6804387429009844,0.12875514340003652,1.0568468614306072,1.5615670235587504,0
789,main,Naive AI estimator,0.6287681995936945,0.2126673992082896,-0.41610080038540487,0.08558964866662899,0.04491168782169677,0.38042311059488243,0
789,main,ISE causal estimator,0.6287681995936945,0.6402121909372774,0.011443991343582982,0.09693607067944458,0.4502174924055661,0.8302068894689888,1
789,main,Design erasure estimator,0.6287681995936945,0.9091672230656859,0.2803990234719914,0.11223901193016458,0.6891787596825633,1.1291556864488084,0
789,main,Post index leakage estimator,0.6287681995936945,0.2299681761661892,-0.39880002342750526,0.09590389725058057,0.04199653755505128,0.4179398147773271,0
789,main,Oracle prospective estimator,0.6287681995936945,0.6195934153842003,-0.009174784209494136,0.0972537876262068,0.428975991636835,0.8102108391315657,1
790,main,Structured EHR estimator,0.6401690088788162,1.6380274513127107,0.9978584424338944,0.14584958896441352,1.35216225694246,1.9238926456829613,0
790,main,Naive AI estimator,0.6401690088788162,0.03027768328284757,-0.6098913255959687,0.10584176994687006,-0.17717218581301772,0.23772755237871288,0
790,main,ISE causal estimator,0.6401690088788162,0.7680143326693377,0.1278453237905215,0.12052224199611361,0.531790738356955,1.0042379269817203,1
790,main,Design erasure estimator,0.6401690088788162,1.209796143704947,0.5696271348261307,0.13579872418801966,0.9436306442964284,1.4759616431134654,0
790,main,Post index leakage estimator,0.6401690088788162,0.044039600941532586,-0.5961294079372836,0.1116136680316534,-0.17472318840050807,0.2628023902835732,0
790,main,Oracle prospective estimator,0.6401690088788162,0.7513914535616288,0.11122244468281262,0.11860839121762423,0.5189190067750853,0.9838639003481724,1
791,main,Structured EHR estimator,0.642708752411542,1.530112887651967,0.8874041352404249,0.13840674964738242,1.2588356583430973,1.8013901169608366,0
791,main,Naive AI estimator,0.642708752411542,0.14478266119688965,-0.49792609121465237,0.09513014952630565,-0.04167243187466943,0.3312377542684487,0
791,main,ISE causal estimator,0.642708752411542,0.6924555387000441,0.04974678628850204,0.11514221448264252,0.4667767983140647,0.9181342790860234,1
791,main,Design erasure estimator,0.642708752411542,1.1508885158217452,0.5081797634102032,0.12311202832679263,0.9095889403012316,1.3921880913422588,0
791,main,Post index leakage estimator,0.642708752411542,0.2353883513272987,-0.4073204010842433,0.10028907114801319,0.03882177187719285,0.43195493077740454,0
791,main,Oracle prospective estimator,0.642708752411542,0.6828874176587744,0.04017866524723235,0.11370634949734681,0.4600229726439746,0.9057518626735741,1
792,main,Structured EHR estimator,0.6348115258675222,1.377886385847826,0.7430748599803039,0.13051966015106692,1.1220678519517349,1.6337049197439173,0
792,main,Naive AI estimator,0.6348115258675222,0.184253832945108,-0.4505576929224142,0.09528130383660707,-0.002497522574641864,0.37100518846485786,0
792,main,ISE causal estimator,0.6348115258675222,0.7411971023086672,0.10638557644114499,0.10424375811195594,0.5368793364092336,0.9455148682081008,1
792,main,Design erasure estimator,0.6348115258675222,1.072114479717926,0.43730295385040385,0.12155330116379337,0.833870009436891,1.3103589499989612,0
792,main,Post index leakage estimator,0.6348115258675222,0.18822835937086,-0.4465831664966622,0.10189378657208886,-0.011483462310434178,0.38794018105215416,0
792,main,Oracle prospective estimator,0.6348115258675222,0.7274836468939573,0.09267212102643507,0.10330890666002024,0.5249981898403177,0.9299691039475969,1
793,main,Structured EHR estimator,0.6455338024236776,1.4514778500952712,0.8059440476715936,0.13651786147258754,1.1839028416089996,1.7190528585815428,0
793,main,Naive AI estimator,0.6455338024236776,0.22514685967571116,-0.4203869427479665,0.08276202540054207,0.0629332898906487,0.38736042946077365,0
793,main,ISE causal estimator,0.6455338024236776,0.6300538983959532,-0.015479904027724478,0.09905652549167841,0.4359031084322635,0.8242046883596428,1
793,main,Design erasure estimator,0.6455338024236776,1.0422881123766043,0.3967543099529267,0.12120535075780198,0.8047256248913125,1.2798505998618963,0
793,main,Post index leakage estimator,0.6455338024236776,0.24064479551992318,-0.40488900690375446,0.09121389272135307,0.061865565786071164,0.4194240252537752,0
793,main,Oracle prospective estimator,0.6455338024236776,0.6421841108733407,-0.0033496915503369307,0.0998825861730506,0.4464142419741616,0.8379539797725198,1
794,main,Structured EHR estimator,0.6343122330574194,1.1975059349607697,0.5631937019033504,0.1496187874841708,0.904253111491795,1.4907587584297444,0
794,main,Naive AI estimator,0.6343122330574194,0.007358902700387144,-0.6269533303570322,0.10722433851119786,-0.20280080078156068,0.21751860618233496,0
794,main,ISE causal estimator,0.6343122330574194,0.6077982139486536,-0.02651401910876572,0.12106149347655334,0.37051768673460905,0.8450787411626982,1
794,main,Design erasure estimator,0.6343122330574194,1.0059793865334004,0.371667153475981,0.13770746050192545,0.7360727639496265,1.2758860091171742,0
794,main,Post index leakage estimator,0.6343122330574194,-0.0046337457831983975,-0.6389459788406178,0.10736485346098502,-0.21506885856672903,0.20580136700033225,0
794,main,Oracle prospective estimator,0.6343122330574194,0.605923173137008,-0.028389059920411297,0.11978871238513253,0.3711372968621483,0.8407090494118679,1
795,main,Structured EHR estimator,0.6401421857031508,1.2463941086357384,0.6062519229325876,0.13507371990936606,0.9816496176133809,1.511138599658096,0
795,main,Naive AI estimator,0.6401421857031508,0.09522521807453492,-0.544916967628616,0.09162388837320484,-0.08435760313694655,0.2748080392860164,0
795,main,ISE causal estimator,0.6401421857031508,0.6165774228863893,-0.023564762816761564,0.10569195810384195,0.40942118500285907,0.8237336607699195,1
795,main,Design erasure estimator,0.6401421857031508,0.9635664225287919,0.32342423682564103,0.11746742314816754,0.7333302731583835,1.1938025718992002,0
795,main,Post index leakage estimator,0.6401421857031508,0.07912151564293089,-0.5610206700602199,0.09897547304969181,-0.11487041153446505,0.27311344282032685,0
795,main,Oracle prospective estimator,0.6401421857031508,0.6037384673027806,-0.036403718400370266,0.10508603964930838,0.3977698295901362,0.809707105015425,1
796,main,Structured EHR estimator,0.6467832547903616,1.4505921387346248,0.8038088839442632,0.1312508719905126,1.1933404296332202,1.7078438478360294,0
796,main,Naive AI estimator,0.6467832547903616,0.14482655054296684,-0.5019567042473947,0.0910650282429818,-0.033660904813277465,0.3233140058992111,0
796,main,ISE causal estimator,0.6467832547903616,0.6374140915282602,-0.009369163262101354,0.1026969328278363,0.43612810318570105,0.8387000798708194,1
796,main,Design erasure estimator,0.6467832547903616,1.0636511001779496,0.41686784538758803,0.12084721471357963,0.8267905593393335,1.3005116410165658,0
796,main,Post index leakage estimator,0.6467832547903616,0.15366275488441747,-0.4931204999059441,0.0960980234674482,-0.034689371111781,0.34201488088061593,0
796,main,Oracle prospective estimator,0.6467832547903616,0.6417483771818028,-0.005034877608558808,0.10172975805324178,0.4423580513974489,0.8411387029661567,1
797,main,Structured EHR estimator,0.6231139373947153,1.4144269556507525,0.7913130182560372,0.1411941566036537,1.1376864087075913,1.6911675025939137,0
797,main,Naive AI estimator,0.6231139373947153,0.25341058410223494,-0.3697033532924804,0.0999184772689225,0.057570368655146836,0.449250799549323,0
797,main,ISE causal estimator,0.6231139373947153,0.6846417351713354,0.0615277977766201,0.10814528377262214,0.472676978976996,0.8966064913656748,1
797,main,Design erasure estimator,0.6231139373947153,1.1222352878874453,0.49912135049273,0.13070614666735347,0.8660512404194325,1.3784193353554581,0
797,main,Post index leakage estimator,0.6231139373947153,0.30256491546462994,-0.3205490219300854,0.10594223494072892,0.09491813498080126,0.5102116959484586,0
797,main,Oracle prospective estimator,0.6231139373947153,0.6736019097753353,0.05048797238061997,0.10782660366641232,0.4622617665891672,0.8849420529615034,1
798,main,Structured EHR estimator,0.646463370654533,1.31183538986986,0.6653720192153271,0.16886040489956997,0.980868996266703,1.642801783473017,0
798,main,Naive AI estimator,0.646463370654533,-0.03486700147225713,-0.68133037212679,0.10131763378726993,-0.2334495636953062,0.16371556075079194,0
798,main,ISE causal estimator,0.646463370654533,0.5702064636226009,-0.07625690703193211,0.13206959016450603,0.31135006690016903,0.8290628603450327,1
798,main,Design erasure estimator,0.646463370654533,0.9811575240943146,0.3346941534397816,0.15085346079834272,0.6854847409295628,1.2768303072590663,0
798,main,Post index leakage estimator,0.646463370654533,-0.03498826308142749,-0.6814516337359604,0.10292376092388601,-0.23671883449224407,0.16674230832938908,0
798,main,Oracle prospective estimator,0.646463370654533,0.5441128424837685,-0.10235052817076451,0.1318571936526271,0.28567274292461936,0.8025529420429176,1
799,main,Structured EHR estimator,0.6300246606629986,1.4513635581082163,0.8213388974452177,0.14325042031338367,1.1705927342939844,1.7321343819224482,0
799,main,Naive AI estimator,0.6300246606629986,0.11757847510420448,-0.5124461855587941,0.09547137412742362,-0.06954541818554581,0.30470236839395476,0
799,main,ISE causal estimator,0.6300246606629986,0.6506839717402177,0.02065931107721919,0.10516954227994897,0.44455166887151776,0.8568162746089177,1
799,main,Design erasure estimator,0.6300246606629986,0.9756299538758725,0.3456052932128739,0.11944924037202864,0.7415094427466964,1.2097504650050486,0
799,main,Post index leakage estimator,0.6300246606629986,0.1423444923823543,-0.48768016828064426,0.10301754217423023,-0.05956989027913695,0.34425887504384556,0
799,main,Oracle prospective estimator,0.6300246606629986,0.6280957774200152,-0.001928883242983348,0.10458895429571662,0.42310142700041065,0.8330901278396198,1
800,main,Structured EHR estimator,0.661861987047373,1.4063086057818286,0.7444466187344556,0.1336545980108078,1.1443455936806453,1.668271617883012,0
800,main,Naive AI estimator,0.661861987047373,-0.014832208971785398,-0.6766941960191584,0.09664407433796697,-0.20425459467420065,0.17459017673062988,0
800,main,ISE causal estimator,0.661861987047373,0.6411676635448215,-0.020694323502551515,0.11095220324086022,0.42370134519273545,0.8586339818969075,1
800,main,Design erasure estimator,0.661861987047373,0.9923180033963728,0.3304560163489998,0.12669586258846022,0.7439941127229908,1.2406418940697548,0
800,main,Post index leakage estimator,0.661861987047373,-0.008129210434238027,-0.669991197481611,0.10055367822993508,-0.20521441976491078,0.18895599889643472,0
800,main,Oracle prospective estimator,0.661861987047373,0.6305040057137616,-0.03135798133361134,0.1102642741554652,0.4143860283690498,0.8466219830584735,1
801,main,Structured EHR estimator,0.6384478872611308,1.5102095353868734,0.8717616481257426,0.14070757935990635,1.234422679841457,1.7859963909322898,0
801,main,Naive AI estimator,0.6384478872611308,0.3422792187308266,-0.29616866853030416,0.09552835335449188,0.15504364615602254,0.5295147913056307,0
801,main,ISE causal estimator,0.6384478872611308,0.8322708717719103,0.1938229845107795,0.10822977832373767,0.6201405062573845,1.0444012372864362,1
801,main,Design erasure estimator,0.6384478872611308,1.107867910276522,0.4694200230153913,0.11781399314177435,0.8769524837186444,1.3387833368343998,0
801,main,Post index leakage estimator,0.6384478872611308,0.3600227028138233,-0.27842518444730746,0.10341759414998049,0.15732421827986157,0.5627211873477851,0
801,main,Oracle prospective estimator,0.6384478872611308,0.81948348083345,0.18103559357231924,0.10638306415590637,0.6109726750878736,1.0279942865790266,1
802,main,Structured EHR estimator,0.617909768749457,1.4996229815538387,0.8817132128043816,0.1392148611277784,1.226761853743393,1.7724841093642842,0
802,main,Naive AI estimator,0.617909768749457,0.1323627940023239,-0.48554697474713315,0.09345554319538855,-0.05081007066063767,0.31553565866528543,0
802,main,ISE causal estimator,0.617909768749457,0.6449123059358073,0.02700253718635026,0.11187660422152534,0.4256341616616176,0.864190450209997,1
802,main,Design erasure estimator,0.617909768749457,1.017755352568735,0.39984558381927804,0.13073022155996353,0.7615241183112065,1.2739865868262636,0
802,main,Post index leakage estimator,0.617909768749457,0.20465223277342695,-0.4132575359760301,0.09794837296570795,0.012673421760639375,0.3966310437862145,0
802,main,Oracle prospective estimator,0.617909768749457,0.6401388663189262,0.022229097569469225,0.11145261580964985,0.42169173933201254,0.85858599330584,1
803,main,Structured EHR estimator,0.6344746878852339,1.3413116167480204,0.7068369288627865,0.14538940062780528,1.056348391517522,1.6262748419785187,0
803,main,Naive AI estimator,0.6344746878852339,-0.02532690503042566,-0.6598015929156595,0.09755126490631037,-0.21652738424679396,0.16587357418594267,0
803,main,ISE causal estimator,0.6344746878852339,0.4968680490619841,-0.13760663882324975,0.10922707208314449,0.2827829877790209,0.7109531103449473,1
803,main,Design erasure estimator,0.6344746878852339,0.8944909639909285,0.26001627610569467,0.1257340526240478,0.6480522208477948,1.1409297071340623,0
803,main,Post index leakage estimator,0.6344746878852339,0.03150300917061465,-0.6029716787146192,0.10384019827007974,-0.17202377943874164,0.23502979777997096,0
803,main,Oracle prospective estimator,0.6344746878852339,0.4934579538021672,-0.14101673408306664,0.10927256082747529,0.27928373458031563,0.7076321730240188,1
804,main,Structured EHR estimator,0.648632100670094,1.5227121202094742,0.8740800195393802,0.1569721759638333,1.215046655320361,1.8303775850985875,0
804,main,Naive AI estimator,0.648632100670094,0.10403103287862818,-0.5446010677914659,0.09520861033201088,-0.08257784337211314,0.2906399091293695,0
804,main,ISE causal estimator,0.648632100670094,0.5938111722801391,-0.05482092838995489,0.11465092089795638,0.36909536732014464,0.8185269772401336,1
804,main,Design erasure estimator,0.648632100670094,1.079917796601587,0.4312856959314929,0.12990321665289467,0.8253074919619134,1.3345281012412604,0
804,main,Post index leakage estimator,0.648632100670094,0.15749371245331037,-0.4911383882167837,0.10100591172274216,-0.04047787452326426,0.35546529942988503,0
804,main,Oracle prospective estimator,0.648632100670094,0.5679439628654976,-0.08068813780459638,0.11478462158943026,0.34296610455021437,0.7929218211807809,1
805,main,Structured EHR estimator,0.6405569885538087,1.4211235061218728,0.780566517568064,0.1372801232271352,1.1520544645966877,1.6901925476470578,0
805,main,Naive AI estimator,0.6405569885538087,0.08586355839177609,-0.5546934301620327,0.09352490083122433,-0.0974452472374236,0.2691723640209758,0
805,main,ISE causal estimator,0.6405569885538087,0.6131433440852162,-0.027413644468592513,0.11849355314740777,0.380895979916297,0.8453907082541354,1
805,main,Design erasure estimator,0.6405569885538087,1.1694920793227068,0.5289350907688981,0.13350544388412347,0.9078214093098248,1.4311627493355887,0
805,main,Post index leakage estimator,0.6405569885538087,0.11261566613547024,-0.5279413224183385,0.09702237116546863,-0.07754818134884829,0.3027795136197888,0
805,main,Oracle prospective estimator,0.6405569885538087,0.6076511462396625,-0.03290584231414617,0.11950106222612895,0.3734290642764498,0.8418732282028754,1
806,main,Structured EHR estimator,0.6380003499250134,1.169668583902221,0.5316682339772075,0.14893850182900853,0.8777491203173642,1.4615880474870777,0
806,main,Naive AI estimator,0.6380003499250134,0.05644865187962708,-0.5815516980453863,0.09956706997833022,-0.13870280527790013,0.2516001090371543,0
806,main,ISE causal estimator,0.6380003499250134,0.6200272188620416,-0.017973131062971826,0.11445605359442199,0.3956933538169745,0.8443610839071087,1
806,main,Design erasure estimator,0.6380003499250134,1.0225897690861914,0.38458941916117795,0.14080353646541588,0.7466148376139763,1.2985647005584064,0
806,main,Post index leakage estimator,0.6380003499250134,0.022701343877968596,-0.6152990060470448,0.10517674992637914,-0.1834450859777345,0.2288477737336717,0
806,main,Oracle prospective estimator,0.6380003499250134,0.5941264425483758,-0.043873907376637655,0.1145131583668716,0.36968065214930745,0.8185722329474441,1
807,main,Structured EHR estimator,0.6280858636730048,1.2990529453611654,0.6709670816881607,0.15146601358306735,1.0021795587383535,1.5959263319839774,0
807,main,Naive AI estimator,0.6280858636730048,-0.062412347909262124,-0.6904982115822669,0.09174857179415503,-0.242239548625806,0.11741485280728176,0
807,main,ISE causal estimator,0.6280858636730048,0.5593816837764629,-0.06870417989654187,0.11890406856478808,0.32632970938947825,0.7924336581634476,1
807,main,Design erasure estimator,0.6280858636730048,0.8562117898010767,0.22812592612807192,0.12713861915163566,0.6070200962638708,1.1054034833382826,1
807,main,Post index leakage estimator,0.6280858636730048,-0.056919052437014964,-0.6850049161100198,0.0942476994012466,-0.2416445432634583,0.12780643838942835,0
807,main,Oracle prospective estimator,0.6280858636730048,0.5402816241765025,-0.08780423949650229,0.1162077336370987,0.31251446624778906,0.768048782105216,1
808,main,Structured EHR estimator,0.6468235658623512,1.2567134034744327,0.6098898376120815,0.14136434739173404,0.979639282586634,1.5337875243622314,0
808,main,Naive AI estimator,0.6468235658623512,0.03320969898395851,-0.6136138668783927,0.09291330391786204,-0.14890037669505107,0.2153197746629681,0
808,main,ISE causal estimator,0.6468235658623512,0.677256377758608,0.030432811896256795,0.11555214911895709,0.4507741654854521,0.9037385900317639,1
808,main,Design erasure estimator,0.6468235658623512,1.0427778690639207,0.39595430320156944,0.12288230437197273,0.8019285524948541,1.2836271856329873,0
808,main,Post index leakage estimator,0.6468235658623512,-0.01809384352559107,-0.6649174093879423,0.0965671092594489,-0.20736537767411092,0.17117769062292879,0
808,main,Oracle prospective estimator,0.6468235658623512,0.6753992266817004,0.028575660819349147,0.11427483552075492,0.45142054906102075,0.89937790430238,1
809,main,Structured EHR estimator,0.6547742405605699,1.595167700034373,0.940393459473803,0.14057906814004079,1.319632726479893,1.8707026735888528,0
809,main,Naive AI estimator,0.6547742405605699,0.25319198634010476,-0.4015822542204651,0.09276907636107867,0.07136459667239056,0.4350193760078189,0
809,main,ISE causal estimator,0.6547742405605699,0.7313324439348338,0.07655820337426389,0.11089861840915217,0.5139711518528955,0.948693736016772,1
809,main,Design erasure estimator,0.6547742405605699,1.2139043282724205,0.5591300877118506,0.128759712627195,0.9615352915231183,1.4662733650217226,0
809,main,Post index leakage estimator,0.6547742405605699,0.3202599624507691,-0.3345142781098008,0.0992862624674243,0.1256588880146175,0.5148610368869206,0
809,main,Oracle prospective estimator,0.6547742405605699,0.7056689192601717,0.05089467869960185,0.11196096127046708,0.48622543517005623,0.9251124033502872,1
810,main,Structured EHR estimator,0.6479606462178038,1.1795605179239912,0.5315998717061874,0.1353702254257393,0.9142348760895422,1.4448861597584401,0
810,main,Naive AI estimator,0.6479606462178038,0.06315553901170386,-0.5848051072060999,0.08763055017642046,-0.10860033933408024,0.23491141735748794,0
810,main,ISE causal estimator,0.6479606462178038,0.5486806643347466,-0.0992799818830572,0.10651340831812223,0.33991438403122703,0.7574469446382661,1
810,main,Design erasure estimator,0.6479606462178038,0.8432783855067743,0.19531773928897045,0.12099270727944031,0.6061326792390712,1.0804240917744772,1
810,main,Post index leakage estimator,0.6479606462178038,0.06404804056045434,-0.5839126056573495,0.09549201495529089,-0.1231163087519158,0.25121238987282446,0
810,main,Oracle prospective estimator,0.6479606462178038,0.544061006724872,-0.1038996394929318,0.1071899514213186,0.33396870193908756,0.7541533115106565,1
811,main,Structured EHR estimator,0.6789435182236481,1.4062194009517437,0.7272758827280956,0.13189255377102832,1.147709995560528,1.6647288063429593,0
811,main,Naive AI estimator,0.6789435182236481,0.11900629413024098,-0.5599372240934071,0.089136238764161,-0.055700733847514575,0.29371332210799656,0
811,main,ISE causal estimator,0.6789435182236481,0.6499317020047661,-0.029011816218881936,0.10872838297898735,0.4368240713659509,0.8630393326435813,1
811,main,Design erasure estimator,0.6789435182236481,0.979740707305334,0.30079718908168596,0.11925305217482947,0.7460047250426682,1.2134766895679998,0
811,main,Post index leakage estimator,0.6789435182236481,0.1743960828834109,-0.5045474353402372,0.09287416535801118,-0.00763728121829102,0.3564294469851128,0
811,main,Oracle prospective estimator,0.6789435182236481,0.6299768320885106,-0.04896668613513744,0.10712742244551417,0.42000708409530285,0.8399465800817184,1
812,main,Structured EHR estimator,0.6430740584629181,1.588367357769909,0.9452932993069908,0.13225917368581858,1.3291393773457045,1.8475953381941133,0
812,main,Naive AI estimator,0.6430740584629181,0.27703522183781004,-0.36603883662510805,0.08886819211733657,0.10285356528783038,0.4512168783877897,0
812,main,ISE causal estimator,0.6430740584629181,0.766410382286496,0.12333632382357795,0.1078697096914941,0.5549857512911676,0.9778350132818245,1
812,main,Design erasure estimator,0.6430740584629181,1.2452553384404708,0.6021812799775527,0.11274723155130026,1.0242707645999223,1.4662399122810192,0
812,main,Post index leakage estimator,0.6430740584629181,0.30717420658140376,-0.33589985188151433,0.09400277362106643,0.12292877028411356,0.491419642878694,0
812,main,Oracle prospective estimator,0.6430740584629181,0.7488231677063001,0.10574910924338199,0.10794201718630153,0.5372568140211491,0.9603895213914511,1
813,main,Structured EHR estimator,0.6472529387596745,1.5102739128832219,0.8630209741235474,0.15416895883617648,1.208102753564316,1.8124450722021277,0
813,main,Naive AI estimator,0.6472529387596745,0.15368490346318717,-0.4935680352964873,0.0963359098975614,-0.03513347993603316,0.3425032868624075,0
813,main,ISE causal estimator,0.6472529387596745,0.5778367334876037,-0.06941620527207082,0.11610482371656165,0.3502712790031428,0.8054021879720645,1
813,main,Design erasure estimator,0.6472529387596745,1.1417349447605423,0.4944820060008678,0.1401841479981666,0.8669740146841357,1.416495874836949,0
813,main,Post index leakage estimator,0.6472529387596745,0.23458935511719609,-0.4126635836424784,0.10362926526241466,0.03147599520286337,0.4377027150315288,0
813,main,Oracle prospective estimator,0.6472529387596745,0.5657261513806573,-0.0815267873790172,0.11661701707722795,0.33715679790929054,0.794295504852024,1
814,main,Structured EHR estimator,0.6318387336697985,1.4614762952975238,0.8296375616277253,0.1357698313750571,1.1953674258024118,1.7275851647926357,0
814,main,Naive AI estimator,0.6318387336697985,-0.01050664103043225,-0.6423453747002307,0.09348557411349737,-0.1937383662928871,0.1727250842320226,0
814,main,ISE causal estimator,0.6318387336697985,0.6402090653584801,0.00837033168868162,0.11049607029631345,0.42363676757770574,0.8567813631392545,1
814,main,Design erasure estimator,0.6318387336697985,0.9378491255854857,0.30601039191568724,0.127968978716081,0.6870299273019669,1.1886683238690046,0
814,main,Post index leakage estimator,0.6318387336697985,-0.0015920388217194384,-0.6334307724915179,0.0986825493747044,-0.19500983559614005,0.19182575795270118,0
814,main,Oracle prospective estimator,0.6318387336697985,0.6283632067808615,-0.0034755268889369306,0.11047305518401475,0.41183601862019265,0.8448903949415305,1
815,main,Structured EHR estimator,0.6649124226380505,1.1454486740175411,0.48053625137949063,0.14324222565988495,0.8646939117241667,1.4262034363109155,0
815,main,Naive AI estimator,0.6649124226380505,0.06809232785079965,-0.5968200947872508,0.090307576359739,-0.1089105218142888,0.2450951775158881,0
815,main,ISE causal estimator,0.6649124226380505,0.45305235520236853,-0.21186006743568198,0.11428645204629317,0.2290509091916339,0.6770538012131031,1
815,main,Design erasure estimator,0.6649124226380505,0.7270831639944216,0.06217074135637113,0.1307449517490246,0.47082305856633344,0.9833432694225098,1
815,main,Post index leakage estimator,0.6649124226380505,0.13315416304462777,-0.5317582595934227,0.09447111136434184,-0.052009215229482236,0.3183175413187378,0
815,main,Oracle prospective estimator,0.6649124226380505,0.4172392409471991,-0.2476731816908514,0.11334049994099583,0.1950918610628473,0.639386620831551,0
816,main,Structured EHR estimator,0.6406605392774082,1.1262210355797126,0.48556049630230447,0.1472281143685537,0.8376539314173475,1.4147881397420778,0
816,main,Naive AI estimator,0.6406605392774082,0.02882555629214948,-0.6118349829852587,0.09648134891953497,-0.16027788759013906,0.217929000174438,0
816,main,ISE causal estimator,0.6406605392774082,0.4391262955188966,-0.2015342437585116,0.11430648045734162,0.215085593822507,0.6631669972152862,1
816,main,Design erasure estimator,0.6406605392774082,0.9428424574734462,0.302181918196038,0.14104827058547492,0.6663878471259154,1.219297067820977,0
816,main,Post index leakage estimator,0.6406605392774082,0.10003678944010846,-0.5406237498372997,0.10369502906999539,-0.10320546753708251,0.3032790464172994,0
816,main,Oracle prospective estimator,0.6406605392774082,0.44054483028165997,-0.2001157089957482,0.11380920100714034,0.2174787963076649,0.6636108642556551,1
817,main,Structured EHR estimator,0.6395989841238344,1.681125586941096,1.0415266028172616,0.13626932934730746,1.4140377014203733,1.9482134724618185,0
817,main,Naive AI estimator,0.6395989841238344,0.305563575904778,-0.3340354082190564,0.09258337276097509,0.12410016529326684,0.4870269865162892,0
817,main,ISE causal estimator,0.6395989841238344,0.7591934708943537,0.11959448677051931,0.11549452772621556,0.5328241965509712,0.9855627452377362,1
817,main,Design erasure estimator,0.6395989841238344,1.2113813594537939,0.5717823753299595,0.12238408988494522,0.9715085432793013,1.4512541756282866,0
817,main,Post index leakage estimator,0.6395989841238344,0.3738121938486804,-0.265786790275154,0.09722014483747535,0.18326070996722874,0.5643636777301321,0
817,main,Oracle prospective estimator,0.6395989841238344,0.7503868419907573,0.11078785786692291,0.11605540966229312,0.5229182390526628,0.9778554449288519,1
818,main,Structured EHR estimator,0.6452297166975314,1.1242083617506122,0.47897864505308085,0.14018832669498882,0.8494392414284342,1.3989774820727903,0
818,main,Naive AI estimator,0.6452297166975314,0.08520941300098749,-0.5600203036965439,0.09891688048709807,-0.10866767275372473,0.2790864987556997,0
818,main,ISE causal estimator,0.6452297166975314,0.6172586559304829,-0.027971060767048472,0.11515618384161042,0.3915525356009265,0.8429647762600393,1
818,main,Design erasure estimator,0.6452297166975314,0.926466108830875,0.2812363921333436,0.13580009530028966,0.6602979220423073,1.1926342956194427,0
818,main,Post index leakage estimator,0.6452297166975314,0.061086030586137256,-0.5841436861113941,0.10137049373333401,-0.1376001371311974,0.2597721983034719,0
818,main,Oracle prospective estimator,0.6452297166975314,0.6367714409129266,-0.008458275784604785,0.11476980543331254,0.411822622263634,0.8617202595622192,1
819,main,Structured EHR estimator,0.6583453853441378,1.6282268855676765,0.9698815002235387,0.14044981979559756,1.3529452387683052,1.9035085323670478,0
819,main,Naive AI estimator,0.6583453853441378,0.17179116444615564,-0.48655422089798217,0.10327532198430356,-0.030628466643079333,0.3742107955353906,0
819,main,ISE causal estimator,0.6583453853441378,0.916414448226484,0.2580690628823462,0.12410169199575458,0.673175131914805,1.159653764538163,0
819,main,Design erasure estimator,0.6583453853441378,1.3968594171123616,0.7385140317682238,0.14879355229088878,1.1052240546222196,1.6884947796025036,0
819,main,Post index leakage estimator,0.6583453853441378,0.21514947679446683,-0.44319590854967095,0.10761497064192722,0.004224134336289487,0.4260748192526442,0
819,main,Oracle prospective estimator,0.6583453853441378,0.8981213679382879,0.23977598259415012,0.12282508647093242,0.6573841984552604,1.1388585374213154,1
820,main,Structured EHR estimator,0.62471970071905,1.1686186919563784,0.5438989912373283,0.1371989574175114,0.899708735418056,1.4375286484947007,0
820,main,Naive AI estimator,0.62471970071905,0.1373043795282859,-0.48741532119076414,0.08885293366718855,-0.03684737045940367,0.31145612951597546,0
820,main,ISE causal estimator,0.62471970071905,0.6475761490135138,0.02285644829446376,0.1101595466850873,0.43166343751074265,0.8634888605162849,1
820,main,Design erasure estimator,0.62471970071905,1.0046917901093366,0.3799720893902866,0.12284464307208878,0.7639162896880426,1.2454672905306305,0
820,main,Post index leakage estimator,0.62471970071905,0.1210898669944688,-0.5036298337245813,0.09426000161073275,-0.0636597361625674,0.30583947015150503,0
820,main,Oracle prospective estimator,0.62471970071905,0.6260414203542218,0.001321719635171803,0.11111113085081635,0.40826360388662175,0.8438192368218219,1
821,main,Structured EHR estimator,0.6291407852718559,1.2908842940310719,0.661743508759216,0.13867121901108634,1.0190887047693427,1.562679883292801,0
821,main,Naive AI estimator,0.6291407852718559,0.13117048548087812,-0.4979702997909778,0.09500241720208985,-0.05503425223521799,0.3173752231969742,0
821,main,ISE causal estimator,0.6291407852718559,0.6115874826682964,-0.017553302603559473,0.10768203256817009,0.40053069883468306,0.8226442665019098,1
821,main,Design erasure estimator,0.6291407852718559,0.920621077926341,0.29148029265448505,0.12750553491445255,0.6707102294940139,1.170531926358668,0
821,main,Post index leakage estimator,0.6291407852718559,0.1298053869084143,-0.4993353983634416,0.10234909131350665,-0.07079883206605872,0.33040960588288737,0
821,main,Oracle prospective estimator,0.6291407852718559,0.5999711569322991,-0.02916962833955683,0.10669625058180066,0.3908465057919698,0.8090958080726284,1
822,main,Structured EHR estimator,0.6476457302214654,1.572849292914416,0.9252035626929506,0.14453857748038082,1.2895536810528696,1.8561449047759624,0
822,main,Naive AI estimator,0.6476457302214654,0.2010686967684322,-0.44657703345303323,0.08602292536424137,0.03246376305451912,0.36967363048234525,0
822,main,ISE causal estimator,0.6476457302214654,0.7998609900095417,0.15221525978807626,0.10073311319887551,0.6024240881397457,0.9972978918793377,1
822,main,Design erasure estimator,0.6476457302214654,1.229379765436647,0.5817340352151815,0.12172049126836319,0.9908076025506551,1.4679519283226388,0
822,main,Post index leakage estimator,0.6476457302214654,0.17512941316690075,-0.47251631705456465,0.09453482218015863,-0.010158838306210144,0.3604176646400117,0
822,main,Oracle prospective estimator,0.6476457302214654,0.7904048457950941,0.14275911557362864,0.10213730198740999,0.5902157338997704,0.9905939576904177,1
823,main,Structured EHR estimator,0.6432196337976984,1.3814189773669947,0.7381993435692963,0.13446247627846641,1.1178725238612006,1.6449654308727888,0
823,main,Naive AI estimator,0.6432196337976984,-0.04648595643723717,-0.6897055902349356,0.08675413554947319,-0.2165240621142046,0.12355214923973028,0
823,main,ISE causal estimator,0.6432196337976984,0.5687413223037728,-0.07447831149392559,0.10553539200528304,0.3618919539734181,0.7755906906341276,1
823,main,Design erasure estimator,0.6432196337976984,0.8898987460745686,0.24667911227687023,0.13030650358481863,0.6344979990483242,1.1452994931008131,1
823,main,Post index leakage estimator,0.6432196337976984,-0.02851575814995918,-0.6717353919476576,0.09174162899354832,-0.2083293509773139,0.15129783467739552,0
823,main,Oracle prospective estimator,0.6432196337976984,0.5581044560876556,-0.08511517771004284,0.10491902159142878,0.35246317376845515,0.763745738406856,1
824,main,Structured EHR estimator,0.6472021875526899,1.2385683894849167,0.5913662019322268,0.14217060244592286,0.9599140086909079,1.5172227702789254,0
824,main,Naive AI estimator,0.6472021875526899,0.03987880480241515,-0.6073233827502748,0.0912845965868831,-0.1390390045078757,0.218796614112706,0
824,main,ISE causal estimator,0.6472021875526899,0.5362105774276889,-0.11099161012500103,0.11357062648306432,0.3136121495208828,0.7588090053344949,1
824,main,Design erasure estimator,0.6472021875526899,0.8403569377444895,0.19315475019179962,0.12850019167402213,0.5884965620634062,1.0922173134255728,1
824,main,Post index leakage estimator,0.6472021875526899,0.10924407956421209,-0.5379581079884778,0.09496476561236995,-0.07688686103603301,0.29537502016445716,0
824,main,Oracle prospective estimator,0.6472021875526899,0.5248358901780453,-0.12236629737464455,0.1141086020752123,0.3011830301106292,0.7484887502454615,1
825,main,Structured EHR estimator,0.6455782253279778,1.3453852769114512,0.6998070515834733,0.131647066110701,1.0873570273344773,1.603413526488425,0
825,main,Naive AI estimator,0.6455782253279778,0.16120677810456085,-0.48437144722341696,0.09289754617176021,-0.020872412392089174,0.34328596860121086,0
825,main,ISE causal estimator,0.6455782253279778,0.6594268576459134,0.013848632317935539,0.1110229592738985,0.4418218574690723,0.8770318578227544,1
825,main,Design erasure estimator,0.6455782253279778,1.0042069685007151,0.3586287431727373,0.12959769494505818,0.7501954864084011,1.2582184505930292,0
825,main,Post index leakage estimator,0.6455782253279778,0.19178883003043554,-0.45378939529754225,0.09611599756226655,0.003401474808393118,0.380176185252478,0
825,main,Oracle prospective estimator,0.6455782253279778,0.6248422203890657,-0.020736004938912145,0.1098239176123269,0.40958734186890494,0.8400970989092265,1
826,main,Structured EHR estimator,0.636425403445056,1.5121763202965306,0.8757509168514745,0.1412717140515946,1.2352837607554052,1.789068879837656,0
826,main,Naive AI estimator,0.636425403445056,0.09656949964540072,-0.5398559037996553,0.09227683156742919,-0.0842930902267605,0.27743208951756193,0
826,main,ISE causal estimator,0.636425403445056,0.6447275965494591,0.008302193104403055,0.11694017754690378,0.4155248485575277,0.8739303445413905,1
826,main,Design erasure estimator,0.636425403445056,0.9579053827524775,0.32147997930742145,0.12292297327720096,0.7169763551291636,1.1988344103757913,0
826,main,Post index leakage estimator,0.636425403445056,0.13653738693680428,-0.49988801650825176,0.09942318414440754,-0.05833205398623448,0.33140682785984305,0
826,main,Oracle prospective estimator,0.636425403445056,0.6291219953384387,-0.007303408106617337,0.11749417451662858,0.3988334132858467,0.8594105773910308,1
827,main,Structured EHR estimator,0.6584079185484442,1.4964121892983586,0.8380042707499145,0.12380954234375434,1.2537454863046,1.7390788922921172,0
827,main,Naive AI estimator,0.6584079185484442,0.23206549699863682,-0.42634242154980734,0.10238731988608918,0.03138635002190204,0.4327446439753716,0
827,main,ISE causal estimator,0.6584079185484442,0.8940229310010548,0.23561501245261063,0.11000593852677287,0.6784112914885799,1.1096345705135295,0
827,main,Design erasure estimator,0.6584079185484442,1.152558420893192,0.4941505023447479,0.13054714878347676,0.8966860092775777,1.4084308325088064,0
827,main,Post index leakage estimator,0.6584079185484442,0.2541951592445604,-0.4042127593038838,0.1042688264201129,0.04982825946113911,0.45856205902798164,0
827,main,Oracle prospective estimator,0.6584079185484442,0.879635599740083,0.22122768119163883,0.1093982409437203,0.6652150474903912,1.0940561519897747,0
828,main,Structured EHR estimator,0.6394020924812244,1.4579814070917547,0.8185793146105304,0.13426177446318321,1.1948283291439157,1.7211344850395938,0
828,main,Naive AI estimator,0.6394020924812244,0.11268655568817995,-0.5267155367930444,0.09335697148234345,-0.0702931084172132,0.2956662197935731,0
828,main,ISE causal estimator,0.6394020924812244,0.6996132333864047,0.060211140905180316,0.10698005699105426,0.48993232168393835,0.909294145088871,1
828,main,Design erasure estimator,0.6394020924812244,1.1123522663362069,0.4729501738549825,0.12686564116919027,0.8636956096445939,1.3610089230278197,0
828,main,Post index leakage estimator,0.6394020924812244,0.12349958505517943,-0.5159025074260449,0.10464584869463413,-0.08160627838630345,0.3286054484966623,0
828,main,Oracle prospective estimator,0.6394020924812244,0.6902455601391506,0.050843467657926245,0.10552242177490828,0.4834216134603304,0.8970695068179708,1
829,main,Structured EHR estimator,0.6387662488700848,1.3989329602290188,0.760166711358934,0.13629504340741377,1.1317946751504877,1.66607124530755,0
829,main,Naive AI estimator,0.6387662488700848,0.1304600705377334,-0.5083061783323515,0.10826799367778962,-0.08174519707073427,0.34266533814620104,0
829,main,ISE causal estimator,0.6387662488700848,0.6322196674316674,-0.006546581438417465,0.12214225620217549,0.3928208452754034,0.8716184895879313,1
829,main,Design erasure estimator,0.6387662488700848,1.056756550840916,0.4179903019708312,0.12663436082879664,0.8085532036164746,1.3049598980653574,0
829,main,Post index leakage estimator,0.6387662488700848,0.17026783822596966,-0.4684984106441151,0.11082106524290214,-0.04694144965011851,0.38747712610205787,0
829,main,Oracle prospective estimator,0.6387662488700848,0.6196293359278974,-0.019136912942187445,0.12051394760495356,0.3834219986221884,0.8558366732336063,1
830,main,Structured EHR estimator,0.6784104847322663,1.3520732983790118,0.6736628136467455,0.13669338701537373,1.0841542598288794,1.6199923369291442,0
830,main,Naive AI estimator,0.6784104847322663,0.2872897769878538,-0.3911207077444125,0.09887934148619452,0.09348626767491253,0.48109328630079506,0
830,main,ISE causal estimator,0.6784104847322663,0.7569225322598263,0.07851204752756002,0.10904401104905087,0.5431962706036866,0.970648793915966,1
830,main,Design erasure estimator,0.6784104847322663,1.106418990495148,0.42800850576288174,0.12117620099122815,0.8689136365523409,1.3439243444379552,0
830,main,Post index leakage estimator,0.6784104847322663,0.2872344198976281,-0.3911760648346382,0.10638133655185497,0.07872700025599236,0.4957418395392639,0
830,main,Oracle prospective estimator,0.6784104847322663,0.7398867975897454,0.06147631285747912,0.10769974967733945,0.52879528822216,0.9509783069573308,1
831,main,Structured EHR estimator,0.6435092355462494,1.3202038849894895,0.6766946494432401,0.1468469079848668,1.0323839453391506,1.6080238246398284,0
831,main,Naive AI estimator,0.6435092355462494,0.018208930190460316,-0.6253003053557891,0.10250784233057782,-0.1827064407774722,0.21912430115839285,0
831,main,ISE causal estimator,0.6435092355462494,0.49641662084712634,-0.14709261469912305,0.1203648762944177,0.2605014633100676,0.7323317783841851,1
831,main,Design erasure estimator,0.6435092355462494,1.0205640846903454,0.37705484914409604,0.14313382652673703,0.7400217846979409,1.30110638468275,0
831,main,Post index leakage estimator,0.6435092355462494,0.1284550113749658,-0.5150542241712837,0.11253171408271742,-0.09210714822716035,0.34901717097709195,0
831,main,Oracle prospective estimator,0.6435092355462494,0.5174968531830284,-0.126012382363221,0.12051112405871026,0.2812950500279563,0.7536986563381005,1
832,main,Structured EHR estimator,0.6411906953936263,1.59159405337999,0.9504033579863637,0.13339698301755396,1.3301359666655843,1.8530521400943956,0
832,main,Naive AI estimator,0.6411906953936263,0.08601695223391481,-0.5551737431597115,0.0914000334857855,-0.09312711339822477,0.2651610178660544,0
832,main,ISE causal estimator,0.6411906953936263,0.9161311539641006,0.27494045857047433,0.1141866455847173,0.6923253286180546,1.1399369793101466,0
832,main,Design erasure estimator,0.6411906953936263,1.2036736996085227,0.5624830042148964,0.12497988105671601,0.9587131327373593,1.448634266479686,0
832,main,Post index leakage estimator,0.6411906953936263,0.0903174942999375,-0.5508732010936888,0.09718662836115555,-0.10016829728792735,0.28080328588780235,0
832,main,Oracle prospective estimator,0.6411906953936263,0.90834401196527,0.26715331657164376,0.11441805646966126,0.684084621284734,1.132603402645806,0
833,main,Structured EHR estimator,0.6317063796091704,1.3343930928438261,0.7026867132346557,0.13097688516338893,1.0776783979235838,1.5911077877640685,0
833,main,Naive AI estimator,0.6317063796091704,0.048941296013948234,-0.5827650835952222,0.09525496784457067,-0.1377584409614103,0.23564103298930675,0
833,main,ISE causal estimator,0.6317063796091704,0.5577240697754517,-0.07398230983371867,0.12031495048019088,0.32190676683427766,0.7935413727166258,1
833,main,Design erasure estimator,0.6317063796091704,0.9175534499464619,0.2858470703372915,0.13286238938495673,0.6571431667519467,1.1779637331409771,0
833,main,Post index leakage estimator,0.6317063796091704,0.14174030103848143,-0.48996607857068897,0.10278845999013633,-0.05972508054218578,0.34320568261914863,0
833,main,Oracle prospective estimator,0.6317063796091704,0.5402022903137658,-0.09150408929540466,0.12144401346886372,0.3021720239147929,0.7782325567127386,1
834,main,Structured EHR estimator,0.6345266227274027,1.3276183271082092,0.6930917043808065,0.1349992106717757,1.0630198741915287,1.5922167800248896,0
834,main,Naive AI estimator,0.6345266227274027,0.08305150164192698,-0.5514751210854757,0.09976883906037017,-0.11249542291639852,0.2785984262002525,0
834,main,ISE causal estimator,0.6345266227274027,0.6635101638504086,0.02898354112300594,0.10845320339384637,0.4509418851984697,0.8760784425023476,1
834,main,Design erasure estimator,0.6345266227274027,0.9873631471124675,0.35283652438506485,0.1269292983682647,0.7385817223106688,1.2361445719142663,0
834,main,Post index leakage estimator,0.6345266227274027,0.07041890140922648,-0.5641077213181762,0.10513019957303765,-0.13563628975392733,0.27647409257238026,0
834,main,Oracle prospective estimator,0.6345266227274027,0.6365596280472471,0.0020330053198444054,0.1074913713136902,0.4258765402724143,0.8472427158220799,1
835,main,Structured EHR estimator,0.6624464233206783,1.5124314298236956,0.8499850065030173,0.14557433628310315,1.2271057307088133,1.7977571289385779,0
835,main,Naive AI estimator,0.6624464233206783,0.26778550254594397,-0.3946609207747343,0.09297539266661431,0.08555373291937993,0.450017272172508,0
835,main,ISE causal estimator,0.6624464233206783,0.7773080946265647,0.11486167130588643,0.10811785269082246,0.5653971033525527,0.9892190859005767,1
835,main,Design erasure estimator,0.6624464233206783,1.2090299849123745,0.5465835615916962,0.14032505294838535,0.9339928811335392,1.4840670886912097,0
835,main,Post index leakage estimator,0.6624464233206783,0.316899813161565,-0.34554661015911325,0.10314427245167684,0.11473703915627839,0.5190625871668516,0
835,main,Oracle prospective estimator,0.6624464233206783,0.7572865765857995,0.09484015326512119,0.10746948493993101,0.5466463861035347,0.9679267670680642,1
836,main,Structured EHR estimator,0.6561866470345536,1.4417510602705355,0.7855644132359818,0.1303120775712869,1.186339388230813,1.6971627323102578,0
836,main,Naive AI estimator,0.6561866470345536,0.20721268153480726,-0.4489739654997464,0.0913862927032074,0.028095547836520768,0.38632981523309373,0
836,main,ISE causal estimator,0.6561866470345536,0.828369343442906,0.17218269640835238,0.10183827694743794,0.6287663206259276,1.0279723662598843,1
836,main,Design erasure estimator,0.6561866470345536,1.1095508332843331,0.4533641862497795,0.12246005141305938,0.8695291325147367,1.3495725340539295,0
836,main,Post index leakage estimator,0.6561866470345536,0.17778247335331998,-0.47840417368123367,0.09390423094911879,-0.006269819306952834,0.36183476601359277,0
836,main,Oracle prospective estimator,0.6561866470345536,0.8270349367577933,0.17084828972323962,0.10124250849655811,0.6285996201045394,1.0254702534110471,1
837,main,Structured EHR estimator,0.632137276503475,1.3017003436247372,0.6695630671212622,0.14176820615292707,1.023834659565,1.5795660276844743,0
837,main,Naive AI estimator,0.632137276503475,0.08669262988653875,-0.5454446466169363,0.08731254362197882,-0.08443995561253972,0.2578252153856172,0
837,main,ISE causal estimator,0.632137276503475,0.6317884640314374,-0.00034881247203755184,0.11060384013443254,0.41500493736794963,0.8485719906949252,1
837,main,Design erasure estimator,0.632137276503475,1.0186700918878349,0.3865328153843599,0.11967431900025721,0.7841084266473307,1.253231757128339,0
837,main,Post index leakage estimator,0.632137276503475,0.07349544564628192,-0.558641830857193,0.09077092634976557,-0.10441556999925859,0.2514064612918224,0
837,main,Oracle prospective estimator,0.632137276503475,0.6351344852031079,0.002997208699632936,0.11081085676027486,0.4179452059529692,0.8523237644532466,1
838,main,Structured EHR estimator,0.6791391311741475,1.317251307848663,0.6381121766745155,0.14480944738472765,1.0334247909745968,1.601077824722729,0
838,main,Naive AI estimator,0.6791391311741475,-0.00618092300217967,-0.6853200541763271,0.10273997475840975,-0.2075512735286628,0.19518942752430343,0
838,main,ISE causal estimator,0.6791391311741475,0.5108612899063701,-0.16827784126777734,0.11694298900122992,0.2816530314639595,0.7400695483487808,1
838,main,Design erasure estimator,0.6791391311741475,0.8502504581859476,0.1711113270118001,0.13162365245111707,0.5922680993817582,1.108232816990137,1
838,main,Post index leakage estimator,0.6791391311741475,0.043534213310560184,-0.6356049178635873,0.1040328952449306,-0.1603702613695038,0.24743868799062416,0
838,main,Oracle prospective estimator,0.6791391311741475,0.5018170188810072,-0.17732211229314032,0.11789792567289475,0.2707370845621334,0.7328969531998809,1
839,main,Structured EHR estimator,0.6647098009568907,1.3280854162950912,0.6633756153382006,0.15046278801712948,1.0331783517815174,1.622992480808665,0
839,main,Naive AI estimator,0.6647098009568907,0.06107888015746597,-0.6036309207994247,0.10520561539099037,-0.14512412600887514,0.2672818863238071,0
839,main,ISE causal estimator,0.6647098009568907,0.5502115439199522,-0.1144982570369385,0.12294365755657102,0.30924197510907303,0.7911811127308314,1
839,main,Design erasure estimator,0.6647098009568907,0.9954073044172888,0.33069750346039806,0.13458484707256502,0.7316210041550613,1.2591936046795162,0
839,main,Post index leakage estimator,0.6647098009568907,0.10549930221035002,-0.5592104987465407,0.11149006914066961,-0.11302123330536241,0.32401983772606247,0
839,main,Oracle prospective estimator,0.6647098009568907,0.5549346935123061,-0.10977510744458463,0.1221177177959091,0.31558396663232424,0.7942854203922879,1
840,main,Structured EHR estimator,0.6282628305872713,1.339949471061242,0.7116866404739708,0.13979853755780242,1.0659443374479494,1.6139546046745348,0
840,main,Naive AI estimator,0.6282628305872713,-0.04017827643713403,-0.6684411070244053,0.08797672197432123,-0.21261265150680364,0.13225609863253557,0
840,main,ISE causal estimator,0.6282628305872713,0.506167053366706,-0.1220957772205653,0.1096188737490185,0.2913140608186297,0.7210200459147822,1
840,main,Design erasure estimator,0.6282628305872713,0.9214946462512995,0.29323181566402823,0.12174184838596991,0.6828806234147985,1.1601086690878004,0
840,main,Post index leakage estimator,0.6282628305872713,0.009052393078789394,-0.6192104375084819,0.09542296356512996,-0.17797661550886532,0.19608140166644408,0
840,main,Oracle prospective estimator,0.6282628305872713,0.5014183221915879,-0.1268445083956834,0.10890379061505784,0.28796689258607455,0.7148697517971012,1
841,main,Structured EHR estimator,0.6432702340270205,1.5927964761078854,0.9495262420808649,0.13650320670356658,1.325250190968895,1.860342761246876,0
841,main,Naive AI estimator,0.6432702340270205,0.16863617378851256,-0.47463406023850796,0.08898384597524397,-0.005772164322965623,0.34304451189999075,0
841,main,ISE causal estimator,0.6432702340270205,0.6660621786964709,0.022791944669450337,0.10538861144530319,0.4595005002636766,0.8726238571292652,1
841,main,Design erasure estimator,0.6432702340270205,1.0883013429048793,0.4450311088778588,0.12164054390035957,0.8498858768601746,1.326716808949584,0
841,main,Post index leakage estimator,0.6432702340270205,0.2266097375193874,-0.41666049650763315,0.09123113308607483,0.04779671667068072,0.40542275836809405,0
841,main,Oracle prospective estimator,0.6432702340270205,0.6884272345526733,0.045157000525652746,0.10449417402971728,0.48361865345442745,0.8932358156509191,1
842,main,Structured EHR estimator,0.6459499648379092,1.8478635385407038,1.2019135737027946,0.13690277686280347,1.579534095889609,2.1161929811917988,0
842,main,Naive AI estimator,0.6459499648379092,0.30895256343586025,-0.336997401402049,0.0902212675383419,0.13211887906071013,0.4857862478110104,0
842,main,ISE causal estimator,0.6459499648379092,0.9791503651232677,0.33320040028535847,0.10836554605300114,0.7667538948593855,1.19154683538715,0
842,main,Design erasure estimator,0.6459499648379092,1.3445876684247224,0.6986377035868132,0.12327776587435839,1.10296324731098,1.5862120895384648,0
842,main,Post index leakage estimator,0.6459499648379092,0.33129591101189027,-0.31465405382601896,0.09601181554922715,0.14311275253540506,0.5194790694883755,0
842,main,Oracle prospective estimator,0.6459499648379092,0.9726243969211812,0.32667443208327196,0.10845757616552142,0.7600475476367592,1.1852012462056032,0
843,main,Structured EHR estimator,0.6389880172534177,1.3650743263764322,0.7260863091230145,0.13487187221420777,1.100725456836585,1.6294231959162795,0
843,main,Naive AI estimator,0.6389880172534177,0.1928295867532975,-0.44615843050012016,0.08938591938688874,0.01763318475499559,0.3680259887515994,0
843,main,ISE causal estimator,0.6389880172534177,0.6698450695820113,0.030857052328593593,0.10004784556291642,0.4737512922786951,0.8659388468853275,1
843,main,Design erasure estimator,0.6389880172534177,0.9510472952744302,0.3120592780210125,0.11552114838608782,0.7246258444376981,1.1774687461111624,0
843,main,Post index leakage estimator,0.6389880172534177,0.20889241637813294,-0.43009560087528476,0.09454458772399084,0.023585024439110897,0.39419980831715495,0
843,main,Oracle prospective estimator,0.6389880172534177,0.6640038962900746,0.02501587903665692,0.09957958758244252,0.4688279046284873,0.8591798879516619,1
844,main,Structured EHR estimator,0.6279803138766052,1.5143650502312909,0.8863847363546856,0.13904716583214555,1.2418326052002855,1.7868974952622962,0
844,main,Naive AI estimator,0.6279803138766052,0.2326130719350368,-0.39536724194156847,0.09083160481582588,0.0545831264960181,0.4106430173740555,0
844,main,ISE causal estimator,0.6279803138766052,0.8113944341149311,0.18341412023832582,0.10807162682580237,0.5995740455363584,1.0232148226935038,1
844,main,Design erasure estimator,0.6279803138766052,1.0071648816276542,0.3791845677510489,0.1274429108099681,0.7573767764401167,1.2569529868151916,0
844,main,Post index leakage estimator,0.6279803138766052,0.2139814928889834,-0.41399882098762186,0.09440348615352905,0.028950660028066483,0.3990123257499003,0
844,main,Oracle prospective estimator,0.6279803138766052,0.7806408950599266,0.15266058118332138,0.10962296560522498,0.5657798824736857,0.9955019076461675,1
845,main,Structured EHR estimator,0.658102428400332,1.5379027751239378,0.8798003467236059,0.15079894321298962,1.2423368464264781,1.8334687038213975,0
845,main,Naive AI estimator,0.658102428400332,0.29707226127302583,-0.3610301671273061,0.10487685846483219,0.09151361868195473,0.5026309038640969,0
845,main,ISE causal estimator,0.658102428400332,0.7259596672767338,0.06785723887640183,0.11681093041085638,0.4970102436714553,0.9549090908820123,1
845,main,Design erasure estimator,0.658102428400332,0.9810707211854311,0.3229682927850992,0.13429400685733922,0.7178544677450462,1.244286974625816,0
845,main,Post index leakage estimator,0.658102428400332,0.32087598992731,-0.33722643847302197,0.10726187052504055,0.1106427236982305,0.5311092561563895,0
845,main,Oracle prospective estimator,0.658102428400332,0.6960283736520685,0.03792594525173654,0.11689853560415725,0.46690724386792026,0.9251495034362167,1
846,main,Structured EHR estimator,0.6388002119270896,1.211399292107377,0.5725990801802875,0.14898560294964988,0.9193875103260634,1.5034110738886908,0
846,main,Naive AI estimator,0.6388002119270896,0.06220872370274056,-0.576591488224349,0.09454606465586603,-0.12310156302275685,0.24751901042823796,0
846,main,ISE causal estimator,0.6388002119270896,0.5072434366833111,-0.1315567752437785,0.11677377485651043,0.27836683796455064,0.7361200354020715,1
846,main,Design erasure estimator,0.6388002119270896,0.8613220419565738,0.22252183002948422,0.13344942336401278,0.5997611721631088,1.1228829117500387,1
846,main,Post index leakage estimator,0.6388002119270896,0.11116380701134901,-0.5276364049157406,0.10147118110194561,-0.0877197079484644,0.3100473219711624,0
846,main,Oracle prospective estimator,0.6388002119270896,0.5009329053267391,-0.13786730660035051,0.11610285486619631,0.27337130978899427,0.7284945008644839,1
847,main,Structured EHR estimator,0.6418030713892876,1.3967172186541397,0.7549141472648521,0.14714215383930943,1.1083185971290932,1.6851158401791861,0
847,main,Naive AI estimator,0.6418030713892876,0.15727090343766992,-0.4845321679516177,0.09776916847651979,-0.03435666677630886,0.3488984736516487,0
847,main,ISE causal estimator,0.6418030713892876,0.5547101920421678,-0.08709287934711984,0.11088549793342434,0.33737461609265607,0.7720457679916795,1
847,main,Design erasure estimator,0.6418030713892876,0.9926951349045061,0.3508920635152185,0.1291833697159584,0.7394957302612277,1.2458945395477845,0
847,main,Post index leakage estimator,0.6418030713892876,0.18718032982187913,-0.45462274156740845,0.10458497873156145,-0.017806228491981296,0.3921668881357395,0
847,main,Oracle prospective estimator,0.6418030713892876,0.5350424491988816,-0.10676062219040605,0.10890697871727759,0.3215847709130175,0.7485001274847456,1
848,main,Structured EHR estimator,0.6602940813167366,1.5514711255822653,0.8911770442655287,0.14037976231742116,1.2763267914401197,1.8266154597244109,0
848,main,Naive AI estimator,0.6602940813167366,0.21824593202570733,-0.4420481492910293,0.10361209437228683,0.015166227056025161,0.4213256369953895,0
848,main,ISE causal estimator,0.6602940813167366,0.8188542100751565,0.15856012875841985,0.11374127694980922,0.5959213072535304,1.0417871128967826,1
848,main,Design erasure estimator,0.6602940813167366,1.1088752412195122,0.4485811599027756,0.13832314598297368,0.8377618750928838,1.3799886073461405,0
848,main,Post index leakage estimator,0.6602940813167366,0.23739853228227978,-0.4228955490344568,0.10975724404579791,0.02227433395251588,0.4525227306120437,0
848,main,Oracle prospective estimator,0.6602940813167366,0.8146174881146618,0.15432340679792522,0.11436330458505702,0.5904654111279501,1.0387695651013735,1
849,main,Structured EHR estimator,0.6567036690081988,1.1190618340908407,0.46235816508264194,0.1621991864591306,0.8011514286309447,1.4369722395507367,0
849,main,Naive AI estimator,0.6567036690081988,0.15188817830019635,-0.5048154907080025,0.09864188491781455,-0.04144991613872015,0.3452262727391129,0
849,main,ISE causal estimator,0.6567036690081988,0.5514775839955285,-0.10522608501267028,0.12077014767298117,0.3147680945564854,0.7881870734345715,1
849,main,Design erasure estimator,0.6567036690081988,0.7889594016212296,0.1322557326130308,0.12977922827450103,0.5345921142032075,1.0433266890392516,1
849,main,Post index leakage estimator,0.6567036690081988,0.14261471283859153,-0.5140889561696073,0.10397207035910527,-0.061170545065254794,0.3463999707424379,0
849,main,Oracle prospective estimator,0.6567036690081988,0.5267023947413376,-0.13000127426686114,0.1179752533305664,0.2954708982134275,0.7579338912692477,1
850,main,Structured EHR estimator,0.6523285342396608,1.3815586590117295,0.7292301247720687,0.14839830392986533,1.0906979833091934,1.6724193347142655,0
850,main,Naive AI estimator,0.6523285342396608,0.1035747381226696,-0.5487537961169912,0.09772837241741458,-0.08797287181546298,0.2951223480608022,0
850,main,ISE causal estimator,0.6523285342396608,0.506646135906823,-0.1456823983328378,0.11670340490724396,0.2779074622886248,0.735384809525021,1
850,main,Design erasure estimator,0.6523285342396608,0.8866492213363532,0.2343206870966924,0.13432848821560842,0.6233653844337607,1.1499330582389455,1
850,main,Post index leakage estimator,0.6523285342396608,0.13708022527646277,-0.515248308963198,0.10674176515902802,-0.07213363443523213,0.34629408498815767,0
850,main,Oracle prospective estimator,0.6523285342396608,0.5072885860461173,-0.1450399481935435,0.11575863039331331,0.28040167047522313,0.7341755016170114,1
851,main,Structured EHR estimator,0.6372672905123556,1.4078674999370389,0.7706002094246832,0.14012625320005356,1.133220043664934,1.6825149562091437,0
851,main,Naive AI estimator,0.6372672905123556,0.2796560952561136,-0.357611195256242,0.09618705632144624,0.09112946486607901,0.46818272564614827,0
851,main,ISE causal estimator,0.6372672905123556,0.6901789003446867,0.05291160983233101,0.10945763374535232,0.4756419382037961,0.9047158624855772,1
851,main,Design erasure estimator,0.6372672905123556,1.101191319639099,0.46392402912674335,0.12183920070074032,0.862386486265648,1.33999615301255,0
851,main,Post index leakage estimator,0.6372672905123556,0.330342670532945,-0.3069246199794106,0.1071462647535572,0.12033599161597294,0.5403493494499171,0
851,main,Oracle prospective estimator,0.6372672905123556,0.6818028441177149,0.04453555360535921,0.1084548726953941,0.4692312936347424,0.8943743946006872,1
852,main,Structured EHR estimator,0.6567866909542364,1.2728966960965769,0.6161100051423405,0.12964514184628484,1.0187922180778586,1.5270011741152951,0
852,main,Naive AI estimator,0.6567866909542364,0.25386984406185725,-0.4029168468923791,0.10073577540042392,0.056427724277026386,0.45131196384668815,0
852,main,ISE causal estimator,0.6567866909542364,0.7070478690937525,0.05026117813951614,0.110810090228578,0.4898600922457396,0.9242356459417653,1
852,main,Design erasure estimator,0.6567866909542364,1.1166407529625977,0.4598540620083613,0.12647675676628592,0.8687463097006773,1.364535196224518,0
852,main,Post index leakage estimator,0.6567866909542364,0.259425768687152,-0.39736092226708436,0.10797720124608577,0.04779045424482389,0.47106108312948014,0
852,main,Oracle prospective estimator,0.6567866909542364,0.6937313910170483,0.03694470006281192,0.11086964319299929,0.4764268903587697,0.911035891675327,1
853,main,Structured EHR estimator,0.64986429206247,1.3332694086510584,0.6834051165885884,0.14517704301705953,1.0487224043376218,1.617816412964495,0
853,main,Naive AI estimator,0.64986429206247,-0.09779314203521941,-0.7476574340976894,0.10628195817789134,-0.30610578006388645,0.1105194959934476,0
853,main,ISE causal estimator,0.64986429206247,0.5819280489711572,-0.06793624309131274,0.1205562068246957,0.34563788359475367,0.8182182143475608,1
853,main,Design erasure estimator,0.64986429206247,0.9292976770324668,0.2794333849699968,0.1311849397980366,0.672175195028315,1.1864201590366186,0
853,main,Post index leakage estimator,0.64986429206247,-0.0922662460253445,-0.7421305380878145,0.10914410918124595,-0.30618870002058657,0.12165620796989757,0
853,main,Oracle prospective estimator,0.64986429206247,0.5577038026688554,-0.09216048939361454,0.12081656767638688,0.3209033300231372,0.7945042753145737,1
854,main,Structured EHR estimator,0.6416764870873953,1.5313181905220368,0.8896417034346414,0.14985820310552442,1.2375961124352088,1.8250402686088647,0
854,main,Naive AI estimator,0.6416764870873953,0.06767028581430357,-0.5740062012730918,0.08579514944450449,-0.10048820709692524,0.23582877872553237,0
854,main,ISE causal estimator,0.6416764870873953,0.43487470801319733,-0.206801779074198,0.10618419654374492,0.2267536827874573,0.6429957332389373,1
854,main,Design erasure estimator,0.6416764870873953,0.9139647751244636,0.2722882880370683,0.12052917024498848,0.6777276014442862,1.150201948804641,0
854,main,Post index leakage estimator,0.6416764870873953,0.1407128490481042,-0.5009636380392911,0.09544712791013088,-0.04636352165575233,0.32778921975196074,0
854,main,Oracle prospective estimator,0.6416764870873953,0.412043618204311,-0.22963286888308432,0.10462904028470768,0.20697069924628397,0.617116537162338,0
855,main,Structured EHR estimator,0.6542681050248819,1.4354727036643962,0.7812045986395143,0.14142652756855442,1.1582767096300295,1.7126686976987628,0
855,main,Naive AI estimator,0.6542681050248819,0.17303017515582217,-0.48123792986905967,0.09518226630389569,-0.013527066799813386,0.3595874171114577,0
855,main,ISE causal estimator,0.6542681050248819,0.7336588675366715,0.07939076251178967,0.11066283968918762,0.5167597017458638,0.9505580333274792,1
855,main,Design erasure estimator,0.6542681050248819,1.0318743265805648,0.3776062215556829,0.11792216424615552,0.8007468846581,1.2630017685030297,0
855,main,Post index leakage estimator,0.6542681050248819,0.17670352408505388,-0.477564580939828,0.09684510188513305,-0.013112875609806895,0.36651992377991466,0
855,main,Oracle prospective estimator,0.6542681050248819,0.7324247706767979,0.07815666565191604,0.10886168014803824,0.519055877586643,0.9457936637669528,1
856,main,Structured EHR estimator,0.6695503977447511,1.5773398801707446,0.9077894824259934,0.13668571191813778,1.3094358848111944,1.8452438755302947,0
856,main,Naive AI estimator,0.6695503977447511,0.12792134063159305,-0.5416290571131581,0.09059455193055035,-0.04964398115228563,0.30548666241547173,0
856,main,ISE causal estimator,0.6695503977447511,0.7448301029445941,0.07527970519984295,0.1029582406290406,0.5430319513116745,0.9466282545775137,1
856,main,Design erasure estimator,0.6695503977447511,1.1276224073562364,0.4580720096114853,0.12002831365377059,0.8923669125948461,1.3628779021176267,0
856,main,Post index leakage estimator,0.6695503977447511,0.1283869772501575,-0.5411634204945936,0.09698642559967058,-0.06170641692519685,0.31848037142551183,0
856,main,Oracle prospective estimator,0.6695503977447511,0.7200106825284285,0.05046028478367737,0.1024783207548505,0.5191531738489215,0.9208681912079355,1
857,main,Structured EHR estimator,0.6504736026597145,1.6497943866465044,0.9993207839867898,0.12970053357774222,1.3955813408341295,1.9040074324588792,0
857,main,Naive AI estimator,0.6504736026597145,0.36317096394978576,-0.2873026387099288,0.09718919127861014,0.17268014904370987,0.5536617788558617,0
857,main,ISE causal estimator,0.6504736026597145,0.8736114446000062,0.22313784194029163,0.10539078479435042,0.6670455064030794,1.080177382796933,0
857,main,Design erasure estimator,0.6504736026597145,1.172282813973506,0.5218092113137914,0.11887298860780518,0.9392917563022078,1.405273871644804,0
857,main,Post index leakage estimator,0.6504736026597145,0.3832600861244254,-0.26721351653528913,0.10183558908505035,0.18366233151772673,0.5828578407311241,0
857,main,Oracle prospective estimator,0.6504736026597145,0.8620695217494004,0.2115959190896859,0.10590593523597615,0.6544938886868872,1.0696451548119137,0
858,main,Structured EHR estimator,0.6455156483181689,1.5019537237964697,0.8564380754783009,0.12883538701325242,1.249436365250495,1.7544710823424445,0
858,main,Naive AI estimator,0.6455156483181689,0.3331324189946369,-0.31238322932353196,0.09293863564987563,0.15097269312088069,0.5152921448683931,0
858,main,ISE causal estimator,0.6455156483181689,0.7947441507448558,0.14922850242668695,0.1072235201004561,0.5845860513479619,1.0049022501417497,1
858,main,Design erasure estimator,0.6455156483181689,1.2339349898233107,0.5884193415051419,0.11674727877549702,1.0051103234233365,1.462759656223285,0
858,main,Post index leakage estimator,0.6455156483181689,0.3619151964328499,-0.28360045188531896,0.09460645814556501,0.1764865384675425,0.5473438543981574,0
858,main,Oracle prospective estimator,0.6455156483181689,0.7810141255999298,0.1354984772817609,0.10693376325002635,0.5714239496298781,0.9906043015699815,1
859,main,Structured EHR estimator,0.6444039634489364,1.2605945662562772,0.6161906028073408,0.13495067729543406,0.9960912387572265,1.525097893755328,0
859,main,Naive AI estimator,0.6444039634489364,0.20609132826706858,-0.4383126351818678,0.09268551576466151,0.02442771736833202,0.38775493916580517,0
859,main,ISE causal estimator,0.6444039634489364,0.6549966646496688,0.010592701200732413,0.10303350978397868,0.45305098547307054,0.856942343826267,1
859,main,Design erasure estimator,0.6444039634489364,0.9385836207063638,0.29417965725742745,0.118909835480121,0.7055203431653266,1.1716468982474009,0
859,main,Post index leakage estimator,0.6444039634489364,0.2268840625388655,-0.41751990091007085,0.10071128250125409,0.029489948836407487,0.4242781762413235,0
859,main,Oracle prospective estimator,0.6444039634489364,0.6545677927240476,0.01016382927511128,0.1026712038068978,0.4533322332625279,0.8558033521855674,1
860,main,Structured EHR estimator,0.6291164214134869,1.3339433216950636,0.7048269002815767,0.15110262461274765,1.037782177454078,1.630104465936049,0
860,main,Naive AI estimator,0.6291164214134869,0.1012858918185851,-0.5278305295949017,0.09155046921132497,-0.07815302783561182,0.28072481147278205,0
860,main,ISE causal estimator,0.6291164214134869,0.5891466992913348,-0.03996972212215211,0.11626249374806785,0.3612722115451218,0.8170211870375478,1
860,main,Design erasure estimator,0.6291164214134869,1.0397067809278333,0.4105903595143464,0.13431943335792637,0.7764406915462976,1.302972870309369,0
860,main,Post index leakage estimator,0.6291164214134869,0.09363995773717912,-0.5354764636763077,0.0981789349421513,-0.09879075474943741,0.2860706702237956,0
860,main,Oracle prospective estimator,0.6291164214134869,0.5874542474463577,-0.041662173967129235,0.11563404246148255,0.36081152422185186,0.8140969706708634,1
861,main,Structured EHR estimator,0.6260416767113582,1.3046497973681026,0.6786081206567444,0.1398567405118191,1.0305305859649372,1.578769008771268,0
861,main,Naive AI estimator,0.6260416767113582,0.17876725617493686,-0.4472744205364214,0.08607105257662107,0.010067993124759561,0.3474665192251142,0
861,main,ISE causal estimator,0.6260416767113582,0.7002543198687571,0.07421264315739884,0.10796205982313409,0.4886486826154143,0.9118599571220999,1
861,main,Design erasure estimator,0.6260416767113582,1.0534983263697641,0.4274566496584059,0.11787633461791859,0.8224607105186437,1.2845359422208846,0
861,main,Post index leakage estimator,0.6260416767113582,0.18972536915568416,-0.4363163075556741,0.09203768893599068,0.009331498841142427,0.3701192394702259,0
861,main,Oracle prospective estimator,0.6260416767113582,0.6832110678138176,0.05716939110245933,0.10741621147318,0.4726752933263848,0.8937468423012503,1
862,main,Structured EHR estimator,0.6217938714537191,1.4180015810647812,0.7962077096110621,0.13364751945535905,1.1560524429322774,1.6799507191972851,0
862,main,Naive AI estimator,0.6217938714537191,0.11639214122334755,-0.5054017302303716,0.09806951196145987,-0.07582410222111378,0.3086083846678089,0
862,main,ISE causal estimator,0.6217938714537191,0.636140011183028,0.014346139729308871,0.1084237484298359,0.4236294642605496,0.8486505581055064,1
862,main,Design erasure estimator,0.6217938714537191,1.0203922468329096,0.3985983753791905,0.1197923333565867,0.7855992734539997,1.2551852202118197,0
862,main,Post index leakage estimator,0.6217938714537191,0.15412627183271083,-0.4676675996210083,0.10370495415272636,-0.049135438306632834,0.35738798197205446,0
862,main,Oracle prospective estimator,0.6217938714537191,0.6381251913135897,0.016331319859870574,0.10688003354061888,0.4286403255739767,0.8476100570532027,1
863,main,Structured EHR estimator,0.64057240393553,1.3368533265028126,0.6962809225672826,0.1362651337312957,1.069773664389473,1.6039329886161522,0
863,main,Naive AI estimator,0.64057240393553,0.024913676434501052,-0.615658727501029,0.09300481906007829,-0.15737576892325242,0.2072031217922545,0
863,main,ISE causal estimator,0.64057240393553,0.5867852977777418,-0.053787106157788256,0.10179201948770089,0.38727293958184805,0.7862976559736355,1
863,main,Design erasure estimator,0.64057240393553,0.9861136653732584,0.34554126143772834,0.12527084609516959,0.740582807026726,1.2316445237197908,0
863,main,Post index leakage estimator,0.64057240393553,0.03878757014678339,-0.6017848337887467,0.09824322448179115,-0.15376914983752726,0.23134429013109403,0
863,main,Oracle prospective estimator,0.64057240393553,0.6049501263640077,-0.035622277571522365,0.10182300120260021,0.40537704400691127,0.804523208721104,1
864,main,Structured EHR estimator,0.6487544809042061,1.4069622807263296,0.7582077998221235,0.12871387878854768,1.154683078300776,1.6592414831518831,0
864,main,Naive AI estimator,0.6487544809042061,0.2705839174663289,-0.37817056343787714,0.09194354526230344,0.09037456875221417,0.4507932661804437,0
864,main,ISE causal estimator,0.6487544809042061,0.6127426380865426,-0.03601184281766345,0.10443233995764582,0.4080552517695568,0.8174300244035284,1
864,main,Design erasure estimator,0.6487544809042061,0.9470533828969511,0.298298901992745,0.12353392306651095,0.7049268936865896,1.1891798721073126,0
864,main,Post index leakage estimator,0.6487544809042061,0.3220229549759014,-0.3267315259283047,0.09740204154983317,0.13111495353822836,0.5129309564135744,0
864,main,Oracle prospective estimator,0.6487544809042061,0.6094480649234619,-0.039306415980744136,0.1037564936681345,0.40608533733391833,0.8128107925130055,1
865,main,Structured EHR estimator,0.6593079302931434,1.4677870907255275,0.8084791604323841,0.1479079004744824,1.1778876057955419,1.7576865756555131,0
865,main,Naive AI estimator,0.6593079302931434,0.1179513007742346,-0.5413566295189087,0.10256888751498967,-0.08308371875514514,0.31898632030361435,0
865,main,ISE causal estimator,0.6593079302931434,0.6102973358732694,-0.04901059441987399,0.12566246408312026,0.3639989062703537,0.8565957654761851,1
865,main,Design erasure estimator,0.6593079302931434,1.033626856591847,0.37431892629870356,0.14225144143484802,0.7548140313795448,1.312439681804149,0
865,main,Post index leakage estimator,0.6593079302931434,0.18534996514202795,-0.47395796515111543,0.10907757838054724,-0.028442088483844635,0.39914201876790056,0
865,main,Oracle prospective estimator,0.6593079302931434,0.5928200927154414,-0.06648783757770194,0.12401172486432951,0.3497571119813556,0.8358830734495273,1
866,main,Structured EHR estimator,0.6615069822239387,1.171014285555428,0.5095073033314893,0.14806577873287938,0.8808053592389844,1.4612232118718715,0
866,main,Naive AI estimator,0.6615069822239387,0.11542963459280339,-0.5460773476311352,0.0926350382561946,-0.06613504038933801,0.29699430957494477,0
866,main,ISE causal estimator,0.6615069822239387,0.6205507794632777,-0.04095620276066092,0.11637511768173658,0.392455548807074,0.8486460101194815,1
866,main,Design erasure estimator,0.6615069822239387,1.0591138355653138,0.39760685334137513,0.13396985123663568,0.7965329271415078,1.3216947439891198,0
866,main,Post index leakage estimator,0.6615069822239387,0.12689055790447681,-0.5346164243194619,0.09746760179386156,-0.06414594161149184,0.31792705742044547,0
866,main,Oracle prospective estimator,0.6615069822239387,0.6263191364726396,-0.035187845751299074,0.11396104940051578,0.4029554796476287,0.8496827932976505,1
867,main,Structured EHR estimator,0.6282271601302643,1.3587651540288619,0.7305379938985976,0.13449093406216303,1.0951629232670224,1.6223673847907014,0
867,main,Naive AI estimator,0.6282271601302643,0.25313298192157097,-0.3750941782086933,0.0892204993334193,0.07826080322806914,0.42800516061507277,0
867,main,ISE causal estimator,0.6282271601302643,0.7852434906662258,0.15701633053596153,0.11281594371073775,0.5641242409931798,1.0063627403392719,1
867,main,Design erasure estimator,0.6282271601302643,1.241140818545657,0.6129136584153927,0.1231227407816656,0.9998202466135924,1.4824613904777215,0
867,main,Post index leakage estimator,0.6282271601302643,0.26150803112689336,-0.3667191290033709,0.09310781307509396,0.0790167174997092,0.44399934475407754,0
867,main,Oracle prospective estimator,0.6282271601302643,0.7822390070530875,0.15401184692282321,0.11231605568800526,0.5620995379045972,1.0023784762015777,1
868,main,Structured EHR estimator,0.6485327768589383,1.2740570465792265,0.6255242697202882,0.1513571952925425,0.9773969438058432,1.5707171493526098,0
868,main,Naive AI estimator,0.6485327768589383,-0.1914569940258992,-0.8399897708848375,0.1001727333856618,-0.38779555146179634,0.00488156340999793,0
868,main,ISE causal estimator,0.6485327768589383,0.4033850036509706,-0.2451477732079677,0.11848867344659383,0.17114720369564668,0.6356228036062945,0
868,main,Design erasure estimator,0.6485327768589383,0.843984680935644,0.19545190407670576,0.12823467622202084,0.5926447155404833,1.0953246463308048,1
868,main,Post index leakage estimator,0.6485327768589383,-0.13735450944667407,-0.7858872863056123,0.10714929864252663,-0.34736713478602627,0.07265811589267812,0
868,main,Oracle prospective estimator,0.6485327768589383,0.3869091920371574,-0.2616235848217809,0.11772757117919044,0.15616315252594415,0.6176552315483707,0
869,main,Structured EHR estimator,0.6323855866429471,1.6275756380288828,0.9951900513859357,0.14917171226103515,1.335199081997254,1.9199521940605118,0
869,main,Naive AI estimator,0.6323855866429471,0.11328984380752567,-0.5190957428354214,0.09301678543432268,-0.06902305564374676,0.2956027432587981,0
869,main,ISE causal estimator,0.6323855866429471,0.6130737129271412,-0.019311873715805894,0.11740856765595056,0.3829529203214781,0.8431945055328043,1
869,main,Design erasure estimator,0.6323855866429471,1.140631214293548,0.5082456276506009,0.13387778572319886,0.8782307542760782,1.4030316743110176,0
869,main,Post index leakage estimator,0.6323855866429471,0.17866609447925733,-0.4537194921636898,0.10302181370286688,-0.023256660378361743,0.3805888493368764,0
869,main,Oracle prospective estimator,0.6323855866429471,0.6154904968766352,-0.016895089766311933,0.11758804933600364,0.385017920178068,0.8459630735752023,1
870,main,Structured EHR estimator,0.6296694222664395,1.468832146010258,0.8391627237438185,0.13269046484028718,1.2087588349232952,1.7289054570972209,0
870,main,Naive AI estimator,0.6296694222664395,0.23011900346269368,-0.39955041880374587,0.09952690064272346,0.035046278202955694,0.42519172872243166,0
870,main,ISE causal estimator,0.6296694222664395,0.7932820369463046,0.1636126146798651,0.1005062144307145,0.5962898566621042,0.990274217230505,1
870,main,Design erasure estimator,0.6296694222664395,1.1435383937136139,0.5138689714471744,0.11763635613593784,0.9129711356871757,1.374105651740052,0
870,main,Post index leakage estimator,0.6296694222664395,0.23328547373256378,-0.3963839485338757,0.10562717746259091,0.026256205905885593,0.440314741559242,0
870,main,Oracle prospective estimator,0.6296694222664395,0.7804950912645512,0.15082566899811167,0.10174592057685036,0.5810730869339245,0.9799170955951779,1
871,main,Structured EHR estimator,0.65920838233362,1.4410136253862236,0.7818052430526036,0.15029380316516933,1.1464377711824918,1.7355894795899554,0
871,main,Naive AI estimator,0.65920838233362,0.11018008640365529,-0.5490282959299647,0.08450712550166682,-0.055453879579611676,0.27581405238692225,0
871,main,ISE causal estimator,0.65920838233362,0.649454002941009,-0.009754379392611034,0.1097695926370385,0.4343056013724135,0.8646024045096045,1
871,main,Design erasure estimator,0.65920838233362,1.1122723248517137,0.4530639425180937,0.12834036915596123,0.8607252013060297,1.3638194483973978,0
871,main,Post index leakage estimator,0.65920838233362,0.1333299512873548,-0.5258784310462652,0.08979378897193495,-0.042665875097637695,0.3093257776723473,0
871,main,Oracle prospective estimator,0.65920838233362,0.6463140035286314,-0.01289437880498856,0.11036013027190963,0.43000814819568856,0.8626198588615743,1
872,main,Structured EHR estimator,0.6356978731468622,1.625149188186766,0.9894513150399037,0.13116618780304848,1.3680634600927908,1.882234916280741,0
872,main,Naive AI estimator,0.6356978731468622,0.28161699900953646,-0.35408087413732575,0.091208768567021,0.10284781261817533,0.4603861854008976,0
872,main,ISE causal estimator,0.6356978731468622,0.8333465248978498,0.19764865175098756,0.10152379360506811,0.6343598894319162,1.0323331603637833,1
872,main,Design erasure estimator,0.6356978731468622,1.136730366774615,0.5010324936277527,0.11887052175679633,0.9037441441312941,1.3697165894179357,0
872,main,Post index leakage estimator,0.6356978731468622,0.2910793047251442,-0.344618568421718,0.09935864136810543,0.09633636764365755,0.48582224180663086,0
872,main,Oracle prospective estimator,0.6356978731468622,0.8058577658372662,0.170159892690404,0.10144475399840694,0.6070260480003886,1.0046894836741438,1
873,main,Structured EHR estimator,0.6377026480719792,1.4653650731360253,0.8276624250640461,0.13140591868758286,1.2078094725083628,1.7229206737636877,0
873,main,Naive AI estimator,0.6377026480719792,0.23398561331453555,-0.40371703475744364,0.10386315928733389,0.030413821111361122,0.43755740551770994,0
873,main,ISE causal estimator,0.6377026480719792,0.8249572694004073,0.18725462132842807,0.11108813333126454,0.6072245280711288,1.0426900107296857,1
873,main,Design erasure estimator,0.6377026480719792,1.2275626731608782,0.589860025088899,0.12771571474986695,0.977239872251139,1.4778854740706175,0
873,main,Post index leakage estimator,0.6377026480719792,0.256960055188021,-0.3807425928839582,0.10751399161230432,0.04623263162790453,0.4676874787481375,0
873,main,Oracle prospective estimator,0.6377026480719792,0.7807257263288864,0.1430230782569072,0.11032286849185928,0.5644929040848422,0.9969585485729305,1
874,main,Structured EHR estimator,0.6344438975007027,1.3869883192426822,0.7525444217419794,0.1390746011545661,1.1144021009797327,1.6595745375056317,0
874,main,Naive AI estimator,0.6344438975007027,0.07659707157801295,-0.5578468259226897,0.08938082839332262,-0.09858935207289939,0.2517834952289253,0
874,main,ISE causal estimator,0.6344438975007027,0.6069755113799364,-0.027468386120766297,0.09953352378689609,0.4118898047576201,0.8020612180022528,1
874,main,Design erasure estimator,0.6344438975007027,0.8781708313798853,0.24372693387918254,0.11308940240465581,0.6565156026667599,1.0998260600930108,0
874,main,Post index leakage estimator,0.6344438975007027,0.08003965231354654,-0.5544042451871563,0.0957610957729762,-0.10765209540148682,0.26773140002857987,0
874,main,Oracle prospective estimator,0.6344438975007027,0.5893331881844677,-0.045110709316235065,0.09912153852076146,0.3950549726837752,0.7836114036851601,1
875,main,Structured EHR estimator,0.6353159495124292,1.3164458050056405,0.6811298554932113,0.14598638042848047,1.0303124993658188,1.602579110645462,0
875,main,Naive AI estimator,0.6353159495124292,0.04253304052461323,-0.5927829089878159,0.10210183535464487,-0.15758655677049072,0.2426526378197172,0
875,main,ISE causal estimator,0.6353159495124292,0.6259154685583067,-0.009400480954122492,0.1126604393118619,0.40510100750705735,0.8467299296095561,1
875,main,Design erasure estimator,0.6353159495124292,0.891882273889248,0.2565663243768188,0.12981251685322426,0.6374497408569284,1.1463148069215676,0
875,main,Post index leakage estimator,0.6353159495124292,-0.0012353545777570212,-0.6365513040901862,0.10495878911229042,-0.20695458123784627,0.2044838720823322,0
875,main,Oracle prospective estimator,0.6353159495124292,0.6308033901630102,-0.004512559349418965,0.11035947271011576,0.41449882365118335,0.8471079566748372,1
876,main,Structured EHR estimator,0.6362048351412999,1.4048611251238114,0.7686562899825116,0.1327690380636643,1.1446338105190295,1.6650884397285934,0
876,main,Naive AI estimator,0.6362048351412999,0.1383522626812163,-0.4978525724600836,0.08877280005525495,-0.0356424254270834,0.312346950789516,0
876,main,ISE causal estimator,0.6362048351412999,0.7509646342701717,0.1147597991288718,0.10272783499154697,0.5496180776867396,0.9523111908536037,1
876,main,Design erasure estimator,0.6362048351412999,1.0557514436906903,0.4195466085493904,0.12083543826114841,0.8189139846988394,1.2925889026825412,0
876,main,Post index leakage estimator,0.6362048351412999,0.11029985851698376,-0.5259049766243161,0.09549765576121651,-0.07687554677500058,0.2974752638089681,0
876,main,Oracle prospective estimator,0.6362048351412999,0.7473608997647087,0.11115606462340877,0.10219868017799438,0.5470514866158397,0.9476703129135776,1
877,main,Structured EHR estimator,0.650956553123149,1.4968380840305269,0.8458815309073778,0.12883643744748,1.244318666633466,1.7493575014275877,0
877,main,Naive AI estimator,0.650956553123149,0.14174294666251117,-0.5092136064606378,0.09453284771532558,-0.04354143485952697,0.32702732818454927,0
877,main,ISE causal estimator,0.650956553123149,0.6638973092284989,0.012940756105349838,0.10499292030068674,0.45811118543915286,0.8696834330178449,1
877,main,Design erasure estimator,0.650956553123149,1.0554453763742213,0.40448882325107227,0.11946267750463327,0.8212985284651402,1.2895922242833024,0
877,main,Post index leakage estimator,0.650956553123149,0.20874365762802805,-0.442212895495121,0.09833695004378588,0.016003235542207728,0.40148407971384836,0
877,main,Oracle prospective estimator,0.650956553123149,0.6680648239453206,0.01710827082217159,0.10354643519146406,0.4651138109700511,0.8710158369205901,1
878,main,Structured EHR estimator,0.6428479289500081,1.2401933147127426,0.5973453857627345,0.13942554700698595,0.9669192425790502,1.5134673868464352,0
878,main,Naive AI estimator,0.6428479289500081,0.06835553112753126,-0.5744923978224769,0.089260632305524,-0.10659530819129578,0.2433063704463583,0
878,main,ISE causal estimator,0.6428479289500081,0.5593017293002828,-0.08354619964972532,0.10421193810203075,0.3550463306203025,0.7635571279802631,1
878,main,Design erasure estimator,0.6428479289500081,0.9837355995646165,0.34088767061460845,0.11444491788322456,0.7594235605134965,1.2080476386157366,0
878,main,Post index leakage estimator,0.6428479289500081,0.0591054761030344,-0.5837424528469737,0.09395384561916673,-0.12504406131053236,0.24325501351660117,0
878,main,Oracle prospective estimator,0.6428479289500081,0.558999721372131,-0.08384820757787703,0.10454338003419637,0.35409469650510617,0.7639047462391559,1
879,main,Structured EHR estimator,0.6452546079221545,1.6374136591991466,0.9921590512769921,0.14155684526267553,1.3599622424843025,1.9148650759139907,0
879,main,Naive AI estimator,0.6452546079221545,0.16997507147786314,-0.47527953644429133,0.09645016893829152,-0.019067259641188217,0.3590174025969145,0
879,main,ISE causal estimator,0.6452546079221545,0.7543208658309777,0.10906625790882318,0.1154351353724856,0.528068000500906,0.9805737311610494,1
879,main,Design erasure estimator,0.6452546079221545,1.0898593471291642,0.4446047392070097,0.13036381565420896,0.8343462684469147,1.3453724258114137,0
879,main,Post index leakage estimator,0.6452546079221545,0.23253587876306397,-0.4127187291590905,0.10230923324162478,0.032009781609479426,0.4330619759166485,0
879,main,Oracle prospective estimator,0.6452546079221545,0.7321375580418034,0.08688295011964886,0.11504030316820915,0.5066585638321135,0.9576165522514932,1
880,main,Structured EHR estimator,0.6479947766628543,1.4406316801717682,0.7926369035089139,0.1427434917323071,1.1608544363764464,1.72040892396709,0
880,main,Naive AI estimator,0.6479947766628543,0.01000380437254734,-0.637990972290307,0.09838116272457617,-0.18282327456762196,0.20283088331271662,0
880,main,ISE causal estimator,0.6479947766628543,0.5482749087712641,-0.09971986789159026,0.11206057391251292,0.32863618390273874,0.7679136336397894,1
880,main,Design erasure estimator,0.6479947766628543,1.0222021250359274,0.3742073483730731,0.13052712108466047,0.766368967709993,1.278035282361862,0
880,main,Post index leakage estimator,0.6479947766628543,0.06396164571101727,-0.5840331309518371,0.10554858235792629,-0.14291357571051827,0.2708368671325528,0
880,main,Oracle prospective estimator,0.6479947766628543,0.5525562950760676,-0.0954384815867867,0.11073802731041281,0.33550976154765855,0.7696028286044767,1
881,main,Structured EHR estimator,0.6570159183492891,1.3328343585150306,0.6758184401657416,0.13636745279353973,1.0655541510396929,1.6001145659903684,0
881,main,Naive AI estimator,0.6570159183492891,0.14918896252555228,-0.5078269558237368,0.09410149578012444,-0.03524996920349163,0.33362789425459616,0
881,main,ISE causal estimator,0.6570159183492891,0.5182209184970359,-0.1387949998522532,0.11185428783550252,0.29898651433945095,0.7374553226546208,1
881,main,Design erasure estimator,0.6570159183492891,0.9596603050564421,0.302644386707153,0.1251053175263304,0.7144538827048346,1.2048667274080496,0
881,main,Post index leakage estimator,0.6570159183492891,0.23617458225836624,-0.42084133609092284,0.09671351617881031,0.04661609054789803,0.4257330739688344,0
881,main,Oracle prospective estimator,0.6570159183492891,0.49444997486530046,-0.16256594348398862,0.11169900165226268,0.2755199316268656,0.7133800181037353,1
882,main,Structured EHR estimator,0.638963427126645,1.278844730851373,0.6398813037247281,0.14206973137520046,1.0003880573559802,1.557301404346766,0
882,main,Naive AI estimator,0.638963427126645,0.11860842629334356,-0.5203550008333014,0.08809648944484248,-0.05406069301854771,0.29127754560523483,0
882,main,ISE causal estimator,0.638963427126645,0.5305812456682644,-0.10838218145838063,0.1127308367061956,0.309628805724121,0.7515336856124077,1
882,main,Design erasure estimator,0.638963427126645,0.9581467442199014,0.3191833170932564,0.12734430841085448,0.7085518997346266,1.2077415887051761,0
882,main,Post index leakage estimator,0.638963427126645,0.18079714662979066,-0.4581662804968544,0.0921505507417415,0.00018206717597732403,0.361412226083604,0
882,main,Oracle prospective estimator,0.638963427126645,0.49790611111268207,-0.14105731601396293,0.11138691215519146,0.2795877632885068,0.7162244589368574,1
883,main,Structured EHR estimator,0.6681092175934091,1.3922242293344056,0.7241150117409965,0.14087635221591407,1.116106578991214,1.6683418796775973,0
883,main,Naive AI estimator,0.6681092175934091,0.2668887531331396,-0.40122046446026954,0.09913591449611174,0.07258236072076057,0.4611951455455186,0
883,main,ISE causal estimator,0.6681092175934091,0.7116498364382491,0.04354061884483995,0.11029538654744585,0.4954708788052552,0.927828794071243,1
883,main,Design erasure estimator,0.6681092175934091,1.0129095321770731,0.344800314583664,0.12312952627849107,0.7715756606712306,1.2542434036829155,0
883,main,Post index leakage estimator,0.6681092175934091,0.2837633700974296,-0.38434584749597955,0.1098902480984669,0.06837848382443446,0.4991482563704247,0
883,main,Oracle prospective estimator,0.6681092175934091,0.6884370694077626,0.02032785181435348,0.11010672314544453,0.4726278920426913,0.9042462467728339,1
884,main,Structured EHR estimator,0.6439103893629426,1.4365403271240644,0.7926299377611218,0.1495534081000811,1.1434156472479056,1.7296650070002233,0
884,main,Naive AI estimator,0.6439103893629426,0.08338321483471718,-0.5605271745282254,0.10226348338743611,-0.1170532126046576,0.28381964227409195,0
884,main,ISE causal estimator,0.6439103893629426,0.7441115488094924,0.10020115944654973,0.11339856378551581,0.5218503637898814,0.9663727338291034,1
884,main,Design erasure estimator,0.6439103893629426,1.110753564193103,0.46684317483016036,0.1325061182852129,0.8510415723540857,1.3704655560321202,0
884,main,Post index leakage estimator,0.6439103893629426,0.058375154037418345,-0.5855352353255243,0.10826837694084457,-0.153830864766637,0.2705811728414737,0
884,main,Oracle prospective estimator,0.6439103893629426,0.7306417305861468,0.08673134122320414,0.11289394119969734,0.50936960583474,0.9519138553375536,1
885,main,Structured EHR estimator,0.6438147201990659,1.4495254815518435,0.8057107613527775,0.14378050724470692,1.1677156873522179,1.731335275751469,0
885,main,Naive AI estimator,0.6438147201990659,0.1779961661021907,-0.4658185540968752,0.0966642941559419,-0.011465850443455411,0.3674581826478368,0
885,main,ISE causal estimator,0.6438147201990659,0.6577360708251142,0.013921350626048268,0.10718958877843332,0.4476444768193849,0.8678276648308435,1
885,main,Design erasure estimator,0.6438147201990659,1.0652840420670933,0.4214693218680273,0.12801412307141105,0.8143763608471276,1.316191723287059,0
885,main,Post index leakage estimator,0.6438147201990659,0.1959961603511785,-0.44781855984788743,0.10227969431936985,-0.004472040514786418,0.39646436121714346,0
885,main,Oracle prospective estimator,0.6438147201990659,0.6494092564337701,0.005594536234704184,0.10617199926552652,0.4413121378733381,0.8575063749942021,1
886,main,Structured EHR estimator,0.6542076732121316,1.3304829857324854,0.6762753125203538,0.1378931986535517,1.060212316371524,1.6007536550934467,0
886,main,Naive AI estimator,0.6542076732121316,-0.014944717365067925,-0.6691523905771996,0.09070689669662187,-0.19273023489044677,0.16284080016031094,0
886,main,ISE causal estimator,0.6542076732121316,0.5538543509641531,-0.10035332224797844,0.10933225439418537,0.33956313235154983,0.7681455695767565,1
886,main,Design erasure estimator,0.6542076732121316,1.0616473766929686,0.407439703480837,0.1274862671748383,0.8117742930302856,1.3115204603556516,0
886,main,Post index leakage estimator,0.6542076732121316,0.028916626259363296,-0.6252910469527683,0.09683258332961743,-0.16087523706668688,0.21870848958541345,0
886,main,Oracle prospective estimator,0.6542076732121316,0.5352816029239916,-0.11892607028813995,0.10962458764997952,0.32041741113003175,0.7501457947179515,1
887,main,Structured EHR estimator,0.6561586896298085,1.445704715315319,0.7895460256855106,0.14785138837893316,1.15591599409261,1.7354934365380281,0
887,main,Naive AI estimator,0.6561586896298085,0.23435561910838953,-0.42180307052141897,0.09267041629012171,0.052721603179751,0.41598963503702807,0
887,main,ISE causal estimator,0.6561586896298085,0.6835694391139384,0.027410749484129915,0.12035256077549708,0.4476784199939642,0.9194604582339126,1
887,main,Design erasure estimator,0.6561586896298085,1.2026532164143102,0.5464945267845017,0.13680582865296861,0.9345137922544917,1.4707926405741287,0
887,main,Post index leakage estimator,0.6561586896298085,0.3404575414206828,-0.3157011482091257,0.10150496262145431,0.14150781468263235,0.5394072681587332,0
887,main,Oracle prospective estimator,0.6561586896298085,0.6645414916276067,0.008382801997798173,0.11919236036503171,0.4309244653121445,0.8981585179430689,1
888,main,Structured EHR estimator,0.6391536282983632,1.3324593918602892,0.693305763561926,0.1371691713595616,1.0636078159955484,1.60131096772503,0
888,main,Naive AI estimator,0.6391536282983632,0.06603742863673563,-0.5731161996616275,0.09917395782490028,-0.12834352870006893,0.26041838597354017,0
888,main,ISE causal estimator,0.6391536282983632,0.6260992341017727,-0.01305439419659049,0.1030208730764701,0.42417832287189133,0.828020145331654,1
888,main,Design erasure estimator,0.6391536282983632,0.9501074776306065,0.31095384933224335,0.12341379095882758,0.7082164473513045,1.1919985079099087,0
888,main,Post index leakage estimator,0.6391536282983632,0.024856298721512324,-0.6142973295768509,0.10099054832057683,-0.17308517598681825,0.2227977734298429,0
888,main,Oracle prospective estimator,0.6391536282983632,0.6240462277452723,-0.0151074005530909,0.10352368807144985,0.4211397991252306,0.826952656365314,1
889,main,Structured EHR estimator,0.6602304367263276,1.5714751473002202,0.9112447105738926,0.12135934460346602,1.3336108318774267,1.8093394627230137,0
889,main,Naive AI estimator,0.6602304367263276,0.2275736825631517,-0.43265675416317595,0.10118419408490256,0.02925266215674266,0.4258947029695607,0
889,main,ISE causal estimator,0.6602304367263276,0.7654490950379064,0.10521865831157873,0.11246119171168566,0.5450251592830024,0.9858730307928103,1
889,main,Design erasure estimator,0.6602304367263276,1.222389690619663,0.5621592538933353,0.1294771232527526,0.9686145290442678,1.476164852195058,0
889,main,Post index leakage estimator,0.6602304367263276,0.3454898036857008,-0.3147406330406268,0.10291813038236264,0.14377026813627006,0.5472093392351316,0
889,main,Oracle prospective estimator,0.6602304367263276,0.7764497489512732,0.11621931222494553,0.1113313175054175,0.5582403666406549,0.9946591312618914,1
890,main,Structured EHR estimator,0.6314548893492667,1.4212024727891985,0.7897475834399318,0.12975740605726854,1.1668779569169523,1.6755269886614448,0
890,main,Naive AI estimator,0.6314548893492667,0.22028699803286453,-0.4111678913164022,0.09700167472048125,0.030163715580721284,0.4104102804850078,0
890,main,ISE causal estimator,0.6314548893492667,0.7300434019949144,0.09858851264564761,0.10389694180895437,0.5264053960493638,0.933681407940465,1
890,main,Design erasure estimator,0.6314548893492667,1.0673953277298545,0.4359404383805877,0.11949532934672502,0.8331844822102734,1.3016061732494355,0
890,main,Post index leakage estimator,0.6314548893492667,0.23010926067536244,-0.40134562867390433,0.10248819496325383,0.029232398547384936,0.4309861228033399,0
890,main,Oracle prospective estimator,0.6314548893492667,0.7305911218491391,0.09913623249987236,0.1037842986987332,0.5271738963996221,0.9340083472986561,1
891,main,Structured EHR estimator,0.6359960032541404,1.2076373615773623,0.5716413583232219,0.15518581594813188,0.9034731623190239,1.5118015608357007,0
891,main,Naive AI estimator,0.6359960032541404,0.03258387765574701,-0.6034121255983934,0.10035725946719569,-0.16411635089995652,0.22928410621145057,0
891,main,ISE causal estimator,0.6359960032541404,0.5167739097589621,-0.11922209349517832,0.10983336343190954,0.3015005174324194,0.7320473020855047,1
891,main,Design erasure estimator,0.6359960032541404,0.9227740712417677,0.2867780679876273,0.1310476856302825,0.665920607406414,1.1796275350771213,0
891,main,Post index leakage estimator,0.6359960032541404,0.03457488407661559,-0.6014211191775248,0.10527147526310032,-0.17175720743906103,0.24090697559229224,0
891,main,Oracle prospective estimator,0.6359960032541404,0.5041357201446661,-0.13186028310947429,0.1079134706158094,0.2926253177376797,0.7156461225516526,1
892,main,Structured EHR estimator,0.6365101344828058,1.3204284930017358,0.68391835851893,0.13484574592159113,1.0561308309954172,1.5847261550080545,0
892,main,Naive AI estimator,0.6365101344828058,-0.0058056679575677304,-0.6423158024403736,0.09168581354996759,-0.18550986251550422,0.17389852660036875,0
892,main,ISE causal estimator,0.6365101344828058,0.5072429398138861,-0.12926719466891967,0.11161479642350314,0.28847793882382,0.7260079408039523,1
892,main,Design erasure estimator,0.6365101344828058,0.847650248749596,0.21114011426679025,0.12685532271360056,0.599013816230939,1.096286681268253,1
892,main,Post index leakage estimator,0.6365101344828058,-0.0022913432410297816,-0.6388014777238356,0.09717879506225205,-0.1927617815630438,0.18817909508098424,0
892,main,Oracle prospective estimator,0.6365101344828058,0.4909119234211839,-0.1455982110616219,0.11138394020796841,0.2725994006135658,0.709224446228802,1
893,main,Structured EHR estimator,0.641844507013707,1.4003781278339853,0.7585336208202783,0.13302968207948979,1.1396399509581854,1.6611163047097852,0
893,main,Naive AI estimator,0.641844507013707,0.07586699580536341,-0.5659775112083436,0.09875350225635149,-0.1176898686170855,0.2694238602278123,0
893,main,ISE causal estimator,0.641844507013707,0.5693989305828201,-0.0724455764308869,0.10985504072696449,0.3540830507579697,0.7847148104076704,1
893,main,Design erasure estimator,0.641844507013707,0.8781189546695302,0.23627444765582317,0.11987940093872727,0.6431553288296247,1.1130825805094355,0
893,main,Post index leakage estimator,0.641844507013707,0.1543011484616398,-0.4875433585520672,0.10507115564479937,-0.051638316602166945,0.36024061352544656,0
893,main,Oracle prospective estimator,0.641844507013707,0.5693347016705098,-0.07250980534319718,0.1097709296453659,0.35418367956559266,0.784485723775427,1
894,main,Structured EHR estimator,0.6348774651251252,1.384624882659615,0.7497474175344898,0.14077323621328278,1.1087093396815808,1.6605404256376493,0
894,main,Naive AI estimator,0.6348774651251252,0.1377745082756307,-0.4971029568494945,0.08943386219848062,-0.03751586163339132,0.31306487818465273,0
894,main,ISE causal estimator,0.6348774651251252,0.5214429883157883,-0.11343447680933694,0.10252425633471499,0.3204954458997469,0.7223905307318297,1
894,main,Design erasure estimator,0.6348774651251252,0.8702800742051018,0.23540260907997657,0.12268035994071477,0.6298265687213008,1.1107335796889029,1
894,main,Post index leakage estimator,0.6348774651251252,0.23070432214261352,-0.4041731429825117,0.09896370756247212,0.03673545532016817,0.4246731889650589,0
894,main,Oracle prospective estimator,0.6348774651251252,0.5225407216762296,-0.11233674344889566,0.10047798618351257,0.3256038687565449,0.7194775745959142,1
895,main,Structured EHR estimator,0.6293467539013009,1.2214984749248028,0.5921517210235019,0.13987727662891553,0.9473390127321284,1.4956579371174772,0
895,main,Naive AI estimator,0.6293467539013009,-0.06037721240763113,-0.6897239663089321,0.09077915398229373,-0.23830435421292684,0.11754992939766457,0
895,main,ISE causal estimator,0.6293467539013009,0.37415968259030985,-0.25518707131099105,0.10706435907543246,0.16431353880246222,0.5840058263781575,0
895,main,Design erasure estimator,0.6293467539013009,0.6327173438075819,0.0033705899062810296,0.12363835399429832,0.39038616997875725,0.8750485176364067,1
895,main,Post index leakage estimator,0.6293467539013009,-0.015255350850808756,-0.6446021047521097,0.09740385097694591,-0.20616689876562275,0.17565619706400523,0
895,main,Oracle prospective estimator,0.6293467539013009,0.36889713399691954,-0.26044961990438137,0.10623655226866752,0.1606734915503312,0.5771207764435079,0
896,main,Structured EHR estimator,0.6572267185673769,1.3392368426515984,0.6820101240842215,0.13304816090615923,1.0784624472755262,1.6000112380276705,0
896,main,Naive AI estimator,0.6572267185673769,0.014108970832333093,-0.6431177477350438,0.08439047108668131,-0.15129635249756226,0.17951429416222844,0
896,main,ISE causal estimator,0.6572267185673769,0.378324516183401,-0.2789022023839759,0.09950270192230501,0.1832992204156832,0.5733498119511189,0
896,main,Design erasure estimator,0.6572267185673769,0.8481010957996288,0.19087437723225187,0.11534048871910478,0.6220337379101835,1.074168453689074,1
896,main,Post index leakage estimator,0.6572267185673769,0.10264218505983065,-0.5545845335075462,0.08941795171550355,-0.07261700030255631,0.27790137042221763,0
896,main,Oracle prospective estimator,0.6572267185673769,0.3584937216367124,-0.2987329969306645,0.09762288517548012,0.16715286669277135,0.5498345765806534,0
897,main,Structured EHR estimator,0.6587066782751916,1.5924375304829304,0.9337308522077388,0.13577054014964257,1.3263272717896308,1.8585477891762299,0
897,main,Naive AI estimator,0.6587066782751916,0.23258079592418116,-0.42612588235101045,0.09481061613378346,0.046751988301965586,0.4184096035463967,0
897,main,ISE causal estimator,0.6587066782751916,0.778114026679458,0.11940734840426637,0.11502191938544425,0.5526710646839872,1.0035569886749287,1
897,main,Design erasure estimator,0.6587066782751916,1.1419332381419351,0.48322655986674357,0.12170915869254602,0.903383287104545,1.3804831891793254,0
897,main,Post index leakage estimator,0.6587066782751916,0.26200785115916275,-0.39669882711602883,0.09947691497582002,0.0670330978065555,0.45698260451177,0
897,main,Oracle prospective estimator,0.6587066782751916,0.7605628359193087,0.10185615764411715,0.11398465960895705,0.5371529030857529,0.9839727687528645,1
898,main,Structured EHR estimator,0.6390679295714413,1.167096088161738,0.5280281585902967,0.1426230076873925,0.8875549930944487,1.4466371832290275,0
898,main,Naive AI estimator,0.6390679295714413,0.23601087643026536,-0.40305705314117596,0.08893172998432258,0.0617046856609931,0.41031706719953764,0
898,main,ISE causal estimator,0.6390679295714413,0.6144049389034285,-0.024662990668012807,0.10379950879441878,0.4109579016663677,0.8178519761404893,1
898,main,Design erasure estimator,0.6390679295714413,0.9846473181814148,0.3455793886099735,0.12285284762115302,0.7438557368439549,1.2254388995188747,0
898,main,Post index leakage estimator,0.6390679295714413,0.2533777169456156,-0.3856902126258257,0.09617391976897888,0.06487683419841703,0.4418785996928142,0
898,main,Oracle prospective estimator,0.6390679295714413,0.6105427749540554,-0.028525154617385917,0.103234558641987,0.4082030400157609,0.8128825098923499,1
899,main,Structured EHR estimator,0.653777883706212,1.2526953583505689,0.5989174746443569,0.13430176674145122,0.9894638955373245,1.5159268211638133,0
899,main,Naive AI estimator,0.653777883706212,0.1297819518604928,-0.5239959318457192,0.08811507779877686,-0.04292360062510986,0.30248750434609545,0
899,main,ISE causal estimator,0.653777883706212,0.6013268807356209,-0.05245100297059113,0.10561345456893198,0.39432450978051425,0.8083292516907276,1
899,main,Design erasure estimator,0.653777883706212,0.96076974290693,0.3069918592007179,0.11732241963994389,0.73081780041264,1.19072168540122,0
899,main,Post index leakage estimator,0.653777883706212,0.1569786012988525,-0.49679928240735954,0.0923420322464197,-0.024011781904130114,0.3379689845018351,0
899,main,Oracle prospective estimator,0.653777883706212,0.606489337630148,-0.04728854607606403,0.10425990622847185,0.40213992142234317,0.8108387538379529,1
900,main,Structured EHR estimator,0.6360124761115318,1.1761865887106824,0.5401741125991506,0.1423638913778192,0.8971533616101568,1.455219815811208,0
900,main,Naive AI estimator,0.6360124761115318,0.05296162924288557,-0.5830508468686462,0.08904185283511694,-0.12156040231394362,0.22748366079971477,0
900,main,ISE causal estimator,0.6360124761115318,0.4215897178557748,-0.21442275825575696,0.10875510976930028,0.20842970270794628,0.6347497330036034,0
900,main,Design erasure estimator,0.6360124761115318,0.7864725132853342,0.1504600371738024,0.12316816471784259,0.5450629104383627,1.0278821161323057,1
900,main,Post index leakage estimator,0.6360124761115318,0.1040925739756118,-0.53191990213592,0.09761384819493159,-0.08723056848645412,0.2954157164376777,0
900,main,Oracle prospective estimator,0.6360124761115318,0.44000820451661016,-0.19600427159492162,0.10954129388370304,0.2253072685045522,0.6547091405286681,1
901,main,Structured EHR estimator,0.6319679513296514,1.4107402619018665,0.7787723105722151,0.1475358821819383,1.1215699328252675,1.6999105909784655,0
901,main,Naive AI estimator,0.6319679513296514,0.029466701270002737,-0.6025012500596487,0.08224498195024213,-0.13173346335247185,0.1906668658924773,0
901,main,ISE causal estimator,0.6319679513296514,0.5403971192029501,-0.09157083212670136,0.1111848988288278,0.3224747174984476,0.7583195209074526,1
901,main,Design erasure estimator,0.6319679513296514,0.8844857799541304,0.2525178286244789,0.13578873671171546,0.6183398559991681,1.1506317039090925,1
901,main,Post index leakage estimator,0.6319679513296514,0.04153288047152194,-0.5904350708581295,0.08890474120259342,-0.13272041228556114,0.21578617322860505,0
901,main,Oracle prospective estimator,0.6319679513296514,0.5178557768503617,-0.11411217447928979,0.10945040263806585,0.3033329876797526,0.7323785660209707,1
902,main,Structured EHR estimator,0.6258305665243882,1.2326364212328107,0.6068058547084225,0.14733537490132345,0.9438590864262167,1.5214137560394048,0
902,main,Naive AI estimator,0.6258305665243882,0.11451999271649224,-0.5113105738078959,0.09475879751158121,-0.07120725040620693,0.30024723583919144,0
902,main,ISE causal estimator,0.6258305665243882,0.67196305277588,0.0461324862514918,0.12322504947080463,0.4304419558131029,0.913484149738657,1
902,main,Design erasure estimator,0.6258305665243882,0.9667386841307326,0.34090811760634443,0.1267634286722831,0.7182823639330578,1.2151950043284074,0
902,main,Post index leakage estimator,0.6258305665243882,0.13641830855920004,-0.48941225796518817,0.10044272080755533,-0.06044942422360841,0.33328604134200845,0
902,main,Oracle prospective estimator,0.6258305665243882,0.6350812457017125,0.009250679177324361,0.12170335622425599,0.3965426675021708,0.8736198239012543,1
903,main,Structured EHR estimator,0.6539148168477638,1.4951708329610072,0.8412560161132434,0.132905976223473,1.2346751195630001,1.7556665463590142,0
903,main,Naive AI estimator,0.6539148168477638,0.26518959921268975,-0.388725217635074,0.09634878787797528,0.07634597497185822,0.45403322345352126,0
903,main,ISE causal estimator,0.6539148168477638,0.7515429277670823,0.09762811091931856,0.10802396829060829,0.53981594991749,0.9632699056166746,1
903,main,Design erasure estimator,0.6539148168477638,1.1133379773592709,0.4594231605115071,0.12891805624993397,0.8606585871094004,1.3660173676091414,0
903,main,Post index leakage estimator,0.6539148168477638,0.3010570898296971,-0.35285772701806667,0.10595454679520662,0.09338617811109212,0.508728001548302,0
903,main,Oracle prospective estimator,0.6539148168477638,0.7382843245453754,0.08436950769761165,0.10694437538937526,0.5286733487822,0.9478953003085508,1
904,main,Structured EHR estimator,0.6355056372223248,1.305383373716045,0.6698777364937202,0.1316928966750317,1.047265296232983,1.563501451199107,0
904,main,Naive AI estimator,0.6355056372223248,0.1119415792105875,-0.5235640580117373,0.09574577058571261,-0.07572013113740922,0.29960328955858423,0
904,main,ISE causal estimator,0.6355056372223248,0.6822654694179772,0.046759832195652384,0.10363186753761089,0.47914700904425983,0.8853839297916946,1
904,main,Design erasure estimator,0.6355056372223248,0.9914894304590667,0.3559837932367419,0.12016460832348258,0.7559667981450409,1.2270120627730925,0
904,main,Post index leakage estimator,0.6355056372223248,0.08839741068688341,-0.5471082265354413,0.09756980818478878,-0.1028394133553026,0.2796342347290694,0
904,main,Oracle prospective estimator,0.6355056372223248,0.6843706786293782,0.04886504140705339,0.10297783125567195,0.4825341293682611,0.8862072278904952,1
905,main,Structured EHR estimator,0.6564702547150176,1.328906040445534,0.6724357857305163,0.1402904206924917,1.0539368158882503,1.6038752650028176,0
905,main,Naive AI estimator,0.6564702547150176,0.14790934678273324,-0.5085609079322844,0.09231497735468815,-0.03302800883245552,0.328846702397922,0
905,main,ISE causal estimator,0.6564702547150176,0.5803449472417465,-0.07612530747327118,0.10511641088119765,0.37431678191459905,0.7863731125688939,1
905,main,Design erasure estimator,0.6564702547150176,0.8848751869170015,0.22840493220198388,0.1286419361182575,0.6327369921252168,1.1370133817087862,1
905,main,Post index leakage estimator,0.6564702547150176,0.19124736669195466,-0.465222888023063,0.10408134056543822,-0.012752060816304256,0.3952467942002136,0
905,main,Oracle prospective estimator,0.6564702547150176,0.5678430096865329,-0.08862724502848474,0.10266612447233303,0.3666174057207602,0.7690686136523056,1
906,main,Structured EHR estimator,0.656208134739502,1.1738534059506354,0.5176452712111334,0.14093194517658736,0.8976267934045241,1.4500800184967466,0
906,main,Naive AI estimator,0.656208134739502,0.23472701787861402,-0.42148111686088796,0.09329806938310627,0.05186280188772574,0.4175912338695023,0
906,main,ISE causal estimator,0.656208134739502,0.5835123423234639,-0.07269579241603807,0.10381853424896205,0.38002801519549834,0.7869966694514295,1
906,main,Design erasure estimator,0.656208134739502,0.8668737802733706,0.21066564553386857,0.12278038802650736,0.6262242197414162,1.1075233408053249,1
906,main,Post index leakage estimator,0.656208134739502,0.22634353501514196,-0.4298645997243601,0.10238834524355495,0.025662378337774266,0.4270246916925097,0
906,main,Oracle prospective estimator,0.656208134739502,0.5879259164796236,-0.06828221825987846,0.10181725130890705,0.38836410391416576,0.7874877290450814,1
907,main,Structured EHR estimator,0.6366745447979243,1.198755518397125,0.5620809735992007,0.14912130504921345,0.9064777605006666,1.4910332762935834,0
907,main,Naive AI estimator,0.6366745447979243,0.025121309869442554,-0.6115532349284818,0.09515732047633559,-0.1613870382641752,0.2116296580030603,0
907,main,ISE causal estimator,0.6366745447979243,0.49225098413980856,-0.14442356065811573,0.11223770886200622,0.2722650747702764,0.7122368935093407,1
907,main,Design erasure estimator,0.6366745447979243,0.7819750101041516,0.1453004653062273,0.13411047379922977,0.5191184814576613,1.044831538750642,1
907,main,Post index leakage estimator,0.6366745447979243,0.08195755437491749,-0.5547169904230068,0.10195313550103723,-0.11787059120711547,0.28178569995695046,0
907,main,Oracle prospective estimator,0.6366745447979243,0.48889018752249586,-0.14778435727542844,0.11147893839978781,0.27039146825891175,0.7073889067860799,1
908,main,Structured EHR estimator,0.6349334903039696,1.6851944758058046,1.050260985501835,0.15608416723696794,1.3792695080213475,1.9911194435902617,0
908,main,Naive AI estimator,0.6349334903039696,0.26269575954231134,-0.3722377307616583,0.10123316334891476,0.06427875937843841,0.46111275970618426,0
908,main,ISE causal estimator,0.6349334903039696,0.7692453659488891,0.13431187564491953,0.1156878948991975,0.542497091946462,0.9959936399513163,1
908,main,Design erasure estimator,0.6349334903039696,1.2242617193540275,0.5893282290500579,0.13753811484065584,0.9546870142663421,1.4938364244417128,0
908,main,Post index leakage estimator,0.6349334903039696,0.31616676900740737,-0.31876672129656225,0.10690169486973328,0.10663944706273015,0.5256940909520846,0
908,main,Oracle prospective estimator,0.6349334903039696,0.7254088402831942,0.09047534997922457,0.11523416473685792,0.4995498773989527,0.9512678031674358,1
909,main,Structured EHR estimator,0.6547737324361615,1.3234541613896667,0.6686804289535051,0.13003911378181243,1.0685774983773144,1.5783308244020189,0
909,main,Naive AI estimator,0.6547737324361615,0.14559654103681538,-0.5091771913993461,0.08616653007710681,-0.023289857914313955,0.31448293998794474,0
909,main,ISE causal estimator,0.6547737324361615,0.6591393101471807,0.004365577711019197,0.0991062266245545,0.46489110596305394,0.8533875143313076,1
909,main,Design erasure estimator,0.6547737324361615,1.0108095523921063,0.3560358199559448,0.11534602256743777,0.7847313481599283,1.2368877566242844,0
909,main,Post index leakage estimator,0.6547737324361615,0.14727787999381187,-0.5074958524423496,0.09114309484752096,-0.03136258590732921,0.32591834589495294,0
909,main,Oracle prospective estimator,0.6547737324361615,0.6516790861118001,-0.0030946463243614053,0.09912420626581742,0.457395641830798,0.8459625303928022,1
910,main,Structured EHR estimator,0.6429942172565871,1.3919308373203116,0.7489366200637245,0.1445387575238691,1.1086348725735282,1.675226802067095,0
910,main,Naive AI estimator,0.6429942172565871,0.19959294962102575,-0.44340126763556137,0.09721954458651294,0.009042642231460396,0.3901432570105911,0
910,main,ISE causal estimator,0.6429942172565871,0.7021067523828599,0.05911253512627279,0.11350941273144984,0.47962830342921825,0.9245852013365016,1
910,main,Design erasure estimator,0.6429942172565871,1.1568528616955165,0.5138586444389294,0.13068641056914138,0.9007074969799994,1.4129982264110335,0
910,main,Post index leakage estimator,0.6429942172565871,0.2204848346552626,-0.42250938260132453,0.10176675781532152,0.021021989337232427,0.4199476799732928,0
910,main,Oracle prospective estimator,0.6429942172565871,0.6844605438889466,0.041466326632359496,0.11232559605934168,0.46430237561263693,0.9046187121652562,1
911,main,Structured EHR estimator,0.6490493358572941,1.4878990006216324,0.8388496647643383,0.1269771684361505,1.2390237504867774,1.7367742507564874,0
911,main,Naive AI estimator,0.6490493358572941,0.24677077105089956,-0.4022785648063945,0.08434746582017483,0.0814497380433569,0.41209180405844226,0
911,main,ISE causal estimator,0.6490493358572941,0.7445552542360832,0.09550591837878908,0.10396888659257263,0.5407762365146408,0.9483342719575255,1
911,main,Design erasure estimator,0.6490493358572941,1.1661259511609066,0.5170766153036125,0.12336058547728504,0.9243392036254279,1.4079126986963852,0
911,main,Post index leakage estimator,0.6490493358572941,0.2860609498305888,-0.3629883860267053,0.09015108304568965,0.10936482706103706,0.4627570726001405,0
911,main,Oracle prospective estimator,0.6490493358572941,0.7514633754182601,0.10241403956096606,0.1038926450336282,0.5478337911523489,0.9550929596841714,1
912,main,Structured EHR estimator,0.6496478497752354,1.4426718767831117,0.7930240270078763,0.13859992885218866,1.171016016232822,1.7143277373334014,0
912,main,Naive AI estimator,0.6496478497752354,0.11320045184383473,-0.5364473979314006,0.09034384296229146,-0.06387348036225654,0.290274384049926,0
912,main,ISE causal estimator,0.6496478497752354,0.6404611133023858,-0.009186736472849621,0.10445674452777369,0.4357258940279493,0.8451963325768221,1
912,main,Design erasure estimator,0.6496478497752354,0.9709451673731943,0.3212973175979589,0.11858982685660131,0.7385091067342557,1.2033812280121328,0
912,main,Post index leakage estimator,0.6496478497752354,0.15773218462648,-0.4919156651487554,0.09802461523303523,-0.03439606123026903,0.349860430483229,0
912,main,Oracle prospective estimator,0.6496478497752354,0.6274467472147074,-0.022201102560527985,0.10337989816891731,0.4248221468036295,0.8300713476257853,1
913,main,Structured EHR estimator,0.6509764449449722,1.621721289647502,0.9707448447025298,0.1255915839498943,1.3755617851057091,1.8678807941892948,0
913,main,Naive AI estimator,0.6509764449449722,0.25386614835993887,-0.39711029658503333,0.1002760459633262,0.0573250982718195,0.4504071984480582,0
913,main,ISE causal estimator,0.6509764449449722,0.8535622462307153,0.2025858012857431,0.11119439971926423,0.6356212227809575,1.0715032696804732,1
913,main,Design erasure estimator,0.6509764449449722,1.3368961235914867,0.6859196786465145,0.12589614861885234,1.0901396722985361,1.5836525748844372,0
913,main,Post index leakage estimator,0.6509764449449722,0.2732596240755504,-0.3777168208694218,0.10361928910282615,0.07016581743401112,0.47635343071708963,0
913,main,Oracle prospective estimator,0.6509764449449722,0.8236860465605578,0.17270960161558557,0.1093279873065496,0.6094031914397205,1.037968901681395,1
914,main,Structured EHR estimator,0.6655825470247506,1.2577174411751242,0.5921348941503736,0.13681128591844177,0.9895673207749783,1.5258675615752701,0
914,main,Naive AI estimator,0.6655825470247506,0.08463336689868105,-0.5809491801260696,0.0994874362942039,-0.1103620082379586,0.2796287420353207,0
914,main,ISE causal estimator,0.6655825470247506,0.610285796763731,-0.055296750261019656,0.11576660114373367,0.38338325852201294,0.837188335005449,1
914,main,Design erasure estimator,0.6655825470247506,0.954922502687902,0.2893399556631514,0.1337463537724179,0.692779649293963,1.2170653560818412,0
914,main,Post index leakage estimator,0.6655825470247506,0.09965824803211955,-0.5659242989926311,0.10649977547176678,-0.10908131189254335,0.30839780795678245,0
914,main,Oracle prospective estimator,0.6655825470247506,0.6039552625828771,-0.06162728444187349,0.1162664603895846,0.3760730002192913,0.8318375249464629,1
915,main,Structured EHR estimator,0.6308045219908782,1.256783938004338,0.6259794160134597,0.14038797457620475,0.9816235078349766,1.5319443681736993,0
915,main,Naive AI estimator,0.6308045219908782,0.1528834273358984,-0.4779210946549798,0.09126337958506607,-0.025992796650831096,0.3317596513226279,0
915,main,ISE causal estimator,0.6308045219908782,0.7690961828438169,0.13829166085293865,0.10633677360625804,0.5606761065755511,0.9775162591120826,1
915,main,Design erasure estimator,0.6308045219908782,1.027265376581103,0.39646085459022484,0.12240298715264274,0.7873555217619232,1.2671752314002829,0
915,main,Post index leakage estimator,0.6308045219908782,0.08539244707261982,-0.5454120749182584,0.09449371333611471,-0.09981523106616501,0.27060012521140464,0
915,main,Oracle prospective estimator,0.6308045219908782,0.7408294241850504,0.11002490219417216,0.10569741069280472,0.5336624992271531,0.9479963491429476,1
916,main,Structured EHR estimator,0.6622569581027055,1.061054716987756,0.39879775888505054,0.1426039311502276,0.7815510119333099,1.3405584220422022,0
916,main,Naive AI estimator,0.6622569581027055,0.06452902747793174,-0.5977279306247737,0.11006169844463363,-0.1511919014735502,0.28024995642941364,0
916,main,ISE causal estimator,0.6622569581027055,0.4784667193187098,-0.18379023878399564,0.12014519727862367,0.24298213265260743,0.7139513059848122,1
916,main,Design erasure estimator,0.6622569581027055,0.9363943152108918,0.2741373571081863,0.13833701124118805,0.6652537731781631,1.2075348572436204,0
916,main,Post index leakage estimator,0.6622569581027055,0.06867004346721192,-0.5935869146354935,0.11160135065032628,-0.1500686038074276,0.28740869074185144,0
916,main,Oracle prospective estimator,0.6622569581027055,0.47934637325749796,-0.1829105848452075,0.11956915893131054,0.2449908217521293,0.7137019247628666,1
917,main,Structured EHR estimator,0.6485142731261847,1.5114452009946047,0.86293092786842,0.1414470834297103,1.2342089174723725,1.7886814845168368,0
917,main,Naive AI estimator,0.6485142731261847,0.060432938458416345,-0.5880813346677684,0.09178290871238112,-0.11946156261785065,0.24032743953468336,0
917,main,ISE causal estimator,0.6485142731261847,0.5125775572921354,-0.13593671583404932,0.10876697179645213,0.2993942925710892,0.7257608220131816,1
917,main,Design erasure estimator,0.6485142731261847,0.9797493168024813,0.33123504367629664,0.12575823850089263,0.7332631693407318,1.2262354642642308,0
917,main,Post index leakage estimator,0.6485142731261847,0.16202585447909038,-0.48648841864709436,0.10517539257149505,-0.04411791496103992,0.3681696239192207,0
917,main,Oracle prospective estimator,0.6485142731261847,0.46610606170316987,-0.18240821142301483,0.10721647432553401,0.2559617720251232,0.6762503513812166,1
918,main,Structured EHR estimator,0.6598128792219708,1.5010985528734058,0.8412856736514349,0.14592712479159767,1.2150813882818743,1.7871157174649372,0
918,main,Naive AI estimator,0.6598128792219708,0.3034272477307562,-0.35638563149121466,0.08865912252420435,0.12965536758331567,0.47719912787819674,0
918,main,ISE causal estimator,0.6598128792219708,0.7795347652592614,0.1197218860372905,0.11467320534990828,0.5547752827734411,1.0042942477450816,1
918,main,Design erasure estimator,0.6598128792219708,1.1015560016284016,0.44174312240643077,0.12577307044628663,0.8550407835536799,1.3480712197031235,0
918,main,Post index leakage estimator,0.6598128792219708,0.3497434149891159,-0.310069464232855,0.09194586358372589,0.16952952236501315,0.5299573076132186,0
918,main,Oracle prospective estimator,0.6598128792219708,0.7836785298480007,0.12386565062602983,0.11474328042652092,0.5587817002120197,1.0085753594839817,1
919,main,Structured EHR estimator,0.6488968909600629,1.3478889775510887,0.6989920865910259,0.15598925400915467,1.0421500396931456,1.6536279154090319,0
919,main,Naive AI estimator,0.6488968909600629,-0.12835732464062108,-0.777254215600684,0.10279476172290092,-0.32983505761750687,0.07312040833626471,0
919,main,ISE causal estimator,0.6488968909600629,0.49145928570172565,-0.15743760525833722,0.12858078182956706,0.2394409533157742,0.7434776180876771,1
919,main,Design erasure estimator,0.6488968909600629,1.0511502022798294,0.4022533113197665,0.14191298190829416,0.7730007577395728,1.329299646820086,0
919,main,Post index leakage estimator,0.6488968909600629,-0.08999938716364243,-0.7388962781237053,0.11028812412385913,-0.30616411044640635,0.12616533611912145,0
919,main,Oracle prospective estimator,0.6488968909600629,0.48161827415054315,-0.16727861680951972,0.1270619000186776,0.23257695011393506,0.7306595981871512,1
920,main,Structured EHR estimator,0.6315203432522342,1.380609661630699,0.7490893183784649,0.1272756830162531,1.131149322918843,1.6300700003425552,0
920,main,Naive AI estimator,0.6315203432522342,0.2695935589128611,-0.3619267843393731,0.09231631982027252,0.08865357206512692,0.45053354576059523,0
920,main,ISE causal estimator,0.6315203432522342,0.7706674037571378,0.13914706050490366,0.10000399117649726,0.5746595810512032,0.9666752264630725,1
920,main,Design erasure estimator,0.6315203432522342,1.1319484777859066,0.5004281345336724,0.11775064765442501,0.9011572083832335,1.3627397471885796,0
920,main,Post index leakage estimator,0.6315203432522342,0.2685727936536361,-0.36294754959859804,0.09784611659330769,0.07679440513075306,0.46035118217651916,0
920,main,Oracle prospective estimator,0.6315203432522342,0.7684637767780285,0.1369434335257943,0.09874614443931261,0.5749213336769757,0.9620062198790812,1
921,main,Structured EHR estimator,0.6333727486806555,1.3340188152008863,0.7006460665202308,0.131902450971137,1.0754900112974577,1.5925476191043149,0
921,main,Naive AI estimator,0.6333727486806555,0.18460000166963192,-0.4487727470110236,0.0866666298569985,0.014733407149914862,0.35446659618934895,0
921,main,ISE causal estimator,0.6333727486806555,0.6890823644056847,0.05570961572502919,0.09685966378367365,0.49923742338968435,0.8789273054216851,1
921,main,Design erasure estimator,0.6333727486806555,0.9278595706661849,0.29448682198552933,0.11390970059450688,0.7045965575009514,1.1511225838314183,0
921,main,Post index leakage estimator,0.6333727486806555,0.17302248512132612,-0.4603502635593294,0.09429351988322253,-0.01179281384979003,0.35783778409244227,0
921,main,Oracle prospective estimator,0.6333727486806555,0.6791472383211438,0.04577448964048825,0.09763852927624295,0.48777572093970756,0.87051875570258,1
922,main,Structured EHR estimator,0.625024601755293,1.4359689962257904,0.8109443944704975,0.14561027096550283,1.1505728651334048,1.721365127318176,0
922,main,Naive AI estimator,0.625024601755293,0.0621857871458441,-0.5628388146094488,0.09597093337805156,-0.12591724227513695,0.25028881656682517,0
922,main,ISE causal estimator,0.625024601755293,0.45226967842281446,-0.1727549233324785,0.11674322630751022,0.22345295486009445,0.6810864019855345,1
922,main,Design erasure estimator,0.625024601755293,0.9492533935956241,0.32422879184033115,0.12858084601673356,0.6972349354028263,1.2012718517884218,0
922,main,Post index leakage estimator,0.625024601755293,0.181701477206546,-0.44332312454874695,0.10481784239241358,-0.02374149388258462,0.3871444482956766,0
922,main,Oracle prospective estimator,0.625024601755293,0.4671174218226353,-0.15790717993265763,0.11621507546412888,0.23933587391294273,0.6948989697323279,1
923,main,Structured EHR estimator,0.6324106138592267,1.3781411024236538,0.7457304885644271,0.13452865438713077,1.1144649398248776,1.64181726502243,0
923,main,Naive AI estimator,0.6324106138592267,0.15810229190107858,-0.4743083219581481,0.09346462774243924,-0.025088378474102335,0.3412929622762595,0
923,main,ISE causal estimator,0.6324106138592267,0.6328322321738581,0.000421618314631389,0.10797788967736405,0.4211955684062245,0.8444688959414917,1
923,main,Design erasure estimator,0.6324106138592267,1.1331597772788,0.5007491634195733,0.12835026986873957,0.8815932483360704,1.3847263062215296,0
923,main,Post index leakage estimator,0.6324106138592267,0.21190522096310338,-0.4205053928961233,0.09855913645810979,0.01872931350520818,0.4050811284209986,0
923,main,Oracle prospective estimator,0.6324106138592267,0.6154199089640299,-0.01699070489519683,0.10721913558421249,0.4052704032189734,0.8255694147090864,1
924,main,Structured EHR estimator,0.6451928060299932,1.5075205772524924,0.8623277712224993,0.13712284800337518,1.238759795165877,1.7762813593391078,0
924,main,Naive AI estimator,0.6451928060299932,0.1699319366118275,-0.4752608694181657,0.09187285480705737,-0.010138858810004925,0.35000273203365995,0
924,main,ISE causal estimator,0.6451928060299932,0.6765127364514563,0.03131993042146308,0.1114392585340749,0.45809178972466946,0.8949336831782431,1
924,main,Design erasure estimator,0.6451928060299932,1.029348116481404,0.3841553104514108,0.1309914812253895,0.7726048132796406,1.2860914196831674,0
924,main,Post index leakage estimator,0.6451928060299932,0.1944761239750634,-0.45071668205492976,0.09732795641369618,0.003713329404218868,0.3852389185459079,0
924,main,Oracle prospective estimator,0.6451928060299932,0.670725450278535,0.025532644248541847,0.1119606517657225,0.45128257281771894,0.8901683277393511,1
925,main,Structured EHR estimator,0.6496605427433646,1.3771251631179557,0.7274646203745911,0.14682222517952206,1.0893536017660925,1.664896724469819,0
925,main,Naive AI estimator,0.6496605427433646,0.11171135843258102,-0.5379491843107835,0.09990189199732444,-0.08409634988217486,0.3075190667473369,0
925,main,ISE causal estimator,0.6496605427433646,0.6092451764541048,-0.04041536628925979,0.11203829878383997,0.38965011083777845,0.8288402420704312,1
925,main,Design erasure estimator,0.6496605427433646,0.9725465122701258,0.3228859695267612,0.12731647843472493,0.7230062145380649,1.2220868100021867,0
925,main,Post index leakage estimator,0.6496605427433646,0.1031631429801326,-0.546497399763232,0.1067093299115895,-0.10598714364658282,0.31231342960684805,0
925,main,Oracle prospective estimator,0.6496605427433646,0.5861409485720175,-0.06351959417134712,0.11062023805938191,0.36932528197562897,0.802956615168406,1
926,main,Structured EHR estimator,0.6289989072484218,1.4919397038562212,0.8629407966077994,0.1304863041667784,1.2361865476893357,1.7476928600231068,0
926,main,Naive AI estimator,0.6289989072484218,0.24582264792808958,-0.38317625932033217,0.08818714812648354,0.07297583760018184,0.41866945825599733,0
926,main,ISE causal estimator,0.6289989072484218,0.7937554355189634,0.16475652827054166,0.10102934895688986,0.5957379115634593,0.9917729594744675,1
926,main,Design erasure estimator,0.6289989072484218,1.170868482943585,0.5418695756951631,0.12197434322149416,0.9317987702294563,1.4099381956577135,0
926,main,Post index leakage estimator,0.6289989072484218,0.25826004020874493,-0.37073886703967684,0.0916882295253182,0.07855111033912127,0.4379689700783686,0
926,main,Oracle prospective estimator,0.6289989072484218,0.7770716135865893,0.1480727063381675,0.10041431806396547,0.5802595501812169,0.9738836769919617,1
927,main,Structured EHR estimator,0.6380027851270709,1.0691817706366935,0.43117898550962264,0.15768438020745987,0.7601203854300722,1.3782431558433148,0
927,main,Naive AI estimator,0.6380027851270709,-0.034202227915069994,-0.6722050130421409,0.09862052631432476,-0.22749845949114653,0.15909400366100654,0
927,main,ISE causal estimator,0.6380027851270709,0.3130586958248279,-0.32494408930224294,0.11401496450006696,0.0895893654046967,0.5365280262449592,0
927,main,Design erasure estimator,0.6380027851270709,0.6045537581577302,-0.03344902696934071,0.1368735957854079,0.3362815104183307,0.8728260058971296,1
927,main,Post index leakage estimator,0.6380027851270709,0.008047669973428389,-0.6299551151536424,0.10348274678277276,-0.1947785137208062,0.210873853667663,0
927,main,Oracle prospective estimator,0.6380027851270709,0.29960880822436536,-0.3383939769027055,0.11428235674919703,0.0756153889959392,0.5236022274527915,0
928,main,Structured EHR estimator,0.6684740448626091,1.1203583321715507,0.4518842873089416,0.14940954972125717,0.8275156147178866,1.4132010496252148,0
928,main,Naive AI estimator,0.6684740448626091,0.09266323608095944,-0.5758108087816496,0.09953063763535387,-0.10241681368433414,0.287743285846253,0
928,main,ISE causal estimator,0.6684740448626091,0.4946675878175089,-0.17380645704510017,0.12267185014226534,0.25423076153866886,0.735104414096349,1
928,main,Design erasure estimator,0.6684740448626091,0.7890709085994486,0.12059686373683953,0.12751146426658402,0.539148438636944,1.0389933785619534,1
928,main,Post index leakage estimator,0.6684740448626091,0.1307202902743152,-0.5377537545882939,0.10804572657089603,-0.08104933380464102,0.3424899143532714,0
928,main,Oracle prospective estimator,0.6684740448626091,0.4936393240507102,-0.17483472081189888,0.12229556717873553,0.25394001238038855,0.7333386357210319,1
929,main,Structured EHR estimator,0.6381365659370248,1.149146308400235,0.5110097424632101,0.13999351419817133,0.8747590205718191,1.4235335962286508,0
929,main,Naive AI estimator,0.6381365659370248,-0.05628641474393756,-0.6944229806809624,0.08420775230933754,-0.22133360927023912,0.10876077978236401,0
929,main,ISE causal estimator,0.6381365659370248,0.48784746035371696,-0.15028910558330788,0.10397352442218304,0.2840593524862382,0.6916355682211957,1
929,main,Design erasure estimator,0.6381365659370248,0.8492500766618587,0.21111351072483386,0.12369055543695572,0.6068165880054255,1.091683565318292,1
929,main,Post index leakage estimator,0.6381365659370248,-0.04553025712962259,-0.6836668230666474,0.09153146904864919,-0.22493193646497497,0.1338714222057298,0
929,main,Oracle prospective estimator,0.6381365659370248,0.4824527303492847,-0.15568383558774013,0.10454935638110877,0.27753599184231154,0.6873694688562579,1
930,main,Structured EHR estimator,0.6456497977206469,1.643871170606192,0.998221372885545,0.15415889279748,1.3417197407231312,1.9460226004892527,0
930,main,Naive AI estimator,0.6456497977206469,0.10515447416422133,-0.5404953235564256,0.10947622357414799,-0.10941892404110873,0.31972787236955136,0
930,main,ISE causal estimator,0.6456497977206469,0.7711707139265095,0.1255209162058626,0.13057179841040373,0.5152499890421182,1.027091438810901,1
930,main,Design erasure estimator,0.6456497977206469,1.1004694267494974,0.45481962902885054,0.14416155806370687,0.817912772944632,1.3830260805543628,0
930,main,Post index leakage estimator,0.6456497977206469,0.11455316459873491,-0.531096633121912,0.1102139195342879,-0.10146611768846936,0.3305724468859392,0
930,main,Oracle prospective estimator,0.6456497977206469,0.7578865737284841,0.11223677600783721,0.1304044291480019,0.5022938925984004,1.0134792548585678,1
931,main,Structured EHR estimator,0.6518717469425304,1.2501401337101938,0.5982683867676635,0.1405046799203764,0.9747509610662561,1.5255293063541315,0
931,main,Naive AI estimator,0.6518717469425304,0.05927706197872758,-0.5925946849638027,0.09634030314250093,-0.12954993218057426,0.24810405613802938,0
931,main,ISE causal estimator,0.6518717469425304,0.559704082660615,-0.09216766428191536,0.11477988519684601,0.3347355076747968,0.7846726576464331,1
931,main,Design erasure estimator,0.6518717469425304,0.8082331996772056,0.15636145273467528,0.1282707522561247,0.5568225252552013,1.05964387409921,1
931,main,Post index leakage estimator,0.6518717469425304,0.07380251985370843,-0.5780692270888219,0.10015474456335614,-0.1225007794904696,0.27010581919788645,0
931,main,Oracle prospective estimator,0.6518717469425304,0.5544301504811724,-0.09744159646135797,0.11311224104354624,0.33273015803582173,0.776130142926523,1
932,main,Structured EHR estimator,0.6524704596405416,1.4043715169909365,0.7519010573503949,0.13167145185724183,1.1462954713507425,1.6624475626311306,0
932,main,Naive AI estimator,0.6524704596405416,0.23685704732913382,-0.4156134123114078,0.10003208741816821,0.04079415598952413,0.4329199386687435,0
932,main,ISE causal estimator,0.6524704596405416,0.673101438890497,0.020630979249955383,0.10313382148949436,0.470959148771088,0.875243729009906,1
932,main,Design erasure estimator,0.6524704596405416,1.0647003522269676,0.41222989258642595,0.12345721732404426,0.8227242062718408,1.3066764981820942,0
932,main,Post index leakage estimator,0.6524704596405416,0.2724784346863168,-0.37999202495422485,0.10476712735246578,0.06713486507548386,0.4778220042971497,0
932,main,Oracle prospective estimator,0.6524704596405416,0.6535660521004639,0.001095592459922301,0.10363489817053931,0.45044165168620687,0.856690452514721,1
933,main,Structured EHR estimator,0.6384598213205548,1.6676708531843354,1.0292110318637806,0.13024815624200078,1.4123844669500139,1.922957239418657,0
933,main,Naive AI estimator,0.6384598213205548,0.2260345537688855,-0.4124252675516693,0.10466966451773922,0.020882011314116627,0.43118709622365436,0
933,main,ISE causal estimator,0.6384598213205548,0.8483051291288425,0.2098453078082877,0.11213805876145565,0.6285145339563895,1.0680957243012956,1
933,main,Design erasure estimator,0.6384598213205548,1.2836977553976094,0.6452379340770547,0.12162562077029444,1.0453115386878324,1.5220839721073864,0
933,main,Post index leakage estimator,0.6384598213205548,0.2511898575414189,-0.38726996377913586,0.10608252347788809,0.04326811152475829,0.45911160355807956,0
933,main,Oracle prospective estimator,0.6384598213205548,0.8294653899654704,0.19100556864491558,0.1120887169369787,0.6097715047689921,1.0491592751619485,1
934,main,Structured EHR estimator,0.6273402964556487,1.3565748383409293,0.7292345418852806,0.14255032221917055,1.077176206791355,1.6359734698905035,0
934,main,Naive AI estimator,0.6273402964556487,0.006803362262948599,-0.6205369341927001,0.0966067976088149,-0.1825459610503286,0.19615268557622578,0
934,main,ISE causal estimator,0.6273402964556487,0.5566856596523474,-0.07065463680330131,0.11584114131519853,0.3296370226745583,0.7837342966301365,1
934,main,Design erasure estimator,0.6273402964556487,0.9289908075841405,0.30165051112849184,0.13278961361268005,0.6687231649032876,1.1892584502649934,0
934,main,Post index leakage estimator,0.6273402964556487,0.05739677346026633,-0.5699435229953824,0.10066521549729623,-0.13990704891443428,0.25470059583496696,0
934,main,Oracle prospective estimator,0.6273402964556487,0.5532427961750066,-0.0740975002806421,0.1149128704583083,0.3280135700767224,0.7784720222732908,1
935,main,Structured EHR estimator,0.6329749466135033,1.3339084565368589,0.7009335099233556,0.13349692604711252,1.0722544814845183,1.5955624315891994,0
935,main,Naive AI estimator,0.6329749466135033,0.04691314510251807,-0.5860618015109852,0.08906551976986588,-0.12765527364641904,0.22148156385145518,0
935,main,ISE causal estimator,0.6329749466135033,0.5840066274825327,-0.04896831913097055,0.1018625593648834,0.3843560111273613,0.7836572438377042,1
935,main,Design erasure estimator,0.6329749466135033,1.0394395006215245,0.4064645540080212,0.1223166952159372,0.7996987779982876,1.2791802232447613,0
935,main,Post index leakage estimator,0.6329749466135033,0.061528629157231715,-0.5714463174562716,0.09439549841560367,-0.12348654773735147,0.24654380605181492,0
935,main,Oracle prospective estimator,0.6329749466135033,0.5749897471822105,-0.05798519943129277,0.10068025696007242,0.37765644354046857,0.7723230508239525,1
936,main,Structured EHR estimator,0.6567018920965345,1.344091062116909,0.6873891700203746,0.1383673381919907,1.0728910792606072,1.615291044973211,0
936,main,Naive AI estimator,0.6567018920965345,0.294215236896718,-0.3624866551998165,0.0987738547236098,0.10061848163844281,0.48781199215499327,0
936,main,ISE causal estimator,0.6567018920965345,0.7024158798963066,0.04571398779977209,0.11267432486336813,0.48157420316410504,0.9232575566285082,1
936,main,Design erasure estimator,0.6567018920965345,1.0848579607910809,0.42815606869454637,0.1286874176099042,0.8326306222756686,1.337085299306493,0
936,main,Post index leakage estimator,0.6567018920965345,0.317369185022725,-0.3393327070738095,0.10312578746716254,0.11524264158708641,0.5194957284583636,0
936,main,Oracle prospective estimator,0.6567018920965345,0.6954267478950127,0.038724855798478175,0.1124858859901308,0.47495441135435634,0.915899084435669,1
937,main,Structured EHR estimator,0.6313829468247738,1.3157820495936419,0.6843991027688681,0.13610193261142695,1.049022261675245,1.5825418375120388,0
937,main,Naive AI estimator,0.6313829468247738,0.1983256634953214,-0.43305728332945237,0.09099900216522526,0.019967619251479912,0.37668370773916293,0
937,main,ISE causal estimator,0.6313829468247738,0.5230074311732106,-0.10837551565156323,0.10594867600540421,0.31534802620261837,0.7306668361438028,1
937,main,Design erasure estimator,0.6313829468247738,0.943057060042986,0.31167411321821215,0.1251134988266811,0.697834602342691,1.188279517743281,0
937,main,Post index leakage estimator,0.6313829468247738,0.25930054647802686,-0.37208240034674694,0.09751859060906277,0.06816410888426383,0.4504369840717899,0
937,main,Oracle prospective estimator,0.6313829468247738,0.5373944508627924,-0.09398849596198144,0.10549462437898169,0.3306249870799882,0.7441639146455965,1
938,main,Structured EHR estimator,0.6571480523435489,1.4321458090125976,0.7749977566690487,0.1432932775818395,1.1512909849521922,1.713000633073003,0
938,main,Naive AI estimator,0.6571480523435489,0.18062686246281962,-0.4765211898807293,0.09331931030432888,-0.002278985733665001,0.36353271065930426,0
938,main,ISE causal estimator,0.6571480523435489,0.775714782382004,0.11856673003845508,0.127135765951044,0.5265286811179577,1.0249008836460503,1
938,main,Design erasure estimator,0.6571480523435489,1.0365703355177607,0.3794222831742118,0.13020656029787653,0.7813654773339227,1.2917751937015987,0
938,main,Post index leakage estimator,0.6571480523435489,0.21238875897793127,-0.4447592933656176,0.0978225236685167,0.020656612587638568,0.404120905368224,0
938,main,Oracle prospective estimator,0.6571480523435489,0.7564508973077043,0.09930284496415542,0.12635613295685186,0.5087928767122747,1.004108917903134,1
939,main,Structured EHR estimator,0.6603235883784921,1.4372712828488197,0.7769476944703275,0.15191584358737079,1.139516229417573,1.7350263362800664,0
939,main,Naive AI estimator,0.6603235883784921,0.02852160468306901,-0.6318019836954232,0.09919985976283166,-0.16591012045208103,0.22295332981821908,0
939,main,ISE causal estimator,0.6603235883784921,0.45872429183541585,-0.2015992965430763,0.10970477227607409,0.24370293817431066,0.673745645496521,1
939,main,Design erasure estimator,0.6603235883784921,0.8007072552018546,0.14038366682336245,0.13600936221628465,0.5341289052579367,1.0672856051457726,1
939,main,Post index leakage estimator,0.6603235883784921,0.1471916171652333,-0.5131319712132588,0.10849483501736489,-0.06545825946880188,0.35984149379926844,0
939,main,Oracle prospective estimator,0.6603235883784921,0.4499948373212356,-0.21032875105725657,0.10822985026665818,0.23786433079858554,0.6621253438438857,1
940,main,Structured EHR estimator,0.6575033463374034,1.5551809552957037,0.8976776089583003,0.14597604399004124,1.2690679090752228,1.8412940015161845,0
940,main,Naive AI estimator,0.6575033463374034,0.23082891816339024,-0.42667442817401313,0.09410974419175662,0.04637381954754727,0.4152840167792332,0
940,main,ISE causal estimator,0.6575033463374034,0.8078558713272184,0.150352524989815,0.11434134768593339,0.5837468298627889,1.031964912791648,1
940,main,Design erasure estimator,0.6575033463374034,1.1761185703987893,0.5186152240613859,0.12938421514204482,0.9225255087203814,1.4297116320771972,0
940,main,Post index leakage estimator,0.6575033463374034,0.24192865333885408,-0.4155746929985493,0.09962288577172637,0.0466677972262704,0.43718950945143775,0
940,main,Oracle prospective estimator,0.6575033463374034,0.78511432411151,0.12761097777410668,0.11385286353393977,0.5619627115849881,1.008265936638032,1
941,main,Structured EHR estimator,0.6471033113742214,1.246746351075238,0.5996430397010165,0.13837452093955982,0.9755322900337007,1.5179604121167751,0
941,main,Naive AI estimator,0.6471033113742214,0.08354808715549636,-0.5635552242187251,0.09091903222820079,-0.09465321601177717,0.2617493903227699,0
941,main,ISE causal estimator,0.6471033113742214,0.5210858149186451,-0.12601749645557625,0.1051068296391886,0.3150764288258355,0.7270952010114549,1
941,main,Design erasure estimator,0.6471033113742214,0.8742989348591879,0.22719562348496647,0.13885178167551093,0.6021494427751864,1.1464484269431892,1
941,main,Post index leakage estimator,0.6471033113742214,0.07941641826411898,-0.5676868931101025,0.09614380585207458,-0.10902544120594719,0.26785827773418514,0
941,main,Oracle prospective estimator,0.6471033113742214,0.5054778701944046,-0.1416254411798168,0.10466971402473302,0.30032523070592787,0.7106305096828813,1
942,main,Structured EHR estimator,0.6522459544683507,1.376331262880492,0.7240853084121414,0.14478144844029725,1.0925596239375093,1.6601029018234748,0
942,main,Naive AI estimator,0.6522459544683507,0.056055999014675846,-0.5961899554536748,0.09056630424297551,-0.12145395730155617,0.23356595533090785,0
942,main,ISE causal estimator,0.6522459544683507,0.5611962087226636,-0.09104974574568703,0.10847536236805164,0.3485844984812824,0.7738079189640448,1
942,main,Design erasure estimator,0.6522459544683507,0.9675597734521739,0.31531381898382327,0.1347773442303891,0.7033961787606113,1.2317233681437365,0
942,main,Post index leakage estimator,0.6522459544683507,0.09035448863852674,-0.561891465829824,0.09653621842941976,-0.09885649948313599,0.2795654767601895,0
942,main,Oracle prospective estimator,0.6522459544683507,0.5443015773956856,-0.10794437707266502,0.10861326205426926,0.3314195837693179,0.7571835710220534,1
943,main,Structured EHR estimator,0.6326331734160138,1.4115872020936093,0.7789540286775956,0.13401609487267374,1.1489156561431688,1.6742587480440498,0
943,main,Naive AI estimator,0.6326331734160138,0.1327295388440634,-0.49990363457195036,0.0937270773665548,-0.05097553279438399,0.3164346104825108,0
943,main,ISE causal estimator,0.6326331734160138,0.7329873246971571,0.10035415128114333,0.10675833927587323,0.5237409797164456,0.9422336696778686,1
943,main,Design erasure estimator,0.6326331734160138,1.0698783268424545,0.43724515342644077,0.11886205524887164,0.8369086985546661,1.302847955130243,0
943,main,Post index leakage estimator,0.6326331734160138,0.11760621743784351,-0.5150269559781703,0.09684135440318407,-0.07220283719239727,0.3074152720680843,0
943,main,Oracle prospective estimator,0.6326331734160138,0.7291345607855266,0.09650138736951286,0.1055659443790585,0.522225309802572,0.9360438117684813,1
944,main,Structured EHR estimator,0.6428787011502182,1.1881515647931837,0.5452728636429656,0.12849978405084903,0.9362919880535197,1.4400111415328478,0
944,main,Naive AI estimator,0.6428787011502182,0.10197993648839909,-0.5408987646618191,0.0861266627906405,-0.06682832258125629,0.27078819555805445,0
944,main,ISE causal estimator,0.6428787011502182,0.5242709682316298,-0.1186077329185884,0.09785929091318397,0.33246675804178916,0.7160751784214704,1
944,main,Design erasure estimator,0.6428787011502182,0.896229446810382,0.2533507456601638,0.11834394170999286,0.6642753210587959,1.128183572561968,0
944,main,Post index leakage estimator,0.6428787011502182,0.15073615111681068,-0.49214255003340746,0.09302060748994703,-0.031584239563485494,0.33305654179710686,0
944,main,Oracle prospective estimator,0.6428787011502182,0.5232219607618517,-0.11965674038836649,0.09782961416672263,0.33147591699507534,0.714968004528628,1
945,main,Structured EHR estimator,0.6246185990674418,1.273719461474244,0.6491008624068022,0.13367904655332427,1.0117085302297284,1.5357303927187596,0
945,main,Naive AI estimator,0.6246185990674418,0.053235611554203054,-0.5713829875132387,0.09503137313285961,-0.13302587978620178,0.2394971028946079,0
945,main,ISE causal estimator,0.6246185990674418,0.5792885687240443,-0.04533003034339744,0.10599799266669645,0.37153250309731933,0.7870446343507693,1
945,main,Design erasure estimator,0.6246185990674418,1.0743634099108441,0.44974481084340234,0.12117647082699573,0.8368575270899326,1.3118692927317557,0
945,main,Post index leakage estimator,0.6246185990674418,0.05335831636934693,-0.5712602826980948,0.09952584979306556,-0.14171234922506157,0.24842898196375543,0
945,main,Oracle prospective estimator,0.6246185990674418,0.5770999146602986,-0.04751868440714313,0.10482972794752882,0.3716336478831421,0.7825661814374552,1
946,main,Structured EHR estimator,0.6186016448440708,1.1977664920757995,0.5791648472317288,0.14781542538983755,0.908048258311718,1.4874847258398811,0
946,main,Naive AI estimator,0.6186016448440708,-0.06142211571331992,-0.6800237605573907,0.09334112794448853,-0.24437072648451744,0.12152649505787758,0
946,main,ISE causal estimator,0.6186016448440708,0.49727616361930815,-0.12132548122476261,0.11009698005015923,0.28148608272099607,0.7130662445176202,1
946,main,Design erasure estimator,0.6186016448440708,0.9533085971359996,0.3347069522919288,0.12380856158786593,0.7106438164237824,1.195973377848217,0
946,main,Post index leakage estimator,0.6186016448440708,-0.033734019633077005,-0.6523356644771477,0.1007345206802115,-0.23117368016629156,0.16370564090013753,0
946,main,Oracle prospective estimator,0.6186016448440708,0.48357924487448006,-0.1350223999695907,0.11036706290934388,0.26725980157216606,0.6998986881767941,1
947,main,Structured EHR estimator,0.6372876037607652,1.2519619253559002,0.614674321595135,0.12753979532701296,1.0019839265149548,1.5019399241968456,0
947,main,Naive AI estimator,0.6372876037607652,0.10212277138375771,-0.5351648323770075,0.08194733866270976,-0.05849401239515341,0.26273955516266884,0
947,main,ISE causal estimator,0.6372876037607652,0.5761165964187922,-0.061171007341973005,0.09875653606343375,0.3825537857344621,0.7696794071031223,1
947,main,Design erasure estimator,0.6372876037607652,0.8891178210697301,0.25183021730896493,0.11738469957985623,0.6590438098932119,1.1191918322462484,0
947,main,Post index leakage estimator,0.6372876037607652,0.12666473539217898,-0.5106228683685863,0.09070486016967456,-0.05111679054038315,0.3044462613247411,0
947,main,Oracle prospective estimator,0.6372876037607652,0.5562604107349419,-0.08102719302582329,0.09830268722877367,0.36358714376654555,0.7489336777033383,1
948,main,Structured EHR estimator,0.6523940263971557,1.4149349416090498,0.762540915211894,0.1419698100518906,1.1366741139073442,1.6931957693107553,0
948,main,Naive AI estimator,0.6523940263971557,0.24220549046333714,-0.41018853593381854,0.10295716706205976,0.04040944302170002,0.44400153790497426,0
948,main,ISE causal estimator,0.6523940263971557,0.7189028289817601,0.06650880258460434,0.11554049227262567,0.49244346412741374,0.9453621938361063,1
948,main,Design erasure estimator,0.6523940263971557,1.20282358949943,0.5504295631022742,0.12880194007443577,0.9503717869535357,1.455275392045324,0
948,main,Post index leakage estimator,0.6523940263971557,0.2883389613556523,-0.3640550650415034,0.10739419077589941,0.07784634743488944,0.49883157527641514,0
948,main,Oracle prospective estimator,0.6523940263971557,0.7027242977319679,0.05033027133481216,0.11395377224007831,0.47937490414141437,0.9260736913225214,1
949,main,Structured EHR estimator,0.6512433399735101,1.4205316735326061,0.769288333559096,0.13474285660311322,1.1564356745905042,1.684627672474708,0
949,main,Naive AI estimator,0.6512433399735101,0.2216979770693723,-0.4295453629041378,0.08274418609332945,0.05951937232644658,0.383876581812298,0
949,main,ISE causal estimator,0.6512433399735101,0.6640159195479676,0.012772579574457432,0.10297349490749215,0.4621878695292829,0.8658439695666522,1
949,main,Design erasure estimator,0.6512433399735101,0.9145422880427071,0.26329894806919696,0.10579662607752899,0.7071809009307503,1.1219036751546638,0
949,main,Post index leakage estimator,0.6512433399735101,0.24753995654322578,-0.40370338343028433,0.087864778457979,0.07532499076558694,0.41975492232086464,0
949,main,Oracle prospective estimator,0.6512433399735101,0.6361147820526268,-0.015128557920883301,0.10366650685825259,0.4329284286104518,0.8393011354948019,1
950,main,Structured EHR estimator,0.6398620813982763,1.3966725242341396,0.7568104428358633,0.1385293739554145,1.125154951281527,1.668190097186752,0
950,main,Naive AI estimator,0.6398620813982763,0.04839308130819591,-0.5914690000900804,0.08778139883033977,-0.12365846039927003,0.22044462301566187,0
950,main,ISE causal estimator,0.6398620813982763,0.5744520027734299,-0.06541007862484638,0.10931320789095553,0.36019811530715706,0.7887058902397027,1
950,main,Design erasure estimator,0.6398620813982763,0.8481233545520931,0.20826127315381682,0.11654000765510342,0.6197049395480904,1.0765417695560957,1
950,main,Post index leakage estimator,0.6398620813982763,0.09935582890091728,-0.540506252497359,0.09628561397918856,-0.0893639744982923,0.28807563230012684,0
950,main,Oracle prospective estimator,0.6398620813982763,0.5710832451635239,-0.06877883623475234,0.10720987453809619,0.3609518910688554,0.7812145992581925,1
951,main,Structured EHR estimator,0.6347144234706148,1.5186336716394073,0.8839192481687925,0.1473532214562254,1.2298213575852055,1.8074459856936091,0
951,main,Naive AI estimator,0.6347144234706148,0.3532244865889286,-0.2814899368816862,0.09267953506625044,0.17157259785907772,0.5348763753187794,0
951,main,ISE causal estimator,0.6347144234706148,0.6960361464934548,0.06132172302284,0.11725940372011692,0.46620771520202564,0.925864577784884,1
951,main,Design erasure estimator,0.6347144234706148,1.1178757073811532,0.48316128391053836,0.13222307453886312,0.8587184812849815,1.3770329334773248,0
951,main,Post index leakage estimator,0.6347144234706148,0.42971079181654487,-0.20500363165406993,0.0974026129933822,0.23880167034951577,0.6206199132835739,0
951,main,Oracle prospective estimator,0.6347144234706148,0.6851389129053682,0.05042448943475342,0.11735485445685839,0.45512339816992575,0.9151544276408107,1
952,main,Structured EHR estimator,0.6559419780757597,1.504358079501752,0.8484161014259922,0.14365689793638967,1.2227905595464281,1.7859255994570757,0
952,main,Naive AI estimator,0.6559419780757597,0.1822669898189566,-0.4736749882568031,0.09065028000406944,0.004592441010980497,0.3599415386269327,0
952,main,ISE causal estimator,0.6559419780757597,0.7334472150984914,0.07750523702273171,0.11624433772968179,0.5056083131483151,0.9612861170486677,1
952,main,Design erasure estimator,0.6559419780757597,0.9908147506392436,0.3348727725634839,0.12912820407030157,0.7377234706614526,1.2439060306170346,0
952,main,Post index leakage estimator,0.6559419780757597,0.18161464757553386,-0.47432733050022585,0.09531256684106947,-0.005197983432962294,0.36842727858403,0
952,main,Oracle prospective estimator,0.6559419780757597,0.7289689789895084,0.0730270009137487,0.11588432130446019,0.5018357092327664,0.9561022487462504,1
953,main,Structured EHR estimator,0.6669164418710899,1.548909827815593,0.8819933859445032,0.1427955456448948,1.2690305583515993,1.8287890972795868,0
953,main,Naive AI estimator,0.6669164418710899,0.2835497733331391,-0.3833666685379508,0.10148638533231366,0.08463645808180431,0.48246308858447384,0
953,main,ISE causal estimator,0.6669164418710899,0.8164318500975805,0.14951540822649056,0.11818557580961181,0.5847881215107413,1.0480755786844196,1
953,main,Design erasure estimator,0.6669164418710899,1.0793276547125648,0.41241121284147486,0.13578728808852505,0.8131845700590556,1.3454707393660739,0
953,main,Post index leakage estimator,0.6669164418710899,0.3137352395478553,-0.3531812023232346,0.11042594437478917,0.09730038857326856,0.530170090522442,0
953,main,Oracle prospective estimator,0.6669164418710899,0.7846001609579968,0.11768371908690689,0.11912900615419598,0.5511073088957726,1.0180930130202208,1
954,main,Structured EHR estimator,0.629098415640518,1.4535662317050468,0.8244678160645288,0.13935631078827546,1.1804278625600269,1.7267046008500668,0
954,main,Naive AI estimator,0.629098415640518,0.13247836711208927,-0.4966200485284288,0.10051061057106352,-0.06452242960719523,0.32947916383137377,0
954,main,ISE causal estimator,0.629098415640518,0.5558941842847857,-0.0732042313557324,0.11447003389682817,0.33153291784700245,0.7802554507225689,1
954,main,Design erasure estimator,0.629098415640518,1.0838711684817877,0.4547727528412696,0.12984927802577756,0.8293665835512636,1.3383757534123117,0
954,main,Post index leakage estimator,0.629098415640518,0.17025631679763048,-0.45884209884288757,0.1040051478330939,-0.03359377295523358,0.37410640655049454,0
954,main,Oracle prospective estimator,0.629098415640518,0.5267603650539538,-0.1023380505865642,0.11290629302096636,0.30546403073285977,0.7480566993750479,1
955,main,Structured EHR estimator,0.6204175257395846,1.3793744780827335,0.7589569523431489,0.1419749041197282,1.1011036660080662,1.6576452901574008,0
955,main,Naive AI estimator,0.6204175257395846,0.1054858110375008,-0.5149317147020839,0.0840649150841808,-0.05928142252749356,0.27025304460249516,0
955,main,ISE causal estimator,0.6204175257395846,0.6134672434444526,-0.00695028229513206,0.10668710629099594,0.40436051511410054,0.8225739717748046,1
955,main,Design erasure estimator,0.6204175257395846,0.9046267809941333,0.28420925525454865,0.12076387468899297,0.667929586603707,1.1413239753845594,0
955,main,Post index leakage estimator,0.6204175257395846,0.13860426986883462,-0.48181325587075,0.09226200831998042,-0.042229266438327,0.31943780617599626,0
955,main,Oracle prospective estimator,0.6204175257395846,0.5915222558105898,-0.028895269928994827,0.10472143191116048,0.38626824926471526,0.7967762623564644,1
956,main,Structured EHR estimator,0.6336980961319176,1.4123126070985998,0.7786145109666822,0.15461486584039213,1.1092674700514313,1.7153577441457684,0
956,main,Naive AI estimator,0.6336980961319176,0.15744902020278018,-0.47624907592913746,0.10152211202656095,-0.04153431936927926,0.3564323597748396,0
956,main,ISE causal estimator,0.6336980961319176,0.8010695882981214,0.16737149216620373,0.12326740625598759,0.5594654720363856,1.042673704559857,1
956,main,Design erasure estimator,0.6336980961319176,1.1402181492319028,0.5065200530999852,0.14342320777824089,0.8591086619865507,1.421327636477255,0
956,main,Post index leakage estimator,0.6336980961319176,0.15251232434760945,-0.4811857717843082,0.10743529109736322,-0.058060846203222466,0.36308549489844133,0
956,main,Oracle prospective estimator,0.6336980961319176,0.7722620994472292,0.1385640033153116,0.12271001307505029,0.5317504738201306,1.0127737250743278,1
957,main,Structured EHR estimator,0.6293909004167824,1.3752841885797704,0.745893288162988,0.13768488894766417,1.1054218062423486,1.6451465709171922,0
957,main,Naive AI estimator,0.6293909004167824,-0.025353890118883605,-0.6547447905356659,0.10963225743652662,-0.24023311469447578,0.18952533445670855,0
957,main,ISE causal estimator,0.6293909004167824,0.4966902604035057,-0.13270064001327664,0.11351970575616756,0.2741916371214173,0.7191888836855942,1
957,main,Design erasure estimator,0.6293909004167824,0.9383885273010615,0.3089976268842791,0.12680283976657555,0.6898549613585734,1.1869220932435496,0
957,main,Post index leakage estimator,0.6293909004167824,0.03821543927051164,-0.5911754611462707,0.11620823780286794,-0.18955270682310954,0.2659835853641328,0
957,main,Oracle prospective estimator,0.6293909004167824,0.47346256800696435,-0.15592833240981802,0.11280900502469758,0.2523569181585571,0.6945682178553716,1
958,main,Structured EHR estimator,0.6361556122275936,1.4089633191533315,0.7728077069257379,0.1349788689424088,1.1444047360262104,1.6735219022804526,0
958,main,Naive AI estimator,0.6361556122275936,0.07655684039648882,-0.5595987718311048,0.09094663934045487,-0.10169857271080272,0.25481225350378034,0
958,main,ISE causal estimator,0.6361556122275936,0.5652805175295713,-0.07087509469802233,0.10943827114905326,0.3507815060774269,0.7797795289817158,1
958,main,Design erasure estimator,0.6361556122275936,1.0132341089919752,0.37707849676438154,0.123324183938322,0.7715187084728641,1.2549495095110863,0
958,main,Post index leakage estimator,0.6361556122275936,0.14347967239872061,-0.49267593982887303,0.09774187819344013,-0.048094408860422044,0.3350537536578633,0
958,main,Oracle prospective estimator,0.6361556122275936,0.5520134581769788,-0.08414215405061487,0.10823096106310968,0.3398807744932838,0.7641461418606738,1
959,main,Structured EHR estimator,0.6527921069760232,1.5605383758298625,0.9077462688538394,0.13757769532991942,1.2908860929832204,1.8301906586765047,0
959,main,Naive AI estimator,0.6527921069760232,0.34060581104540877,-0.3121862959306144,0.10494002427624505,0.13492336346396847,0.546288258626849,0
959,main,ISE causal estimator,0.6527921069760232,0.9149924138853383,0.26220030690931506,0.11302177156294486,0.6934697416219663,1.13651508614871,0
959,main,Design erasure estimator,0.6527921069760232,1.2576866153223842,0.604894508346361,0.12041607857558491,1.0216711013142379,1.4937021293305306,0
959,main,Post index leakage estimator,0.6527921069760232,0.33665500117708025,-0.31613710579894294,0.1109761932533697,0.11914166240047563,0.5541683399536849,0
959,main,Oracle prospective estimator,0.6527921069760232,0.8920492726852569,0.23925716570923372,0.11208523254386618,0.6723622168992792,1.1117363284712347,0
960,main,Structured EHR estimator,0.6361944115107951,1.2173139035533842,0.5811194920425891,0.14056273648159773,0.9418109400494526,1.4928168670573156,0
960,main,Naive AI estimator,0.6361944115107951,0.06599410589456056,-0.5702003056162346,0.08944379082488031,-0.10931572412220486,0.24130393591132598,0
960,main,ISE causal estimator,0.6361944115107951,0.6183605185401478,-0.017833892970647303,0.12113991275226597,0.3809262895457065,0.8557947475345892,1
960,main,Design erasure estimator,0.6361944115107951,1.0175062807574582,0.38131186924666305,0.12859273675639055,0.7654645167149328,1.2695480447999836,0
960,main,Post index leakage estimator,0.6361944115107951,0.09319279706102966,-0.5430016144497655,0.09963013686359609,-0.10208227119161868,0.288467865313678,0
960,main,Oracle prospective estimator,0.6361944115107951,0.6014837926219022,-0.03471061888889293,0.11955191982133417,0.36716202977208723,0.8358055554717172,1
961,main,Structured EHR estimator,0.646664798806861,1.5958202779498072,0.9491554791429462,0.14327271701314764,1.3150057526040377,1.8766348032955766,0
961,main,Naive AI estimator,0.646664798806861,0.32721902429779126,-0.31944577450906975,0.09963778046455997,0.13192897458725372,0.5225090740083288,0
961,main,ISE causal estimator,0.646664798806861,0.858545974512241,0.21188117570538,0.12305477417028281,0.6173586171384867,1.0997333318859952,1
961,main,Design erasure estimator,0.646664798806861,1.1877958995607607,0.5411311007538997,0.1355939588544053,0.9220317402061263,1.4535600589153952,0
961,main,Post index leakage estimator,0.646664798806861,0.336014223931172,-0.31065057487568903,0.10391615305568062,0.13233856394203797,0.5396898839203059,0
961,main,Oracle prospective estimator,0.646664798806861,0.8572898920780733,0.21062509327121226,0.12078433032733045,0.6205526046365055,1.094027179519641,1
962,main,Structured EHR estimator,0.6407376919404107,1.398552608055956,0.7578149161155453,0.15166849809570282,1.1012823517883785,1.6958228643235336,0
962,main,Naive AI estimator,0.6407376919404107,-0.014468960151094367,-0.6552066520915051,0.09468621683400508,-0.20005394514574432,0.1711160248435556,0
962,main,ISE causal estimator,0.6407376919404107,0.5689227380825937,-0.071814953857817,0.1123565553536386,0.3487038895894621,0.7891415865757254,1
962,main,Design erasure estimator,0.6407376919404107,0.8589864106952478,0.2182487187548371,0.12700602676483674,0.6100545982361678,1.1079182231543279,1
962,main,Post index leakage estimator,0.6407376919404107,0.006638848314378319,-0.6340988436260324,0.09878795169496249,-0.18698553700774814,0.2002632336365048,0
962,main,Oracle prospective estimator,0.6407376919404107,0.5487701369520505,-0.09196755498836029,0.11232357534142062,0.32861592928286604,0.7689243446212348,1
963,main,Structured EHR estimator,0.6237837891593943,1.5435648100494965,0.9197810208901023,0.14869501556025283,1.252122579551401,1.835007040547592,0
963,main,Naive AI estimator,0.6237837891593943,-0.01069798161005412,-0.6344817707694483,0.09556295440397909,-0.19800137224185313,0.1766054090217449,0
963,main,ISE causal estimator,0.6237837891593943,0.5987114310596817,-0.025072358099712533,0.11349673121011082,0.3762578378878645,0.821165024231499,1
963,main,Design erasure estimator,0.6237837891593943,1.0708486586421526,0.44706486948275836,0.1338709975345589,0.8084615034744171,1.333235813809888,0
963,main,Post index leakage estimator,0.6237837891593943,0.020955771002777745,-0.6028280181566165,0.10222865308691025,-0.17941238904756635,0.22132393105312181,0
963,main,Oracle prospective estimator,0.6237837891593943,0.6063187743117091,-0.017465014847685145,0.11425377878964095,0.3823813678840129,0.8302561807394053,1
964,main,Structured EHR estimator,0.6507514205533398,1.0052809778923637,0.3545295573390239,0.13400024042976943,0.7426405066500157,1.2679214491347117,0
964,main,Naive AI estimator,0.6507514205533398,0.02118659283673181,-0.6295648277166079,0.08064293807802055,-0.13687356579618848,0.17924675146965208,0
964,main,ISE causal estimator,0.6507514205533398,0.4819985030243372,-0.16875291752900257,0.10229790098851695,0.281494617086844,0.6825023889618305,1
964,main,Design erasure estimator,0.6507514205533398,0.8308626745509382,0.18011125399759842,0.11927292060971231,0.5970877501559021,1.0646375989459744,1
964,main,Post index leakage estimator,0.6507514205533398,0.026953676864731463,-0.6237977436886083,0.0842917552610516,-0.13825816344692968,0.1921655171763926,0
964,main,Oracle prospective estimator,0.6507514205533398,0.4811832965954584,-0.1695681239578814,0.10086823720156875,0.28348155168038364,0.6788850415105332,1
965,main,Structured EHR estimator,0.6394354665072384,1.4400620166894893,0.8006265501822509,0.14598022347760417,1.153940778673385,1.7261832547055935,0
965,main,Naive AI estimator,0.6394354665072384,0.1742997562041734,-0.465135710303065,0.10618832821918875,-0.03382936710543655,0.38242887951378335,0
965,main,ISE causal estimator,0.6394354665072384,0.7032270147327511,0.0637915482255127,0.12264443037660903,0.4628439311945973,0.9436100982709048,1
965,main,Design erasure estimator,0.6394354665072384,1.0639764834054615,0.4245410168982231,0.14292354030968155,0.7838463443984857,1.3441066224124372,0
965,main,Post index leakage estimator,0.6394354665072384,0.21242966326988283,-0.42700580323735554,0.10897724824756885,-0.0011657432953521285,0.4260250698351178,0
965,main,Oracle prospective estimator,0.6394354665072384,0.6868250243492415,0.04738955784200316,0.12278609884566492,0.44616427061173825,0.9274857780867448,1
966,main,Structured EHR estimator,0.6545228751565757,1.392359132442816,0.7378362572862402,0.15737791853046512,1.0838984121231043,1.7008198527625276,0
966,main,Naive AI estimator,0.6545228751565757,-0.021644874218416977,-0.6761677493749927,0.10345910144651625,-0.22442471305358883,0.18113496461675485,0
966,main,ISE causal estimator,0.6545228751565757,0.5447893867998325,-0.10973348835674324,0.11496370864391821,0.31946051785775276,0.7701182557419122,1
966,main,Design erasure estimator,0.6545228751565757,0.9766353092631377,0.322112434106562,0.1250236547696398,0.7315889459146436,1.2216816726116317,0
966,main,Post index leakage estimator,0.6545228751565757,0.004506281541887402,-0.6500165936146883,0.10783328802393757,-0.20684696298503025,0.21585952606880504,0
966,main,Oracle prospective estimator,0.6545228751565757,0.5626413649430523,-0.09188151021352342,0.11282900858640404,0.34149650811370036,0.7837862217724042,1
967,main,Structured EHR estimator,0.6266033943469128,1.4159334738881597,0.7893300795412469,0.1286496957722981,1.1637800701744554,1.668086877601864,0
967,main,Naive AI estimator,0.6266033943469128,0.11011586769407536,-0.5164875266528375,0.08818884690410153,-0.06273427223796363,0.28296600762611435,0
967,main,ISE causal estimator,0.6266033943469128,0.5921996501765296,-0.034403744170383166,0.11134492581027262,0.3739635955883953,0.810435704764664,1
967,main,Design erasure estimator,0.6266033943469128,1.0739423238206425,0.44733892947372966,0.1314676562405992,0.8162657175890681,1.3316189300522168,0
967,main,Post index leakage estimator,0.6266033943469128,0.19807192501310716,-0.42853146933380565,0.09272829693844226,0.016324463013760337,0.379819387012454,0
967,main,Oracle prospective estimator,0.6266033943469128,0.5772836474316182,-0.049319746915294616,0.10896815379597719,0.3637060659915029,0.7908612288717335,1
968,main,Structured EHR estimator,0.6333089202147375,1.4786289257247074,0.8453200055099699,0.12853621798369488,1.2266979384766654,1.7305599129727494,0
968,main,Naive AI estimator,0.6333089202147375,0.2858179073901212,-0.3474910128246163,0.08410248935984756,0.12097702824481998,0.4506587865354224,0
968,main,ISE causal estimator,0.6333089202147375,0.8963046335228806,0.2629957133081431,0.10551956539143119,0.6894862853556755,1.1031229816900856,0
968,main,Design erasure estimator,0.6333089202147375,1.1680667011323413,0.5347577809176038,0.1219182617178959,0.9291069081652654,1.4070264940994173,0
968,main,Post index leakage estimator,0.6333089202147375,0.2584094645654474,-0.3748994556492901,0.08883860227322427,0.08428580410992784,0.43253312502096697,0
968,main,Oracle prospective estimator,0.6333089202147375,0.8818376423143444,0.24852872209960686,0.10372747753633862,0.6785317863431206,1.085143498285568,0
969,main,Structured EHR estimator,0.642839936903222,1.470800509820302,0.82796057291708,0.1311068910425511,1.213831003376902,1.7277700162637022,0
969,main,Naive AI estimator,0.642839936903222,0.1677370800905232,-0.4751028568126988,0.08783928286411387,-0.004427914323139964,0.3399020745041864,0
969,main,ISE causal estimator,0.642839936903222,0.6777504460046625,0.034910509101440446,0.10862562801276636,0.46484421509964047,0.8906566769096845,1
969,main,Design erasure estimator,0.642839936903222,0.9857069660428558,0.34286702913963374,0.11796505925171062,0.754495449909503,1.2169184821762087,0
969,main,Post index leakage estimator,0.642839936903222,0.18754606649532787,-0.45529387040789415,0.09751525597621935,-0.003583835218062048,0.3786759682087178,0
969,main,Oracle prospective estimator,0.642839936903222,0.649468028526608,0.006628091623385957,0.10932076320215725,0.4351993326503798,0.8637367244028362,1
970,main,Structured EHR estimator,0.6405573289012193,1.15342509271536,0.5128677638141407,0.14409320544462106,0.8710024100439027,1.4358477753868173,0
970,main,Naive AI estimator,0.6405573289012193,-0.055826558933062695,-0.696383887834282,0.09474578855947005,-0.24152830450962398,0.12987518664349862,0
970,main,ISE causal estimator,0.6405573289012193,0.4876143389486213,-0.15294298995259803,0.11829854912307883,0.2557491826673868,0.7194794952298558,1
970,main,Design erasure estimator,0.6405573289012193,0.7995589513699287,0.1590016224687094,0.13435330824995598,0.536226467200015,1.0628914355398424,1
970,main,Post index leakage estimator,0.6405573289012193,-0.005786355723141021,-0.6463436846243603,0.10091259000076275,-0.20357503212463599,0.19200232067835396,0
970,main,Oracle prospective estimator,0.6405573289012193,0.48272349933068626,-0.15783382957053305,0.11771608471423328,0.25199997329078905,0.7134470253705835,1
971,main,Structured EHR estimator,0.6395588596389856,1.378018616157835,0.7384597565188493,0.12554061419461543,1.1319590123363887,1.6240782199792811,0
971,main,Naive AI estimator,0.6395588596389856,0.21351443347133925,-0.4260444261676464,0.0926498041091018,0.03192081741749972,0.39510804952517875,0
971,main,ISE causal estimator,0.6395588596389856,0.7595130993967014,0.1199542397577158,0.09592556262075803,0.5714989966600157,0.9475272021333871,1
971,main,Design erasure estimator,0.6395588596389856,1.192745786732359,0.5531869270933734,0.11731886161949394,0.9628008179581509,1.422690755506567,0
971,main,Post index leakage estimator,0.6395588596389856,0.17290666655673465,-0.466652193082251,0.10140679235952507,-0.0258506464679345,0.3716639795814038,0
971,main,Oracle prospective estimator,0.6395588596389856,0.752182349383044,0.11262348974405834,0.09474199996024041,0.5664880294609728,0.9378766693051152,1
972,main,Structured EHR estimator,0.6484130950933382,1.6037843962285947,0.9553713011352565,0.1489899157382417,1.311764161381641,1.8958046310755483,0
972,main,Naive AI estimator,0.6484130950933382,0.15628654797155506,-0.49212654712178316,0.09421038488593407,-0.02836580640487571,0.34093890234798585,0
972,main,ISE causal estimator,0.6484130950933382,0.758309697943276,0.10989660284993774,0.11677773708693578,0.5294253332528818,0.9871940626336702,1
972,main,Design erasure estimator,0.6484130950933382,1.297624890758205,0.6492117956648669,0.13541250606474947,1.0322163788712961,1.563033402645114,0
972,main,Post index leakage estimator,0.6484130950933382,0.21249452115499867,-0.43591857393833955,0.10004698992674599,0.016402420898576547,0.40858662141142077,0
972,main,Oracle prospective estimator,0.6484130950933382,0.7543732342629094,0.10596013916957114,0.11662550008263033,0.525787254100954,0.9829592144248648,1
973,main,Structured EHR estimator,0.6520118579986824,1.4335056567490194,0.781493798750337,0.15876334597587813,1.1223294986362982,1.7446818148617407,0
973,main,Naive AI estimator,0.6520118579986824,0.1279646942456864,-0.524047163752996,0.09930684217105555,-0.06667671640958248,0.3226061049009553,0
973,main,ISE causal estimator,0.6520118579986824,0.6802645524886233,0.028252694489940833,0.12769106481428025,0.429990065452634,0.9305390395246125,1
973,main,Design erasure estimator,0.6520118579986824,0.9987644722841834,0.34675261428550097,0.1489539525677119,0.706814725251468,1.2907142193168988,0
973,main,Post index leakage estimator,0.6520118579986824,0.1662818855575144,-0.48572997244116806,0.10452977365599632,-0.03859647080823839,0.37116024192326713,0
973,main,Oracle prospective estimator,0.6520118579986824,0.6772972174506392,0.025285359451956757,0.12529454166501988,0.43171991578720026,0.9228745191140781,1
974,main,Structured EHR estimator,0.676292659868652,1.506216293684476,0.8299236338158241,0.136649185692407,1.2383838897273582,1.774048697641594,0
974,main,Naive AI estimator,0.676292659868652,0.204357107087999,-0.4719355527806529,0.09322772084249821,0.02163077423670251,0.3870834399392955,0
974,main,ISE causal estimator,0.676292659868652,0.5916392467382087,-0.08465341313044328,0.11734651266973631,0.36164008190552555,0.8216384115708918,1
974,main,Design erasure estimator,0.676292659868652,0.9423930426396516,0.2661003827709997,0.14311207716240085,0.661893371401346,1.2228927138779573,1
974,main,Post index leakage estimator,0.676292659868652,0.27222599276826387,-0.4040666671003881,0.09545727990069226,0.08512972416290704,0.4593222613736207,0
974,main,Oracle prospective estimator,0.676292659868652,0.5746221548709051,-0.10167050499774688,0.11797968757196661,0.3433819672298505,0.8058623425119597,1
975,main,Structured EHR estimator,0.618286708333928,1.42648125504228,0.8081945467083521,0.13349952765529197,1.1648221808379078,1.6881403292466524,0
975,main,Naive AI estimator,0.618286708333928,0.2155215117486983,-0.4027651965852297,0.08797389419556978,0.04309267912538153,0.38795034437201503,0
975,main,ISE causal estimator,0.618286708333928,0.7318644853766257,0.11357777704269778,0.10958042547138241,0.5170868514527163,0.9466421193005352,1
975,main,Design erasure estimator,0.618286708333928,0.9685293448739558,0.35024263654002785,0.12563998502396584,0.7222749742269827,1.214783715520929,0
975,main,Post index leakage estimator,0.618286708333928,0.25224994986683597,-0.366036758467092,0.09313734596157995,0.06970075178213928,0.4347991479515326,0
975,main,Oracle prospective estimator,0.618286708333928,0.7415219598627101,0.12323525152878212,0.10667920730601986,0.5324307135429112,0.950613206182509,1
976,main,Structured EHR estimator,0.6219298363289077,1.5682036615357635,0.9462738252068558,0.1403268239798327,1.2931630865352914,1.8432442365362356,0
976,main,Naive AI estimator,0.6219298363289077,0.2177283959259176,-0.4042014404029901,0.08395387472827863,0.05317880145849149,0.38227799039334376,0
976,main,ISE causal estimator,0.6219298363289077,0.6848011589301325,0.06287132260122474,0.1064184217611284,0.47622105227832084,0.8933812655819442,1
976,main,Design erasure estimator,0.6219298363289077,1.0540804131486554,0.43215057681974767,0.1214848086673268,0.8159701881606949,1.292190638136616,0
976,main,Post index leakage estimator,0.6219298363289077,0.2771922303693202,-0.3447376059595875,0.08940273384781669,0.10196287202759952,0.45242158871104093,0
976,main,Oracle prospective estimator,0.6219298363289077,0.6790025403103452,0.05707270398143749,0.10621515874800415,0.4708208291642571,0.8871842514564334,1
977,main,Structured EHR estimator,0.6262818045055488,1.2657461034647706,0.6394642989592217,0.13426756283321176,1.0025816803116756,1.5289105266178655,0
977,main,Naive AI estimator,0.6262818045055488,0.07476998512536527,-0.5515118193801836,0.09070781909123453,-0.1030173402934544,0.25255731054418495,0
977,main,ISE causal estimator,0.6262818045055488,0.6395219980516411,0.013240193546092294,0.11348367832723309,0.41709398853026425,0.861950007573018,1
977,main,Design erasure estimator,0.6262818045055488,0.9370186732914348,0.310736868785886,0.12551431158952792,0.6910106225759601,1.1830267240069094,0
977,main,Post index leakage estimator,0.6262818045055488,0.10080430462039612,-0.5254774998851527,0.09690999284314336,-0.08913928135216485,0.2907478905929571,0
977,main,Oracle prospective estimator,0.6262818045055488,0.6299145115936927,0.003632707088143894,0.11340152403303588,0.40764752448894237,0.8521814986984431,1
978,main,Structured EHR estimator,0.6556586239204111,1.3623638822853943,0.7067052583649832,0.13175532244628957,1.1041234502906667,1.6206043142801219,0
978,main,Naive AI estimator,0.6556586239204111,0.0542592378188503,-0.6013993861015607,0.08837362906258356,-0.11895307514381345,0.22747155078151407,0
978,main,ISE causal estimator,0.6556586239204111,0.6536556861562758,-0.002002937764135293,0.10846366882388965,0.44106689526145204,0.8662444770510995,1
978,main,Design erasure estimator,0.6556586239204111,1.0035459809192924,0.3478873569988813,0.12771950450271102,0.7532157520939788,1.253876209744606,0
978,main,Post index leakage estimator,0.6556586239204111,0.06064593126807492,-0.5950126926523361,0.0966437072613468,-0.1287757349641648,0.25006759750031465,0
978,main,Oracle prospective estimator,0.6556586239204111,0.6447744714822345,-0.010884152438176531,0.10848582478138553,0.4321422549107189,0.8574066880537502,1
979,main,Structured EHR estimator,0.6126138892772501,1.1886559663561658,0.5760420770789156,0.13427726793479744,0.9254725212039627,1.4518394115083688,0
979,main,Naive AI estimator,0.6126138892772501,0.13012672322232566,-0.4824871660549245,0.09278547947619768,-0.0517328165510218,0.3119862629956731,0
979,main,ISE causal estimator,0.6126138892772501,0.5793851460089428,-0.03322874326830738,0.10500121426942649,0.3735827660408668,0.7851875259770187,1
979,main,Design erasure estimator,0.6126138892772501,0.9023678391522988,0.28975394987504866,0.11925926426047682,0.6686196812017642,1.1361159971028334,0
979,main,Post index leakage estimator,0.6126138892772501,0.14083992642737783,-0.4717739628498723,0.0968679857633321,-0.049021325668753085,0.3307011785235088,0
979,main,Oracle prospective estimator,0.6126138892772501,0.5710515593899984,-0.041562329887251726,0.10424131343767314,0.36673858505215906,0.7753645337278378,1
980,main,Structured EHR estimator,0.6476024808797471,1.4191682175622153,0.7715657366824682,0.1477520473065594,1.1295742048413588,1.7087622302830718,0
980,main,Naive AI estimator,0.6476024808797471,0.13260483004261384,-0.5149976508371333,0.10459146635687516,-0.07239444401686149,0.3376041041020892,0
980,main,ISE causal estimator,0.6476024808797471,0.5641570705581935,-0.08344541032155361,0.11703030243244918,0.33477767779059314,0.793536463325794,1
980,main,Design erasure estimator,0.6476024808797471,0.9914279565010626,0.3438254756213155,0.13806414675662462,0.7208222288580783,1.262033684144047,0
980,main,Post index leakage estimator,0.6476024808797471,0.2220530236321958,-0.42554945724755133,0.11091428112601763,0.004661032625201261,0.4394450146391904,0
980,main,Oracle prospective estimator,0.6476024808797471,0.5593920927137228,-0.08821038816602433,0.11597793756904644,0.3320753350783918,0.7867088503490538,1
981,main,Structured EHR estimator,0.6420729664767445,1.38763421039061,0.7455612439138656,0.13067080059516503,1.1315194412240865,1.6437489795571336,0
981,main,Naive AI estimator,0.6420729664767445,0.30164605414480755,-0.34042691233193695,0.09280577247356524,0.1197467400966197,0.48354536819299543,0
981,main,ISE causal estimator,0.6420729664767445,0.7776884587546379,0.13561549227789338,0.10685829929180625,0.5682461921426977,0.9871307253665781,1
981,main,Design erasure estimator,0.6420729664767445,1.1246913225005972,0.4826183560238527,0.12343524021446423,0.8827582516802474,1.3666243933209472,0
981,main,Post index leakage estimator,0.6420729664767445,0.2971815845657616,-0.3448913819109829,0.09934345103589219,0.10246842053541291,0.49189474859611027,0
981,main,Oracle prospective estimator,0.6420729664767445,0.7779353832526785,0.13586241677593403,0.10606916281663517,0.5700398241320737,0.9858309423732834,1
982,main,Structured EHR estimator,0.6571975080822147,1.346410256940983,0.6892127488587684,0.14279608704700783,1.0665299263288477,1.6262905875531184,0
982,main,Naive AI estimator,0.6571975080822147,0.16811706666857543,-0.48908044141363927,0.10048602931767886,-0.028835550794075127,0.365069684131226,0
982,main,ISE causal estimator,0.6571975080822147,0.6440969321220181,-0.013100575960196537,0.11737287188580411,0.41404610322584207,0.8741477610181942,1
982,main,Design erasure estimator,0.6571975080822147,1.0680102603035346,0.41081275222131997,0.12956757111055625,0.8140578209268443,1.321962699680225,0
982,main,Post index leakage estimator,0.6571975080822147,0.19283671863633198,-0.46436078944588266,0.10445355293576417,-0.011892245117765793,0.3975656823904298,0
982,main,Oracle prospective estimator,0.6571975080822147,0.6529916133744046,-0.004205894707810076,0.11607521389136659,0.4254841941473261,0.8804990326014831,1
983,main,Structured EHR estimator,0.666389698546084,1.387323357088547,0.720933658542463,0.13465975729657306,1.1233902327872638,1.6512564813898303,0
983,main,Naive AI estimator,0.666389698546084,0.06342551468288768,-0.6029641838631963,0.0864872166153635,-0.10608942988322478,0.23294045924900014,0
983,main,ISE causal estimator,0.666389698546084,0.6912864442012235,0.02489674565513955,0.1039364185388847,0.48757106386500954,0.8950018245374376,1
983,main,Design erasure estimator,0.666389698546084,1.0075771355231073,0.34118743697702336,0.12226840521668837,0.7679310612983982,1.2472232097478166,0
983,main,Post index leakage estimator,0.666389698546084,0.021515287115330985,-0.644874411430753,0.09066590870980172,-0.15618989395588037,0.19922046818654235,0
983,main,Oracle prospective estimator,0.666389698546084,0.6416304759763309,-0.024759222569753048,0.10231693336957032,0.4410892865719731,0.8421716653806888,1
984,main,Structured EHR estimator,0.6267453056046797,1.541767284845172,0.9150219792404923,0.1304088809571335,1.2861658781691903,1.7973686915211537,0
984,main,Naive AI estimator,0.6267453056046797,0.2001426091677351,-0.4266026964369446,0.09591146938815202,0.01215612916695713,0.3881290891685131,0
984,main,ISE causal estimator,0.6267453056046797,0.723113696387498,0.09636839078281834,0.11150152278830884,0.5045707117224127,0.9416566810525833,1
984,main,Design erasure estimator,0.6267453056046797,1.0662440962866915,0.4394987906820118,0.1291856612902092,0.8130402001578815,1.3194479924155016,0
984,main,Post index leakage estimator,0.6267453056046797,0.2750068395924573,-0.35173846601222236,0.10113686075891475,0.07677859250498442,0.4732350866799302,0
984,main,Oracle prospective estimator,0.6267453056046797,0.712566738118999,0.08582143251431928,0.11028627209514012,0.4964056448125243,0.9287278314254737,1
985,main,Structured EHR estimator,0.6373913633672025,1.3760913899536094,0.7387000265864069,0.13653959896019957,1.1084737759916181,1.6437090039156006,0
985,main,Naive AI estimator,0.6373913633672025,0.15200802710434067,-0.4853833362628618,0.08875132057778681,-0.021944561228121495,0.3259606154368028,0
985,main,ISE causal estimator,0.6373913633672025,0.6511941151321448,0.013802751764942278,0.1073105419063756,0.4408654529956486,0.8615227772686409,1
985,main,Design erasure estimator,0.6373913633672025,1.0163172460899395,0.378925882722737,0.12913829051020298,0.7632061966899416,1.2694282954899374,0
985,main,Post index leakage estimator,0.6373913633672025,0.21144734748523833,-0.4259440158819642,0.09365366616150278,0.027886161808692883,0.39500853316178375,0
985,main,Oracle prospective estimator,0.6373913633672025,0.6349413295698473,-0.0024500337973552,0.10854856995510931,0.42218613245783304,0.8476965266818615,1
986,main,Structured EHR estimator,0.6068710271009996,1.2110722146112463,0.6042011875102467,0.14678692630333728,0.9233698390567051,1.4987745901657874,0
986,main,Naive AI estimator,0.6068710271009996,0.046758838171943616,-0.560112188929056,0.09893103318244234,-0.14714598686564337,0.24066366320953061,0
986,main,ISE causal estimator,0.6068710271009996,0.619531431783193,0.012660404682193427,0.12302397396162007,0.3784044428184177,0.8606584207479684,1
986,main,Design erasure estimator,0.6068710271009996,0.8749394665746526,0.268068439473653,0.13922093664165397,0.6020664307570108,1.1478125023922945,1
986,main,Post index leakage estimator,0.6068710271009996,0.07281818383056093,-0.5340528432704387,0.10204018177041753,-0.1271805724394574,0.2728169401005793,0
986,main,Oracle prospective estimator,0.6068710271009996,0.5751064472402774,-0.03176457986072223,0.12382808685101564,0.3324033970122867,0.817809497468268,1
987,main,Structured EHR estimator,0.6255658471863648,1.357621086965086,0.7320552397787212,0.14811578387688834,1.0673141505663848,1.6479280233637872,0
987,main,Naive AI estimator,0.6255658471863648,0.10689576475990117,-0.5186700824264636,0.08966203345343973,-0.06884182080884069,0.282633350328643,0
987,main,ISE causal estimator,0.6255658471863648,0.5303186322787502,-0.09524721490761456,0.11193251764593944,0.3109308976927089,0.7497063668647915,1
987,main,Design erasure estimator,0.6255658471863648,0.8386523732882954,0.21308652610193068,0.11961156449363691,0.6042137068807671,1.0730910396958238,1
987,main,Post index leakage estimator,0.6255658471863648,0.1604683192184989,-0.46509752796786585,0.09513580485396284,-0.02599785829526824,0.34693449673226606,0
987,main,Oracle prospective estimator,0.6255658471863648,0.5236397667571837,-0.10192608042918105,0.11027422622739019,0.30750228335149893,0.7397772501628685,1
988,main,Structured EHR estimator,0.6414298812597443,1.5504755435760835,0.9090456623163392,0.13441169867956132,1.2870286141641434,1.8139224729880237,0
988,main,Naive AI estimator,0.6414298812597443,0.2053042374367081,-0.4361256438230362,0.09837075852858823,0.012497550720675155,0.398110924152741,0
988,main,ISE causal estimator,0.6414298812597443,0.7821864786550112,0.1407565973952669,0.11367182770258452,0.5593896963579456,1.0049832609520768,1
988,main,Design erasure estimator,0.6414298812597443,1.1342654437884816,0.4928355625287373,0.12391917868627403,0.8913838535633845,1.3771470340135787,0
988,main,Post index leakage estimator,0.6414298812597443,0.1981658895555464,-0.44326399170419795,0.10432382633778367,-0.006308810066509601,0.40264058917760237,0
988,main,Oracle prospective estimator,0.6414298812597443,0.7807554060954879,0.13932552483574356,0.11280090918439019,0.5596656240940832,1.0018451880968926,1
989,main,Structured EHR estimator,0.6462764697592152,1.2501499277795474,0.6038734580203322,0.15220325781808194,0.9518315424561068,1.548468313102988,0
989,main,Naive AI estimator,0.6462764697592152,0.05060246115808927,-0.5956740086011258,0.10426396126488228,-0.15375490292108,0.2549598252372585,0
989,main,ISE causal estimator,0.6462764697592152,0.48129719131005094,-0.1649792784491642,0.1164799408844447,0.2529965071765393,0.7095978754435626,1
989,main,Design erasure estimator,0.6462764697592152,0.7457538035125993,0.09947733375338419,0.1362911659557399,0.47862311823934917,1.0128844887858495,1
989,main,Post index leakage estimator,0.6462764697592152,0.10908809107992175,-0.5371883786792934,0.11364442831296157,-0.11365498841348291,0.3318311705733264,0
989,main,Oracle prospective estimator,0.6462764697592152,0.4746402681802975,-0.17163620157891768,0.11525414531305049,0.24874214336671852,0.7005383929938764,1
990,main,Structured EHR estimator,0.6407400904472561,1.4986227345434047,0.8578826440961486,0.13416835590659595,1.2356527569664766,1.7615927121203327,0
990,main,Naive AI estimator,0.6407400904472561,0.20621339206348044,-0.43452669838377567,0.08962717882538579,0.030544121565724308,0.3818826625612366,0
990,main,ISE causal estimator,0.6407400904472561,0.7173719630694688,0.07663187262221272,0.10621625549728353,0.509188102294793,0.9255558238441446,1
990,main,Design erasure estimator,0.6407400904472561,1.140085245242945,0.499345154795689,0.12349226745570434,0.8980404010297646,1.3821300894561257,0
990,main,Post index leakage estimator,0.6407400904472561,0.21448663780220098,-0.4262534526450551,0.0954536653987337,0.02739745362068291,0.40157582198371905,0
990,main,Oracle prospective estimator,0.6407400904472561,0.702196665812919,0.06145657536566285,0.10630176496231823,0.4938452064867752,0.9105481251390627,1
991,main,Structured EHR estimator,0.6524811465034673,1.4331878146750419,0.7807066681715745,0.14891735755694246,1.1413097938634347,1.725065835486649,0
991,main,Naive AI estimator,0.6524811465034673,0.042374920256560485,-0.6101062262469068,0.087826705531769,-0.12976542258570675,0.2145152630988277,0
991,main,ISE causal estimator,0.6524811465034673,0.5449473056418582,-0.10753384086160911,0.11547560079493617,0.31861512808378334,0.7712794831999331,1
991,main,Design erasure estimator,0.6524811465034673,1.0258109380506182,0.37332979154715085,0.1211942731046161,0.7882701627655706,1.2633517133356658,0
991,main,Post index leakage estimator,0.6524811465034673,0.10502446217561251,-0.5474566843278548,0.09067988261090339,-0.07270810774175812,0.28275703209298314,0
991,main,Oracle prospective estimator,0.6524811465034673,0.538862013300902,-0.11361913320256534,0.11469263299583135,0.31406445262907257,0.7636595739727314,1
992,main,Structured EHR estimator,0.6441315030295076,1.4088542362571979,0.7647227332276902,0.1411491409447637,1.132201920005461,1.6855065525089348,0
992,main,Naive AI estimator,0.6441315030295076,0.25675877909859596,-0.38737272393091166,0.10013519486859708,0.060493797156145696,0.45302376104104625,0
992,main,ISE causal estimator,0.6441315030295076,0.6969483507084906,0.05281684767898298,0.11444948559267039,0.47262735894685665,0.9212693424701246,1
992,main,Design erasure estimator,0.6441315030295076,1.0681362741030824,0.4240047710735748,0.12200508756750926,0.8290063024707643,1.3072662457354005,0
992,main,Post index leakage estimator,0.6441315030295076,0.2724169266125347,-0.3717145764169729,0.1051620215748536,0.06629936432582165,0.47853448889924777,0
992,main,Oracle prospective estimator,0.6441315030295076,0.6655646027923663,0.021433099762858676,0.11366483875270564,0.44278151883706324,0.8883476867476694,1
993,main,Structured EHR estimator,0.6276252752751856,1.380738655856928,0.7531133805817423,0.1432715731718333,1.0999263724401347,1.661550939273721,0
993,main,Naive AI estimator,0.6276252752751856,0.25557289776745606,-0.37205237750772957,0.09540009388961027,0.06858871374381995,0.4425570817910922,0
993,main,ISE causal estimator,0.6276252752751856,0.7298329762753034,0.10220770100011778,0.1113287411601103,0.5116286436014872,0.9480373089491196,1
993,main,Design erasure estimator,0.6276252752751856,1.022292411350207,0.39466713607502135,0.13016320392945838,0.7671725316484685,1.2774122910519454,0
993,main,Post index leakage estimator,0.6276252752751856,0.2679049002193722,-0.35972037505581345,0.09897039658883346,0.07392292290525862,0.4618868775334858,0
993,main,Oracle prospective estimator,0.6276252752751856,0.7207455990470801,0.0931203237718945,0.10965378717536343,0.5058241761833678,0.9356670219107924,1
994,main,Structured EHR estimator,0.6440563538611118,1.3288071434326083,0.6847507895714965,0.15021306929090483,1.0343895276224349,1.6232247592427818,0
994,main,Naive AI estimator,0.6440563538611118,-0.039172349037676,-0.6832287028987878,0.10522982983975149,-0.2454228155235889,0.16707811744823692,0
994,main,ISE causal estimator,0.6440563538611118,0.4859042547283492,-0.15815209913276262,0.12398639516110463,0.24289092021258413,0.7289175892441142,1
994,main,Design erasure estimator,0.6440563538611118,0.9301042279543171,0.2860478740932053,0.1346966695581608,0.666098755620322,1.1941097002883123,0
994,main,Post index leakage estimator,0.6440563538611118,-0.008559020421733479,-0.6526153742828453,0.11048730160929986,-0.2251141315759612,0.20799609073249423,0
994,main,Oracle prospective estimator,0.6440563538611118,0.4859279181435384,-0.1581284357175734,0.12356575337039855,0.24373904153755727,0.7281167947495195,1
995,main,Structured EHR estimator,0.6337682414448572,1.4247395989444671,0.7909713574996099,0.14450243744916713,1.1415148215440996,1.7079643763448347,0
995,main,Naive AI estimator,0.6337682414448572,0.179157057041265,-0.4546111844035922,0.09884422007312371,-0.014577614302057479,0.3728917283845875,0
995,main,ISE causal estimator,0.6337682414448572,0.7115776541585016,0.07780941271364439,0.11346653783685043,0.48918323999827473,0.9339720683187285,1
995,main,Design erasure estimator,0.6337682414448572,1.0485967548890502,0.414828513444193,0.13203100388100525,0.78981598728228,1.3073775224958206,0
995,main,Post index leakage estimator,0.6337682414448572,0.1666295202657808,-0.4671387211790764,0.10310435348308968,-0.03545501256107497,0.36871405309263655,0
995,main,Oracle prospective estimator,0.6337682414448572,0.685734593492658,0.05196635204780076,0.11312583025700662,0.46400796618892504,0.9074612207963909,1
996,main,Structured EHR estimator,0.6317039546821994,1.2542286588323335,0.6225247041501341,0.13543430994127184,0.9887774113474407,1.5196799063172262,0
996,main,Naive AI estimator,0.6317039546821994,0.11155871649276243,-0.520145238189437,0.08954633110171478,-0.06395209246659854,0.2870695254521234,0
996,main,ISE causal estimator,0.6317039546821994,0.6821891684570353,0.050485213774835835,0.10692343765857176,0.47261923064623457,0.8917591062678359,1
996,main,Design erasure estimator,0.6317039546821994,0.9974688650815018,0.36576491039930237,0.12595250965341145,0.7506019461608153,1.2443357840021882,0
996,main,Post index leakage estimator,0.6317039546821994,0.06894696523499746,-0.562756989447202,0.09294535993374334,-0.11322594023513946,0.2511198707051344,0
996,main,Oracle prospective estimator,0.6317039546821994,0.6742347137045376,0.04253075902233816,0.10658180097263305,0.4653343837981768,0.8831350436108983,1
997,main,Structured EHR estimator,0.6315612793406447,1.3371349586602523,0.7055736793196077,0.13272214115487335,1.0769995619967005,1.5972703553238041,0
997,main,Naive AI estimator,0.6315612793406447,0.062485511572461086,-0.5690757677681836,0.09741997635077583,-0.12845764207505955,0.2534286652199817,0
997,main,ISE causal estimator,0.6315612793406447,0.49009307621935905,-0.1414682031212856,0.11642802873451784,0.2618941398997041,0.718292012539014,1
997,main,Design erasure estimator,0.6315612793406447,0.9137240130196517,0.282162733679007,0.12772797439217756,0.6633771832109836,1.1640708428283197,0
997,main,Post index leakage estimator,0.6315612793406447,0.15375902591475185,-0.4778022534258928,0.10398248989333249,-0.050046654276179825,0.3575647061056835,0
997,main,Oracle prospective estimator,0.6315612793406447,0.4935070303156768,-0.13805424902496788,0.11596898827294251,0.2662078133007094,0.7208062473306441,1
998,main,Structured EHR estimator,0.6628238274894244,1.5082063422365641,0.8453825147471398,0.1341946418669089,1.2451848441774227,1.7712278402957056,0
998,main,Naive AI estimator,0.6628238274894244,0.17981916651731855,-0.4830046609721058,0.09358779679304256,-0.0036129151970448747,0.363251248231682,0
998,main,ISE causal estimator,0.6628238274894244,0.7723242343476142,0.10950040685818985,0.10636045826642755,0.5638577361454162,0.9807907325498122,1
998,main,Design erasure estimator,0.6628238274894244,1.0783370598089335,0.4155132323195091,0.12290880124995963,0.8374358093590126,1.3192383102588543,0
998,main,Post index leakage estimator,0.6628238274894244,0.17651476694752133,-0.48630906054190304,0.09951487505087903,-0.01853438815220157,0.3715639220472442,0
998,main,Oracle prospective estimator,0.6628238274894244,0.7604764453333506,0.0976526178439262,0.10584793252045244,0.5530144975932638,0.9679383930734373,1
999,main,Structured EHR estimator,0.6491942844449778,1.224596100630984,0.5754018161860062,0.142687869782613,0.9449278758570625,1.5042643254049055,0
999,main,Naive AI estimator,0.6491942844449778,0.16500635156295243,-0.48418793288202544,0.09244926564013708,-0.01619420909171626,0.3462069122176211,0
999,main,ISE causal estimator,0.6491942844449778,0.5847892576154021,-0.06440502682957572,0.1192763430737347,0.35100762519088213,0.8185708900399221,1
999,main,Design erasure estimator,0.6491942844449778,0.9177670702371374,0.2685727857921596,0.12578322365910533,0.6712319518652909,1.164302188608984,0
999,main,Post index leakage estimator,0.6491942844449778,0.1997069053235981,-0.4494873791213797,0.09292625199149523,0.017571451420267448,0.3818423592269288,0
999,main,Oracle prospective estimator,0.6491942844449778,0.5715734046400178,-0.07762087980496002,0.1171702125642565,0.3419197880140751,0.8012270212659606,1
1000,main,Structured EHR estimator,0.6367943469719082,1.2593384001139842,0.6225440531420761,0.14571016583980798,0.9737464750679605,1.544930325160008,0
1000,main,Naive AI estimator,0.6367943469719082,-0.042954205385341,-0.6797485523572492,0.08810990234338131,-0.21564961397836838,0.12974120320768637,0
1000,main,ISE causal estimator,0.6367943469719082,0.4621697367753322,-0.174624610196576,0.11143727570224307,0.24375267639893577,0.6805867971517285,1
1000,main,Design erasure estimator,0.6367943469719082,0.871962575307539,0.23516822833563078,0.12613494531745506,0.624738082485327,1.1191870681297509,1
1000,main,Post index leakage estimator,0.6367943469719082,0.0027363641118998707,-0.6340579828600083,0.09224078599180859,-0.17805557643204495,0.1835283046558447,0
1000,main,Oracle prospective estimator,0.6367943469719082,0.4579779532276009,-0.1788163937443073,0.11090010840077306,0.24061374076208566,0.6753421656931161,1
