replication,failureMode,setting,true,estimate,bias,se,ciLow,ciHigh,covered
1,AI extraction error,low extraction error,0.661309193910361,0.8428205589799276,0.18151136506956655,0.10167597514264015,0.6435356477003529,1.0421054702595023,1
2,AI extraction error,low extraction error,0.6449235077731178,0.6682292224757501,0.02330571470263232,0.11810029254381636,0.43675264908987005,0.8997057958616301,1
3,AI extraction error,low extraction error,0.6250107445315652,0.6400062311623235,0.014995486630758226,0.10444359527325106,0.4352967844267514,0.8447156778978955,1
4,AI extraction error,low extraction error,0.6247666994824491,0.5117687115146552,-0.11299798796779392,0.11736019286352113,0.2817427335021538,0.7417946895271565,1
5,AI extraction error,low extraction error,0.6325201456737188,0.5956347181616657,-0.03688542751205315,0.0926177945310916,0.41410384088072616,0.7771655954426052,1
6,AI extraction error,low extraction error,0.6366456020411592,0.644307503355658,0.007661901314498842,0.10909512876132009,0.43048105098347067,0.8581339557278453,1
7,AI extraction error,low extraction error,0.6579090342989166,0.5520308809099792,-0.10587815338893736,0.11636430967294177,0.3239568339510134,0.780104927868945,1
8,AI extraction error,low extraction error,0.6411741827345644,0.6905330977517044,0.04935891501713996,0.10981539588422806,0.4752949218186173,0.9057712736847914,1
9,AI extraction error,low extraction error,0.6522583083336051,0.7254840707746923,0.07322576244108725,0.11838089047705129,0.4934575254396718,0.9575106161097129,1
10,AI extraction error,low extraction error,0.6289622837185779,0.6143823600921464,-0.014579923626431457,0.11753895400004646,0.3840060102520554,0.8447587099322375,1
11,AI extraction error,low extraction error,0.6525030708317444,0.759029530534556,0.1065264597028116,0.11719038139361941,0.529336383003062,0.9887226780660501,1
12,AI extraction error,low extraction error,0.6470500097067413,0.6984950637162759,0.051445054009534585,0.11606237008236858,0.4710128183548335,0.9259773090777184,1
13,AI extraction error,low extraction error,0.6466719238527446,0.7415864076600477,0.09491448380730305,0.11398096347927937,0.5181837192406601,0.9649890960794353,1
14,AI extraction error,low extraction error,0.6564980898436086,0.6272055467462645,-0.02929254309734408,0.12657755788923453,0.37911353328336483,0.8752975602091642,1
15,AI extraction error,low extraction error,0.6430846850112591,0.6088398876595776,-0.03424479735168151,0.10836282852747692,0.3964487437457229,0.8212310315734324,1
16,AI extraction error,low extraction error,0.6590113267624143,0.7943917032968295,0.13538037653441526,0.10791202700211866,0.582884130372677,1.005899276220982,1
17,AI extraction error,low extraction error,0.615442912910923,0.5001677352803009,-0.11527517763062212,0.1039754540827248,0.2963758452781603,0.7039596252824415,1
18,AI extraction error,low extraction error,0.6493584527472532,0.8136901822309747,0.16433172948372143,0.11275414976608608,0.5926920486894459,1.0346883157725033,1
19,AI extraction error,low extraction error,0.6470061196077085,0.7368089550753758,0.08980283546766732,0.10545464803766635,0.5301178449215498,0.9435000652292018,1
20,AI extraction error,low extraction error,0.6482731152557552,0.6649449035270075,0.016671788271252375,0.10878451486547938,0.45172725439066796,0.8781625526633471,1
21,AI extraction error,low extraction error,0.6402401544542297,0.49879626540120836,-0.1414438890530213,0.11765986907304724,0.2681829220180358,0.7294096087843809,1
22,AI extraction error,low extraction error,0.6422612197304663,0.7092911556469014,0.06702993591643502,0.10764031136410873,0.49831614537324825,0.9202661659205544,1
23,AI extraction error,low extraction error,0.6497008008858229,0.7748135383626984,0.12511273747687546,0.10912674171495727,0.5609251246013821,0.9887019521240147,1
24,AI extraction error,low extraction error,0.6422436620163449,0.6543722327706478,0.012128570754302959,0.11520537612945064,0.4285696955569246,0.880174769984371,1
25,AI extraction error,low extraction error,0.6421515132411629,0.5447434113158096,-0.09740810192535332,0.11472224664428186,0.3198878078930172,0.769599014738602,1
26,AI extraction error,low extraction error,0.6201921332777182,0.6407703561809656,0.0205782229032474,0.11733783236039115,0.4107882047545989,0.8707525076073322,1
27,AI extraction error,low extraction error,0.6376690532566743,0.6694045198641274,0.03173546660745308,0.11705187907653877,0.43998283687411144,0.8988262028541434,1
28,AI extraction error,low extraction error,0.6539135208194456,0.583084300673996,-0.07082922014544968,0.11654382078229693,0.35465841194069403,0.8115101894072979,1
29,AI extraction error,low extraction error,0.6488751748355613,0.608260137039243,-0.040615037796318365,0.10436683457088143,0.40370114128031537,0.8128191327981706,1
30,AI extraction error,low extraction error,0.6424585025262457,0.6446096177318025,0.002151115205556775,0.09919514335200622,0.4501871367618703,0.8390320987017347,1
31,AI extraction error,low extraction error,0.64543008620144,0.6710168709417501,0.025586784740310065,0.12390618709796886,0.42816074422973116,0.9138729976537691,1
32,AI extraction error,low extraction error,0.6405032785485741,0.6611152731961617,0.02061199464758756,0.12112801454759294,0.42370436468287953,0.8985261817094439,1
33,AI extraction error,low extraction error,0.6292295093148765,0.8857723859840656,0.25654287666918907,0.11353635420601235,0.6632411317402814,1.1083036402278499,0
34,AI extraction error,low extraction error,0.6232372409438498,0.6456453709206523,0.022408129976802527,0.10963269045196726,0.43076529763479654,0.8605254442065081,1
35,AI extraction error,low extraction error,0.611675647375317,0.5528202654067371,-0.05885538196857987,0.12248884499148886,0.31274212922341893,0.7928984015900553,1
36,AI extraction error,low extraction error,0.6481117671868302,0.5089092540316331,-0.13920251315519705,0.1084012567367202,0.29644279082766156,0.7213757172356047,1
37,AI extraction error,low extraction error,0.6440792642077717,0.5824988902335504,-0.061580373974221336,0.1161258521154983,0.35489222008717375,0.810105560379927,1
38,AI extraction error,low extraction error,0.6170599488709758,0.23623640041767321,-0.3808235484533026,0.11136136096030826,0.017968132935469033,0.4545046678998774,0
39,AI extraction error,low extraction error,0.654252991579659,0.5434268379394337,-0.1108261536402253,0.09445226482943725,0.35830039887373666,0.7285532770051307,1
40,AI extraction error,low extraction error,0.6443572590549715,0.6537459716673661,0.0093887126123946,0.11102850910872995,0.43613009381425544,0.8713618495204769,1
41,AI extraction error,low extraction error,0.6397644105570384,0.5401854973603177,-0.09957891319672063,0.11912421684939,0.30670203233551335,0.7736689623851221,1
42,AI extraction error,low extraction error,0.6420738168985424,0.6706350937711325,0.028561276872590136,0.1134017744638938,0.44836761582190066,0.8929025717203644,1
43,AI extraction error,low extraction error,0.6389217043370006,0.6315981793299552,-0.007323525007045362,0.11446259594429883,0.4072514912791295,0.8559448673807809,1
44,AI extraction error,low extraction error,0.6381503024319515,0.6495714020947527,0.011421099662801248,0.12384164178372098,0.4068417841986596,0.8923010199908459,1
45,AI extraction error,low extraction error,0.6238920953203563,0.8082839595816816,0.18439186426132537,0.11201144729429059,0.588741522884872,1.0278263962784913,1
46,AI extraction error,low extraction error,0.6497261348979395,0.8363068615232175,0.18658072662527803,0.10644736277937884,0.6276700304756351,1.0449436925708,1
47,AI extraction error,low extraction error,0.6399415253414489,0.6727722832212909,0.03283075787984202,0.11372969163090406,0.4498620876247189,0.8956824788178629,1
48,AI extraction error,low extraction error,0.6331606597827915,0.5720659500948969,-0.061094709687894544,0.10545395164115261,0.3653762048782378,0.778755695311556,1
49,AI extraction error,low extraction error,0.6434447490361733,0.6270146689791039,-0.016430080057069474,0.10174457389994632,0.4275953041352091,0.8264340338229986,1
50,AI extraction error,low extraction error,0.6417810064418284,0.6206054295979858,-0.021175576843842636,0.1076385578149111,0.40963385628076004,0.8315770029152116,1
51,AI extraction error,low extraction error,0.6380238795801153,0.4645928859756458,-0.1734309936044695,0.11654026782226314,0.23617396104401006,0.6930118109072816,1
52,AI extraction error,low extraction error,0.6336983430466945,0.7780068689539167,0.1443085259072222,0.1121266480701849,0.5582386387363543,0.9977750991714791,1
53,AI extraction error,low extraction error,0.6778740170771185,0.5641800367230833,-0.11369398035403522,0.10101278702702621,0.36619497415011193,0.7621650992960546,1
54,AI extraction error,low extraction error,0.6473091041757193,0.5871972175954616,-0.06011188658025768,0.11666100025773679,0.3585416570902975,0.8158527781006257,1
55,AI extraction error,low extraction error,0.6339501223765953,0.6730153567291993,0.039065234352604006,0.09976220552219105,0.47748143390570486,0.8685492795526938,1
56,AI extraction error,low extraction error,0.6280952528258061,0.5888666863545047,-0.03922856647130146,0.10819334277906013,0.3768077345075468,0.8009256382014626,1
57,AI extraction error,low extraction error,0.6474409557176067,0.48645226365950933,-0.1609886920580974,0.11495221068163747,0.2611459307234999,0.7117585965955188,1
58,AI extraction error,low extraction error,0.6431317630822605,0.6117488283046247,-0.03138293477763576,0.10881311705384243,0.3984751188790936,0.8250225377301559,1
59,AI extraction error,low extraction error,0.6601886739954722,0.6582895948196068,-0.0018990791758654035,0.11709750154379268,0.42877849179377314,0.8878006978454405,1
60,AI extraction error,low extraction error,0.6492429254359354,0.6148801632687037,-0.034362762167231775,0.12059356507993356,0.3785167757120339,0.8512435508253734,1
61,AI extraction error,low extraction error,0.6214800033463701,0.591232263013699,-0.03024774033267108,0.10837314782542141,0.3788208932758731,0.803643632751525,1
62,AI extraction error,low extraction error,0.6514128413265741,0.4643202922629753,-0.1870925490635988,0.1162773110806359,0.23641676254492894,0.6922238219810216,1
63,AI extraction error,low extraction error,0.6358716318313358,0.5036188764191469,-0.13225275541218884,0.10866177106252083,0.2906418051366061,0.7165959477016878,1
64,AI extraction error,low extraction error,0.6379745908797688,0.6399886111563904,0.0020140202766215642,0.10843495039431025,0.4274561083835423,0.8525211139292385,1
65,AI extraction error,low extraction error,0.6341688217560336,0.4730318467260198,-0.16113697503001384,0.10563477088356708,0.2659876957942283,0.6800759976578112,1
66,AI extraction error,low extraction error,0.6405288549950324,0.7488473177492461,0.10831846275421364,0.11791966027054966,0.5177247836189687,0.9799698518795235,1
67,AI extraction error,low extraction error,0.6427545437245599,0.5613253254426832,-0.08142921828187666,0.10380450639228334,0.35786849291380785,0.7647821579715586,1
68,AI extraction error,low extraction error,0.651360504413724,0.5679586302442519,-0.08340187416947209,0.10924049108155441,0.3538472677244052,0.7820699927640985,1
69,AI extraction error,low extraction error,0.629835632122448,0.512021452634433,-0.11781417948801498,0.10817669198021049,0.29999513635322045,0.7240477689156455,1
70,AI extraction error,low extraction error,0.640770980275193,0.6811936235267628,0.040422643251569856,0.11228793164942727,0.4611092774938854,0.9012779695596402,1
71,AI extraction error,low extraction error,0.6229147534641355,0.6654377277657063,0.042522974301570815,0.10999890839105257,0.4498398673192433,0.8810355882121693,1
72,AI extraction error,low extraction error,0.6424778254322276,0.6486601627298154,0.00618233729758777,0.1147573119435781,0.4237358313204023,0.8735844941392286,1
73,AI extraction error,low extraction error,0.6547778024462749,0.6946848634060312,0.03990706095975627,0.11148885579979097,0.4761667060384409,0.9132030207736215,1
74,AI extraction error,low extraction error,0.64199139688646,0.7060168195674117,0.06402542268095168,0.12263290138831678,0.4656563328463108,0.9463773062885126,1
75,AI extraction error,low extraction error,0.6688727790091806,0.5441730133038429,-0.1246997657053377,0.10620627550864345,0.33600871330690174,0.7523373133007841,1
76,AI extraction error,low extraction error,0.6498096344892609,0.7557125791726775,0.10590294468341666,0.11809043777844519,0.524255321126925,0.9871698372184301,1
77,AI extraction error,low extraction error,0.6543788391668784,0.7136708337690157,0.0592919946021373,0.11124682335419514,0.4956270599947933,0.9317146075432382,1
78,AI extraction error,low extraction error,0.6536302813902864,0.6368024227237918,-0.01682785866649461,0.12373226826373847,0.39428717692686444,0.8793176685207192,1
79,AI extraction error,low extraction error,0.650003673935927,0.7517155318096957,0.1017118578737688,0.10819168285296107,0.539659833417892,0.9637712302014995,1
80,AI extraction error,low extraction error,0.6238380262745069,0.7000942572250377,0.0762562309505308,0.10286909667888346,0.49847082773442614,0.9017176867156493,1
81,AI extraction error,low extraction error,0.6487572802383318,0.7139237216569986,0.06516644141866679,0.1040324091689815,0.5100201996857948,0.9178272436282023,1
82,AI extraction error,low extraction error,0.6384914699023675,0.5794547616886465,-0.05903670821372098,0.10297509378286049,0.37762357787423995,0.7812859455030531,1
83,AI extraction error,low extraction error,0.6386951902038374,0.7767799533957684,0.13808476319193108,0.10542480077741036,0.5701473438720441,0.9834125629194927,1
84,AI extraction error,low extraction error,0.6151084284691577,0.5328922844713898,-0.08221614399776789,0.10702998430999812,0.3231135152237935,0.7426710537189861,1
85,AI extraction error,low extraction error,0.6697953098399259,0.5848193979049559,-0.08497591193497,0.1102231431688408,0.3687820372940279,0.8008567585158838,1
86,AI extraction error,low extraction error,0.6575528674944999,0.6027632694705579,-0.05478959802394201,0.11026573332099297,0.3866424321614117,0.8188841067797041,1
87,AI extraction error,low extraction error,0.6450107261128243,0.6590387102180087,0.014027984105184466,0.10135885380188006,0.4603753567663238,0.8577020636696937,1
88,AI extraction error,low extraction error,0.6406005777484491,0.851250075395361,0.21064949764691188,0.10765940083155691,0.6402376497655095,1.0622625010252125,1
89,AI extraction error,low extraction error,0.6420969822407002,0.5025217195292916,-0.13957526271140863,0.11333031896312509,0.2803942943615664,0.7246491446970168,1
90,AI extraction error,low extraction error,0.6400697493725167,0.5765385200994123,-0.0635312292731044,0.10264757283720741,0.3753492773384858,0.7777277628603388,1
91,AI extraction error,low extraction error,0.6276676085060694,0.6245568532540602,-0.003110755252009212,0.10321774290963477,0.422250077151176,0.8268636293569444,1
92,AI extraction error,low extraction error,0.6557777626666348,0.7259798352533057,0.07020207258667088,0.120583977547971,0.48963523925928254,0.9623244312473288,1
93,AI extraction error,low extraction error,0.6320449016532094,0.5867751901746758,-0.045269711478533536,0.11087510509757702,0.36945998418342485,0.8040903961659268,1
94,AI extraction error,low extraction error,0.6431957070223273,0.7063268258606459,0.06313111883831857,0.10609638844219522,0.49837790451394326,0.9142757472073485,1
95,AI extraction error,low extraction error,0.6476261725583337,0.6875824575250118,0.039956284966678135,0.10483123529404488,0.48211323634868386,0.8930516787013397,1
96,AI extraction error,low extraction error,0.6484962103605132,0.5029377267335463,-0.14555848362696688,0.11049569611923599,0.2863661623398438,0.7195092911272488,1
97,AI extraction error,low extraction error,0.6568744873281843,0.7136627530207581,0.05678826569257378,0.1093624951492129,0.49931226252830085,0.9280132435132153,1
98,AI extraction error,low extraction error,0.606711916031341,0.49121617429757625,-0.11549574173376476,0.1098769568965117,0.2758573387804133,0.7065750098147392,1
99,AI extraction error,low extraction error,0.6361900951181225,0.6292308737116887,-0.006959221406433791,0.10173585903493086,0.42982859000322426,0.8286331574201532,1
100,AI extraction error,low extraction error,0.6502217267962608,0.7185126755968033,0.06829094880054254,0.10934632872267532,0.5041938713003598,0.9328314798932469,1
101,AI extraction error,low extraction error,0.6207256276886235,0.5340602988800324,-0.08666532880859112,0.12246829362908199,0.29402244336703165,0.7740981543930331,1
102,AI extraction error,low extraction error,0.6445684234571278,0.6781204693941937,0.033552045937065844,0.12245940216432656,0.43810004115211365,0.9181408976362737,1
103,AI extraction error,low extraction error,0.6458250064588791,0.6265973020090027,-0.019227704449876426,0.10808916132330129,0.4147425458153321,0.8384520582026732,1
104,AI extraction error,low extraction error,0.6483655943422163,0.6640746985377317,0.01570910419551541,0.1118472561956354,0.4448540763942863,0.8832953206811771,1
105,AI extraction error,low extraction error,0.6360075878829964,0.5993934720856096,-0.036614115797386826,0.11332395101112919,0.37727852810379636,0.8215084160674228,1
106,AI extraction error,low extraction error,0.6491295258637763,0.6334193518560516,-0.015710174007724675,0.11574303564104702,0.40656300199959944,0.8602757017125038,1
107,AI extraction error,low extraction error,0.6431552822127764,0.5948491911622039,-0.048306091050572486,0.11548632071296386,0.36849600256479476,0.8212023797596131,1
108,AI extraction error,low extraction error,0.6514900161856851,0.6954828290435019,0.043992812857816754,0.11168106201103904,0.4765879475018654,0.9143777105851384,1
109,AI extraction error,low extraction error,0.6588357810171968,0.8514862512321524,0.19265047021495563,0.10319720043933885,0.6492197383710483,1.0537527640932565,1
110,AI extraction error,low extraction error,0.6511515417515823,0.7572194673245047,0.10606792557292244,0.10782304889653196,0.5458862914873021,0.9685526431617074,1
111,AI extraction error,low extraction error,0.64466707041632,0.8258317132452722,0.18116464282895217,0.11615055177551148,0.5981766317652697,1.0534867947252746,1
112,AI extraction error,low extraction error,0.6489255647363287,0.7152279159262879,0.0663023511899592,0.10434761196477263,0.5107065964753335,0.9197492353772423,1
113,AI extraction error,low extraction error,0.6581528572178286,0.7267775637316004,0.06862470651377184,0.1083362320842848,0.5144385488464022,0.9391165786167986,1
114,AI extraction error,low extraction error,0.6433088952595181,0.6227467092528682,-0.02056218600664983,0.10509624056118233,0.4167580777529509,0.8287353407527855,1
115,AI extraction error,low extraction error,0.6376231733159823,0.6803605750057439,0.04273740168976159,0.1140985640512177,0.4567273894653572,0.9039937605461306,1
116,AI extraction error,low extraction error,0.6354671249902634,0.42484335828207337,-0.21062376670819,0.10881196453774791,0.21157190778808746,0.6381148087760593,1
117,AI extraction error,low extraction error,0.667144145727901,0.6735287543618403,0.006384608633939304,0.10978443126719788,0.4583512690781325,0.8887062396455482,1
118,AI extraction error,low extraction error,0.6491946375883408,0.4870403978834671,-0.16215423970487375,0.11103809637418939,0.2694057289900559,0.7046750667768783,1
119,AI extraction error,low extraction error,0.6552144188617763,0.6633479474751148,0.008133528613338492,0.10116118205892864,0.46507203063961466,0.861623864310615,1
120,AI extraction error,low extraction error,0.6484778292908614,0.7912586803756348,0.14278085108477345,0.11094671932799731,0.5738031104927601,1.0087142502585096,1
121,AI extraction error,low extraction error,0.6414602482119797,0.7260197133878291,0.08455946517584945,0.1137360086545487,0.5030971364249137,0.9489422903507445,1
122,AI extraction error,low extraction error,0.6384532141933601,0.593643722742002,-0.04480949145135815,0.11308027250754955,0.3720063886272048,0.8152810568567991,1
123,AI extraction error,low extraction error,0.6385112884529768,0.6621979179261673,0.023686629473190557,0.11694452626403742,0.432986646448654,0.8914091894036806,1
124,AI extraction error,low extraction error,0.6596024283402332,0.5274950072104454,-0.1321074211297878,0.12635673522645854,0.27983580616658665,0.7751542082543041,1
125,AI extraction error,low extraction error,0.6436352377160478,0.6742302688760077,0.030595031159959873,0.1101052054460513,0.45842406620174714,0.8900364715502682,1
126,AI extraction error,low extraction error,0.6508272121511812,0.710007694365495,0.05918048221431382,0.11949706599164447,0.4757934450218719,0.9442219437091182,1
127,AI extraction error,low extraction error,0.6304809739054907,0.8153172491722417,0.18483627526675095,0.10548775582571389,0.6085612477538425,1.022073250590641,1
128,AI extraction error,low extraction error,0.6202575389890376,0.5346591943953662,-0.08559834459367133,0.1070665106657337,0.32480883349052825,0.7445095553002042,1
129,AI extraction error,low extraction error,0.6436137074674788,0.7473466383099386,0.10373293084245983,0.11066932952143436,0.5304347524479273,0.96425852417195,1
130,AI extraction error,low extraction error,0.6311000623577239,0.6562160655052428,0.02511600314751894,0.11380224802951125,0.43316365936740076,0.8792684716430849,1
131,AI extraction error,low extraction error,0.6709315253065856,0.737408095925247,0.06647657061866141,0.12236782265850744,0.4975671635145724,0.9772490283359216,1
132,AI extraction error,low extraction error,0.6274263596642652,0.571953106674499,-0.05547325298976624,0.11693676938499474,0.34275703867990925,0.8011491746690886,1
133,AI extraction error,low extraction error,0.6563792574891557,0.6139494605105402,-0.042429796978615486,0.11006153253980072,0.39822885673253083,0.8296700642885496,1
134,AI extraction error,low extraction error,0.6370565703803502,0.6862040417695018,0.04914747138915154,0.10263916746853652,0.4850312735311702,0.8873768100078334,1
135,AI extraction error,low extraction error,0.6546750020033425,0.6118654357122335,-0.04280956629110899,0.10283312645434263,0.41031250786172196,0.813418363562745,1
136,AI extraction error,low extraction error,0.6448977329489957,0.7211093435679471,0.07621161061895143,0.11398862779415377,0.49769163309140574,0.9445270540444884,1
137,AI extraction error,low extraction error,0.648465778882206,0.6159961349635363,-0.03246964391866969,0.12324857911736818,0.3744289198934947,0.857563350033578,1
138,AI extraction error,low extraction error,0.656252149123748,0.5607975075515704,-0.09545464157217753,0.11908529749621286,0.32739032445899324,0.7942046906441476,1
139,AI extraction error,low extraction error,0.6268793094370283,0.6217966138131806,-0.005082695623847666,0.12498102280316226,0.3768338091189826,0.8667594185073786,1
140,AI extraction error,low extraction error,0.6316869634547632,0.6517186296282658,0.020031666173502605,0.10330241833835171,0.4492458896850964,0.8541913695714352,1
141,AI extraction error,low extraction error,0.6456524043150413,0.7906890700213466,0.14503666570630525,0.10676921465728775,0.5814214092930626,0.9999567307496305,1
142,AI extraction error,low extraction error,0.6217875049551201,0.764365111532493,0.14257760657737284,0.1041797044038783,0.5601728909008915,0.9685573321640945,1
143,AI extraction error,low extraction error,0.6660670351716377,0.5221870684841097,-0.143879966687528,0.10578080533851633,0.31485669002061767,0.7295174469476017,1
144,AI extraction error,low extraction error,0.6479302004923001,0.8102656101021312,0.16233540960983106,0.09311538179502546,0.6277594617838813,0.992771758420381,1
145,AI extraction error,low extraction error,0.6446588782079283,0.5140512861093955,-0.1306075920985328,0.1053338142175348,0.3075970102430273,0.7205055619757638,1
146,AI extraction error,low extraction error,0.6386321231740629,0.5552517151436106,-0.08338040803045232,0.11096899310408456,0.33775248865960483,0.7727509416276164,1
147,AI extraction error,low extraction error,0.6498311128433547,0.4430903407955534,-0.20674077204780134,0.11149225606311454,0.22456551891184887,0.6616151626792579,1
148,AI extraction error,low extraction error,0.6641586523860182,0.6970809769781395,0.0329223245921213,0.1143256894109204,0.47300262573273555,0.9211593282235435,1
149,AI extraction error,low extraction error,0.6456545043452991,0.8350507058051605,0.18939620145986136,0.10587219835846695,0.6275411970225653,1.0425602145877557,1
150,AI extraction error,low extraction error,0.6466399842405463,0.6049681803142894,-0.0416718039262568,0.10172974658802654,0.4055778770017574,0.8043584836268215,1
151,AI extraction error,low extraction error,0.6468515547998266,0.49765909176673623,-0.14919246303309036,0.10219078112843809,0.2973651607549976,0.6979530227784749,1
152,AI extraction error,low extraction error,0.6341634737657131,0.5028785042194809,-0.13128496954623226,0.1048583743140979,0.297356090563849,0.7084009178751127,1
153,AI extraction error,low extraction error,0.6548937717676815,0.6759174874959574,0.021023715728275882,0.10522376295248984,0.4696789121090773,0.8821560628828374,1
154,AI extraction error,low extraction error,0.634299330383818,0.5398983691592576,-0.09440096122456043,0.10886117134909426,0.3265304733150328,0.7532662650034824,1
155,AI extraction error,low extraction error,0.6491510446698002,0.7798364534115488,0.1306854087417486,0.10572225539100324,0.5726208328451825,0.9870520739779152,1
156,AI extraction error,low extraction error,0.6519560970306434,0.669257954551774,0.01730185752113056,0.12003516612651202,0.4339890289438104,0.9045268801597375,1
157,AI extraction error,low extraction error,0.6358959049095367,0.72480530451865,0.08890939960911326,0.1044981648548213,0.5199889014032002,0.9296217076340998,1
158,AI extraction error,low extraction error,0.6516122591346872,0.7894935610533421,0.13788130191865489,0.11385306843914275,0.5663415469126223,1.012645575194062,1
159,AI extraction error,low extraction error,0.6366008268578319,0.5912509493953073,-0.04534987746252461,0.10114065257435477,0.39301527034957195,0.7894866284410427,1
160,AI extraction error,low extraction error,0.6502091351915499,0.5125842494247831,-0.1376248857667668,0.11358236583803888,0.2899628123822269,0.7352056864673393,1
161,AI extraction error,low extraction error,0.6416370279003393,0.5937177743329045,-0.04791925356743476,0.11905601422531994,0.36036798645127743,0.8270675622145316,1
162,AI extraction error,low extraction error,0.6477915364406852,0.6885976919630218,0.040806155522336574,0.10338586476635364,0.48596139702096863,0.8912339869050749,1
163,AI extraction error,low extraction error,0.6436618672964333,0.9873224494595547,0.34366058216312145,0.11180225450389039,0.7681900306319296,1.2064548682871798,0
164,AI extraction error,low extraction error,0.6479672264847679,0.7349332549654415,0.08696602848067359,0.11983558565651191,0.5000555070786782,0.9698110028522048,1
165,AI extraction error,low extraction error,0.6408628381468415,0.6803186516558627,0.039455813509021165,0.11776973195072245,0.4494899770324467,0.9111473262792786,1
166,AI extraction error,low extraction error,0.6216284043660693,0.6587889681376533,0.037160563771584054,0.12201857741961845,0.41963255639520114,0.8979453798801055,1
167,AI extraction error,low extraction error,0.6605276792618736,0.6429360262211262,-0.01759165304074739,0.11034816465292846,0.42665362350138647,0.859218428940866,1
168,AI extraction error,low extraction error,0.6538912350930363,0.7748533960933297,0.12096216100029344,0.12348753668856899,0.5328178241837345,1.016888968002925,1
169,AI extraction error,low extraction error,0.6552578857222566,0.5075967618172567,-0.14766112390499997,0.1225891801856764,0.2673219686533309,0.7478715549811824,1
170,AI extraction error,low extraction error,0.6538110431631309,0.5695956957365883,-0.08421534742654257,0.106813593644972,0.3602410521924432,0.7789503392807334,1
171,AI extraction error,low extraction error,0.6353586682004421,0.6648196051585193,0.029460936958077277,0.10418498044370798,0.4606170434888517,0.869022166828187,1
172,AI extraction error,low extraction error,0.6379880911990232,0.6160096987447218,-0.021978392454301443,0.09869927327064053,0.42255912313426636,0.8094602743551772,1
173,AI extraction error,low extraction error,0.6373983625616417,0.4527401353437391,-0.18465822721790265,0.1113227702032563,0.23454750574535674,0.6709327649421214,1
174,AI extraction error,low extraction error,0.6393500643639891,0.6342760313165836,-0.005074033047405502,0.1192863658713856,0.40047475420866785,0.8680773084244994,1
175,AI extraction error,low extraction error,0.6402781652654377,0.7272343342006752,0.0869561689352375,0.1094041662441542,0.512802168362133,0.9416665000392174,1
176,AI extraction error,low extraction error,0.6375863819503422,0.7705498354593908,0.1329634535090486,0.1176675933940261,0.5399213524070996,1.001178318511682,1
177,AI extraction error,low extraction error,0.6427427320815906,0.7392871357298181,0.09654440364822747,0.12668726325856206,0.49098009974303647,0.9875941717165997,1
178,AI extraction error,low extraction error,0.6496125979520374,0.7146392125236192,0.06502661457158176,0.11921773431513075,0.48097245326596294,0.9483059717812754,1
179,AI extraction error,low extraction error,0.6248074285855595,0.6905247775087521,0.06571734892319259,0.1039565703259603,0.4867698996698699,0.8942796553476342,1
180,AI extraction error,low extraction error,0.6570869329088233,0.7677092043342875,0.11062227142546421,0.1158901210701318,0.5405645670368291,0.9948538416317458,1
181,AI extraction error,low extraction error,0.6323005359796497,0.7228939718462442,0.09059343586659441,0.10885932355529364,0.5095296976778686,0.9362582460146197,1
182,AI extraction error,low extraction error,0.6398503909680929,0.7130066235200976,0.07315623255200465,0.12791332360871727,0.46229650924701177,0.9637167377931835,1
183,AI extraction error,low extraction error,0.636580454741325,0.772564666767307,0.135984212025982,0.10664577722229521,0.5635389434116084,0.9815903901230055,1
184,AI extraction error,low extraction error,0.6345476795584646,0.759799372834447,0.1252516932759824,0.11341804795628378,0.5374999988401308,0.9820987468287632,1
185,AI extraction error,low extraction error,0.6478587001373999,0.7187893078139,0.07093060767650017,0.11078776788219388,0.5016452827648,0.9359333328630001,1
186,AI extraction error,low extraction error,0.6408245431220606,0.6782321500362755,0.03740760691421485,0.1234638027372616,0.4362430966712427,0.9202212034013082,1
187,AI extraction error,low extraction error,0.6534572542649305,0.8317118575127029,0.17825460324777243,0.10960368383295066,0.6168886372001197,1.0465350778252862,1
188,AI extraction error,low extraction error,0.6435920712225373,0.7856092752663886,0.14201720404385132,0.11348947084488463,0.5631699124104147,1.0080486381223626,1
189,AI extraction error,low extraction error,0.6506162780479947,0.639506317524091,-0.011109960523903673,0.10619834668948767,0.4313575580126952,0.8476550770354869,1
190,AI extraction error,low extraction error,0.6386223416801959,0.6480907179257962,0.009468376245600263,0.10999920260016527,0.4324922808294723,0.8636891550221202,1
191,AI extraction error,low extraction error,0.6529792560420106,0.565365240082863,-0.08761401595914753,0.1170632362408207,0.3359212970508545,0.7948091831148716,1
192,AI extraction error,low extraction error,0.6473298421751024,0.4141719113253926,-0.23315793084970976,0.11572747433506664,0.187346061628662,0.6409977610221232,0
193,AI extraction error,low extraction error,0.6570927084702688,0.5862238939982678,-0.070868814472001,0.1187922092291639,0.3533911639091065,0.8190566240874291,1
194,AI extraction error,low extraction error,0.6547864081896945,0.4433719286582363,-0.21141447953145814,0.11518203423114753,0.21761514156518716,0.6691287157512855,1
195,AI extraction error,low extraction error,0.639999404451621,0.7635739650957188,0.12357456064409789,0.10359419170697859,0.5605293493500408,0.9666185808413968,1
196,AI extraction error,low extraction error,0.6651748433199796,0.6559138588795808,-0.0092609844403988,0.12267071016642925,0.41547926695337944,0.8963484508057821,1
197,AI extraction error,low extraction error,0.626678953192185,0.5696009593005549,-0.05707799389163015,0.1148104615478518,0.34457245466676534,0.7946294639343444,1
198,AI extraction error,low extraction error,0.6456760371801273,0.683719431064296,0.038043393884168664,0.12326341093510837,0.4421231456314836,0.9253157164971084,1
199,AI extraction error,low extraction error,0.6403557477140859,0.6502149478601396,0.009859200146053682,0.10374693625435748,0.44687095280159894,0.8535589429186802,1
200,AI extraction error,low extraction error,0.6392857762021115,0.7000440087158382,0.060758232513726695,0.10557455134481737,0.4931178880799961,0.9069701293516802,1
1,AI extraction error,moderate extraction error,0.6574727565862298,1.1230103977082064,0.4655376411219766,0.1138458587200723,0.8998725146168647,1.3461482807995482,0
2,AI extraction error,moderate extraction error,0.6341462417367143,0.9449288185773416,0.31078257684062727,0.11284689971733051,0.7237488951313737,1.1661087420233094,0
3,AI extraction error,moderate extraction error,0.6532128063337262,1.1613730921753336,0.5081602858416073,0.11466798631339255,0.9366238390010841,1.386122345349583,0
4,AI extraction error,moderate extraction error,0.610804491648695,1.140099419557782,0.529294927909087,0.13072357006048224,0.8838812222392369,1.3963176168763272,0
5,AI extraction error,moderate extraction error,0.6411144603115793,1.076542779612315,0.4354283193007358,0.11977604319673738,0.8417817349467098,1.3113038242779202,0
6,AI extraction error,moderate extraction error,0.6317444877515537,0.9826212040547415,0.35087671630318784,0.12921301713651887,0.7293636904671645,1.2358787176423185,0
7,AI extraction error,moderate extraction error,0.6537054091114781,0.8297762228810882,0.1760708137696101,0.10913122379950281,0.6158790242340627,1.0436734215281138,1
8,AI extraction error,moderate extraction error,0.6287596364940261,0.9260923140321695,0.2973326775381434,0.117022231201872,0.6967287408765004,1.1554558871878386,0
9,AI extraction error,moderate extraction error,0.6395198974759891,1.17193811697094,0.5324182194949508,0.12743729431785766,0.922161020107939,1.421715213833941,0
10,AI extraction error,moderate extraction error,0.6547276632565473,0.8094473006472734,0.15471963739072614,0.12563498524265748,0.5632027295716648,1.055691871722882,1
11,AI extraction error,moderate extraction error,0.6235182711267905,0.7477979539080137,0.12427968278122326,0.12489365353622962,0.5030063929770037,0.9925895148390238,1
12,AI extraction error,moderate extraction error,0.6432248662831126,0.9870992316461443,0.34387436536303173,0.11337841629751308,0.7648775357030186,1.20932092758927,0
13,AI extraction error,moderate extraction error,0.6452901683214906,0.8111667039579371,0.16587653563644655,0.10900305162063108,0.5975207227815003,1.024812685134374,1
14,AI extraction error,moderate extraction error,0.6475791926460813,0.6914170261708221,0.0438378335247408,0.12226182731251553,0.4517838446382917,0.9310502077033526,1
15,AI extraction error,moderate extraction error,0.6436410246564825,0.8375821713992893,0.1939411467428067,0.11864618722204658,0.605035644444078,1.0701286983545004,1
16,AI extraction error,moderate extraction error,0.6401640659009035,0.7882059066392363,0.14804184073833282,0.1106673888592943,0.5712978244750195,1.005113988803453,1
17,AI extraction error,moderate extraction error,0.656221772575536,0.90183319738832,0.24561142481278397,0.11588540600004178,0.6746978016282381,1.128968593148402,0
18,AI extraction error,moderate extraction error,0.6333363158363157,0.7899510358611196,0.15661472002480392,0.10599532773932188,0.5822001934920487,0.9977018782301905,1
19,AI extraction error,moderate extraction error,0.6476944288844958,1.159544629464171,0.5118502005796751,0.13752773344901514,0.8899902719041013,1.4290989870242405,0
20,AI extraction error,moderate extraction error,0.6577046508888266,1.077004641877528,0.4192999909887015,0.11929754885633015,0.8431814461191209,1.3108278376359352,0
21,AI extraction error,moderate extraction error,0.6404826618543243,0.9754480184022231,0.3349653565478987,0.12101043577947422,0.7382675642744536,1.2126284725299925,0
22,AI extraction error,moderate extraction error,0.6556347032513979,0.8753104154092876,0.2196757121578896,0.1225138805226562,0.6351832095848814,1.1154376212336938,1
23,AI extraction error,moderate extraction error,0.6496130602627882,1.10330721099856,0.4536941507357718,0.12097665694571268,0.8661929633849632,1.3404214586121568,0
24,AI extraction error,moderate extraction error,0.6230861904155202,1.1259894005078752,0.5029032100923551,0.11762499877908235,0.8954444029008738,1.3565343981148765,0
25,AI extraction error,moderate extraction error,0.6291124395904159,1.0796120650406194,0.4504996254502035,0.12964374925865202,0.8255103164936615,1.3337138135875772,0
26,AI extraction error,moderate extraction error,0.6511523043806532,0.9957090694150105,0.3445567650343573,0.1198603278019664,0.7607828269231564,1.2306353119068647,0
27,AI extraction error,moderate extraction error,0.6331870935893962,0.9755946828415495,0.3424075892521533,0.11314326075734604,0.7538338917571512,1.1973554739259478,0
28,AI extraction error,moderate extraction error,0.6105178098844165,1.1914935078304343,0.5809756979460178,0.12906559593157418,0.9385249398045489,1.4444620758563196,0
29,AI extraction error,moderate extraction error,0.6381795717741636,0.7827632821833796,0.14458371040921603,0.13248547802285793,0.5230917452585782,1.0424348191081811,1
30,AI extraction error,moderate extraction error,0.6465156027982253,0.7564124054682969,0.10989680267007162,0.1265044817737669,0.5084636211917137,1.00436118974488,1
31,AI extraction error,moderate extraction error,0.6351237998405262,0.8535944535179235,0.21847065367739726,0.12981233133590359,0.5991622840995525,1.1080266229362945,1
32,AI extraction error,moderate extraction error,0.6391074812093278,0.8957501718531384,0.2566426906438106,0.1312868454440884,0.6384279547827252,1.1530723889235517,1
33,AI extraction error,moderate extraction error,0.6448125775034531,0.8625415257614983,0.21772894825804523,0.11424631264064504,0.638618752985834,1.0864642985371626,1
34,AI extraction error,moderate extraction error,0.6420986034150223,0.7313351233104142,0.08923651989539183,0.1158445113067937,0.5042798811490985,0.9583903654717298,1
35,AI extraction error,moderate extraction error,0.6561750140466406,1.0213828483385148,0.3652078342918742,0.11285953853459947,0.8001781528106998,1.2425875438663296,0
36,AI extraction error,moderate extraction error,0.635667247717507,0.9191751870395733,0.2835079393220663,0.12817565355184066,0.6679509060779656,1.170399468001181,0
37,AI extraction error,moderate extraction error,0.6334113587818196,0.8450340306379788,0.21162267185615913,0.12646817439135416,0.5971564088309247,1.0929116524450329,1
38,AI extraction error,moderate extraction error,0.6437244440683177,0.8018961376171261,0.15817169354880833,0.13444017260987706,0.5383933993017671,1.065398875932485,1
39,AI extraction error,moderate extraction error,0.6487651449541615,0.9081709077947641,0.25940576284060257,0.11837306184899907,0.6761597065707259,1.1401821090188022,0
40,AI extraction error,moderate extraction error,0.6498279410882152,0.8213704279196792,0.171542486831464,0.12003637302460597,0.5860991367914514,1.056641719047907,1
41,AI extraction error,moderate extraction error,0.6481128111248112,0.9254962541668065,0.27738344304199525,0.12221673625269126,0.6859514511115317,1.1650410572220813,0
42,AI extraction error,moderate extraction error,0.660825907305581,0.9207208187844887,0.25989491147890775,0.11896472984568975,0.6875499482869368,1.1538916892820406,0
43,AI extraction error,moderate extraction error,0.6548756510150435,0.6297724931878211,-0.02510315782722239,0.11173494049061898,0.41077200982620793,0.8487729765494343,1
44,AI extraction error,moderate extraction error,0.6460225798734682,0.9147374411433802,0.26871486126991195,0.10700815078422818,0.705001465606293,1.1244734166804675,0
45,AI extraction error,moderate extraction error,0.6499900654401088,1.020861094277214,0.3708710288371052,0.11802065058113195,0.7895406191381954,1.2521815694162326,0
46,AI extraction error,moderate extraction error,0.6482598806255142,0.7814150550899909,0.13315517446447667,0.11526451532981526,0.555496605043553,1.0073335051364287,1
47,AI extraction error,moderate extraction error,0.6646803428263142,1.0079464621551961,0.34326611932888196,0.1361289842804974,0.7411336529654212,1.274759271344971,0
48,AI extraction error,moderate extraction error,0.6378571503286147,0.9650898403791276,0.3272326900505129,0.11630357325263534,0.7371348368039623,1.1930448439542929,0
49,AI extraction error,moderate extraction error,0.6658603401584109,0.9354680280801274,0.2696076879217165,0.12211035800934701,0.6961317263818073,1.1748043297784476,0
50,AI extraction error,moderate extraction error,0.6482185082634899,0.6797023249294596,0.031483816665969666,0.12208235851596232,0.44042090223817343,0.9189837476207458,1
51,AI extraction error,moderate extraction error,0.655303543020661,0.6261030515799136,-0.029200491440747323,0.13165903585768804,0.3680513412988451,0.8841547618609822,1
52,AI extraction error,moderate extraction error,0.6514251050701139,0.8571462498959216,0.20572114482580772,0.11050479123189533,0.6405568590814068,1.0737356407104364,1
53,AI extraction error,moderate extraction error,0.654918061991012,1.0197436101925368,0.3648255482015248,0.11759117216996187,0.7892649127394116,1.250222307645662,0
54,AI extraction error,moderate extraction error,0.6429476070891808,0.797713168213929,0.15476556112474826,0.1260704747724283,0.5506150376599696,1.0448112987678884,1
55,AI extraction error,moderate extraction error,0.6377990489007893,0.716371952812001,0.07857290391121163,0.13089945329132804,0.45980902436099796,0.9729348812630039,1
56,AI extraction error,moderate extraction error,0.652928698910619,1.054850715965036,0.401922017054417,0.11936855612514116,0.8208883459597593,1.2888130859703126,0
57,AI extraction error,moderate extraction error,0.634771431795931,0.8141662669868273,0.17939483519089627,0.1205315228253445,0.577924482249152,1.0504080517245025,1
58,AI extraction error,moderate extraction error,0.6515589281300175,0.8576474234878444,0.20608849535782692,0.12689810554221728,0.6089271366250986,1.1063677103505902,1
59,AI extraction error,moderate extraction error,0.6589108012465204,1.0609388743954509,0.4020280731489305,0.12962061084905532,0.8068824771313025,1.3149952716595994,0
60,AI extraction error,moderate extraction error,0.6342363412965821,0.9570049985129132,0.3227686572163311,0.11912712435875866,0.7235158347697462,1.1904941622560803,0
61,AI extraction error,moderate extraction error,0.6607938169744664,1.1159673938872767,0.45517357691281035,0.12144402141512438,0.877937111913633,1.3539976758609205,0
62,AI extraction error,moderate extraction error,0.6468118785912007,0.8890929216458585,0.2422810430546578,0.12096909807507401,0.6519934894187135,1.1261923538730036,0
63,AI extraction error,moderate extraction error,0.6351429658510235,0.7680518904786275,0.13290892462760406,0.11306270602153881,0.5464489866764115,0.9896547942808436,1
64,AI extraction error,moderate extraction error,0.6233312825680702,0.6176583917597138,-0.005672890808356423,0.13444618975954534,0.354143859831005,0.8811729236884227,1
65,AI extraction error,moderate extraction error,0.6640069564855409,1.0498386634272858,0.38583170694174496,0.11657698692579992,0.821347769052718,1.2783295578018536,0
66,AI extraction error,moderate extraction error,0.6306169679744238,0.8481921585945309,0.2175751906201071,0.12367051536152764,0.6057979484859367,1.090586368703125,1
67,AI extraction error,moderate extraction error,0.6473430380363531,0.9845176932786153,0.3371746552422622,0.1322525820313267,0.7253026324972149,1.2437327540600156,0
68,AI extraction error,moderate extraction error,0.6631082714572251,1.1478812015012707,0.48477293004404565,0.12291864183628629,0.9069606635021497,1.3888017395003918,0
69,AI extraction error,moderate extraction error,0.6405658522449119,1.0188403924626699,0.37827454021775797,0.11851056572156804,0.7865596836483966,1.2511211012769432,0
70,AI extraction error,moderate extraction error,0.6440461920707877,0.9079908026191961,0.26394461054840834,0.10925060584686616,0.6938596151593384,1.1221219900790538,0
71,AI extraction error,moderate extraction error,0.6494562511281589,0.7343089505696789,0.08485269944152007,0.13711224945079653,0.46556894164611773,1.0030489594932401,1
72,AI extraction error,moderate extraction error,0.640513837289965,0.7507968121721685,0.11028297488220351,0.1281901588311229,0.4995441008631677,1.0020495234811695,1
73,AI extraction error,moderate extraction error,0.666936182469,0.958848850576853,0.291912668107853,0.12347892969242838,0.7168301483796934,1.2008675527740127,0
74,AI extraction error,moderate extraction error,0.6507110793906378,0.9263895528488262,0.2756784734581884,0.1307533820702558,0.6701129239911248,1.1826661817065276,0
75,AI extraction error,moderate extraction error,0.6307124132989712,0.9366891264770519,0.30597671317808073,0.11472549600059631,0.7118271543158832,1.1615510986382207,0
76,AI extraction error,moderate extraction error,0.6392935739961038,0.9277300931149991,0.28843651911889534,0.12448278823490312,0.683743828174589,1.1717163580554093,0
77,AI extraction error,moderate extraction error,0.6563963827143025,0.9279434363722648,0.2715470536579624,0.125768996006126,0.6814362042002579,1.1744506685442717,0
78,AI extraction error,moderate extraction error,0.6370656115580423,0.8302753388087868,0.19320972725074448,0.12403869481168611,0.587159496977882,1.0733911806396916,1
79,AI extraction error,moderate extraction error,0.6334587208853447,0.7104105913011146,0.0769518704157699,0.12110242847296224,0.4730498314941086,0.9477713511081206,1
80,AI extraction error,moderate extraction error,0.6624154488172516,0.7751064328974305,0.11269098408017897,0.12093070444307658,0.5380822521890004,1.0121306136058605,1
81,AI extraction error,moderate extraction error,0.6318712933839148,1.0063373260972135,0.3744660327132987,0.12554824279913,0.7602627702109187,1.2524118819835082,0
82,AI extraction error,moderate extraction error,0.6641024779791661,0.6822386861149615,0.018136208135795417,0.13004444189229622,0.42735158000606094,0.937125792223862,1
83,AI extraction error,moderate extraction error,0.6464266594462369,0.9745655924021974,0.3281389329559605,0.12271777581615662,0.7340387518025304,1.2150924330018644,0
84,AI extraction error,moderate extraction error,0.6488128272653376,0.7157296408204764,0.06691681355513879,0.12053884644443114,0.4794735017893914,0.9519857798515614,1
85,AI extraction error,moderate extraction error,0.6361022866655683,0.9410269239721011,0.30492463730653274,0.11955812318029393,0.706693002538725,1.1753608454054771,0
86,AI extraction error,moderate extraction error,0.6328123169658776,0.9199392363035391,0.28712691933766155,0.12686127047593793,0.6712911461707007,1.1685873264363775,0
87,AI extraction error,moderate extraction error,0.6497198402015958,0.9848817503752847,0.3351619101736889,0.1123488151857359,0.7646780726112423,1.205085428139327,0
88,AI extraction error,moderate extraction error,0.6312024655927246,1.0318855492435417,0.40068308365081706,0.12020636896106385,0.7962810660798566,1.267490032407227,0
89,AI extraction error,moderate extraction error,0.6480635927791382,0.8852050337147316,0.23714144093559342,0.12020447325470987,0.6496042661355003,1.120805801293963,0
90,AI extraction error,moderate extraction error,0.6625272340789924,0.9191829437931466,0.2566557097141542,0.1412091186835054,0.6424130711734759,1.1959528164128173,1
91,AI extraction error,moderate extraction error,0.658015669567576,1.0446718289563837,0.3866561593888077,0.12161720040706835,0.8063021161585298,1.2830415417542376,0
92,AI extraction error,moderate extraction error,0.6546742971648455,1.0178777749851007,0.3632034778202552,0.11849091969624563,0.7856355723804592,1.250119977589742,0
93,AI extraction error,moderate extraction error,0.6480990451859461,1.0202741932868604,0.37217514810091434,0.12703991639989884,0.7712759571430587,1.269272429430662,0
94,AI extraction error,moderate extraction error,0.6600773073283097,0.8313597303728062,0.17128242304449648,0.13305834917578138,0.5705653659882747,1.0921540947573378,1
95,AI extraction error,moderate extraction error,0.6319339557171916,0.9108776060089484,0.27894365029175683,0.12210142733789138,0.6715588084266813,1.1501964035912156,0
96,AI extraction error,moderate extraction error,0.6327222383513674,0.8234242157787055,0.19070197742733808,0.11311164650998363,0.6017253886191376,1.0451230429382734,1
97,AI extraction error,moderate extraction error,0.6434565129405081,0.8530193605877617,0.20956284764725364,0.12339780352342412,0.6111596656818504,1.094879055493673,1
98,AI extraction error,moderate extraction error,0.6388045146420416,1.1185988058408998,0.4797942911988582,0.13389971567215544,0.8561553631234751,1.3810422485583245,0
99,AI extraction error,moderate extraction error,0.648558908529461,0.94821151273674,0.299652604207279,0.11714264740858253,0.7186119238159182,1.1778111016575616,0
100,AI extraction error,moderate extraction error,0.6312652956921538,0.975571232335005,0.34430593664285114,0.1345157735331863,0.7119203162099599,1.23922214846005,0
101,AI extraction error,moderate extraction error,0.6362236774771667,0.6690777279297583,0.0328540504525916,0.12287574578539137,0.42824126619039116,0.9099141896691254,1
102,AI extraction error,moderate extraction error,0.6522338416916773,0.8906072238880083,0.23837338219633097,0.11607561234361373,0.6630990236945253,1.1181154240814912,0
103,AI extraction error,moderate extraction error,0.6259648253544832,0.7413197536387192,0.11535492828423599,0.12970123061487654,0.4871053416335612,0.9955341656438772,1
104,AI extraction error,moderate extraction error,0.6401254654276269,0.9113518680746034,0.2712264026469765,0.12654893371864492,0.6633159579860594,1.1593877781631474,0
105,AI extraction error,moderate extraction error,0.6344407513500099,1.0673121147460138,0.43287136339600396,0.11300805318993615,0.8458163304937389,1.2888078989982887,0
106,AI extraction error,moderate extraction error,0.6489197546802997,0.8172033811532102,0.1682836264729105,0.11615287937584133,0.5895437375765612,1.0448630247298591,1
107,AI extraction error,moderate extraction error,0.6500544752730344,0.799499482021038,0.14944500674800365,0.12444134334988136,0.5555944490552706,1.0434045149868054,1
108,AI extraction error,moderate extraction error,0.6604001897441857,0.8138358592191012,0.1534356694749155,0.14250504426898866,0.5345259724518834,1.093145745986319,1
109,AI extraction error,moderate extraction error,0.6603590192865231,1.0368173773366387,0.3764583580501156,0.10841782232584085,0.8243184455779906,1.2493163090952868,0
110,AI extraction error,moderate extraction error,0.665358358734366,1.1600700856633566,0.49471172692899057,0.11429614388276298,0.9360496436531411,1.384090527673572,0
111,AI extraction error,moderate extraction error,0.6514993615821097,0.9397284146197592,0.28822905303764945,0.12153631591170586,0.7015172354328157,1.1779395938067028,0
112,AI extraction error,moderate extraction error,0.6438125051214693,1.0491317206204867,0.4053192154990174,0.11916023158296882,0.8155776667178678,1.2826857745231055,0
113,AI extraction error,moderate extraction error,0.646151595174082,1.0094367909712012,0.36328519579711915,0.11562514006518795,0.7828115164434328,1.2360620654989696,0
114,AI extraction error,moderate extraction error,0.6318871699898305,0.7524874617569669,0.12060029176713638,0.11531553889763092,0.5264690055176103,0.9785059179963235,1
115,AI extraction error,moderate extraction error,0.6434298478942007,0.9282887712473302,0.28485892335312957,0.12379168405719128,0.6856570704952354,1.170920471999425,0
116,AI extraction error,moderate extraction error,0.638859782684027,0.9934269047014435,0.35456712201741647,0.10905576608658349,0.7796776031717398,1.207176206231147,0
117,AI extraction error,moderate extraction error,0.6199705682386525,0.9932901561949942,0.3733195879563417,0.1327296434959365,0.7331400549429586,1.2534402574470298,0
118,AI extraction error,moderate extraction error,0.630764368804258,0.8551550232554376,0.22439065445117956,0.1198678097117509,0.6202141162204058,1.0900959302904694,1
119,AI extraction error,moderate extraction error,0.6397806402732437,1.0018918341502665,0.36211119387702284,0.14184559406137,0.7238744697899813,1.2799091985105517,0
120,AI extraction error,moderate extraction error,0.6457684696599156,0.9578269681271275,0.3120584984672119,0.1300811342699027,0.7028679449581183,1.2127859912961367,0
121,AI extraction error,moderate extraction error,0.6274661767847994,0.9633050575900555,0.33583888080525603,0.11021931109205874,0.7472752078496203,1.1793349073304906,0
122,AI extraction error,moderate extraction error,0.6442196892847776,1.206569155396024,0.5623494661112465,0.11354014194936328,0.984030477175272,1.4291078336167762,0
123,AI extraction error,moderate extraction error,0.6268183453062651,0.8453078526064945,0.21848950730022942,0.12051666229979338,0.6090951944988995,1.0815205107140895,1
124,AI extraction error,moderate extraction error,0.6321752263350372,0.777772527293646,0.1455973009586088,0.12179668246651308,0.5390510296592803,1.0164940249280117,1
125,AI extraction error,moderate extraction error,0.6480799274718815,0.815831283711938,0.16775135624005655,0.12319840536664338,0.574362409193317,1.057300158230559,1
126,AI extraction error,moderate extraction error,0.6260289188146737,0.6960148330400162,0.0699859142253425,0.12171646839917184,0.4574505549776394,0.934579111102393,1
127,AI extraction error,moderate extraction error,0.6582392006541418,0.9281589192638858,0.26991971860974406,0.12493454569176819,0.6832872097080201,1.1730306288197514,0
128,AI extraction error,moderate extraction error,0.6512808186117932,0.7886182653192061,0.13733744670741288,0.12086165907020972,0.5517294135415951,1.025507117096817,1
129,AI extraction error,moderate extraction error,0.6364623374929148,0.8595102679030205,0.22304793041010573,0.12105712504367165,0.6222383028174241,1.096782232988617,1
130,AI extraction error,moderate extraction error,0.6333933690081764,0.9844397980790222,0.3510464290708457,0.12602731107510376,0.7374262683718188,1.2314533277862254,0
131,AI extraction error,moderate extraction error,0.6568320810028551,0.8740877657791566,0.21725568477630153,0.12865452194775104,0.6219249027615645,1.1262506287967486,1
132,AI extraction error,moderate extraction error,0.6588550226656765,0.954795246586838,0.2959402239211615,0.11765893550990492,0.7241837329874243,1.1854067601862517,0
133,AI extraction error,moderate extraction error,0.6579861802187453,0.8827134785317641,0.22472729831301874,0.12731758158234088,0.633171018630376,1.1322559384331523,1
134,AI extraction error,moderate extraction error,0.651572760652114,0.93393619822963,0.28236343757751603,0.12166108451304825,0.6954804725840555,1.1723919238752045,0
135,AI extraction error,moderate extraction error,0.628022769285049,1.0023252155807654,0.3743024462957164,0.11925654054909256,0.7685823961045439,1.2360680350569868,0
136,AI extraction error,moderate extraction error,0.6465255067914926,0.7941739087873718,0.14764840199587925,0.12110292885780281,0.5568121682260783,1.0315356493486654,1
137,AI extraction error,moderate extraction error,0.6442480189094247,0.9453935751194932,0.30114555621006844,0.13007058204198804,0.6904552343171966,1.2003319159217898,0
138,AI extraction error,moderate extraction error,0.6595055474141985,0.8703509282934614,0.21084538087926286,0.1270500786789098,0.6213327740827982,1.1193690825041247,1
139,AI extraction error,moderate extraction error,0.6369233002490404,0.9694256988576028,0.33250239860856234,0.12252369253818855,0.7292792614827532,1.2095721362324523,0
140,AI extraction error,moderate extraction error,0.6438667674252406,0.8472292916121164,0.20336252418687573,0.11968962280563235,0.612637630913077,1.0818209523111557,1
141,AI extraction error,moderate extraction error,0.6575707641426883,0.8017273510716265,0.14415658692893818,0.1307674908640896,0.5454230689780108,1.0580316331652422,1
142,AI extraction error,moderate extraction error,0.6455923659040025,0.8118088268775412,0.1662164609735387,0.11120908437434936,0.5938390215038165,1.0297786322512659,1
143,AI extraction error,moderate extraction error,0.670761883778252,1.0760620477967169,0.4053001640184649,0.12557498512859105,0.8299350769446784,1.3221890186487553,0
144,AI extraction error,moderate extraction error,0.6603195027398995,0.9480862379615693,0.28776673522166984,0.12585352125904847,0.7014133362938343,1.1947591396293042,0
145,AI extraction error,moderate extraction error,0.640996788679748,0.8522512739554208,0.2112544852756728,0.12197473077334517,0.6131808016396643,1.0913217462711773,1
146,AI extraction error,moderate extraction error,0.6890233515560398,1.0301705757642325,0.34114722420819277,0.12724121601898458,0.7807777923670227,1.2795633591614424,0
147,AI extraction error,moderate extraction error,0.6534752689071063,0.9693521412399343,0.315876872332828,0.11798044906704416,0.7381104610685277,1.2005938214113407,0
148,AI extraction error,moderate extraction error,0.6619419146016227,0.9429401928873501,0.28099827828572743,0.1301850224082271,0.687777548967225,1.1981028368074753,0
149,AI extraction error,moderate extraction error,0.65707893579882,1.2284665027414439,0.5713875669426238,0.1337287090092191,0.9663582330833744,1.4905747723995133,0
150,AI extraction error,moderate extraction error,0.6441345250326964,0.8689515234835973,0.22481699845090086,0.12693524940813322,0.6201584346436562,1.1177446123235384,1
151,AI extraction error,moderate extraction error,0.646284117677231,0.7485439856375914,0.10225986796036035,0.11900627641894707,0.5152916838564552,0.9817962874187276,1
152,AI extraction error,moderate extraction error,0.6498970868043429,0.8791652053598568,0.22926811855551388,0.1186086282486569,0.6466922939924893,1.1116381167272242,1
153,AI extraction error,moderate extraction error,0.6515659758005194,0.6798132209132894,0.028247245112769992,0.11580739005851745,0.4528307363985953,0.9067957054279836,1
154,AI extraction error,moderate extraction error,0.6461591530049421,0.7862458665332493,0.14008671352830726,0.11760761564595529,0.5557349398671769,1.0167567931993218,1
155,AI extraction error,moderate extraction error,0.6547550884729986,0.8738680106183362,0.21911292214533762,0.12000898510581685,0.6386503998109352,1.1090856214257372,1
156,AI extraction error,moderate extraction error,0.6633551931145307,0.9527220603586292,0.28936686724409844,0.13088429361104928,0.6961888448809725,1.2092552758362858,0
157,AI extraction error,moderate extraction error,0.6351456306753855,1.0060355620223194,0.3708899313469338,0.12019847432466557,0.7704465523459748,1.2416245716986638,0
158,AI extraction error,moderate extraction error,0.620276539203904,1.0552891743366806,0.43501263513277655,0.1109978573726986,0.8377333738861913,1.2728449747871697,0
159,AI extraction error,moderate extraction error,0.6541655290312247,0.8399916325735484,0.18582610354232365,0.1340237537064857,0.5773050753088365,1.1026781898382603,1
160,AI extraction error,moderate extraction error,0.6209601663475995,0.9686859306707153,0.34772576432311575,0.12506571945441036,0.723557120540071,1.2138147408013595,0
161,AI extraction error,moderate extraction error,0.6425021717666676,0.771693205581487,0.12919103381481944,0.11355264445360734,0.5491300224524166,0.9942563887105574,1
162,AI extraction error,moderate extraction error,0.657360346302534,0.8288408019037826,0.17148045560124858,0.14608552705244768,0.5425131688809852,1.11516843492658,1
163,AI extraction error,moderate extraction error,0.657562391649439,0.8694379770671997,0.21187558541776075,0.13125466503760538,0.6121788335934932,1.1266971205409062,1
164,AI extraction error,moderate extraction error,0.6518381447820548,0.9261091911816542,0.2742710463995994,0.11326976992212506,0.7041004421342891,1.1481179402290194,0
165,AI extraction error,moderate extraction error,0.6527961728237307,0.9340718082760036,0.28127563545227285,0.10495989123611899,0.7283504214532104,1.1397931950987967,0
166,AI extraction error,moderate extraction error,0.6482840066906802,0.7843009438907051,0.13601693720002495,0.12367251797905603,0.5419028086517553,1.026699079129655,1
167,AI extraction error,moderate extraction error,0.640101217724893,0.9101443779523958,0.27004316022750274,0.1145784994780384,0.6855705189754405,1.1347182369293511,0
168,AI extraction error,moderate extraction error,0.6324043302509241,0.9034540723778751,0.271049742126951,0.11686567265057873,0.6743973539827408,1.1325107907730094,0
169,AI extraction error,moderate extraction error,0.6560942913675809,0.9789389638783867,0.32284467251080584,0.11848712831806531,0.7467041923749788,1.2111737353817946,0
170,AI extraction error,moderate extraction error,0.6461706518896583,0.9621963750888284,0.3160257231991701,0.11803649526815851,0.7308448443632377,1.1935479058144192,0
171,AI extraction error,moderate extraction error,0.6612743608438316,0.9133456179802198,0.2520712571363882,0.12403335595979369,0.6702402402990242,1.1564509956614155,0
172,AI extraction error,moderate extraction error,0.625483020660601,1.1136373549902152,0.4881543343296142,0.1432987171287283,0.8327718694179078,1.3945028405625226,0
173,AI extraction error,moderate extraction error,0.6474533043609015,0.9175542843273028,0.27010097996640126,0.1306281269818505,0.6615231554428758,1.1735854132117298,0
174,AI extraction error,moderate extraction error,0.6552236727334394,0.9134705603096415,0.25824688757620207,0.13433931583776698,0.6501655012676182,1.1767756193516647,1
175,AI extraction error,moderate extraction error,0.6424840621821617,0.8925919233272575,0.25010786114509576,0.11920257427862284,0.6589548777411567,1.1262289689133582,0
176,AI extraction error,moderate extraction error,0.6475471657756037,1.0064753882584612,0.3589282224828575,0.12366732094000672,0.7640874392160479,1.2488633373008744,0
177,AI extraction error,moderate extraction error,0.6592931429948092,0.923435870944185,0.26414272794937577,0.12201682017237643,0.6842829034063271,1.1625888384820429,0
178,AI extraction error,moderate extraction error,0.6412613038657903,0.7616943405996531,0.12043303673386285,0.126648898092692,0.5134625003379768,1.0099261808613296,1
179,AI extraction error,moderate extraction error,0.6500568800379065,0.8606997631490346,0.2106428831111281,0.11624194941160577,0.6328655423022873,1.088533983995782,1
180,AI extraction error,moderate extraction error,0.646547661956372,0.761733980268677,0.11518631831230497,0.11130137684747007,0.5435832816476357,0.9798846788897183,1
181,AI extraction error,moderate extraction error,0.6177396203696441,0.9332599297754927,0.3155203094058485,0.12032040526836446,0.6974319354494983,1.169087924101487,0
182,AI extraction error,moderate extraction error,0.6497323526656468,0.777565178808986,0.12783282614333924,0.11510571240657762,0.5519579824920939,1.003172375125878,1
183,AI extraction error,moderate extraction error,0.6488750984201197,0.8163070125517927,0.16743191413167302,0.11916401165480367,0.5827455497083776,1.049868475395208,1
184,AI extraction error,moderate extraction error,0.6603708818059022,0.821097410891842,0.16072652908593976,0.12133554696647503,0.5832797388375509,1.058915082946133,1
185,AI extraction error,moderate extraction error,0.6525458175499855,0.8849555824938349,0.23240976494384935,0.130589540929219,0.6290000822725657,1.140911082715104,1
186,AI extraction error,moderate extraction error,0.6468304934166592,0.912176844723722,0.26534635130706274,0.11882880891426893,0.6792723792517549,1.1450813101956892,0
187,AI extraction error,moderate extraction error,0.6478942741431526,0.9867374371671278,0.3388431630239752,0.11847910051709792,0.7545184001536158,1.2189564741806398,0
188,AI extraction error,moderate extraction error,0.6601942574427377,1.1428739345155434,0.4826796770728057,0.13595421581810052,0.8764036715120664,1.4093441975190204,0
189,AI extraction error,moderate extraction error,0.6509173512347126,1.0653241501438138,0.41440679890910115,0.1323155215770572,0.8059857278527817,1.3246625724348458,0
190,AI extraction error,moderate extraction error,0.625104567649441,0.88635982548911,0.26125525783966896,0.1349885591869576,0.621782249482673,1.150937401495547,1
191,AI extraction error,moderate extraction error,0.65521936841064,0.8751528532163649,0.21993348480572494,0.11757201365936956,0.6447117064440007,1.1055939999887292,1
192,AI extraction error,moderate extraction error,0.642653950895798,0.9827217488218463,0.34006779792604824,0.11577279881662055,0.75580706314127,1.2096364345024226,0
193,AI extraction error,moderate extraction error,0.6550229181228782,0.8506788210722829,0.19565590294940471,0.13688756195858634,0.5823791996334536,1.118978442511112,1
194,AI extraction error,moderate extraction error,0.6596227736847251,0.913520528177641,0.25389775449291585,0.11256579753605842,0.6928915650069665,1.1341494913483154,0
195,AI extraction error,moderate extraction error,0.6490749508485797,1.0282016162971437,0.379126665448564,0.12801382218350807,0.7772945248174679,1.2791087077768195,0
196,AI extraction error,moderate extraction error,0.6590655816352361,0.8692497161844409,0.21018413454920482,0.11809214395791004,0.6377891140269373,1.1007103183419447,1
197,AI extraction error,moderate extraction error,0.6403855576447739,0.7834429579835033,0.14305740033872938,0.13142788428308175,0.5258443047886631,1.0410416111783434,1
198,AI extraction error,moderate extraction error,0.6649222477897584,0.9172382411061293,0.2523159933163709,0.12199008144534543,0.6781376814732523,1.1563388007390063,0
199,AI extraction error,moderate extraction error,0.6495904196099909,1.11307623535038,0.46348581574038916,0.12630945430619175,0.8655097049102443,1.3606427657905158,0
200,AI extraction error,moderate extraction error,0.6418191478539076,0.7563796623404628,0.11456051448655524,0.11912543846905718,0.5228938029411108,0.9898655217398149,1
1,AI extraction error,high extraction error,0.6373935778941494,1.0343210834780932,0.39692750558394374,0.1496170462087624,0.7410716729089188,1.3275704940472675,0
2,AI extraction error,high extraction error,0.6407918837802968,1.4125384939645393,0.7717466101842425,0.11534589779472064,1.1864605342868868,1.6386164536421919,0
3,AI extraction error,high extraction error,0.6735602131631659,1.2480452010727032,0.5744849879095373,0.12707332044965428,0.9989814929913808,1.4971089091540257,0
4,AI extraction error,high extraction error,0.640176611253033,1.1130401685182352,0.47286355726520213,0.1367202290921485,0.8450685194976242,1.3810118175388462,0
5,AI extraction error,high extraction error,0.6508517374995534,1.311405771284612,0.6605540337850587,0.1520465523793522,1.013394528621082,1.6094170139481423,0
6,AI extraction error,high extraction error,0.6433235253979165,1.2134098288729471,0.5700863034750306,0.12729128907247436,0.9639189022908974,1.4629007554549969,0
7,AI extraction error,high extraction error,0.6347523299280278,1.1514634518174407,0.5167111218894129,0.1321973036788752,0.8923567366068453,1.4105701670280362,0
8,AI extraction error,high extraction error,0.6526644313981134,1.2356555084481544,0.582991077050041,0.14374740578707526,0.953910593105487,1.5174004237908219,0
9,AI extraction error,high extraction error,0.650199544094373,1.0828622789436508,0.43266273484927786,0.15067177724963277,0.7875455955343706,1.378178962352931,0
10,AI extraction error,high extraction error,0.6455433781568658,0.81365068677886,0.1681073086219942,0.1291345570321792,0.5605469549957888,1.0667544185619313,1
11,AI extraction error,high extraction error,0.6577316076335359,1.0753292423759253,0.4175976347423894,0.12999536175888077,0.820538333328519,1.3301201514233316,0
12,AI extraction error,high extraction error,0.6575683767960896,1.0099605915498016,0.35239221475371196,0.1304565981998792,0.7542656590780383,1.2656555240215648,0
13,AI extraction error,high extraction error,0.6561189258244736,0.7883156367147094,0.13219671089023577,0.13131841616489803,0.5309315410315092,1.0456997323979096,1
14,AI extraction error,high extraction error,0.6412574051981405,1.2954386024771554,0.6541811972790149,0.1255690039065902,1.0493233548202385,1.5415538501340722,0
15,AI extraction error,high extraction error,0.6357049250055296,1.178248132893202,0.5425432078876724,0.12875743564152253,0.9258835590358179,1.430612706750586,0
16,AI extraction error,high extraction error,0.6732883861096353,1.392800343256699,0.7195119571470638,0.1413502263815434,1.115753899548874,1.6698467869645242,0
17,AI extraction error,high extraction error,0.6495946650497925,1.218220013291877,0.5686253482420845,0.12458139972638302,0.9740404698281663,1.4623995567555876,0
18,AI extraction error,high extraction error,0.6466006118384047,1.2124964361277102,0.5658958242893055,0.1391266170842129,0.9398082666426529,1.4851846056127673,0
19,AI extraction error,high extraction error,0.6316258172740828,1.013230883820089,0.3816050665460061,0.13503905640961528,0.7485543332572431,1.2779074343829349,0
20,AI extraction error,high extraction error,0.6393297798807135,0.9104129541625874,0.2710831742818739,0.1304951842777371,0.6546423929782227,1.166183515346952,0
21,AI extraction error,high extraction error,0.6288221315337742,1.098999641744029,0.4701775102102549,0.12288645947704702,0.858142181169017,1.3398571023190413,0
22,AI extraction error,high extraction error,0.6390367986670492,1.0139646702185479,0.37492787155149865,0.1313752285606014,0.7564692222397691,1.2714601181973266,0
23,AI extraction error,high extraction error,0.6499798941373833,1.2164703904283067,0.5664904962909234,0.1267772232201907,0.967987032916733,1.4649537479398804,0
24,AI extraction error,high extraction error,0.61218504659759,1.3548243755904816,0.7426393289928916,0.1375397457214242,1.0852464739764902,1.624402277204473,0
25,AI extraction error,high extraction error,0.6522502307736784,1.1721012804295565,0.5198510496558781,0.11903292147793734,0.9387967543327993,1.4054058065263138,0
26,AI extraction error,high extraction error,0.6434649535480499,1.1203037816476962,0.4768388280996463,0.12356978006303819,0.8781070127241413,1.362500550571251,0
27,AI extraction error,high extraction error,0.6541110392458503,1.1638620636611778,0.5097510244153275,0.1399575802584331,0.889545206354649,1.4381789209677067,0
28,AI extraction error,high extraction error,0.6462393061830733,1.0415184008641099,0.3952790946810365,0.13591858148808142,0.7751179811474702,1.3079188205807495,0
29,AI extraction error,high extraction error,0.631632539897039,0.9665454309761586,0.3349128910791196,0.1297404176924862,0.7122542122988857,1.2208366496534315,0
30,AI extraction error,high extraction error,0.6485091814540357,1.274790502209087,0.6262813207550514,0.13059115159741136,1.0188318450781608,1.5307491593400133,0
31,AI extraction error,high extraction error,0.643721779163362,1.2048549039573488,0.5611331247939868,0.13729080222264262,0.9357649316009693,1.4739448763137284,0
32,AI extraction error,high extraction error,0.6484468828505258,1.2480779850099912,0.5996311021594655,0.12298248083267242,1.0070323225779534,1.489123647442029,0
33,AI extraction error,high extraction error,0.6525670575213268,1.2102953843577757,0.5577283268364489,0.13906415722605844,0.9377296361947012,1.4828611325208503,0
34,AI extraction error,high extraction error,0.6314844584426399,1.1033420218295673,0.4718575633869274,0.12619504226448558,0.8559997389911755,1.350684304667959,0
35,AI extraction error,high extraction error,0.6332435852735303,1.263730177899821,0.6304865926262906,0.12863093520861119,1.011613544890943,1.5158468109086989,0
36,AI extraction error,high extraction error,0.6522867644847112,1.1715643061752767,0.5192775416905655,0.13368378469532588,0.909544088172438,1.4335845241781153,0
37,AI extraction error,high extraction error,0.6557774222815442,1.2857915155509565,0.6300140932694123,0.14414594496489677,1.0032654634197589,1.5683175676821541,0
38,AI extraction error,high extraction error,0.6577999552374999,1.236659861678838,0.5788599064413381,0.13996421133579123,0.9623300074606872,1.5109897158969887,0
39,AI extraction error,high extraction error,0.6390347135967223,1.076286018161937,0.43725130456521466,0.11788860387028406,0.8452243545761802,1.3073476817476937,0
40,AI extraction error,high extraction error,0.636244579381845,1.1949236320164554,0.5586790526346104,0.12143686528214011,0.9569073760634608,1.43293988796945,0
41,AI extraction error,high extraction error,0.6365934808756494,1.1565559175398712,0.5199624366642218,0.14058379661870568,0.881011676167208,1.4321001589125344,0
42,AI extraction error,high extraction error,0.6115602316593933,1.0665657757935492,0.45500554413415584,0.1330582567961747,0.8057715924730467,1.3273599591140517,0
43,AI extraction error,high extraction error,0.6536088198731403,1.0162297459124296,0.3626209260392893,0.12334863896618486,0.7744664135387074,1.257993078286152,0
44,AI extraction error,high extraction error,0.6353200161230184,1.263134667929717,0.6278146518066987,0.14407268647054636,0.9807522024474462,1.545517133411988,0
45,AI extraction error,high extraction error,0.6668782939485133,1.202201857141127,0.5353235631926138,0.1218120922520615,0.9634501563270865,1.4409535579551676,0
46,AI extraction error,high extraction error,0.643895394042849,0.9336779959850493,0.2897826019422003,0.14317307149022146,0.6530587758642152,1.2142972161058834,0
47,AI extraction error,high extraction error,0.6526879939259382,1.2264445069571697,0.5737565130312314,0.1251950719255149,0.9810621659831604,1.471826847931179,0
48,AI extraction error,high extraction error,0.6529870190536269,0.9088192074315298,0.2558321883779029,0.13195045825166427,0.6501963092582679,1.1674421056047917,1
49,AI extraction error,high extraction error,0.6319693059911798,1.299900442459114,0.6679311364679342,0.13664520774991332,1.032075835269284,1.567725049648944,0
50,AI extraction error,high extraction error,0.6623930712126119,1.0136162198750165,0.35122314866240456,0.13656818790942157,0.7459425715725503,1.2812898681774827,0
51,AI extraction error,high extraction error,0.6416399060257766,1.2007954420427531,0.5591555360169765,0.14072891683009475,0.9249667650557674,1.476624119029739,0
52,AI extraction error,high extraction error,0.6582745700781831,1.0870261320399202,0.428751561961737,0.13363342544684959,0.825104618164095,1.3489476459157452,0
53,AI extraction error,high extraction error,0.6492596239458566,1.2838004093298936,0.634540785384037,0.12354645318537572,1.0416493610865571,1.52595145757323,0
54,AI extraction error,high extraction error,0.6444153100073494,1.2140278755975296,0.5696125655901801,0.13123898299826478,0.9567994689209306,1.4712562822741284,0
55,AI extraction error,high extraction error,0.6565808142395054,1.1036469017368487,0.4470660874973432,0.13889207875701456,0.8314184273731001,1.375875376100597,0
56,AI extraction error,high extraction error,0.6294212396053496,1.1693270222853582,0.5399057826800087,0.13934742821383225,0.8962060629862469,1.4424479815844695,0
57,AI extraction error,high extraction error,0.641598863730353,1.01260575876144,0.3710068950310871,0.13851973776019014,0.7411070727514675,1.2841044447714127,0
58,AI extraction error,high extraction error,0.6440285007346194,1.2136086741344803,0.5695801733998609,0.1365891666856879,0.9458939074305319,1.4813234408384286,0
59,AI extraction error,high extraction error,0.6510749313110687,0.9418242786635024,0.29074934735243363,0.13088379443206957,0.685292041576646,1.1983565157503588,0
60,AI extraction error,high extraction error,0.6324238486478267,1.1918295214727586,0.5594056728249318,0.13121452043851858,0.9346490614132621,1.449009981532255,0
61,AI extraction error,high extraction error,0.6494493493798782,1.1688279721033663,0.5193786227234881,0.1317914772859298,0.9105166766229439,1.4271392675837888,0
62,AI extraction error,high extraction error,0.630238019017875,0.8272374707858291,0.19699945176795408,0.13699171900712673,0.5587337015318607,1.0957412400397974,1
63,AI extraction error,high extraction error,0.6407351496412058,0.8706449691972723,0.22990981955606649,0.13863767792420964,0.5989151204658214,1.1423748179287232,1
64,AI extraction error,high extraction error,0.6516114426083899,1.1062917917475659,0.454680349139176,0.12373332851876856,0.8637744678507795,1.3488091156443522,0
65,AI extraction error,high extraction error,0.6373961548139943,0.9394588744400307,0.3020627196260365,0.13195383677996636,0.6808293543512967,1.1980883945287648,0
66,AI extraction error,high extraction error,0.6553747954478797,0.907852569410589,0.2524777739627093,0.11373462785834358,0.6849326988082356,1.1307724400129424,0
67,AI extraction error,high extraction error,0.6417018741581691,1.2259074323554406,0.5842055581972715,0.12147623723059289,0.9878140073834786,1.4640008573274028,0
68,AI extraction error,high extraction error,0.6368472222628835,1.2226695467008073,0.5858223244379238,0.14370948388398758,0.9409989582881917,1.504340135113423,0
69,AI extraction error,high extraction error,0.6610495896594263,1.1537428358852304,0.4926932462258041,0.14661361134492568,0.8663801576491761,1.4411055141212847,0
70,AI extraction error,high extraction error,0.6553851610717891,1.1178285029487172,0.46244334187692804,0.14792908458727216,0.8278874971576637,1.4077695087397706,0
71,AI extraction error,high extraction error,0.6400222820197957,1.35057399816032,0.7105517161405243,0.12735082588979774,1.1009663794163165,1.6001816169043235,0
72,AI extraction error,high extraction error,0.6633190446904363,1.27680691785933,0.6134878731688936,0.13751750862990345,1.0072726009447193,1.5463412347739407,0
73,AI extraction error,high extraction error,0.6417336854534424,1.1527657400796727,0.5110320546262302,0.1366155972633326,0.8849991694435408,1.4205323107158045,0
74,AI extraction error,high extraction error,0.6423893287523764,1.255063863310422,0.6126745345580457,0.13082761867950624,0.9986417306985899,1.5114859959222544,0
75,AI extraction error,high extraction error,0.6211887333764609,0.9617609312620319,0.340572197885571,0.13813340112243214,0.6910194650620649,1.2325023974619989,0
76,AI extraction error,high extraction error,0.6426649293843054,1.1943248011958638,0.5516598718115584,0.13227619398453058,0.9350634609861839,1.4535861414055438,0
77,AI extraction error,high extraction error,0.6308832851788341,0.976981026533569,0.3460977413547349,0.12873148433087983,0.7246673172450445,1.2292947358220934,0
78,AI extraction error,high extraction error,0.627737217686986,1.0835005956003962,0.45576337791341026,0.12051840463528608,0.8472845225152356,1.319716668685557,0
79,AI extraction error,high extraction error,0.6547183612059457,1.0703879647410153,0.41566960353506954,0.11936565728888494,0.8364312764548008,1.3043446530272298,0
80,AI extraction error,high extraction error,0.6334457708191827,1.01088387850191,0.37743810768272734,0.13031571538897357,0.7554650763395219,1.2663026806642983,0
81,AI extraction error,high extraction error,0.6512188131211105,1.0484059426690986,0.39718712954798807,0.13200248571947962,0.7896810706589186,1.3071308146792786,0
82,AI extraction error,high extraction error,0.6078431755899917,1.2699925700296437,0.662149394439652,0.140329454861037,0.9949468385020112,1.5450383015572764,0
83,AI extraction error,high extraction error,0.6487295343669449,1.3007003106183384,0.6519707762513934,0.11671049104041639,1.0719477481791222,1.5294528730575545,0
84,AI extraction error,high extraction error,0.6333836764198049,1.0831980546134619,0.449814378193657,0.13160583545423477,0.8252506171231617,1.341145492103762,0
85,AI extraction error,high extraction error,0.6445510395721826,1.1272664162387813,0.4827153766665987,0.14216277243748054,0.8486273822613195,1.4059054502162431,0
86,AI extraction error,high extraction error,0.6453689790316003,1.2234259332724933,0.578056954240893,0.1408253405182598,0.947408265856704,1.4994436006882825,0
87,AI extraction error,high extraction error,0.6441416586177828,1.196358693212244,0.5522170345944613,0.12687656051533217,0.9476806346021931,1.445036751822295,0
88,AI extraction error,high extraction error,0.6444243300320713,1.1223042955567362,0.47787996552466483,0.1283682004934638,0.8707026225895471,1.3739059685239252,0
89,AI extraction error,high extraction error,0.6402122511190298,1.1991877036161136,0.5589754524970838,0.12227851250025214,0.9595218191156194,1.4388535881166078,0
90,AI extraction error,high extraction error,0.6302180761958938,1.107723207753965,0.47750513155807117,0.14204322741165898,0.8293184820271133,1.3861279334808165,0
91,AI extraction error,high extraction error,0.6323689498234335,1.1648106316855211,0.5324416818620876,0.1303365542968578,0.9093509852636799,1.4202702781073624,0
92,AI extraction error,high extraction error,0.6355130742379368,1.139695506538805,0.5041824323008682,0.14317129623403407,0.8590797659200983,1.4203112471575117,0
93,AI extraction error,high extraction error,0.6507237520489548,1.074766525895641,0.4240427738466861,0.12669133685801856,0.8264515056539246,1.3230815461373573,0
94,AI extraction error,high extraction error,0.6481286710766463,1.1547821341615072,0.5066534630848609,0.14098702276309535,0.8784475695458402,1.4311166987771742,0
95,AI extraction error,high extraction error,0.625497379731729,1.1771459919419436,0.5516486122102146,0.12310679962050586,0.9358566646857521,1.4184353191981351,0
96,AI extraction error,high extraction error,0.6373795732457915,0.9886219576710151,0.3512423844252236,0.12774714453391137,0.7382375543845489,1.2390063609574815,0
97,AI extraction error,high extraction error,0.6389056238800203,1.250173802275181,0.6112681783951607,0.12843802334469764,0.9984352765195735,1.5019123280307882,0
98,AI extraction error,high extraction error,0.6211646979595787,1.064213957135815,0.44304925917623617,0.14001844388661164,0.7897778071180561,1.3386501071535737,0
99,AI extraction error,high extraction error,0.64638368331202,1.3317256830723496,0.6853419997603296,0.12422722029543547,1.0882403312932962,1.575211034851403,0
100,AI extraction error,high extraction error,0.652360269324734,1.227413303322395,0.5750530339976611,0.11785485539453233,0.9964177867491117,1.4584088198956784,0
101,AI extraction error,high extraction error,0.6486922245863571,1.1831190234664717,0.5344267988801146,0.13366196661181734,0.9211415689073097,1.4450964780256337,0
102,AI extraction error,high extraction error,0.6513390226838087,1.0690071820473195,0.41766815936351076,0.13286400954602853,0.8085937233371036,1.3294206407575353,0
103,AI extraction error,high extraction error,0.649128901839244,1.0382650339504453,0.38913613211120135,0.12598678181296663,0.7913309415970308,1.28519912630386,0
104,AI extraction error,high extraction error,0.6489469479808815,1.237319915559193,0.5883729675783115,0.133433361034608,0.9757905279313612,1.4988493031870247,0
105,AI extraction error,high extraction error,0.6475297232260145,0.9180947845853593,0.27056506135934477,0.12986031789223815,0.6635685615165725,1.1726210076541461,0
106,AI extraction error,high extraction error,0.6423571524558667,1.1433260335995863,0.5009688811437196,0.13211795428638584,0.8843748431982701,1.4022772240009025,0
107,AI extraction error,high extraction error,0.6206721386060329,1.1268813921939225,0.5062092535878896,0.1294825670059722,0.8730955608622171,1.3806672235256279,0
108,AI extraction error,high extraction error,0.6408354595240915,1.2420067135440314,0.6011712540199399,0.13434482554117247,0.9786908554833333,1.5053225716047294,0
109,AI extraction error,high extraction error,0.649112336729032,1.3195842513709553,0.6704719146419232,0.11885889357400128,1.0866208199659126,1.5525476827759979,0
110,AI extraction error,high extraction error,0.6337041583286565,1.2858632926358757,0.6521591343072193,0.14684795771388456,0.998041295516662,1.5736852897550895,0
111,AI extraction error,high extraction error,0.6303529169672623,1.307607156202986,0.6772542392357238,0.13593677768863918,1.0411710719332532,1.574043240472719,0
112,AI extraction error,high extraction error,0.6366983670538898,1.0730325892885086,0.4363342222346188,0.12905533681644865,0.8200841291282692,1.325981049448748,0
113,AI extraction error,high extraction error,0.6611720956252237,1.205975724370672,0.5448036287454482,0.1228498516414465,0.9651900151534367,1.446761433587907,0
114,AI extraction error,high extraction error,0.6310314532629435,1.2007378505061888,0.5697063972432452,0.13391412007191322,0.9382661751652388,1.4632095258471387,0
115,AI extraction error,high extraction error,0.6267737354382733,1.22558420233478,0.5988104668965067,0.12603530063088517,0.9785550130982451,1.4726133915713149,0
116,AI extraction error,high extraction error,0.6381924684341946,1.0363864047865246,0.3981939363523299,0.1349370262410106,0.7719098333541439,1.3008629762189052,0
117,AI extraction error,high extraction error,0.6353867291808574,1.2029256729884523,0.567538943807595,0.13795329249489105,0.9325372196984658,1.4733141262784388,0
118,AI extraction error,high extraction error,0.6495038167288918,1.0685654566751617,0.4190616399462699,0.13420844326384632,0.8055169078780229,1.3316140054723005,0
119,AI extraction error,high extraction error,0.6511795713487643,1.2883220140841043,0.63714244273534,0.1314638493329009,1.0306528693916186,1.54599115877659,0
120,AI extraction error,high extraction error,0.6417937117283921,1.239130440914839,0.5973367291864469,0.13411053146508847,0.9762737992432655,1.5019870825864123,0
121,AI extraction error,high extraction error,0.6431468329847344,1.28936701841416,0.6462201854294255,0.12260474669333037,1.0490617148952324,1.5296723219330874,0
122,AI extraction error,high extraction error,0.6311814658279579,1.3161848397213574,0.6850033738933995,0.12905989870139428,1.0632274382666247,1.56914224117609,0
123,AI extraction error,high extraction error,0.6464726059087411,1.3488255855014466,0.7023529795927055,0.13413173630199346,1.0859273823495394,1.6117237886533538,0
124,AI extraction error,high extraction error,0.6377088333874021,1.0892871615778834,0.45157832819048127,0.11906500631529589,0.8559197491999034,1.3226545739558633,0
125,AI extraction error,high extraction error,0.6489157446481941,1.164887738495923,0.515971993847729,0.14603715572794548,0.8786549132691499,1.4511205637226963,0
126,AI extraction error,high extraction error,0.6498413291983444,1.1006587828709453,0.45081745367260095,0.13719646622828233,0.831753709063512,1.3695638566783788,0
127,AI extraction error,high extraction error,0.6450588438332098,0.8897787890117396,0.2447199451785298,0.1441091764875432,0.6073248030961549,1.1722327749273243,1
128,AI extraction error,high extraction error,0.6664586286200366,1.1693075850156955,0.502848956395659,0.11514781093729225,0.9436178755786028,1.3949972944527884,0
129,AI extraction error,high extraction error,0.6600728657085272,1.1469371359090428,0.4868642702005156,0.1323955209766963,0.8874419147947181,1.4064323570233674,0
130,AI extraction error,high extraction error,0.6280464196180534,1.353138149523371,0.7250917299053176,0.12486122986348282,1.1084101389909446,1.5978661600557973,0
131,AI extraction error,high extraction error,0.6273849242665882,1.198685367378223,0.5713004431116347,0.13756674395489818,0.9290545492266225,1.4683161855298235,0
132,AI extraction error,high extraction error,0.6250054402297833,0.8837223285618679,0.2587168883320846,0.1368961950020676,0.6154057863578155,1.1520388707659204,1
133,AI extraction error,high extraction error,0.649612423069109,1.1040739545947131,0.4544615315256041,0.12726872565610184,0.8546272523087535,1.3535206568806728,0
134,AI extraction error,high extraction error,0.6512698894693912,1.1419721636453979,0.49070227417600665,0.13251489834372762,0.8822429628916917,1.401701364399104,0
135,AI extraction error,high extraction error,0.6461138403398814,0.8509066328895499,0.20479279254966853,0.1284948989992491,0.5990566308510217,1.1027566349280782,1
136,AI extraction error,high extraction error,0.6204051726600915,1.12836044408885,0.5079552714287584,0.11703170205270313,0.8989783080655518,1.357742580112148,0
137,AI extraction error,high extraction error,0.661716607015065,1.428178641682573,0.7664620346675081,0.12735585398578697,1.1785611678704306,1.6777961154947154,0
138,AI extraction error,high extraction error,0.6479230948803547,1.1974932204910635,0.5495701256107088,0.1313018782130873,0.9401415391934125,1.4548449017887146,0
139,AI extraction error,high extraction error,0.6619605346222609,1.1982647536613336,0.5363042190390727,0.12213898468436729,0.9588723436799736,1.4376571636426934,0
140,AI extraction error,high extraction error,0.6571998200113314,1.0088210407394234,0.351621220728092,0.1438078451526293,0.72695766424027,1.2906844172385767,0
141,AI extraction error,high extraction error,0.6473342302688724,1.2406468366972603,0.5933126064283879,0.13368933133831679,0.9786157472741595,1.502677926120361,0
142,AI extraction error,high extraction error,0.66049138968671,1.1804582263413659,0.5199668366546559,0.12679412602821322,0.9319417393260679,1.4289747133566637,0
143,AI extraction error,high extraction error,0.6519871645737465,1.1271546631584406,0.4751674985846941,0.13892704881296872,0.8548576474850219,1.3994516788318592,0
144,AI extraction error,high extraction error,0.6210977541894438,0.9911059294679602,0.37000817527851637,0.129803012712662,0.7366920245511426,1.2455198343847778,0
145,AI extraction error,high extraction error,0.6513305719681379,1.135373284271776,0.48404271230363816,0.13454551573887788,0.8716640734235754,1.3990824951199767,0
146,AI extraction error,high extraction error,0.648315378453006,1.0783834280439333,0.43006804959092726,0.13505289297565448,0.8136797578116505,1.3430870982762162,0
147,AI extraction error,high extraction error,0.654250625164846,1.366255821628869,0.7120051964640229,0.12599720494703526,1.11930129993268,1.613210343325058,0
148,AI extraction error,high extraction error,0.6482101062058322,1.1347832405629867,0.48657313435715455,0.12542745919250534,0.8889454205456763,1.380621060580297,0
149,AI extraction error,high extraction error,0.6463102345848857,1.3580842363439407,0.711774001759055,0.136889797118105,1.089780233992455,1.6263882386954265,0
150,AI extraction error,high extraction error,0.6307610512412307,1.1216601847503245,0.49089913350909375,0.13088274597174182,0.8651300026457105,1.3781903668549385,0
151,AI extraction error,high extraction error,0.6423047121641482,1.3620419181538246,0.7197372059896764,0.13564166348700765,1.0961842577192895,1.6278995785883597,0
152,AI extraction error,high extraction error,0.6593921994788626,1.0540804673678423,0.3946882678889797,0.12614272786177014,0.8068407207587729,1.3013202139769118,0
153,AI extraction error,high extraction error,0.63909238021856,1.0914245220787866,0.45233214186022663,0.12297638866499855,0.8503908002953895,1.3324582438621837,0
154,AI extraction error,high extraction error,0.6572863147324693,1.2624791861377378,0.6051928714052685,0.141812101597202,0.9845274670072219,1.5404309052682537,0
155,AI extraction error,high extraction error,0.6393343493294573,0.9678703533304255,0.32853600400096816,0.12510185476046917,0.7226707179999059,1.213069988660945,0
156,AI extraction error,high extraction error,0.6280813585643158,1.133961977921595,0.5058806193572792,0.13365859824563978,0.8719911253601411,1.395932830483049,0
157,AI extraction error,high extraction error,0.6393075190028376,0.963278322474285,0.32397080347144747,0.13156181444333062,0.705417166165357,1.221139478783213,0
158,AI extraction error,high extraction error,0.6379700855309915,0.9763776740111071,0.33840758848011554,0.12300074033039915,0.7352962229635247,1.2174591250586895,0
159,AI extraction error,high extraction error,0.659360231384287,0.9605380631835801,0.30117783179929314,0.13483930992374016,0.6962530157330494,1.224823110634111,0
160,AI extraction error,high extraction error,0.6229585876895375,1.083645056280369,0.4606864685908315,0.15023546748601546,0.7891835400077787,1.3781065725529593,0
161,AI extraction error,high extraction error,0.6442203101538638,1.0581063543827087,0.4138860442288449,0.12527264452730183,0.8125719711091972,1.3036407376562202,0
162,AI extraction error,high extraction error,0.6500269014382676,1.1709716305071796,0.520944729068912,0.13217670685380378,0.9119052850737241,1.430037975940635,0
163,AI extraction error,high extraction error,0.6359330067141348,1.1142642601535258,0.478331253439391,0.13013685827868343,0.8591960179273062,1.3693325023797454,0
164,AI extraction error,high extraction error,0.643192475735505,1.165583370462427,0.522390894726922,0.1254761836497613,0.9196500505088949,1.411516690415959,0
165,AI extraction error,high extraction error,0.637159720536019,1.0660060214918694,0.4288463009558504,0.14006341712679968,0.791481723923342,1.3405303190603968,0
166,AI extraction error,high extraction error,0.6565004714385733,1.2811409178413011,0.6246404464027279,0.1423964298834912,1.0020439152696583,1.560237920412944,0
167,AI extraction error,high extraction error,0.6628340342971831,1.1714165979708064,0.5085825636736233,0.12859202724423774,0.9193762245721004,1.4234569713695124,0
168,AI extraction error,high extraction error,0.6216441344998286,1.1061562108193064,0.4845120763194778,0.12864035427706227,0.8540211164362643,1.3582913052023484,0
169,AI extraction error,high extraction error,0.6451954936212567,1.2088489135442289,0.5636534199229721,0.12814218831878713,0.9576902244394061,1.4600076026490516,0
170,AI extraction error,high extraction error,0.6441758270418919,1.188856417383063,0.544680590341171,0.13694627679291904,0.9204417148689417,1.4572711198971842,0
171,AI extraction error,high extraction error,0.6362132912157059,1.1762476969453108,0.5400344057296049,0.14336272999992475,0.8952567461454584,1.4572386477451633,0
172,AI extraction error,high extraction error,0.6426705711651889,1.147058927599366,0.504388356434177,0.13828433726170758,0.876021626566419,1.4180962286323129,0
173,AI extraction error,high extraction error,0.6312229034587244,1.1319067913264023,0.5006838878676778,0.13134200615408287,0.8744764592643999,1.3893371233884046,0
174,AI extraction error,high extraction error,0.6698575359789902,1.2213187087598099,0.5514611727808196,0.128101799448997,0.9702391818397758,1.472398235679844,0
175,AI extraction error,high extraction error,0.6481419070057833,0.8887878606777967,0.24064595367201336,0.13011653612319718,0.6337594498763301,1.1438162714792632,1
176,AI extraction error,high extraction error,0.6271411265071211,1.0589480404634584,0.4318069139563373,0.1349103470186028,0.7945237603069969,1.32337232061992,0
177,AI extraction error,high extraction error,0.6431214487743523,0.9636760723370745,0.32055462356272224,0.13377750894483176,0.7014721548052043,1.2258799898689448,0
178,AI extraction error,high extraction error,0.6559129760745923,1.0136217497986932,0.3577087737241009,0.12881666190501306,0.7611410924648676,1.2661024071325189,0
179,AI extraction error,high extraction error,0.6355314853699588,1.3247892194332853,0.6892577340633265,0.1209510310829029,1.0877251985107956,1.561853240355775,0
180,AI extraction error,high extraction error,0.6500860450076245,1.4454734716679658,0.7953874266603413,0.13677618753288076,1.1773921441035196,1.713554799232412,0
181,AI extraction error,high extraction error,0.6361230798770746,1.2663803195166177,0.630257239639543,0.12082718105832597,1.0295590446422989,1.5032015943909365,0
182,AI extraction error,high extraction error,0.6379984354446747,1.274162032368403,0.6361635969237284,0.12853151130378723,1.02224027021298,1.5260837945238261,0
183,AI extraction error,high extraction error,0.6773699051512756,1.2402161751923686,0.562846270041093,0.13333027762405866,0.9788888310492136,1.5015435193355235,0
184,AI extraction error,high extraction error,0.6469366815037261,0.8250517840695992,0.17811510256587315,0.128822372969528,0.5725599330493243,1.0775436350898742,1
185,AI extraction error,high extraction error,0.6677475891467087,1.1561129472947296,0.48836535814802084,0.15000879368739825,0.862095711667429,1.45013018292203,0
186,AI extraction error,high extraction error,0.6541900850862677,0.9947888232239088,0.3405987381376411,0.14539119948234744,0.7098220722385078,1.2797555742093099,0
187,AI extraction error,high extraction error,0.6480324249766258,1.128679876921586,0.48064745194496017,0.13595489059225452,0.8622082913607672,1.3951514624824048,0
188,AI extraction error,high extraction error,0.6455564384375916,1.3315509848033482,0.6859945463657566,0.13286842030841917,1.0711288809988466,1.5919730886078498,0
189,AI extraction error,high extraction error,0.6552226715916013,1.315654842682518,0.6604321710909168,0.11882566734584203,1.0827565346846677,1.5485531506803685,0
190,AI extraction error,high extraction error,0.6358282578548196,1.0954167460898856,0.45958848823506604,0.15289757892149552,0.7957374914037544,1.3950960007760167,0
191,AI extraction error,high extraction error,0.6457020097793129,1.086408973468805,0.440706963689492,0.1318934455845787,0.8278978201230307,1.3449201268145792,0
192,AI extraction error,high extraction error,0.6314370150566935,1.0146427612683653,0.3832057462116718,0.13604389089077798,0.7479967351224405,1.2812887874142902,0
193,AI extraction error,high extraction error,0.6578768724299234,1.1675951587128517,0.5097182862829283,0.12500773091998435,0.9225800061096824,1.412610311316021,0
194,AI extraction error,high extraction error,0.6405557882163823,0.9821734953505666,0.3416177071341844,0.12941419418481803,0.7285216747483233,1.2358253159528099,0
195,AI extraction error,high extraction error,0.6365274471849991,1.036904276628253,0.4003768294432539,0.13148169134421805,0.7792001615935856,1.2946083916629205,0
196,AI extraction error,high extraction error,0.6297220404365278,1.4028705030368305,0.7731484626003027,0.1400046548315782,1.1284613795669372,1.6772796265067238,0
197,AI extraction error,high extraction error,0.6296013920588898,1.1454990368298659,0.5158976447709761,0.1295978799269832,0.8914871921729788,1.399510881486753,0
198,AI extraction error,high extraction error,0.6618922546838215,1.0566002575994051,0.3947080029155836,0.13085133235429947,0.8001316461849781,1.3130688690138321,0
199,AI extraction error,high extraction error,0.6338211243133017,1.1068488244679255,0.4730277001546238,0.13923302358856737,0.8339520982343335,1.3797455507015175,0
200,AI extraction error,high extraction error,0.654767428965907,0.9461934392557285,0.2914260102898215,0.14021023424580242,0.6713813801339558,1.2210054983775014,0
1,Post index partial leakage,no leakage lambda 0,0.6410132262175939,0.724751300161825,0.08373807394423105,0.11398726817133659,0.5013362545460053,0.9481663457776447,1
2,Post index partial leakage,no leakage lambda 0,0.6413432050396977,0.6426535495236794,0.0013103444839817069,0.10506517306782237,0.43672581031074753,0.8485812887366112,1
3,Post index partial leakage,no leakage lambda 0,0.6326696954789119,0.39520450938445917,-0.23746518609445277,0.0963196385355101,0.2064180178548594,0.583991000914059,0
4,Post index partial leakage,no leakage lambda 0,0.6363556071886736,0.67071402751244,0.03435842032376646,0.11910803950254951,0.437262270087443,0.904165784937437,1
5,Post index partial leakage,no leakage lambda 0,0.6476874631332067,0.5985541026192982,-0.049133360513908486,0.11170247930327931,0.3796172431848708,0.8174909620537256,1
6,Post index partial leakage,no leakage lambda 0,0.649881363474858,0.7489919254655881,0.0991105619907301,0.11355574599739997,0.5264226633106842,0.971561187620492,1
7,Post index partial leakage,no leakage lambda 0,0.6490468450445571,0.6447324966054353,-0.004314348439121818,0.12254484334325418,0.4045446036526571,0.8849203895582135,1
8,Post index partial leakage,no leakage lambda 0,0.6428666556979822,0.6313602377694836,-0.011506417928498602,0.1192667175767772,0.39759747131900025,0.8651230042199669,1
9,Post index partial leakage,no leakage lambda 0,0.647965037470313,0.595216964812122,-0.052748072658190925,0.1104221997333832,0.378789453334691,0.8116444762895532,1
10,Post index partial leakage,no leakage lambda 0,0.656412921619213,0.6842096258793692,0.027796704260156124,0.12772057315958693,0.4338773024865788,0.9345419492721596,1
11,Post index partial leakage,no leakage lambda 0,0.6545984701465841,0.748272928656777,0.09367445851019285,0.10832118190518031,0.5359634121226236,0.9605824451909304,1
12,Post index partial leakage,no leakage lambda 0,0.6466378926498662,0.6318725211100751,-0.014765371539791072,0.11149192474465933,0.4133483486105428,0.8503966936096073,1
13,Post index partial leakage,no leakage lambda 0,0.6279195634080014,0.6051896285700911,-0.022729934837910304,0.10381469749501752,0.4017128214798567,0.8086664356603255,1
14,Post index partial leakage,no leakage lambda 0,0.6359844768474712,0.6599172718865846,0.023932795039113386,0.10665451109498285,0.45087443014041817,0.8689601136327509,1
15,Post index partial leakage,no leakage lambda 0,0.6430854835452982,0.7801757745278592,0.1370902909825611,0.1238186439769241,0.537491232333088,1.0228603167226304,1
16,Post index partial leakage,no leakage lambda 0,0.6505566801236253,0.6380681910367081,-0.012488489086917243,0.10203134240790865,0.43808675991720714,0.838049622156209,1
17,Post index partial leakage,no leakage lambda 0,0.6349622260037553,0.6856529373132108,0.05069071130945546,0.11482201550130307,0.46060178693065673,0.9107040876957648,1
18,Post index partial leakage,no leakage lambda 0,0.6355151080926758,0.6369111330837499,0.0013960249910741629,0.10677861306086896,0.42762505148444674,0.8461972146830531,1
19,Post index partial leakage,no leakage lambda 0,0.6556403913692462,0.6638387727473394,0.008198381378093145,0.11561105072010953,0.4372411133359247,0.8904364321587541,1
20,Post index partial leakage,no leakage lambda 0,0.6273738407821242,0.6462650569412868,0.01889121615916256,0.11028533844481223,0.4301057935894548,0.8624243202931188,1
21,Post index partial leakage,no leakage lambda 0,0.6682982511617177,0.642150982246452,-0.026147268915265753,0.10058348448643555,0.44500735265303826,0.8392946118398656,1
22,Post index partial leakage,no leakage lambda 0,0.6517690059061177,0.6201288011131991,-0.031640204792918625,0.11462296006830866,0.39546779937931414,0.8447898028470842,1
23,Post index partial leakage,no leakage lambda 0,0.6646395484165865,0.779048677556273,0.1144091291396866,0.11284154720504141,0.5578792450343919,1.0002181100781542,1
24,Post index partial leakage,no leakage lambda 0,0.6723762713301407,0.6191133336880273,-0.05326293764211332,0.12296977074095908,0.37809258303574755,0.8601340843403071,1
25,Post index partial leakage,no leakage lambda 0,0.6407678484989208,0.826022181063524,0.18525433256460322,0.10414151915633105,0.6219048035171151,1.030139558609933,1
26,Post index partial leakage,no leakage lambda 0,0.6494755437800056,0.4948108403348707,-0.1546647034451349,0.11207475023751637,0.2751443298693387,0.7144773508004028,1
27,Post index partial leakage,no leakage lambda 0,0.6331792255111596,0.602072850011669,-0.03110637549949058,0.10999399990924008,0.38648461018955843,0.8176610898337795,1
28,Post index partial leakage,no leakage lambda 0,0.6673829093257365,0.7744347508040699,0.10705184147833335,0.12142375912752892,0.5364441829141132,1.0124253186940266,1
29,Post index partial leakage,no leakage lambda 0,0.6447196156417337,1.0088860799092056,0.3641664642674719,0.1306990136342715,0.7527160131860335,1.2650561466323778,0
30,Post index partial leakage,no leakage lambda 0,0.6494024681278218,0.7420589277908489,0.09265645966302716,0.10127159841248903,0.5435665949023705,0.9405512606793274,1
31,Post index partial leakage,no leakage lambda 0,0.6624494056837927,0.7002334299268312,0.037784024243038505,0.10383072276101207,0.49672521331524755,0.9037416465384149,1
32,Post index partial leakage,no leakage lambda 0,0.6401573993785109,0.8020277897233261,0.1618703903448152,0.1207246917378187,0.5654073939172015,1.0386481855294507,1
33,Post index partial leakage,no leakage lambda 0,0.6567937881700162,0.5714407809331213,-0.08535300723689487,0.12381040971195717,0.3287723778976853,0.8141091839685574,1
34,Post index partial leakage,no leakage lambda 0,0.6534651376638079,0.5978876982784278,-0.05557743938538007,0.12529006799313253,0.3523191650118881,0.8434562315449675,1
35,Post index partial leakage,no leakage lambda 0,0.6486390840292916,0.6289879339530848,-0.01965115007620677,0.10591445605756737,0.4213956000802528,0.8365802678259169,1
36,Post index partial leakage,no leakage lambda 0,0.6412705069688355,0.863346157114883,0.22207565014604758,0.10639660159990644,0.6548088179790664,1.0718834962506998,0
37,Post index partial leakage,no leakage lambda 0,0.6370160867704431,0.6815327314885357,0.04451664471809258,0.0984079661306198,0.48865311787252086,0.8744123451045505,1
38,Post index partial leakage,no leakage lambda 0,0.6464012177759415,0.5938010000154681,-0.05260021776047341,0.10636027702717032,0.38533485704221426,0.8022671429887219,1
39,Post index partial leakage,no leakage lambda 0,0.6381077740034449,0.5664590783134257,-0.07164869569001919,0.11458048553221512,0.34188132667028404,0.7910368299565673,1
40,Post index partial leakage,no leakage lambda 0,0.6296131851763873,0.5917820622443106,-0.03783112293207669,0.10993137468943616,0.37631656785301576,0.8072475566356054,1
41,Post index partial leakage,no leakage lambda 0,0.6444428670563398,0.7235776564004456,0.07913478934410578,0.10949640657445422,0.5089646995145153,0.9381906132863759,1
42,Post index partial leakage,no leakage lambda 0,0.6393466685850866,0.43493814061563735,-0.20440852796944925,0.10657636025423213,0.22604847451734236,0.6438278067139324,1
43,Post index partial leakage,no leakage lambda 0,0.627296705530487,0.5237072249071025,-0.10358948062338447,0.11019617245712046,0.30772272689114644,0.7396917229230586,1
44,Post index partial leakage,no leakage lambda 0,0.634943816560909,0.6737891692930251,0.03884535273211609,0.10416655076469014,0.4696227297942325,0.8779556087918178,1
45,Post index partial leakage,no leakage lambda 0,0.6449352866793115,0.7452019523030016,0.10026666562369002,0.10182096687381977,0.5456328572303148,0.9447710473756883,1
46,Post index partial leakage,no leakage lambda 0,0.6490189457957289,0.9694246212185814,0.3204056754228525,0.1051378102678646,0.7633545130935668,1.175494729343596,0
47,Post index partial leakage,no leakage lambda 0,0.6248765127944161,0.5693063215574404,-0.05557019123697571,0.0971791969856943,0.3788350954654796,0.7597775476494013,1
48,Post index partial leakage,no leakage lambda 0,0.653987440211628,0.6284524188476677,-0.025535021363960353,0.10787497600794313,0.41701746587209915,0.8398873718232363,1
49,Post index partial leakage,no leakage lambda 0,0.6499932392200414,0.8977500309800586,0.2477567917600172,0.11923238340035099,0.6640545595153706,1.1314455024447465,0
50,Post index partial leakage,no leakage lambda 0,0.6500677373175074,0.4425932794410143,-0.20747445787649316,0.10840922216260725,0.2301112040023041,0.6550753548797245,1
51,Post index partial leakage,no leakage lambda 0,0.6409254845017708,0.6696445282937028,0.02871904379193202,0.11395670279075999,0.44628939082381325,0.8929996657635924,1
52,Post index partial leakage,no leakage lambda 0,0.6464435737925337,0.6121760164481587,-0.03426755734437503,0.12407506484972804,0.3689888893426917,0.8553631435536256,1
53,Post index partial leakage,no leakage lambda 0,0.6310347375167061,0.5906997692530328,-0.04033496826367333,0.10739649207523871,0.3802026447855649,0.8011968937205007,1
54,Post index partial leakage,no leakage lambda 0,0.6584904589754057,0.7007714992561371,0.04228104028073143,0.11037743969421429,0.4844317174554771,0.9171112810567972,1
55,Post index partial leakage,no leakage lambda 0,0.6253235051930137,0.6715810206089518,0.04625751541593803,0.10820040381762927,0.4595082291263984,0.8836538120915052,1
56,Post index partial leakage,no leakage lambda 0,0.6368313487810625,0.6906202852079312,0.05378893642686866,0.10547447138620489,0.4838903212909696,0.8973502491248928,1
57,Post index partial leakage,no leakage lambda 0,0.6386410259363022,0.5867264961295335,-0.051914529806768694,0.11675756455751553,0.3578816695968031,0.815571322662264,1
58,Post index partial leakage,no leakage lambda 0,0.6534619015409874,0.49879880722445297,-0.1546630943165344,0.11675430059606057,0.26996037805617423,0.7276372363927317,1
59,Post index partial leakage,no leakage lambda 0,0.6687463890536604,0.8005043677237591,0.13175797867009875,0.11043102827853409,0.5840595522978322,1.016949183149686,1
60,Post index partial leakage,no leakage lambda 0,0.6238309051933655,0.40825865486165885,-0.21557225033170663,0.10903030454992042,0.19455925794381482,0.6219580517795029,0
61,Post index partial leakage,no leakage lambda 0,0.6598329628081098,0.6573676459632719,-0.0024653168448378615,0.10851486137413023,0.4446785176699767,0.8700567742565671,1
62,Post index partial leakage,no leakage lambda 0,0.6469600247789207,0.6193304369238842,-0.02762958785503644,0.11606821300574144,0.391836739432631,0.8468241344151375,1
63,Post index partial leakage,no leakage lambda 0,0.6407381951490637,0.7600628902778503,0.11932469512878663,0.11548608025691608,0.5337101729742948,0.9864156075814059,1
64,Post index partial leakage,no leakage lambda 0,0.6317974681782927,0.8429637611970273,0.21116629301873457,0.11498333882829917,0.617596417093561,1.0683311053004938,1
65,Post index partial leakage,no leakage lambda 0,0.6321275732952485,0.7293016653709953,0.09717409207574679,0.10878340039822364,0.5160862005904769,0.9425171301515136,1
66,Post index partial leakage,no leakage lambda 0,0.6357440261899701,0.7062523613953661,0.07050833520539601,0.119175916395622,0.47266756525994696,0.9398371575307851,1
67,Post index partial leakage,no leakage lambda 0,0.620959869234683,0.480679337267421,-0.14028053196726203,0.12184284530153623,0.24186736047641,0.719491314058432,1
68,Post index partial leakage,no leakage lambda 0,0.6268804097916537,0.688073930851976,0.061193521060322276,0.10688972776992806,0.478570064422917,0.897577797281035,1
69,Post index partial leakage,no leakage lambda 0,0.6433981955801049,0.7762519516042826,0.1328537560241777,0.09244618238448052,0.5950574341307008,0.9574464690778645,1
70,Post index partial leakage,no leakage lambda 0,0.6211010734393726,0.7065014350340205,0.08540036159464792,0.11378555902964385,0.48348173933591854,0.9295211307321225,1
71,Post index partial leakage,no leakage lambda 0,0.6390839921873278,0.44115450640432863,-0.19792948578299918,0.1052016698917441,0.23495923341651018,0.6473497793921471,1
72,Post index partial leakage,no leakage lambda 0,0.665872152932713,0.6767127070471233,0.010840554114410317,0.11101721904733473,0.4591189577143472,0.8943064563798994,1
73,Post index partial leakage,no leakage lambda 0,0.6166525127844785,0.57113257800792,-0.04551993477655847,0.11688435500797052,0.34203924219229787,0.8002259138235422,1
74,Post index partial leakage,no leakage lambda 0,0.653285226080657,0.5817681469578376,-0.07151707912281935,0.12351379937034775,0.3396811001919561,0.8238551937237192,1
75,Post index partial leakage,no leakage lambda 0,0.6492418663499374,0.7624938605066611,0.11325199415672371,0.10992996856543905,0.5470311221184005,0.9779565988949217,1
76,Post index partial leakage,no leakage lambda 0,0.6473992441574127,0.6855739720199764,0.03817472786256371,0.1197633814372189,0.4508377444030274,0.9203101996369254,1
77,Post index partial leakage,no leakage lambda 0,0.6415170405359614,0.5701149428889729,-0.07140209764698846,0.11152153509578172,0.35153273410124075,0.7886971516767051,1
78,Post index partial leakage,no leakage lambda 0,0.6527866303309916,0.5118842897889029,-0.14090234054208872,0.10881943840523739,0.2985981905146376,0.7251703890631682,1
79,Post index partial leakage,no leakage lambda 0,0.6534998933578133,0.567401085434768,-0.08609880792304536,0.10504365788106394,0.3615155159878827,0.7732866548816533,1
80,Post index partial leakage,no leakage lambda 0,0.6454677784397855,0.75301968284577,0.1075519044059845,0.11122524872110633,0.5350181953524016,0.9710211703391385,1
81,Post index partial leakage,no leakage lambda 0,0.6522353352952944,0.8664343489102782,0.21419901361498372,0.10309268175499121,0.6643726926704954,1.068496005150061,0
82,Post index partial leakage,no leakage lambda 0,0.6540094644424378,0.5555217195064464,-0.09848774493599144,0.12066672228440123,0.31901494382901996,0.7920284951838727,1
83,Post index partial leakage,no leakage lambda 0,0.6402821144517089,0.6422676199121068,0.001985505460397885,0.09963454146998921,0.44698391863092796,0.8375513211932857,1
84,Post index partial leakage,no leakage lambda 0,0.6388824368095678,0.7339661898454848,0.09508375303591698,0.10113908269657905,0.5357335877601899,0.9321987919307797,1
85,Post index partial leakage,no leakage lambda 0,0.6393484910471345,0.5461072448451268,-0.09324124620200769,0.11305707482437675,0.3245153781893484,0.7676991115009053,1
86,Post index partial leakage,no leakage lambda 0,0.6459603336428017,0.5189142838656714,-0.1270460497771303,0.11325400723473403,0.29693642968559275,0.74089213804575,1
87,Post index partial leakage,no leakage lambda 0,0.6566473298923025,0.5186176587560778,-0.13802967113622466,0.12427297867981217,0.2750426205436459,0.7621926969685097,1
88,Post index partial leakage,no leakage lambda 0,0.6630176296167994,0.7948074859529535,0.13178985633615403,0.11199398818601153,0.5752992691083709,1.014315702797536,1
89,Post index partial leakage,no leakage lambda 0,0.6261997908621416,0.46377307381976796,-0.16242671704237366,0.1195651115069686,0.22942545526610952,0.6981206923734264,1
90,Post index partial leakage,no leakage lambda 0,0.6417687210787666,0.6964683517024433,0.054699630623676665,0.10903937929589609,0.48275116828248693,0.9101855351223995,1
91,Post index partial leakage,no leakage lambda 0,0.6631360459641468,0.7911315976622461,0.12799555169809929,0.1145717886573719,0.5665708918937972,1.015692303430695,1
92,Post index partial leakage,no leakage lambda 0,0.654559202414353,0.7429543135115672,0.08839511109721421,0.11268803052002571,0.5220857736923168,0.9638228533308175,1
93,Post index partial leakage,no leakage lambda 0,0.6465116311804348,0.3679710118982848,-0.27854061928214996,0.11147614781474344,0.14947776218138767,0.586464261615182,0
94,Post index partial leakage,no leakage lambda 0,0.6344282524501659,0.7680875565954871,0.13365930414532123,0.11517654148533527,0.54234153528423,0.9938335779067442,1
95,Post index partial leakage,no leakage lambda 0,0.6411145073438901,0.7101525364423028,0.06903802909841272,0.09636860443320884,0.5212700717532135,0.8990350011313921,1
96,Post index partial leakage,no leakage lambda 0,0.6269554900047603,0.5679305209286186,-0.05902496907614163,0.11396931761409143,0.34455065840499943,0.7913103834522378,1
97,Post index partial leakage,no leakage lambda 0,0.6500338977410177,0.8834076753820927,0.23337377764107503,0.11684944870760793,0.6543827559151812,1.1124325948490044,0
98,Post index partial leakage,no leakage lambda 0,0.6525305800258497,0.7993204997890402,0.14678991976319045,0.10890485689518405,0.5858669802744795,1.012774019303601,1
99,Post index partial leakage,no leakage lambda 0,0.6436543681015074,0.6821211876346128,0.03846681953310538,0.11147705752618743,0.46362615488328546,0.9006162203859402,1
100,Post index partial leakage,no leakage lambda 0,0.6465911332081792,0.8302952435219142,0.18370411031373501,0.10308784457963868,0.6282430681458224,1.032347418898006,1
101,Post index partial leakage,no leakage lambda 0,0.6374968078330939,0.6295181565318019,-0.00797865130129205,0.11645835351502004,0.4012597836423626,0.8577765294212412,1
102,Post index partial leakage,no leakage lambda 0,0.6686410606838893,0.6901547151270302,0.021513654443140906,0.1031327553001559,0.4880145147387246,0.8922949155153358,1
103,Post index partial leakage,no leakage lambda 0,0.6371736321602125,0.4686993543733264,-0.16847427778688612,0.10593941187257128,0.2610581071030867,0.676340601643566,1
104,Post index partial leakage,no leakage lambda 0,0.6409893236608748,0.9662335733154536,0.32524424965457877,0.11205251952682946,0.7466106350428678,1.1858565115880393,0
105,Post index partial leakage,no leakage lambda 0,0.6723333725404605,0.5971111584154511,-0.0752222141250094,0.10831341741091967,0.3848168602900486,0.8094054565408537,1
106,Post index partial leakage,no leakage lambda 0,0.6332289560211298,0.43751958779566175,-0.19570936822546808,0.123621190322288,0.19522205476397728,0.6798171208273462,1
107,Post index partial leakage,no leakage lambda 0,0.6343917769988799,0.5575687875340584,-0.07682298946482158,0.10744482208141908,0.346976936254477,0.7681606388136397,1
108,Post index partial leakage,no leakage lambda 0,0.6301750326874097,0.6016932060990048,-0.028481826588404924,0.12492195356785327,0.3568461771060124,0.8465402350919972,1
109,Post index partial leakage,no leakage lambda 0,0.65656140258265,0.7173202284017427,0.06075882581909264,0.09888545118184346,0.5235047440853295,0.9111357127181559,1
110,Post index partial leakage,no leakage lambda 0,0.6370926951550732,0.600733839739576,-0.036358855415497215,0.1050832615570173,0.39477064708782206,0.8066970323913298,1
111,Post index partial leakage,no leakage lambda 0,0.6330707866967182,0.46107345172959635,-0.17199733496712188,0.11113020532478579,0.2432582492930162,0.6788886541661765,1
112,Post index partial leakage,no leakage lambda 0,0.6630571506344792,0.5876950037596407,-0.07536214687483855,0.1057515200661249,0.38042202443003587,0.7949679830892455,1
113,Post index partial leakage,no leakage lambda 0,0.6450750946982111,0.5761378179024541,-0.06893727679575701,0.10668579138215856,0.3670336667934233,0.7852419690114849,1
114,Post index partial leakage,no leakage lambda 0,0.6384327516230822,0.9801224066680196,0.3416896550449374,0.10196302391197394,0.7802748798005508,1.1799699335354885,0
115,Post index partial leakage,no leakage lambda 0,0.632756808943246,0.6771000126312028,0.044343203687956745,0.10722357302277362,0.4669418095065665,0.8872582157558391,1
116,Post index partial leakage,no leakage lambda 0,0.6338759087943595,0.6008743864487494,-0.03300152234561016,0.10813818450878886,0.3889235448115232,0.8128252280859756,1
117,Post index partial leakage,no leakage lambda 0,0.6356480058329378,0.7443666596298005,0.10871865379686274,0.11467851080999213,0.519596778442216,0.9691365408173851,1
118,Post index partial leakage,no leakage lambda 0,0.6397256214335869,0.5717936628934828,-0.06793195854010414,0.1052920375435877,0.36542126930805086,0.7781660564789147,1
119,Post index partial leakage,no leakage lambda 0,0.6376485045914595,0.6713720939585529,0.03372358936709341,0.11774962018098878,0.4405828384038149,0.902161349513291,1
120,Post index partial leakage,no leakage lambda 0,0.6439351552236074,0.7120400318290873,0.06810487660547981,0.11049465710085932,0.495470503911403,0.9286095597467715,1
121,Post index partial leakage,no leakage lambda 0,0.6155533099899524,0.49820357417512184,-0.11734973581483055,0.11035071337747443,0.28191617595527196,0.7144909723949717,1
122,Post index partial leakage,no leakage lambda 0,0.6541959076052911,0.5091328722947427,-0.14506303531054843,0.11003243419609249,0.2934693012704014,0.724796443319084,1
123,Post index partial leakage,no leakage lambda 0,0.6171438413257573,0.4734803810635015,-0.1436634602622558,0.09967219421158748,0.2781228804087901,0.6688378817182129,1
124,Post index partial leakage,no leakage lambda 0,0.6310185079649946,0.5613637851050233,-0.06965472285997132,0.1252380547234206,0.3158971978471189,0.8068303723629277,1
125,Post index partial leakage,no leakage lambda 0,0.6444226565412733,0.6684605001557677,0.02403784361449446,0.10176716889368613,0.46899684912414297,0.8679241511873925,1
126,Post index partial leakage,no leakage lambda 0,0.6354153131099602,0.6451007161618431,0.009685403051882813,0.11157891612486333,0.42640604055711095,0.8637953917665752,1
127,Post index partial leakage,no leakage lambda 0,0.6447125368933854,0.6969378567301444,0.05222531983675904,0.10941210905256989,0.4824901229871075,0.9113855904731814,1
128,Post index partial leakage,no leakage lambda 0,0.6354668727541207,0.5917896639108302,-0.043677208843290516,0.09901983925555057,0.3977107789699511,0.7858685488517093,1
129,Post index partial leakage,no leakage lambda 0,0.6462820392566023,0.5571413305151963,-0.089140708741406,0.10945918784705476,0.342601322334969,0.7716813386954237,1
130,Post index partial leakage,no leakage lambda 0,0.6437759388792974,0.4899700526733761,-0.15380588620592128,0.10737187993118812,0.27952116800824744,0.7004189373385048,1
131,Post index partial leakage,no leakage lambda 0,0.6605600622841291,0.691088151162658,0.03052808887852887,0.10822124504197725,0.47897451088038256,0.9032017914449334,1
132,Post index partial leakage,no leakage lambda 0,0.6301491646950087,0.6573379719967789,0.0271888073017702,0.10651276528035698,0.4485729520472792,0.8661029919462786,1
133,Post index partial leakage,no leakage lambda 0,0.6691424764023887,0.678844712821937,0.009702236419548371,0.1120417250310011,0.4592429317611749,0.8984464938826991,1
134,Post index partial leakage,no leakage lambda 0,0.6579145138845685,0.6330918036141032,-0.02482271027046523,0.10549818589211349,0.4263153592655608,0.8398682479626456,1
135,Post index partial leakage,no leakage lambda 0,0.643568248048934,0.6248057850388637,-0.01876246301007023,0.10203498149784182,0.4248172213030938,0.8247943487746336,1
136,Post index partial leakage,no leakage lambda 0,0.6427222898548367,0.7717675347897819,0.12904524493494518,0.10512045022372181,0.5657314523512871,0.9778036172282767,1
137,Post index partial leakage,no leakage lambda 0,0.6440270968096895,0.6995576428463666,0.055530546036677064,0.09998676519151142,0.5035835830710041,0.895531702621729,1
138,Post index partial leakage,no leakage lambda 0,0.6436451081880574,0.704477496409866,0.060832388221808587,0.11284386895191303,0.48330351326411647,0.9256514795556156,1
139,Post index partial leakage,no leakage lambda 0,0.6349127067376356,0.6661011200243822,0.031188413286746597,0.11411060044559458,0.4424443431510168,0.8897578968977475,1
140,Post index partial leakage,no leakage lambda 0,0.6652784145072727,0.6933022396056674,0.02802382509839474,0.1186110752338603,0.46082453214730124,0.9257799470640335,1
141,Post index partial leakage,no leakage lambda 0,0.6559949145701457,0.5546661303849613,-0.10132878418518443,0.11736414005419224,0.3246324158787445,0.784699844891178,1
142,Post index partial leakage,no leakage lambda 0,0.6554928981037866,0.7209425009215484,0.0654496028177618,0.10697791707094685,0.5112657834624926,0.9306192183806042,1
143,Post index partial leakage,no leakage lambda 0,0.637139286581022,0.5755842542555861,-0.06155503232543591,0.10363311161702395,0.3724633554862192,0.778705153024953,1
144,Post index partial leakage,no leakage lambda 0,0.6405102814296788,0.6289129673006075,-0.011597314129071279,0.10043435752331646,0.43206162655490726,0.8257643080463077,1
145,Post index partial leakage,no leakage lambda 0,0.653425391753853,0.6286697562367474,-0.02475563551710558,0.11817684419640015,0.3970431416118031,0.8602963708616916,1
146,Post index partial leakage,no leakage lambda 0,0.638455401557925,0.7015097015444458,0.06305429998652079,0.10226135202319685,0.50107745157898,0.9019419515099116,1
147,Post index partial leakage,no leakage lambda 0,0.6296367184841801,0.8048199877028377,0.17518326921865757,0.11665034566369359,0.5761853102019983,1.0334546652036771,1
148,Post index partial leakage,no leakage lambda 0,0.6236118573397045,0.7693245158610474,0.14571265852134296,0.10847802465596529,0.5567075875353555,0.9819414441867393,1
149,Post index partial leakage,no leakage lambda 0,0.6637878695128681,0.7390690963567713,0.07528122684390326,0.11733361431029618,0.5090952123085908,0.9690429804049518,1
150,Post index partial leakage,no leakage lambda 0,0.6308189654560162,0.5003589226985193,-0.1304600427574969,0.12072459954130782,0.263738707597556,0.7369791377994827,1
151,Post index partial leakage,no leakage lambda 0,0.625302792995435,0.7460340674470288,0.12073127445159382,0.10774600497776776,0.534851897690604,0.9572162372034536,1
152,Post index partial leakage,no leakage lambda 0,0.6555852684412439,0.660600045599627,0.005014777158383166,0.10825616582317572,0.44841796058620265,0.8727821306130514,1
153,Post index partial leakage,no leakage lambda 0,0.6160427530377934,0.5934017155348839,-0.022641037502909578,0.10846752533442894,0.38080536587940317,0.8059980651903645,1
154,Post index partial leakage,no leakage lambda 0,0.645215939506521,0.5675383975417622,-0.07767754196475884,0.10596504410452089,0.35984691109690126,0.7752298839866231,1
155,Post index partial leakage,no leakage lambda 0,0.6610323344264756,0.6344286105010745,-0.026603723925401113,0.10986589048508445,0.41909146515030893,0.84976575585184,1
156,Post index partial leakage,no leakage lambda 0,0.6454249141676741,0.788873764079435,0.14344884991176088,0.10880033261198789,0.5756251121599387,1.0021224159989313,1
157,Post index partial leakage,no leakage lambda 0,0.6537753745987147,0.5748426137536676,-0.07893276084504708,0.11077611292601013,0.3577214324186878,0.7919637950886474,1
158,Post index partial leakage,no leakage lambda 0,0.6328269077236334,0.8145338535159302,0.18170694579229685,0.10099341247247166,0.6165867650698857,1.0124809419619747,1
159,Post index partial leakage,no leakage lambda 0,0.6505583297903169,0.7235163546302048,0.07295802483988789,0.10157431994325768,0.5244306875414197,0.9226020217189899,1
160,Post index partial leakage,no leakage lambda 0,0.6453540611157532,0.6710238300887368,0.025669768972983564,0.10819137575782371,0.4589687336034023,0.8830789265740713,1
161,Post index partial leakage,no leakage lambda 0,0.6268452419978887,0.587289450040557,-0.03955579195733172,0.10539652972669125,0.3807122517762421,0.7938666483048719,1
162,Post index partial leakage,no leakage lambda 0,0.6403838657256673,0.6807226648565344,0.04033879913086713,0.11389378454025255,0.45749084715763944,0.9039544825554294,1
163,Post index partial leakage,no leakage lambda 0,0.6340176495805542,0.555087540706532,-0.07893010887402219,0.11059863940955938,0.3383142074637956,0.7718608739492684,1
164,Post index partial leakage,no leakage lambda 0,0.649754510148693,0.7275053259983534,0.07775081584966037,0.11114917450156735,0.5096529439752814,0.9453577080214254,1
165,Post index partial leakage,no leakage lambda 0,0.6440773631271449,0.6646890161986163,0.020611653071471392,0.11325321696449883,0.44271271094819864,0.886665321449034,1
166,Post index partial leakage,no leakage lambda 0,0.62186086165993,0.33214929959445166,-0.2897115620654784,0.09838457423697838,0.13931553408997405,0.5249830650989293,0
167,Post index partial leakage,no leakage lambda 0,0.6434431787846944,0.8186019607297665,0.17515878194507217,0.10745082585516622,0.6079983420536408,1.0292055794058923,1
168,Post index partial leakage,no leakage lambda 0,0.6439445406304602,0.590057478091971,-0.053887062538489294,0.11764310652753426,0.3594769892980038,0.820637966885938,1
169,Post index partial leakage,no leakage lambda 0,0.6699635776965555,0.5873115500949782,-0.0826520276015773,0.1104410490010855,0.37084709405285055,0.8037760061371058,1
170,Post index partial leakage,no leakage lambda 0,0.6371376316016453,0.6363954794546387,-0.0007421521470065695,0.10815246448010542,0.4244166490736321,0.8483743098356453,1
171,Post index partial leakage,no leakage lambda 0,0.6495856704486643,0.7082096006279182,0.058623930179253825,0.11132979679978229,0.4900031989003449,0.9264160023554915,1
172,Post index partial leakage,no leakage lambda 0,0.6626779722842632,0.7897266524532423,0.12704868016897908,0.11261767970127122,0.5689960002387506,1.0104573046677339,1
173,Post index partial leakage,no leakage lambda 0,0.6322488997506832,0.7820283165272838,0.14977941677660056,0.0996447848946762,0.5867245381337185,0.977332094920849,1
174,Post index partial leakage,no leakage lambda 0,0.6676035426882084,0.8652164480970391,0.1976129054088307,0.1028016727031343,0.6637251695988959,1.0667077265951823,1
175,Post index partial leakage,no leakage lambda 0,0.6467364833088101,0.6106347701968449,-0.036101713111965195,0.1136767300106736,0.3878283793759246,0.8334411610177651,1
176,Post index partial leakage,no leakage lambda 0,0.6531352480715663,0.6663971193707661,0.013261871299199757,0.11332208540642648,0.44428583197417015,0.888508406767362,1
177,Post index partial leakage,no leakage lambda 0,0.6331633718092333,0.5376308227532383,-0.09553254905599506,0.10222053120355053,0.33727858159427926,0.7379830639121973,1
178,Post index partial leakage,no leakage lambda 0,0.6505637329061181,0.6495755788511548,-0.0009881540549633305,0.11004140722586547,0.4338944206884585,0.8652567370138511,1
179,Post index partial leakage,no leakage lambda 0,0.6304387232175835,0.5443631863068485,-0.086075536910735,0.10090479141681971,0.3465897951298819,0.7421365774838151,1
180,Post index partial leakage,no leakage lambda 0,0.6438973889598971,0.6697220440053611,0.02582465504546394,0.11152694690197057,0.4511292280774988,0.8883148599332233,1
181,Post index partial leakage,no leakage lambda 0,0.6277020120180322,0.5873347853217864,-0.04036722669624582,0.11654924744338002,0.35889826033276157,0.8157713103108113,1
182,Post index partial leakage,no leakage lambda 0,0.6346036876980311,0.5986471069581317,-0.03595658073989938,0.10585614907314703,0.39116905477476355,0.8061251591415,1
183,Post index partial leakage,no leakage lambda 0,0.617072730236524,0.8137570161087038,0.1966842858721798,0.10678516309729198,0.6044580964380115,1.023055935779396,1
184,Post index partial leakage,no leakage lambda 0,0.6582823634398961,0.6601489189177567,0.001866555477860632,0.11827599916273772,0.4283279605587908,0.8919698772767226,1
185,Post index partial leakage,no leakage lambda 0,0.6615586515262042,0.6300415565134304,-0.03151709501277378,0.10518759393631842,0.4238738723982463,0.8362092406286146,1
186,Post index partial leakage,no leakage lambda 0,0.6296548718674729,0.44504178450927273,-0.1846130873582002,0.10636481116372487,0.23656675462837198,0.6535168143901735,1
187,Post index partial leakage,no leakage lambda 0,0.6573954877980096,0.5167435749610205,-0.14065191283698908,0.110210839780943,0.3007303289903722,0.7327568209316688,1
188,Post index partial leakage,no leakage lambda 0,0.6376938844825043,0.5800626713782953,-0.057631213104209045,0.12900562775990584,0.32721164096887984,0.8329137017877106,1
189,Post index partial leakage,no leakage lambda 0,0.6316081216806526,0.6537079488384986,0.022099827157845975,0.1099797240315878,0.43814768973658647,0.8692682079404107,1
190,Post index partial leakage,no leakage lambda 0,0.6470607107259744,0.6662498035569592,0.0191890928309848,0.1366628468339893,0.39839062376234013,0.9341089833515782,1
191,Post index partial leakage,no leakage lambda 0,0.6418367992200744,0.7752160404397815,0.13337924121970712,0.10178014223313464,0.5757269616628377,0.9747051192167254,1
192,Post index partial leakage,no leakage lambda 0,0.6536297904932684,0.7978060261033195,0.1441762356100511,0.11041862880433645,0.5813855136468201,1.014226538559819,1
193,Post index partial leakage,no leakage lambda 0,0.6590951520614067,0.6925530151993418,0.033457863137935084,0.10386595451973622,0.48897574434065877,0.8961302860580247,1
194,Post index partial leakage,no leakage lambda 0,0.6557495925275761,0.8802286408351276,0.2244790483075515,0.10753404980105949,0.6694619032250511,1.0909953784452042,0
195,Post index partial leakage,no leakage lambda 0,0.6551919470771426,0.5819254386148272,-0.07326650846231542,0.10103900358137027,0.3838889915953414,0.7799618856343129,1
196,Post index partial leakage,no leakage lambda 0,0.6342994529053518,0.49489468451987806,-0.13940476838547378,0.09705507278841358,0.3046667418545874,0.6851226271851687,1
197,Post index partial leakage,no leakage lambda 0,0.6512657836926954,0.635947777977688,-0.01531800571500741,0.11816791102549302,0.40433867236772164,0.8675568835876544,1
198,Post index partial leakage,no leakage lambda 0,0.6530368026480564,0.5895605769702357,-0.06347622567782074,0.11422060241323648,0.36568819624029214,0.8134329577001792,1
199,Post index partial leakage,no leakage lambda 0,0.6628290665825948,0.7572933903640778,0.09446432378148306,0.10852702102813623,0.5445804291489308,0.9700063515792249,1
200,Post index partial leakage,no leakage lambda 0,0.6427334059992265,0.7491439138740554,0.10641050787482897,0.11982957378762142,0.5142779492503174,0.9840098784977934,1
1,Post index partial leakage,partial leakage lambda 0.25,0.6726289069553797,0.3541023872461042,-0.3185265197092755,0.1006605851403829,0.15680764037095374,0.5513971341212547,0
2,Post index partial leakage,partial leakage lambda 0.25,0.6260582507428356,0.4238509747385969,-0.2022072760042387,0.11062162092718433,0.2070325977213156,0.6406693517558781,1
3,Post index partial leakage,partial leakage lambda 0.25,0.6444631074290483,0.3070302816583608,-0.3374328257706875,0.09468401349411636,0.12144961520989278,0.49261094810682887,0
4,Post index partial leakage,partial leakage lambda 0.25,0.6430466923336913,0.2649011526209985,-0.37814553971269277,0.09317175286099265,0.0822845170134529,0.4475177882285441,0
5,Post index partial leakage,partial leakage lambda 0.25,0.6348012933539612,0.4060721449158546,-0.2287291484381066,0.1009891649460835,0.20813338162153094,0.6040109082101782,0
6,Post index partial leakage,partial leakage lambda 0.25,0.6627140373359847,0.3515439833015089,-0.3111700540344758,0.09913342576135827,0.1572424688092467,0.545845497793771,0
7,Post index partial leakage,partial leakage lambda 0.25,0.6528838393552311,0.2125346637993943,-0.44034917555583675,0.09300128575220928,0.03025214372506413,0.3948171838737245,0
8,Post index partial leakage,partial leakage lambda 0.25,0.6247479810606862,0.47681449984117985,-0.14793348121950634,0.09871478355767493,0.28333352406813694,0.6702954756142228,1
9,Post index partial leakage,partial leakage lambda 0.25,0.6738476281593065,0.3540857017889359,-0.31976192637037065,0.09348011669984886,0.17086467305723213,0.5373067305206396,0
10,Post index partial leakage,partial leakage lambda 0.25,0.6613144492331602,0.5607415723957122,-0.10057287683744798,0.09404781156113805,0.37640786173588164,0.7450752830555427,1
11,Post index partial leakage,partial leakage lambda 0.25,0.6547038206757799,0.23785832956286712,-0.4168454911129128,0.0895031162146262,0.06243222178219979,0.4132844373435345,0
12,Post index partial leakage,partial leakage lambda 0.25,0.6473950749173226,0.4637465599096739,-0.18364851500764873,0.09248319692664513,0.28247949393344945,0.6450136258858983,0
13,Post index partial leakage,partial leakage lambda 0.25,0.6381595172083145,0.3623172383546199,-0.27584227885369467,0.09117806257091288,0.18360823571563065,0.5410262409936091,0
14,Post index partial leakage,partial leakage lambda 0.25,0.6523760508512724,0.365167806377738,-0.2872082444735344,0.0958839212971653,0.177235320635294,0.553100292120182,0
15,Post index partial leakage,partial leakage lambda 0.25,0.6409683882514168,0.42241162101108115,-0.21855676724033563,0.09679608327125654,0.23269129779941836,0.612131944222744,0
16,Post index partial leakage,partial leakage lambda 0.25,0.6592504174664258,0.2948675460700893,-0.36438287139633646,0.10594191098231455,0.0872214005447528,0.5025136915954258,0
17,Post index partial leakage,partial leakage lambda 0.25,0.6477683252375145,0.3379081622584943,-0.3098601629790202,0.09549712622148253,0.15073379486438854,0.5250825296526,0
18,Post index partial leakage,partial leakage lambda 0.25,0.6362729330495938,0.24255476398912285,-0.3937181690604709,0.0940608778165209,0.05819544346874189,0.4269140845095038,0
19,Post index partial leakage,partial leakage lambda 0.25,0.6518094463897726,0.37602885409054226,-0.2757805922992303,0.10188041095471287,0.17634324861930503,0.5757144595617795,0
20,Post index partial leakage,partial leakage lambda 0.25,0.6539391548560604,0.4572177128128669,-0.19672144204319347,0.09966092937264376,0.26188229124248513,0.6525531343832487,0
21,Post index partial leakage,partial leakage lambda 0.25,0.6459373458533243,0.29884875701526975,-0.34708858883805455,0.0931510638402127,0.11627267188845286,0.48142484214208664,0
22,Post index partial leakage,partial leakage lambda 0.25,0.6410406316555336,0.2938565232482624,-0.3471841084072712,0.09470069373553316,0.10824316352661739,0.4794698829699074,0
23,Post index partial leakage,partial leakage lambda 0.25,0.6516519178623371,0.29031633207793595,-0.36133558578440117,0.08319236995275783,0.1272592869705306,0.4533733771853413,0
24,Post index partial leakage,partial leakage lambda 0.25,0.6367113838541502,0.43240646148787415,-0.204304922366276,0.10624210920112992,0.22417192745365952,0.6406409955220888,1
25,Post index partial leakage,partial leakage lambda 0.25,0.631235920022475,0.41044053567158795,-0.22079538435088703,0.10227819454873466,0.20997527435606803,0.6109057969871079,0
26,Post index partial leakage,partial leakage lambda 0.25,0.6460595410147687,0.3898874681112485,-0.2561720729035202,0.10667827921653894,0.1807980408468322,0.5989768953756649,0
27,Post index partial leakage,partial leakage lambda 0.25,0.6447179793625099,0.2806929670231622,-0.36402501233934764,0.0861386528054931,0.11186120752439574,0.44952472652192865,0
28,Post index partial leakage,partial leakage lambda 0.25,0.6281464735209552,0.35600414318682905,-0.27214233033412616,0.09465159538118503,0.17048701623970638,0.5415212701339517,0
29,Post index partial leakage,partial leakage lambda 0.25,0.6634787211765493,0.2012212493131034,-0.4622574718634459,0.10245612379228014,0.0004072466802343133,0.40203525194597245,0
30,Post index partial leakage,partial leakage lambda 0.25,0.6298086959063566,0.4502825718114287,-0.17952612409492785,0.09475611458767362,0.2645605872195884,0.636004556403269,1
31,Post index partial leakage,partial leakage lambda 0.25,0.6499153413712555,0.24424172601551009,-0.4056736153557454,0.09524967491730627,0.0575523631775898,0.43093108885343034,0
32,Post index partial leakage,partial leakage lambda 0.25,0.6530200907103985,0.4336250659844425,-0.21939502472595596,0.09905074774412417,0.23948560040595912,0.6277645315629259,0
33,Post index partial leakage,partial leakage lambda 0.25,0.627360924150151,0.3211966798750347,-0.3061642442751163,0.09678650732252443,0.1314951255228868,0.5108982342271826,0
34,Post index partial leakage,partial leakage lambda 0.25,0.6447465625968749,0.3686551498304997,-0.2760914127663752,0.09503769038070649,0.18238127668431497,0.5549290229766843,0
35,Post index partial leakage,partial leakage lambda 0.25,0.6706216375637707,0.057796838427454165,-0.6128247991363165,0.09973117933753115,-0.13767627307410688,0.2532699499290152,0
36,Post index partial leakage,partial leakage lambda 0.25,0.6378698506380202,0.36912875350447927,-0.2687410971335409,0.08981738762717847,0.19308667375520946,0.545170833253749,0
37,Post index partial leakage,partial leakage lambda 0.25,0.6335793527104523,0.4702298942190081,-0.16334945849144417,0.09953223129920556,0.2751467208725652,0.665313067565451,1
38,Post index partial leakage,partial leakage lambda 0.25,0.6484121028026401,0.3708620362187565,-0.27755006658388354,0.09620706394552726,0.1822961908855231,0.55942788155199,0
39,Post index partial leakage,partial leakage lambda 0.25,0.6634336742193966,0.30456466231586815,-0.35886901190352843,0.09875278723146469,0.11100919934219736,0.498120125289539,0
40,Post index partial leakage,partial leakage lambda 0.25,0.6618776355124579,0.24041924538153017,-0.4214583901309278,0.11109771320062982,0.022667727508295737,0.4581707632547646,0
41,Post index partial leakage,partial leakage lambda 0.25,0.6311431010575401,0.40330942316796786,-0.22783367788957226,0.10365653395320157,0.2001426166196928,0.6064762297162429,0
42,Post index partial leakage,partial leakage lambda 0.25,0.6632571808430379,0.4480688508159675,-0.21518833002707038,0.10289695959930238,0.2463908100013348,0.6497468916306002,0
43,Post index partial leakage,partial leakage lambda 0.25,0.6438590864484883,0.17545397994315215,-0.4684051065053362,0.09679654905341369,-0.01426725620153868,0.365175216087843,0
44,Post index partial leakage,partial leakage lambda 0.25,0.6307548801633533,0.29771573971189663,-0.3330391404514567,0.10126298421567671,0.09924029064917028,0.496191188774623,0
45,Post index partial leakage,partial leakage lambda 0.25,0.6051683558032862,0.5088931307452852,-0.09627522505800101,0.09467704272233006,0.3233261270095183,0.6944601344810521,1
46,Post index partial leakage,partial leakage lambda 0.25,0.6431022581982558,0.42048574218350826,-0.22261651601474758,0.09120426779298614,0.24172537730925542,0.599246107057761,0
47,Post index partial leakage,partial leakage lambda 0.25,0.644934136086909,0.26745013561868247,-0.3774840004682265,0.10634711719952927,0.05900978590760511,0.47589048532975986,0
48,Post index partial leakage,partial leakage lambda 0.25,0.6418264814695358,0.3672749134204055,-0.2745515680491303,0.08429270605376332,0.2020612095550294,0.5324886172857817,0
49,Post index partial leakage,partial leakage lambda 0.25,0.615545151750641,0.37011569774969827,-0.24542945400094268,0.09382100087071982,0.18622653604308742,0.5540048594563092,0
50,Post index partial leakage,partial leakage lambda 0.25,0.6462076818064083,0.23482504366494492,-0.41138263814146336,0.0950128292329074,0.048599898368446415,0.4210501889614434,0
51,Post index partial leakage,partial leakage lambda 0.25,0.6522513502722851,0.4347530403150134,-0.2174983099572717,0.09426211402450747,0.24999929682697875,0.619506783803048,0
52,Post index partial leakage,partial leakage lambda 0.25,0.6470610673542323,0.3164017162537935,-0.3306593511004388,0.09814612062626003,0.12403531982632382,0.5087681126812631,0
53,Post index partial leakage,partial leakage lambda 0.25,0.6310744101219525,0.32260937714363797,-0.30846503297831457,0.0886241243347322,0.14890609344756287,0.49631266083971304,0
54,Post index partial leakage,partial leakage lambda 0.25,0.638537612729635,0.20950367811418863,-0.4290339346154464,0.09788316765082651,0.01765266951856867,0.40135468670980856,0
55,Post index partial leakage,partial leakage lambda 0.25,0.615729592291299,0.25284053126501416,-0.3628890610262848,0.09289097872228033,0.07077421296934472,0.4349068495606836,0
56,Post index partial leakage,partial leakage lambda 0.25,0.6561665503897617,0.2933852651746071,-0.36278128521515457,0.10445935388480854,0.08864493156038239,0.49812559878883184,0
57,Post index partial leakage,partial leakage lambda 0.25,0.6569619519737843,0.5053068639649315,-0.15165508800885275,0.09817665008256644,0.3128806298031013,0.6977330981267618,1
58,Post index partial leakage,partial leakage lambda 0.25,0.6436682369312212,0.3531054284055986,-0.2905628085256226,0.10326826477363094,0.15069962944928197,0.5555112273619153,0
59,Post index partial leakage,partial leakage lambda 0.25,0.648844169467632,0.2328611480349811,-0.4159830214326509,0.09696388259760375,0.04281193814367776,0.4229103579262844,0
60,Post index partial leakage,partial leakage lambda 0.25,0.665695352094549,0.4353151113240186,-0.23038024077053038,0.09789428566260205,0.2434423114253186,0.6271879112227187,0
61,Post index partial leakage,partial leakage lambda 0.25,0.6379247074867774,0.36979540171363456,-0.26812930577314287,0.10467554975900409,0.16463132418598656,0.5749594792412825,0
62,Post index partial leakage,partial leakage lambda 0.25,0.6389736076870739,0.2815002959079545,-0.3574733117791194,0.09149478945364119,0.10217050857881776,0.46083008323709124,0
63,Post index partial leakage,partial leakage lambda 0.25,0.6385282037912908,0.2527449517470395,-0.38578325204425135,0.08564894862820074,0.08487301243576603,0.4206168910583129,0
64,Post index partial leakage,partial leakage lambda 0.25,0.6485511064005653,0.2687321605816095,-0.37981894581895587,0.10088774630595519,0.07099217782193731,0.4664721433412816,0
65,Post index partial leakage,partial leakage lambda 0.25,0.6306822003389189,0.2307226821993797,-0.39995951813953917,0.1002337270372319,0.03426457720640516,0.4271807871923542,0
66,Post index partial leakage,partial leakage lambda 0.25,0.6426591572254767,0.31581566753673984,-0.3268434896887369,0.09459481703541857,0.13040982614731944,0.5012215089261602,0
67,Post index partial leakage,partial leakage lambda 0.25,0.6116128537791348,0.23828323286440928,-0.3733296209147255,0.10038605397080684,0.041526567081627885,0.43503989864719067,0
68,Post index partial leakage,partial leakage lambda 0.25,0.6481359153034849,0.35670172910976883,-0.2914341861937161,0.10368788261226708,0.15347347918972534,0.5599299790298123,0
69,Post index partial leakage,partial leakage lambda 0.25,0.6388596927335733,0.1531035248395945,-0.48575616789397885,0.10554600522769048,-0.05376664540667883,0.35997369508586785,0
70,Post index partial leakage,partial leakage lambda 0.25,0.6298033085663676,0.2434752129199955,-0.38632809564637205,0.09158021730249516,0.063977987007105,0.422972438832886,0
71,Post index partial leakage,partial leakage lambda 0.25,0.6488909175872727,0.37256980929881833,-0.27632110828845435,0.09676391933666723,0.1829125273989506,0.5622270911986861,0
72,Post index partial leakage,partial leakage lambda 0.25,0.644116915904682,0.5189161853150064,-0.12520073058967562,0.09038134886012433,0.3417687415491627,0.6960636290808501,1
73,Post index partial leakage,partial leakage lambda 0.25,0.6382184267015969,0.30228848475582215,-0.33592994194577475,0.10369138158933143,0.09905337684073257,0.5055235926709117,0
74,Post index partial leakage,partial leakage lambda 0.25,0.6432569128477633,0.2647773384431461,-0.3784795744046172,0.09030776412647948,0.08777412075524632,0.4417805561310459,0
75,Post index partial leakage,partial leakage lambda 0.25,0.6311528608132262,0.28349345033014367,-0.3476594104830825,0.09839857472956294,0.0906322438602003,0.47635465680008704,0
76,Post index partial leakage,partial leakage lambda 0.25,0.662537117825742,0.2134532822543214,-0.4490838355714206,0.09528806061837576,0.026688683442304906,0.4002178810663379,0
77,Post index partial leakage,partial leakage lambda 0.25,0.6145206543835787,0.38158703451166504,-0.2329336198719137,0.10839915645862055,0.16912468785276874,0.5940493811705614,0
78,Post index partial leakage,partial leakage lambda 0.25,0.6431959902245068,0.3776944767020215,-0.2655015135224853,0.10038989240158147,0.18093028759492183,0.5744586658091212,0
79,Post index partial leakage,partial leakage lambda 0.25,0.6412954274407603,0.33062762207033836,-0.31066780537042193,0.09903111487586574,0.1365266369136415,0.5247286072270352,0
80,Post index partial leakage,partial leakage lambda 0.25,0.6304518593910464,0.31722617034522765,-0.31322568904581877,0.10363734674092744,0.1140969707330099,0.5203553699574455,0
81,Post index partial leakage,partial leakage lambda 0.25,0.6451237052947607,0.3233591641314108,-0.3217645411633499,0.10274165806102549,0.12198551433180085,0.5247328139310208,0
82,Post index partial leakage,partial leakage lambda 0.25,0.6370075289623212,0.40586540246484454,-0.23114212649747662,0.10009654353321368,0.20967617713974573,0.6020546277899433,0
83,Post index partial leakage,partial leakage lambda 0.25,0.6555586455361797,0.33077750595990885,-0.32478113957627086,0.0863987174453099,0.16143601976710145,0.5001189921527163,0
84,Post index partial leakage,partial leakage lambda 0.25,0.6728400992662721,0.44690477651984045,-0.22593532274643163,0.10028335352822829,0.250349403604513,0.6434601494351679,0
85,Post index partial leakage,partial leakage lambda 0.25,0.6281577553827109,0.33611357018494825,-0.29204418519776265,0.10638488778777055,0.12759919012091797,0.5446279502489786,0
86,Post index partial leakage,partial leakage lambda 0.25,0.6456484363860208,0.35094755961567453,-0.29470087677034623,0.10839058249712294,0.13850201792131359,0.5633931013100355,0
87,Post index partial leakage,partial leakage lambda 0.25,0.6524640280150479,0.35949745810643263,-0.29296656990861525,0.10905254717927652,0.14575446563505065,0.5732404505778146,0
88,Post index partial leakage,partial leakage lambda 0.25,0.6275279090427774,0.3318908256994323,-0.29563708334334515,0.10231453825615368,0.1313543307173711,0.5324273206814935,0
89,Post index partial leakage,partial leakage lambda 0.25,0.644345337262032,0.15883187079058392,-0.4855134664714481,0.08730056411572595,-0.01227723487623894,0.3299409764574068,0
90,Post index partial leakage,partial leakage lambda 0.25,0.6530213409569272,0.3768499989316906,-0.27617134202523663,0.09704379903960764,0.1866441528140596,0.5670558450493215,0
91,Post index partial leakage,partial leakage lambda 0.25,0.6472880884389571,0.2991073631641093,-0.34818072527484784,0.09920259949342895,0.10467026815698854,0.49354445817123005,0
92,Post index partial leakage,partial leakage lambda 0.25,0.6390712285384892,0.3626467557539481,-0.2764244727845411,0.09496700351386027,0.176511428866782,0.5487820826411143,0
93,Post index partial leakage,partial leakage lambda 0.25,0.653552706326105,0.41005314207423516,-0.2434995642518698,0.09990737113242708,0.2142346946546781,0.6058715894937923,0
94,Post index partial leakage,partial leakage lambda 0.25,0.6290045815321063,0.38530328680247733,-0.24370129472962893,0.08911206751459627,0.21064363447386864,0.5599629391310861,0
95,Post index partial leakage,partial leakage lambda 0.25,0.6393035032702086,0.17970369162424785,-0.45959981164596075,0.10823825615845084,-0.0324432904463158,0.3918506736948115,0
96,Post index partial leakage,partial leakage lambda 0.25,0.6405205791936679,0.3362184398993106,-0.3043021392943573,0.09970791049093555,0.14079093533707693,0.5316459444615442,0
97,Post index partial leakage,partial leakage lambda 0.25,0.6308724526113363,0.46844230090582584,-0.16243015170551045,0.09338548243785659,0.28540675532762694,0.6514778464840247,1
98,Post index partial leakage,partial leakage lambda 0.25,0.6219137102961333,0.1605845263157317,-0.46132918398040157,0.09001824104554804,-0.01585122613354245,0.33702027876500584,0
99,Post index partial leakage,partial leakage lambda 0.25,0.6281580053561484,0.28340968555648577,-0.34474831979966264,0.09184716209032491,0.10338924785944895,0.4634301232535226,0
100,Post index partial leakage,partial leakage lambda 0.25,0.6235845130567983,0.4328814054500847,-0.1907031076067136,0.09709190518605572,0.24258127128541548,0.6231815396147539,0
101,Post index partial leakage,partial leakage lambda 0.25,0.6634969006274012,0.34003283962606834,-0.32346406100133285,0.09305792998899169,0.15763929684764463,0.522426382404492,0
102,Post index partial leakage,partial leakage lambda 0.25,0.6329286873257529,0.3412833673569176,-0.2916453199688353,0.09256889718166723,0.15984832888084982,0.5227184058329855,0
103,Post index partial leakage,partial leakage lambda 0.25,0.6434497814388149,0.4515545151951382,-0.19189526624367675,0.0919059703659719,0.27141881327783324,0.6316902171124431,0
104,Post index partial leakage,partial leakage lambda 0.25,0.6553878378829721,0.3155586913732466,-0.33982914650972545,0.11408367943068752,0.09195467968909907,0.5391627030573941,0
105,Post index partial leakage,partial leakage lambda 0.25,0.634857992132543,0.27747723613386227,-0.35738075599868074,0.09229128790972493,0.09658631183080141,0.45836816043692313,0
106,Post index partial leakage,partial leakage lambda 0.25,0.636373576754963,0.22246643695186277,-0.41390713980310023,0.0911366085862365,0.04383868412283923,0.4010941897808863,0
107,Post index partial leakage,partial leakage lambda 0.25,0.6440653091865831,0.3708441236033593,-0.27322118558322384,0.10615927937263712,0.1627719360329905,0.5789163111737281,0
108,Post index partial leakage,partial leakage lambda 0.25,0.656163900324373,0.3207632533951689,-0.33540064692920407,0.11278701145602388,0.09970071094136213,0.5418257958489757,0
109,Post index partial leakage,partial leakage lambda 0.25,0.6283091676239392,0.1861551212929053,-0.4421540463310339,0.10831900111601729,-0.026150120894488593,0.3984603634802992,0
110,Post index partial leakage,partial leakage lambda 0.25,0.6418421670085112,0.3169120187935059,-0.32493014821500527,0.09741070530914298,0.12598703638758565,0.5078370011994261,0
111,Post index partial leakage,partial leakage lambda 0.25,0.6315446866007449,0.29643394096960973,-0.3351107456311352,0.09728003556343696,0.10576507126527329,0.4871028106739462,0
112,Post index partial leakage,partial leakage lambda 0.25,0.6573079041611276,0.2011756873160439,-0.4561322168450837,0.09334388503071094,0.01822167265585048,0.3841297019762373,0
113,Post index partial leakage,partial leakage lambda 0.25,0.634002575048501,0.3452486865988429,-0.2887538884496581,0.09461406208490959,0.1598051249124201,0.5306922482852656,0
114,Post index partial leakage,partial leakage lambda 0.25,0.6493247942431568,0.5063570475877965,-0.14296774665536027,0.09819882088091196,0.3138873586612091,0.698826736514384,1
115,Post index partial leakage,partial leakage lambda 0.25,0.6528278268538726,0.19078542278142568,-0.46204240407244695,0.09524926481944923,0.004096863735305184,0.3774739818275462,0
116,Post index partial leakage,partial leakage lambda 0.25,0.6407004722294163,0.5026167901272017,-0.13808368210221456,0.10449298658718094,0.2978105364163271,0.7074230438380764,1
117,Post index partial leakage,partial leakage lambda 0.25,0.6347292846346231,0.1463317751853719,-0.4883975094492512,0.09417029558785034,-0.03824200416681475,0.33090555453755854,0
118,Post index partial leakage,partial leakage lambda 0.25,0.6392526986292746,0.15918046874645675,-0.48007222988281784,0.09952224459758105,-0.035883130664802115,0.3542440681577156,0
119,Post index partial leakage,partial leakage lambda 0.25,0.6374499607709299,0.30593943510497285,-0.331510525665957,0.0941197575274889,0.1214647103510946,0.49041415985885106,0
120,Post index partial leakage,partial leakage lambda 0.25,0.6413354957931823,0.43694566242174226,-0.20438983337144,0.10142203311280537,0.23815847752064373,0.6357328473228407,0
121,Post index partial leakage,partial leakage lambda 0.25,0.6359719408933319,0.4473632112855214,-0.18860872960781044,0.09213748558116315,0.2667737395464417,0.6279526830246012,0
122,Post index partial leakage,partial leakage lambda 0.25,0.6415341580066406,0.4554723267542798,-0.1860618312523608,0.09504676049321059,0.269180676187587,0.6417639773209726,1
123,Post index partial leakage,partial leakage lambda 0.25,0.6269382442857587,0.3309626870562794,-0.2959755572294793,0.09960764235239045,0.13573170804559412,0.5261936660669647,0
124,Post index partial leakage,partial leakage lambda 0.25,0.6401224129390412,0.19635617577204187,-0.44376623716699926,0.11386822731388893,-0.02682554976318044,0.4195379013072642,0
125,Post index partial leakage,partial leakage lambda 0.25,0.6683590081256267,0.2874216745270054,-0.38093733359862125,0.10077422809268276,0.0899041874653472,0.48493916158866357,0
126,Post index partial leakage,partial leakage lambda 0.25,0.622946383482817,0.2846723034542241,-0.3382740800285928,0.09215909418841181,0.10404047884493697,0.4653041280635113,0
127,Post index partial leakage,partial leakage lambda 0.25,0.6471387911593023,0.42646463702583276,-0.22067415413346952,0.09210146341717003,0.2459457687281795,0.606983505323486,0
128,Post index partial leakage,partial leakage lambda 0.25,0.6471862601488839,0.4485523969567367,-0.1986338631921472,0.09995498284061193,0.2526406305891373,0.6444641633243361,0
129,Post index partial leakage,partial leakage lambda 0.25,0.6246866029859286,0.38627197739684216,-0.23841462558908644,0.1036078587677314,0.1832005742120886,0.5893433805815957,0
130,Post index partial leakage,partial leakage lambda 0.25,0.6372146481482245,0.12429933926371836,-0.5129153088845061,0.09700414776494273,-0.0658287903555694,0.3144274688830061,0
131,Post index partial leakage,partial leakage lambda 0.25,0.6622856539283325,0.43739649881913295,-0.22488915510919955,0.10817621265474,0.22537112201584253,0.6494218756224234,0
132,Post index partial leakage,partial leakage lambda 0.25,0.6453357970727946,0.40582879881864087,-0.23950699825415378,0.08532467224609569,0.23859244121629333,0.5730651564209884,0
133,Post index partial leakage,partial leakage lambda 0.25,0.6593381828260483,0.28193403621444735,-0.37740414661160093,0.10595849051457645,0.0742553948058775,0.4896126776230172,0
134,Post index partial leakage,partial leakage lambda 0.25,0.6472866328332728,0.3039530064016087,-0.3433336264316641,0.09732320747535786,0.11319951974990733,0.4947064930533101,0
135,Post index partial leakage,partial leakage lambda 0.25,0.6334368119330255,0.5532844097061882,-0.08015240222683728,0.09086908042947558,0.37518101206441606,0.7313878073479603,1
136,Post index partial leakage,partial leakage lambda 0.25,0.6441351970787947,0.351385222908782,-0.29274997417001275,0.10807802661169845,0.13955229074985304,0.5632181550677109,0
137,Post index partial leakage,partial leakage lambda 0.25,0.6447663183853235,0.2081618783907861,-0.4366044399945374,0.0995707045529515,0.013003297467001157,0.40332045931457106,0
138,Post index partial leakage,partial leakage lambda 0.25,0.6616909307057148,0.3921656257924391,-0.26952530491327575,0.10048882508068141,0.19520752863430352,0.5891237229505746,0
139,Post index partial leakage,partial leakage lambda 0.25,0.646900941184699,0.3016700872099949,-0.3452308539747041,0.10132558617189501,0.10307193831308067,0.5002682361069091,0
140,Post index partial leakage,partial leakage lambda 0.25,0.6300481556305001,0.4096187099579146,-0.2204294456725855,0.08689396171706115,0.23930654499247475,0.5799308749233545,0
141,Post index partial leakage,partial leakage lambda 0.25,0.6264215542103447,0.26934230174337404,-0.3570792524669707,0.10596754549014868,0.06164591258268262,0.4770386909040655,0
142,Post index partial leakage,partial leakage lambda 0.25,0.6425610126241363,0.48542309714126114,-0.1571379154828752,0.09561046653561865,0.29802658273144855,0.6728196115510737,1
143,Post index partial leakage,partial leakage lambda 0.25,0.6613399015606554,0.2917184562172196,-0.3696214453434358,0.09079244864950521,0.11376525686418937,0.4696716555702498,0
144,Post index partial leakage,partial leakage lambda 0.25,0.6485396592233964,0.36094367569766184,-0.28759598352573457,0.08548898382373157,0.19338526740314796,0.5285020839921757,0
145,Post index partial leakage,partial leakage lambda 0.25,0.6314480186827383,0.49242988751765665,-0.1390181311650816,0.10340009992536744,0.28976569166393645,0.6950940833713768,1
146,Post index partial leakage,partial leakage lambda 0.25,0.6460746566730169,0.38259656861724617,-0.2634780880557707,0.10752897111259598,0.17183978523655807,0.5933533519979343,0
147,Post index partial leakage,partial leakage lambda 0.25,0.6385897050080876,0.3839385715245815,-0.25465113348350615,0.09339559939334136,0.20088319671363244,0.5669939463355306,0
148,Post index partial leakage,partial leakage lambda 0.25,0.6654906319443368,0.3479038761369917,-0.3175867558073451,0.1102182197028212,0.13187616551946216,0.5639315867545213,0
149,Post index partial leakage,partial leakage lambda 0.25,0.6453518121697929,0.21902216810135294,-0.42632964406843993,0.1006474571216254,0.021753152142967164,0.41629118405973875,0
150,Post index partial leakage,partial leakage lambda 0.25,0.6325132409637406,0.3615931629306713,-0.27092007803306933,0.09353551270931394,0.17826355802041596,0.5449227678409266,0
151,Post index partial leakage,partial leakage lambda 0.25,0.6632514293509205,0.27994672469105863,-0.3833047046598619,0.09512268786656321,0.09350625647259475,0.4663871929095225,0
152,Post index partial leakage,partial leakage lambda 0.25,0.6601857202989255,0.520382292558026,-0.1398034277408995,0.09725527183756132,0.3297619597564059,0.7110026253596462,1
153,Post index partial leakage,partial leakage lambda 0.25,0.6711955889913124,0.2764262777036329,-0.39476931128767945,0.10574052054190039,0.06917485744150817,0.48367769796575766,0
154,Post index partial leakage,partial leakage lambda 0.25,0.6387315164051814,0.136669182863357,-0.5020623335418244,0.10517639143603233,-0.06947654435126638,0.3428149100779804,0
155,Post index partial leakage,partial leakage lambda 0.25,0.6449953363738928,0.45610871296012934,-0.1888866234137635,0.09756632927843463,0.26487870757439747,0.6473387183458612,1
156,Post index partial leakage,partial leakage lambda 0.25,0.6548810621034761,0.33305030850877654,-0.32183075359469954,0.09446589824161723,0.14789714795520675,0.5182034690623463,0
157,Post index partial leakage,partial leakage lambda 0.25,0.6540242699911797,0.35209387420704985,-0.30193039578412983,0.090069040790362,0.17555855425794034,0.5286291941561594,0
158,Post index partial leakage,partial leakage lambda 0.25,0.6324724752171764,0.33229242710902995,-0.30018004810814647,0.09219299539981322,0.15159415612539603,0.5129906980926638,0
159,Post index partial leakage,partial leakage lambda 0.25,0.638187009530946,0.32030396200841715,-0.3178830475225288,0.10489464814192584,0.11471045165024252,0.5258974723665918,0
160,Post index partial leakage,partial leakage lambda 0.25,0.6399005517843873,0.2670874853741997,-0.37281306641018763,0.09481664913993909,0.08124685305991908,0.4529281176884803,0
161,Post index partial leakage,partial leakage lambda 0.25,0.6359292340821922,0.3712175555882622,-0.26471167849392996,0.10609828822436979,0.1632649106684974,0.579170200508027,0
162,Post index partial leakage,partial leakage lambda 0.25,0.6502703056071304,0.5065576353784976,-0.14371267022863277,0.10483851272459074,0.30107415043829977,0.7120411203186955,1
163,Post index partial leakage,partial leakage lambda 0.25,0.6478455717454885,0.4818564172415694,-0.1659891545039191,0.09552066030254243,0.29463592304858627,0.6690769114345525,1
164,Post index partial leakage,partial leakage lambda 0.25,0.6671845744635136,0.1554367504302763,-0.5117478240332374,0.0902903881682602,-0.021532410379513672,0.33240591124006624,0
165,Post index partial leakage,partial leakage lambda 0.25,0.6472470213974881,0.21591008298503553,-0.4313369384124526,0.09168248081302452,0.03621242059150748,0.3956077453785636,0
166,Post index partial leakage,partial leakage lambda 0.25,0.6345515864216952,0.23476675022094068,-0.3997848362007545,0.10347738439308463,0.031951076810494805,0.43758242363138655,0
167,Post index partial leakage,partial leakage lambda 0.25,0.6247790681098275,0.39264527185731274,-0.2321337962525148,0.10243279441685162,0.19187699480028358,0.593413548914342,0
168,Post index partial leakage,partial leakage lambda 0.25,0.6432190573699527,0.3240404036454024,-0.3191786537245503,0.09240421033914335,0.1429281513806814,0.5051526559101234,0
169,Post index partial leakage,partial leakage lambda 0.25,0.6374581298336726,0.3382813580011247,-0.29917677183254787,0.10226781736364982,0.13783643596837106,0.5387262800338783,0
170,Post index partial leakage,partial leakage lambda 0.25,0.6342440608075982,0.39368360876395914,-0.24056045204363907,0.08742188964990934,0.22233670505013683,0.5650305124777815,0
171,Post index partial leakage,partial leakage lambda 0.25,0.6436998084251804,0.35618283933222106,-0.2875169690929593,0.09947913895747473,0.1612037269755706,0.5511619516888715,0
172,Post index partial leakage,partial leakage lambda 0.25,0.6520736833053362,0.12652819628234283,-0.5255454870229934,0.09634170722547253,-0.062301549879583334,0.31535794244426896,0
173,Post index partial leakage,partial leakage lambda 0.25,0.6424426613209522,0.31721443995268983,-0.32522822136826235,0.11069672062354767,0.10024886753053641,0.5341800123748432,0
174,Post index partial leakage,partial leakage lambda 0.25,0.643787141464192,0.23669696715922076,-0.4070901743049713,0.1096671380602601,0.021749376561110978,0.45164455775733053,0
175,Post index partial leakage,partial leakage lambda 0.25,0.6569414736529895,0.38883901562281903,-0.26810245803017047,0.09222532699881943,0.20807737470513296,0.5696006565405051,0
176,Post index partial leakage,partial leakage lambda 0.25,0.6387982283413768,0.20163496618577606,-0.43716326215560075,0.093723282550974,0.017937332385867033,0.3853325999856851,0
177,Post index partial leakage,partial leakage lambda 0.25,0.6384726702445407,0.2900405624124347,-0.348432107832106,0.08838963019289961,0.11679688723435147,0.46328423759051796,0
178,Post index partial leakage,partial leakage lambda 0.25,0.6406311227357416,0.34618380030094664,-0.294447322434795,0.09825382839757464,0.15360629664170036,0.538761303960193,0
179,Post index partial leakage,partial leakage lambda 0.25,0.6366752434814172,0.4813417730619007,-0.15533347041951656,0.1072293194388851,0.2711723069616859,0.6915112391621154,1
180,Post index partial leakage,partial leakage lambda 0.25,0.625679103069299,0.24928972188793144,-0.37638938118136755,0.08500185396600744,0.08268608811455685,0.41589335566130603,0
181,Post index partial leakage,partial leakage lambda 0.25,0.6612215013976132,0.49567967968458027,-0.1655418217130329,0.11608624267007685,0.2681506440512297,0.7232087153179309,1
182,Post index partial leakage,partial leakage lambda 0.25,0.6378780095791675,0.32110729522938775,-0.31677071434977977,0.10442513645301277,0.11643402778148274,0.5257805626772928,0
183,Post index partial leakage,partial leakage lambda 0.25,0.657977516242753,0.29429080750796094,-0.3636867087347921,0.09775061957889003,0.10269959313333649,0.4858820218825854,0
184,Post index partial leakage,partial leakage lambda 0.25,0.6347726846561905,0.26691391391728087,-0.36785877073890966,0.09787956460051218,0.07506996730027699,0.45875786053428474,0
185,Post index partial leakage,partial leakage lambda 0.25,0.6228737768375572,0.3666285244778044,-0.25624525235975276,0.09741164346709964,0.17570170328228912,0.5575553456733198,0
186,Post index partial leakage,partial leakage lambda 0.25,0.6471301019747605,0.35571073217645294,-0.29141936979830757,0.1054784965617429,0.14897287891543687,0.562448585437469,0
187,Post index partial leakage,partial leakage lambda 0.25,0.6465650403302723,0.3522850733779628,-0.2942799669523095,0.09616157360135398,0.16380838911930898,0.5407617576366166,0
188,Post index partial leakage,partial leakage lambda 0.25,0.6339375369381606,0.26021644177372405,-0.3737210951644365,0.09645429107479174,0.07116603126713225,0.4492668522803158,0
189,Post index partial leakage,partial leakage lambda 0.25,0.6586711151726936,0.26544781886085406,-0.39322329631183955,0.08818805635254509,0.09259922840986567,0.43829640931184244,0
190,Post index partial leakage,partial leakage lambda 0.25,0.6370119999890411,0.2952329281840541,-0.341779071804987,0.09730331232885112,0.10451843601950592,0.4859474203486023,0
191,Post index partial leakage,partial leakage lambda 0.25,0.634471449874524,0.3914509737687578,-0.24302047610576616,0.09592467422858496,0.2034386122807313,0.5794633352567844,0
192,Post index partial leakage,partial leakage lambda 0.25,0.651271118667192,0.35282246070782164,-0.29844865795937037,0.1011502785774501,0.15456791469601944,0.5510770067196238,0
193,Post index partial leakage,partial leakage lambda 0.25,0.6365482458716685,0.249319285410294,-0.38722896046137445,0.09064953331082957,0.07164620012106804,0.42699237069951995,0
194,Post index partial leakage,partial leakage lambda 0.25,0.6244584242811685,0.173834528328973,-0.4506238959521955,0.09574428181071072,-0.013824264020020016,0.361493320677966,0
195,Post index partial leakage,partial leakage lambda 0.25,0.6673896557679826,0.35722650435070563,-0.31016315141727696,0.08842865734995596,0.18390633594479194,0.5305466727566193,0
196,Post index partial leakage,partial leakage lambda 0.25,0.642744815486261,0.3867737428373081,-0.25597107264895286,0.08727907144832694,0.21570676279858728,0.5578407228760289,0
197,Post index partial leakage,partial leakage lambda 0.25,0.6588028377728631,0.35714221758874665,-0.30166062018411643,0.09138837286659292,0.17802100677022453,0.5362634284072687,0
198,Post index partial leakage,partial leakage lambda 0.25,0.6400267341394938,0.3859185174025311,-0.25410821673696277,0.10183103920369702,0.18632968056328494,0.5855073542417772,0
199,Post index partial leakage,partial leakage lambda 0.25,0.6527892286173749,0.6306395528174729,-0.022149675799902013,0.10732876523080885,0.42027517296508754,0.8410039326698582,1
200,Post index partial leakage,partial leakage lambda 0.25,0.6483107460950038,0.4165015412006277,-0.23180920489437612,0.09483815445342376,0.23061875847191712,0.6023843239293383,0
1,Post index partial leakage,partial leakage lambda 0.50,0.6246490256584415,0.3273010819119319,-0.2973479437465096,0.10260372050095191,0.12619778973006615,0.5284043740937977,0
2,Post index partial leakage,partial leakage lambda 0.50,0.6295766489743702,0.0029366015233541682,-0.626640047451016,0.1044565483440347,-0.20179823323095383,0.20767143627766219,0
3,Post index partial leakage,partial leakage lambda 0.50,0.6533753127517594,0.3198399339016205,-0.3335353788501389,0.09451830505018874,0.1345840560032506,0.5050958117999904,0
4,Post index partial leakage,partial leakage lambda 0.50,0.6494591036502126,0.25559619049403526,-0.3938629131561774,0.08621954154775459,0.08660588906043626,0.42458649192763426,0
5,Post index partial leakage,partial leakage lambda 0.50,0.6576512499324643,0.14261541173138736,-0.5150358382010769,0.09013559690929979,-0.03405035821084021,0.31928118167361497,0
6,Post index partial leakage,partial leakage lambda 0.50,0.6463019515662798,0.23505308862854835,-0.41124886293773144,0.09843499981749512,0.04212048898625792,0.42798568827083877,0
7,Post index partial leakage,partial leakage lambda 0.50,0.642660422572133,0.35928064005517446,-0.2833797825169585,0.08752585204443093,0.18772997004808983,0.530831310062259,0
8,Post index partial leakage,partial leakage lambda 0.50,0.6318634235029627,0.2061899670127764,-0.4256734564901863,0.09020325344162071,0.029391590267199813,0.382988343758353,0
9,Post index partial leakage,partial leakage lambda 0.50,0.6534066241362555,0.3058319717609125,-0.347574652375343,0.08913321802076164,0.13113086444021965,0.4805330790816053,0
10,Post index partial leakage,partial leakage lambda 0.50,0.648327838757613,0.23956661201344293,-0.4087612267441701,0.1129593129103789,0.018166358709100272,0.4609668653177856,0
11,Post index partial leakage,partial leakage lambda 0.50,0.6658641795882562,0.21344171513734514,-0.45242246445091105,0.09635694505285622,0.024582102833746955,0.4023013274409433,0
12,Post index partial leakage,partial leakage lambda 0.50,0.6482703132580372,0.21999570824944806,-0.42827460500858916,0.09586613268958336,0.03209808817786469,0.4078933283210314,0
13,Post index partial leakage,partial leakage lambda 0.50,0.6539481905699562,0.16221079758195045,-0.4917373929880058,0.09200608192614497,-0.018121122993293687,0.3425427181571946,0
14,Post index partial leakage,partial leakage lambda 0.50,0.6300657119229878,0.192476102108955,-0.4375896098140328,0.1004498908128093,-0.004405683884151246,0.38935788810206123,0
15,Post index partial leakage,partial leakage lambda 0.50,0.6393229519647391,0.07262600614656045,-0.5666969458181786,0.10155069374580446,-0.12641335359521627,0.2716653658883372,0
16,Post index partial leakage,partial leakage lambda 0.50,0.6212041059461875,0.16767073719813289,-0.4535333687480546,0.09437006748112226,-0.01729459506486672,0.35263606946113246,0
17,Post index partial leakage,partial leakage lambda 0.50,0.6305557169167972,0.14596060224398072,-0.4845951146728165,0.0942533775990256,-0.03877601785010948,0.3306972223380709,0
18,Post index partial leakage,partial leakage lambda 0.50,0.649287767011992,0.19365871528304973,-0.45562905172894225,0.0956594366668088,0.006166219416104485,0.38115121114999495,0
19,Post index partial leakage,partial leakage lambda 0.50,0.6518524359298701,0.28087180988918764,-0.37098062604068244,0.10513683716372697,0.07480360904828279,0.4869400107300925,0
20,Post index partial leakage,partial leakage lambda 0.50,0.6657443014666731,0.28109074977164006,-0.384653551695033,0.10152476727823175,0.08210220590630585,0.48007929363697427,0
21,Post index partial leakage,partial leakage lambda 0.50,0.6338002950771859,0.13226908662143885,-0.5015312084557471,0.08456813395353284,-0.0334844559274855,0.2980226291703632,0
22,Post index partial leakage,partial leakage lambda 0.50,0.6515077782417233,0.39994698176583243,-0.2515607964758909,0.09100909365812292,0.22156915819591153,0.5783248053357534,0
23,Post index partial leakage,partial leakage lambda 0.50,0.6517353354846853,0.3146248166726783,-0.33711051881200704,0.11481704531701124,0.08958340785133626,0.5396662254940203,0
24,Post index partial leakage,partial leakage lambda 0.50,0.6376526276969627,0.24900941762212414,-0.3886432100748386,0.09234491882272655,0.0680133767295801,0.4300054585146682,0
25,Post index partial leakage,partial leakage lambda 0.50,0.6627923157003173,0.18421243945773016,-0.47857987624258713,0.09073094332422735,0.006379790542244579,0.36204508837321575,0
26,Post index partial leakage,partial leakage lambda 0.50,0.6429457396440523,0.10434700889938266,-0.5385987307446697,0.10061721115602754,-0.09286272496643132,0.3015567427651966,0
27,Post index partial leakage,partial leakage lambda 0.50,0.6696167892869038,0.14690291137842565,-0.5227138779084781,0.10381266994186557,-0.056569921707630866,0.35037574446448216,0
28,Post index partial leakage,partial leakage lambda 0.50,0.6469081029944739,0.17847505814958817,-0.4684330448448857,0.09310997791460922,-0.004020498563045899,0.36097061486222226,0
29,Post index partial leakage,partial leakage lambda 0.50,0.647609757507444,0.08097099300524718,-0.5666387645021969,0.09751251323249514,-0.1101535329304433,0.27209551894093764,0
30,Post index partial leakage,partial leakage lambda 0.50,0.6239689653496608,0.22731650893045766,-0.3966524564192032,0.09062473957057127,0.04969201937213796,0.40494099848877735,0
31,Post index partial leakage,partial leakage lambda 0.50,0.6532538265894194,0.2556605943488249,-0.39759323224059456,0.08827107488790281,0.08264928756853537,0.42867190112911435,0
32,Post index partial leakage,partial leakage lambda 0.50,0.6648584721847524,0.39458321747269504,-0.2702752547120573,0.10110227004922344,0.1964227681762171,0.592743666769173,0
33,Post index partial leakage,partial leakage lambda 0.50,0.6649525273837693,0.15559833103798063,-0.5093541963457887,0.0961866459444888,-0.0329274950132174,0.34412415708917865,0
34,Post index partial leakage,partial leakage lambda 0.50,0.6353683321239756,0.27126531015675875,-0.36410302196721683,0.1036328411640868,0.06814494147514863,0.4743856788383689,0
35,Post index partial leakage,partial leakage lambda 0.50,0.641330258111471,0.17828586113029216,-0.4630443969811789,0.08989800916742885,0.002085763162131604,0.3544859590984527,0
36,Post index partial leakage,partial leakage lambda 0.50,0.6287779294639271,0.10121427661870067,-0.5275636528452264,0.08833339138658354,-0.07191917049900307,0.27434772373640437,0
37,Post index partial leakage,partial leakage lambda 0.50,0.6480603925582078,0.23954812757864238,-0.4085122649795654,0.09646383963214979,0.05047900189962881,0.428617253257656,0
38,Post index partial leakage,partial leakage lambda 0.50,0.6611479553873878,0.1555126202968426,-0.5056353350905451,0.11054600014311429,-0.06115753998366141,0.3721827805773466,0
39,Post index partial leakage,partial leakage lambda 0.50,0.6496382726531368,0.292637085937459,-0.35700118671567777,0.10432855864630383,0.0881531109907035,0.49712106088421454,0
40,Post index partial leakage,partial leakage lambda 0.50,0.6634628692603429,0.29911635917557067,-0.36434651008477226,0.09484434261152767,0.11322144765697642,0.48501127069416494,0
41,Post index partial leakage,partial leakage lambda 0.50,0.6655088625914612,0.41344185477211115,-0.2520670078193501,0.10353828856983004,0.21050680917524428,0.6163769003689781,0
42,Post index partial leakage,partial leakage lambda 0.50,0.638521580644078,0.006017725629190122,-0.6325038550148879,0.09115238517181441,-0.17264094930756613,0.18467640056594636,0
43,Post index partial leakage,partial leakage lambda 0.50,0.6282978824600923,0.17875274625297222,-0.4495451362071201,0.10225693605327787,-0.02167084841145242,0.3791763409173968,0
44,Post index partial leakage,partial leakage lambda 0.50,0.6451685338334017,0.36731879003992246,-0.2778497437934792,0.08426403565794273,0.20216128015035473,0.5324762999294902,0
45,Post index partial leakage,partial leakage lambda 0.50,0.6491247185729481,0.3174956941070324,-0.3316290244659157,0.09237555286255542,0.13643961049642378,0.498551777717641,0
46,Post index partial leakage,partial leakage lambda 0.50,0.6466781868630536,0.3318521221425625,-0.3148260647204911,0.08818145087419313,0.15901647842914396,0.504687765855981,0
47,Post index partial leakage,partial leakage lambda 0.50,0.6507715745547381,0.15021349804560688,-0.5005580765091312,0.0927930921517667,-0.031660962571855855,0.3320879586630696,0
48,Post index partial leakage,partial leakage lambda 0.50,0.6462299090484972,0.1581138745442718,-0.48811603450422536,0.0885598369850571,-0.015463405946440079,0.3316911550349837,0
49,Post index partial leakage,partial leakage lambda 0.50,0.6523484902711841,0.1745891162772271,-0.47775937399395707,0.10555714315981955,-0.032302884316019215,0.38148111687047337,0
50,Post index partial leakage,partial leakage lambda 0.50,0.6416421446857624,0.17591984054606175,-0.46572230413970067,0.09904329297037218,-0.018205013675867715,0.3700446947679912,0
51,Post index partial leakage,partial leakage lambda 0.50,0.6483386264509828,0.12373643979287904,-0.5246021866581038,0.10318517828139553,-0.07850650963865621,0.3259793892244143,0
52,Post index partial leakage,partial leakage lambda 0.50,0.6552225883655921,0.20507006619572477,-0.45015252216986734,0.09853039888779279,0.01195048437565091,0.3981896480157986,0
53,Post index partial leakage,partial leakage lambda 0.50,0.6452461733708401,0.08871681472744386,-0.5565293586433963,0.09670296140538377,-0.10082098962710834,0.27825461908199606,0
54,Post index partial leakage,partial leakage lambda 0.50,0.6453113107256896,0.27658947765294145,-0.36872183307274814,0.09065232550724078,0.09891091965874951,0.45426803564713336,0
55,Post index partial leakage,partial leakage lambda 0.50,0.6362484430821144,0.3860093125487415,-0.2502391305333729,0.09717711431173914,0.19554216849773276,0.5764764565997502,0
56,Post index partial leakage,partial leakage lambda 0.50,0.6745423527342529,0.2060101769094545,-0.4685321758247984,0.08789880599203649,0.03372851716506298,0.378291836653846,0
57,Post index partial leakage,partial leakage lambda 0.50,0.6611656815499877,0.26998353183840945,-0.3911821497115782,0.10081141836500025,0.07239315184300896,0.4675739118338099,0
58,Post index partial leakage,partial leakage lambda 0.50,0.6539649877328558,0.4130179175614559,-0.24094707017139994,0.09955645879558933,0.21788725832210082,0.608148576800811,0
59,Post index partial leakage,partial leakage lambda 0.50,0.660998202083195,0.22011414854643535,-0.4408840535367597,0.09632056765056721,0.03132583595132363,0.40890246114154705,0
60,Post index partial leakage,partial leakage lambda 0.50,0.6355258948633679,0.07500996206705643,-0.5605159327963114,0.08532106752856257,-0.0922193302889262,0.24223925442303906,0
61,Post index partial leakage,partial leakage lambda 0.50,0.650080640271494,0.17911099007097167,-0.4709696502005224,0.09874774299642154,-0.014434586202014543,0.3726565663439579,0
62,Post index partial leakage,partial leakage lambda 0.50,0.649068004905773,0.17953205455588306,-0.46953595034988993,0.0947304626102718,-0.00613965216024967,0.3652037612720158,0
63,Post index partial leakage,partial leakage lambda 0.50,0.6430330480072275,0.23280815454403922,-0.41022489346318824,0.0981580746540135,0.040418328222172784,0.42519798086590566,0
64,Post index partial leakage,partial leakage lambda 0.50,0.6453642181698928,0.177915242972555,-0.46744897519733775,0.09330619062058616,-0.004964890643793879,0.3607953765889039,0
65,Post index partial leakage,partial leakage lambda 0.50,0.6471493562040096,0.49724985172253144,-0.14989950448147815,0.09662901240286205,0.30785698741292183,0.6866427160321411,1
66,Post index partial leakage,partial leakage lambda 0.50,0.630395414459618,0.2885534708947648,-0.3418419435648532,0.09795731454020346,0.09655713439596603,0.48054980739356357,0
67,Post index partial leakage,partial leakage lambda 0.50,0.6547294728429791,0.11123123040312248,-0.5434982424398567,0.11092719742852096,-0.1061860765567786,0.3286485373630236,0
68,Post index partial leakage,partial leakage lambda 0.50,0.6526293286860211,0.25054970068861687,-0.4020796279974042,0.09096064969641608,0.07226682728364137,0.4288325740935924,0
69,Post index partial leakage,partial leakage lambda 0.50,0.629815238474966,0.20274595629936024,-0.4270692821756058,0.09359716147359722,0.01929551981110969,0.38619639278761075,0
70,Post index partial leakage,partial leakage lambda 0.50,0.6502727300932669,0.17199934233156366,-0.47827338776170325,0.09289268245282853,-0.010070315275980235,0.35406899993910756,0
71,Post index partial leakage,partial leakage lambda 0.50,0.6684272889274903,0.13995119562973427,-0.528476093297756,0.10746517223744241,-0.07068054195565285,0.35058293321512135,0
72,Post index partial leakage,partial leakage lambda 0.50,0.6260030682530293,0.21844863482003146,-0.40755443343299785,0.09789137719773074,0.026581535512479215,0.4103157341275837,0
73,Post index partial leakage,partial leakage lambda 0.50,0.6582957718950854,0.3268054329904353,-0.3314903389046501,0.10499692012608597,0.1210114695433068,0.5325993964375638,0
74,Post index partial leakage,partial leakage lambda 0.50,0.6384046741316863,0.24112870798427105,-0.3972759661474153,0.09682318089071983,0.05135527343846019,0.4309021425300819,0
75,Post index partial leakage,partial leakage lambda 0.50,0.623033822930515,0.25596882154739076,-0.36706500138312426,0.09315632251017876,0.07338242942744039,0.4385552136673411,0
76,Post index partial leakage,partial leakage lambda 0.50,0.6423504860905428,0.21344291388491377,-0.42890757220562903,0.10073792048760859,0.015996589729200927,0.4108892380406266,0
77,Post index partial leakage,partial leakage lambda 0.50,0.6508981698976741,0.18475766176521144,-0.46614050813246266,0.09724182473217356,-0.0058363147098487445,0.3753516382402716,0
78,Post index partial leakage,partial leakage lambda 0.50,0.6407747150979373,0.17671194778236654,-0.4640627673155707,0.0993050180307113,-0.01792588755782762,0.37134978312256073,0
79,Post index partial leakage,partial leakage lambda 0.50,0.653700654918379,0.13555811131390957,-0.5181425436044694,0.10053783738866393,-0.061496049967871724,0.33261227259569087,0
80,Post index partial leakage,partial leakage lambda 0.50,0.647279531298003,0.27463097375362727,-0.3726485575443757,0.09226165634492471,0.09379812731757484,0.4554638201896797,0
81,Post index partial leakage,partial leakage lambda 0.50,0.6453824804911544,0.3096797117707124,-0.335702768720442,0.10053591625644015,0.11262931590808972,0.506730107633335,0
82,Post index partial leakage,partial leakage lambda 0.50,0.6234903957089039,0.042753303550407934,-0.5807370921584959,0.08413928073842021,-0.12215968669689567,0.20766629379771154,0
83,Post index partial leakage,partial leakage lambda 0.50,0.6524075248908,0.21401860958824231,-0.4383889153025577,0.09601194825079586,0.02583519101668244,0.4022020281598022,0
84,Post index partial leakage,partial leakage lambda 0.50,0.6729916453199954,0.21419801268377422,-0.4587936326362212,0.08821240861259995,0.04130169180307833,0.3870943335644701,0
85,Post index partial leakage,partial leakage lambda 0.50,0.6208628703984753,0.04467479882575673,-0.5761880715727186,0.08954795123615446,-0.130839185597106,0.22018878324861946,0
86,Post index partial leakage,partial leakage lambda 0.50,0.6374434655081691,0.26645709196076817,-0.37098637354740094,0.09855719214089488,0.07328499536461419,0.45962918855692214,0
87,Post index partial leakage,partial leakage lambda 0.50,0.6353842426740474,0.116470152782488,-0.5189140898915594,0.09430914220439693,-0.06837576593812998,0.30131607150310596,0
88,Post index partial leakage,partial leakage lambda 0.50,0.6368310073474562,0.17547180377700747,-0.4613592035704488,0.09519953309721946,-0.011119281093542654,0.3620628886475576,0
89,Post index partial leakage,partial leakage lambda 0.50,0.6484002190545508,0.17450193720073176,-0.47389828185381905,0.09218689140443667,-0.006184369951964114,0.35518824435342766,0
90,Post index partial leakage,partial leakage lambda 0.50,0.5936947019402065,-0.006937302468355091,-0.6006320044085616,0.09753707326293462,-0.19810996606370693,0.18423536112699676,0
91,Post index partial leakage,partial leakage lambda 0.50,0.6201522694339489,0.25853941305446687,-0.361612856379482,0.08787924329947105,0.08629609618750361,0.43078272992143013,0
92,Post index partial leakage,partial leakage lambda 0.50,0.652020017755492,0.18761468649582938,-0.46440533125966266,0.11175607600592893,-0.03142722247579133,0.4066565954674501,0
93,Post index partial leakage,partial leakage lambda 0.50,0.6472216124855447,0.10834874914683758,-0.5388728633387071,0.09316477892089915,-0.07425421753812476,0.2909517158317999,0
94,Post index partial leakage,partial leakage lambda 0.50,0.6363077966467461,0.19428239448931306,-0.442025402157433,0.10243808298923203,-0.00649624816958172,0.39506103714820784,0
95,Post index partial leakage,partial leakage lambda 0.50,0.654910831479607,0.34852287307444,-0.306387958405167,0.09984216461861659,0.15283223042195151,0.5442135157269286,0
96,Post index partial leakage,partial leakage lambda 0.50,0.6602824974005703,0.0913736350991621,-0.5689088623014082,0.09827095748497877,-0.10123744157139627,0.2839847117697205,0
97,Post index partial leakage,partial leakage lambda 0.50,0.6666531607565733,0.2128632615627767,-0.45378989919379664,0.08888558618053499,0.03864751264892813,0.3870790104766253,0
98,Post index partial leakage,partial leakage lambda 0.50,0.6405007434780386,0.3357085596573938,-0.3047921838206448,0.09319542282888552,0.15304553091277823,0.5183715884020095,0
99,Post index partial leakage,partial leakage lambda 0.50,0.6647911463949253,0.2495975188761469,-0.4151936275187784,0.0870839360500011,0.07891300421814473,0.42028203353414906,0
100,Post index partial leakage,partial leakage lambda 0.50,0.6532484380230466,0.18201668240051755,-0.471231755622529,0.10013882249400938,-0.014255409687740833,0.37828877448877596,0
101,Post index partial leakage,partial leakage lambda 0.50,0.6451289251490196,0.23605332537493157,-0.4090755997740881,0.09550974850470406,0.0488542183057116,0.42325243244415156,0
102,Post index partial leakage,partial leakage lambda 0.50,0.6507646894182668,0.08714012346290921,-0.5636245659553576,0.09574960847757058,-0.10052910915312911,0.2748093560789475,0
103,Post index partial leakage,partial leakage lambda 0.50,0.6434921984421723,0.3291099814730844,-0.3143822169690879,0.09689806112957376,0.13918978165911983,0.519030181287049,0
104,Post index partial leakage,partial leakage lambda 0.50,0.650883773381121,0.23010905975383666,-0.42077471362728436,0.10124226256313863,0.03167422513008494,0.4285438943775884,0
105,Post index partial leakage,partial leakage lambda 0.50,0.6312776154356333,0.1952286873852089,-0.4360489280504244,0.0922645751608656,0.014390120069912332,0.3760672547005055,0
106,Post index partial leakage,partial leakage lambda 0.50,0.6222853024513428,0.11265419695197687,-0.509631105499366,0.08883615323440211,-0.06146466338745127,0.286773057291405,0
107,Post index partial leakage,partial leakage lambda 0.50,0.6312287723878344,0.3189949510968735,-0.3122338212909609,0.09895837334260887,0.1250365393453601,0.5129533628483869,0
108,Post index partial leakage,partial leakage lambda 0.50,0.6507298122863842,0.2966940083201485,-0.3540358039662357,0.08371655583336085,0.1326095588867612,0.46077845775353576,0
109,Post index partial leakage,partial leakage lambda 0.50,0.6481994148500407,0.12561782381282374,-0.522581591037217,0.0974708674463607,-0.06542507638204323,0.31666072400769074,0
110,Post index partial leakage,partial leakage lambda 0.50,0.6265791725790303,0.23221026859876448,-0.3943689039802658,0.08733651142433241,0.06103070620707296,0.403389830990456,0
111,Post index partial leakage,partial leakage lambda 0.50,0.6448155946509345,0.1914878319667265,-0.45332776268420805,0.08677307934623649,0.021412596448102977,0.36156306748535005,0
112,Post index partial leakage,partial leakage lambda 0.50,0.6630525924950985,0.09052775938582662,-0.5725248331092719,0.09678458917562369,-0.09917003539839579,0.280225554170049,0
113,Post index partial leakage,partial leakage lambda 0.50,0.6446304659509973,0.22948816885253223,-0.41514229709846506,0.09104050422384753,0.05104878057379106,0.4079275571312734,0
114,Post index partial leakage,partial leakage lambda 0.50,0.6222580963765432,0.3041443249675601,-0.31811377140898306,0.10083098507391235,0.10651559422269191,0.5017730557124283,0
115,Post index partial leakage,partial leakage lambda 0.50,0.6601339400399557,0.31753443991745045,-0.3425995001225053,0.0977232843626362,0.1259968025666835,0.5090720772682173,0
116,Post index partial leakage,partial leakage lambda 0.50,0.615851403416986,0.08131438035719574,-0.5345370230597902,0.09064085842058868,-0.09634170214715806,0.25897046286154957,0
117,Post index partial leakage,partial leakage lambda 0.50,0.6123684712363603,0.10197062339450755,-0.5103978478418527,0.09128096096037978,-0.07694006008783683,0.2808813068768519,0
118,Post index partial leakage,partial leakage lambda 0.50,0.654467973363436,0.1706097875820287,-0.48385818578140727,0.08859607038730498,-0.0030385103770890765,0.34425808554114645,0
119,Post index partial leakage,partial leakage lambda 0.50,0.648721948423843,0.32787908801536236,-0.32084286040848065,0.09519390085622267,0.14129904233716592,0.5144591336935588,0
120,Post index partial leakage,partial leakage lambda 0.50,0.6450561278910452,0.3844019898556638,-0.26065413803538134,0.09685790536102809,0.19456049534804876,0.5742434843632789,0
121,Post index partial leakage,partial leakage lambda 0.50,0.6303293505078458,0.17816501425713535,-0.4521643362507104,0.09130066405385971,-0.0007842872884296914,0.35711431580270037,0
122,Post index partial leakage,partial leakage lambda 0.50,0.6406766180398326,0.24722750636905216,-0.3934491116707804,0.09585840370162024,0.05934503511387648,0.4351099776242279,0
123,Post index partial leakage,partial leakage lambda 0.50,0.6414423460065588,0.21919999002181417,-0.42224235598474463,0.09500533276126168,0.03298953780974129,0.40541044223388706,0
124,Post index partial leakage,partial leakage lambda 0.50,0.6661709281853208,0.33773832972420986,-0.3284325984611109,0.09412317758057168,0.15325690166628939,0.5222197577821304,0
125,Post index partial leakage,partial leakage lambda 0.50,0.6528673409545975,0.2549635256315264,-0.3979038153230711,0.09277566558509755,0.07312322108473523,0.4368038301783176,0
126,Post index partial leakage,partial leakage lambda 0.50,0.6362545375559292,0.18531229487779782,-0.4509422426781314,0.08981882390457557,0.009267400024829703,0.3613571897307659,0
127,Post index partial leakage,partial leakage lambda 0.50,0.6287281854458153,0.20262129896744127,-0.426106886478374,0.09474493566318203,0.016921225067604517,0.388321372867278,0
128,Post index partial leakage,partial leakage lambda 0.50,0.6454423735558877,0.0998296862276987,-0.545612687328189,0.09395669647290168,-0.08432543885918861,0.28398481131458597,0
129,Post index partial leakage,partial leakage lambda 0.50,0.6423784942807456,0.15516892044678451,-0.487209573833961,0.0942288822829931,-0.029519688827881974,0.339857529721451,0
130,Post index partial leakage,partial leakage lambda 0.50,0.6370375166536383,0.2141674798104627,-0.4228700368431756,0.09275959096708715,0.03235868151497187,0.3959762781059535,0
131,Post index partial leakage,partial leakage lambda 0.50,0.6303207126311066,0.11163122023914693,-0.5186894923919596,0.09843594268584413,-0.08130322742510757,0.30456566790340145,0
132,Post index partial leakage,partial leakage lambda 0.50,0.6379565145154679,0.15652911966820876,-0.4814273948472591,0.08346112976448679,-0.007054694670185352,0.3201129340066029,0
133,Post index partial leakage,partial leakage lambda 0.50,0.6546147663253125,0.3489476875292528,-0.30566707879605964,0.1044312604179064,0.14426241711015628,0.5536329579483493,0
134,Post index partial leakage,partial leakage lambda 0.50,0.6508176459487821,0.14896313096703329,-0.5018545149817488,0.09655330483057095,-0.04028134650088577,0.33820760843495234,0
135,Post index partial leakage,partial leakage lambda 0.50,0.6450240381818034,0.2085007290181171,-0.4365233091636863,0.0903699014046433,0.031375722265016226,0.38562573577121795,0
136,Post index partial leakage,partial leakage lambda 0.50,0.6357781989859129,0.19022442657127647,-0.44555377241463645,0.09179437290680492,0.010307455673938842,0.3701413974686141,0
137,Post index partial leakage,partial leakage lambda 0.50,0.6215576881849252,0.21790599495063648,-0.40365169323428873,0.08439678067848312,0.05248830482080957,0.3833236850804634,0
138,Post index partial leakage,partial leakage lambda 0.50,0.6681468673368243,0.1995025753691887,-0.4686442919676356,0.09043770361513598,0.02224467628352217,0.3767604744548552,0
139,Post index partial leakage,partial leakage lambda 0.50,0.6359284087157158,0.3101042916099145,-0.3258241171058013,0.0993343247765596,0.11540901504785767,0.5047995681719712,0
140,Post index partial leakage,partial leakage lambda 0.50,0.6317417694333546,0.26519447244019007,-0.3665472969931645,0.10069098409589126,0.06784014361224319,0.4625488012681369,0
141,Post index partial leakage,partial leakage lambda 0.50,0.67119583601654,0.29834179477131956,-0.3728540412452204,0.08658910974132228,0.1286271396783279,0.4680564498643112,0
142,Post index partial leakage,partial leakage lambda 0.50,0.6665220555622398,0.20146197460168044,-0.4650600809605593,0.0949260924861814,0.015406833328764885,0.38751711587459603,0
143,Post index partial leakage,partial leakage lambda 0.50,0.627484980002961,0.12296002059743916,-0.5045249594055219,0.09887988511068896,-0.07084455421951119,0.3167645954143895,0
144,Post index partial leakage,partial leakage lambda 0.50,0.6410850114985396,0.26711167470352315,-0.37397333679501643,0.09629107578308746,0.07838116616867175,0.45584218323837455,0
145,Post index partial leakage,partial leakage lambda 0.50,0.6490418388114161,0.33076535611968344,-0.31827648269173264,0.09366664206786314,0.1471787376666717,0.5143519745726952,0
146,Post index partial leakage,partial leakage lambda 0.50,0.6573062173948634,0.18151188531105078,-0.4757943320838126,0.09642042901031268,-0.007472155549162085,0.37049592617126365,0
147,Post index partial leakage,partial leakage lambda 0.50,0.6296834777219865,0.26556904145350035,-0.36411443626848616,0.09134215659981887,0.08653841451785538,0.44459966838914533,0
148,Post index partial leakage,partial leakage lambda 0.50,0.6528952245051289,0.3230395576507202,-0.32985566685440876,0.09421315375889794,0.13838177628328022,0.5076973390181602,0
149,Post index partial leakage,partial leakage lambda 0.50,0.6450598861468997,0.21240961620106819,-0.4326502699458315,0.10382357857539715,0.00891540219328979,0.4159038302088466,0
150,Post index partial leakage,partial leakage lambda 0.50,0.6264539183553779,0.17885038582479637,-0.4476035325305815,0.10530564799556799,-0.02754868424651688,0.3852494558961096,0
151,Post index partial leakage,partial leakage lambda 0.50,0.6430278179974954,0.30635609004503006,-0.33667172795246536,0.08649355182502179,0.13682872846798735,0.4758834516220728,0
152,Post index partial leakage,partial leakage lambda 0.50,0.6624539012025475,0.2438082250383237,-0.4186456761642239,0.09951928980693799,0.04875041701672525,0.4388660330599221,0
153,Post index partial leakage,partial leakage lambda 0.50,0.6377772370737647,0.3213375562564925,-0.31643968081727214,0.09744975580855875,0.13033603487171738,0.5123390776412676,0
154,Post index partial leakage,partial leakage lambda 0.50,0.6332987419143856,0.3341081476230819,-0.29919059429130374,0.08980743746800515,0.15808557018579178,0.5101307250603719,0
155,Post index partial leakage,partial leakage lambda 0.50,0.6180323171834572,0.12885794197248343,-0.48917437521097373,0.09041801426672941,-0.048361365990306215,0.3060772499352731,0
156,Post index partial leakage,partial leakage lambda 0.50,0.6480806735649534,0.32838574377843344,-0.3196949297865199,0.1041644989799674,0.12422332577769735,0.5325481617791695,0
157,Post index partial leakage,partial leakage lambda 0.50,0.6474864331712438,0.2606883085655302,-0.38679812460571356,0.1053618902930634,0.05417900359112593,0.4671976135399345,0
158,Post index partial leakage,partial leakage lambda 0.50,0.6331480559133493,0.19828909451967897,-0.43485896139367036,0.09587079644831352,0.010382333480984468,0.38619585555837344,0
159,Post index partial leakage,partial leakage lambda 0.50,0.633420885311893,0.27945050924888676,-0.35397037606300624,0.09285818801914483,0.0974484607313629,0.4614525577664106,0
160,Post index partial leakage,partial leakage lambda 0.50,0.6434186350228412,0.1804187042510644,-0.4629999307717768,0.10069308477609067,-0.016939741910073303,0.3777771504122021,0
161,Post index partial leakage,partial leakage lambda 0.50,0.652418503235705,0.4533371072722685,-0.19908139596343655,0.08436850396696838,0.2879748394970105,0.6186993750475265,0
162,Post index partial leakage,partial leakage lambda 0.50,0.650381759483904,0.3303651023126127,-0.3200166571712913,0.09667519142662592,0.14088172711642588,0.5198484775087995,0
163,Post index partial leakage,partial leakage lambda 0.50,0.644064885659803,0.25175764185205207,-0.39230724380775095,0.10003971277305852,0.05567980481685736,0.4478354788872468,0
164,Post index partial leakage,partial leakage lambda 0.50,0.6464734274688041,0.09527312227565751,-0.5512003051931466,0.0981329706031035,-0.09706750010642534,0.28761374465774037,0
165,Post index partial leakage,partial leakage lambda 0.50,0.6563286090834318,0.2947676350640761,-0.3615609740193557,0.10408379928378553,0.09076338846785648,0.49877188166029574,0
166,Post index partial leakage,partial leakage lambda 0.50,0.6410807920599767,0.4065332628792998,-0.2345475291806769,0.10283650324069826,0.2049737165275312,0.6080928092310685,0
167,Post index partial leakage,partial leakage lambda 0.50,0.6522316816137229,0.19557014731719857,-0.45666153429652434,0.11763651034132462,-0.034997412951797674,0.42613770758619485,0
168,Post index partial leakage,partial leakage lambda 0.50,0.6416080335834937,0.4235407043831679,-0.21806732920032584,0.08363870157918718,0.259608849287961,0.5874725594783747,0
169,Post index partial leakage,partial leakage lambda 0.50,0.6543491415763613,0.09345459879507662,-0.5608945427812846,0.09481699829428904,-0.09238671786172989,0.27929591545188315,0
170,Post index partial leakage,partial leakage lambda 0.50,0.6459771517956853,0.23043103166036186,-0.41554612013532344,0.09321661034943501,0.04772647537546923,0.4131355879452545,0
171,Post index partial leakage,partial leakage lambda 0.50,0.6429573762919965,0.3332270131894066,-0.30973036310258983,0.09517034441010108,0.1466931381456085,0.5197608882332048,0
172,Post index partial leakage,partial leakage lambda 0.50,0.6384638792186696,0.26930425884111964,-0.36915962037755,0.09670168658558093,0.07976895313338103,0.4588395645488582,0
173,Post index partial leakage,partial leakage lambda 0.50,0.6416601400840186,0.3889596699220377,-0.25270047016198094,0.09511188373607739,0.202540377799326,0.5753789620447494,0
174,Post index partial leakage,partial leakage lambda 0.50,0.6531788608439065,0.2388496830790955,-0.41432917776481104,0.10076774561071787,0.04134490168208846,0.4363544644761025,0
175,Post index partial leakage,partial leakage lambda 0.50,0.6483245669924449,0.2373180162745483,-0.4110065507178966,0.08330891370007332,0.07403254542240459,0.400603487126692,0
176,Post index partial leakage,partial leakage lambda 0.50,0.6342652779352319,0.22386497113948514,-0.4104003067957468,0.09155388736436001,0.04441935190533952,0.40331059037363076,0
177,Post index partial leakage,partial leakage lambda 0.50,0.6317726496103453,0.2813048373645342,-0.3504678122458111,0.0883201982370805,0.10819724881985643,0.454412425909212,0
178,Post index partial leakage,partial leakage lambda 0.50,0.6420687211966049,0.3547924945950818,-0.2872762266015231,0.08959336261430365,0.17918950387104662,0.530395485319117,0
179,Post index partial leakage,partial leakage lambda 0.50,0.6235946970430181,0.30611713166143617,-0.3174775653815819,0.10183333303941834,0.10652379890417624,0.505710464418696,0
180,Post index partial leakage,partial leakage lambda 0.50,0.6428004714428991,0.27368052430914536,-0.36911994713375373,0.09396727568518658,0.08950466396617968,0.45785638465211104,0
181,Post index partial leakage,partial leakage lambda 0.50,0.6488746454266462,0.14655836893727694,-0.5023162764893693,0.09968205574070482,-0.048818460314504514,0.3419351981890584,0
182,Post index partial leakage,partial leakage lambda 0.50,0.6448090429396274,0.29729817131201525,-0.34751087162761213,0.09640984237300919,0.10833488026091725,0.48626146236311324,0
183,Post index partial leakage,partial leakage lambda 0.50,0.6408038818586393,0.09686882954809407,-0.5439350523105453,0.08931592497933977,-0.07819038341141187,0.2719280425076,0
184,Post index partial leakage,partial leakage lambda 0.50,0.6411960993542843,0.25469822298215233,-0.386497876372132,0.09475245942339446,0.0689834025122992,0.4404130434520055,0
185,Post index partial leakage,partial leakage lambda 0.50,0.6617304815885339,0.11961925354043981,-0.5421112280480941,0.09862747601738489,-0.07369059945363457,0.3129291065345142,0
186,Post index partial leakage,partial leakage lambda 0.50,0.652498521033733,0.17552632770119095,-0.47697219333254204,0.09378268980883836,-0.008287744324132235,0.3593403997265141,0
187,Post index partial leakage,partial leakage lambda 0.50,0.6280744950986471,0.19219028144930939,-0.4358842136493377,0.09257598485483587,0.010741351133831095,0.37363921176478765,0
188,Post index partial leakage,partial leakage lambda 0.50,0.6476322255184578,0.12371781739540044,-0.5239144081230573,0.08531770733375704,-0.04350488897876337,0.29094052376956425,0
189,Post index partial leakage,partial leakage lambda 0.50,0.6338427337050111,0.20493454345399,-0.4289081902510211,0.10308966921946246,0.002878791783843593,0.4069902951241364,0
190,Post index partial leakage,partial leakage lambda 0.50,0.6404902724002682,0.23806644376719263,-0.4024238286330756,0.10190005197133374,0.03834234190337851,0.4377905456310067,0
191,Post index partial leakage,partial leakage lambda 0.50,0.669612265274279,0.15784648500607681,-0.5117657802682022,0.08978675938707684,-0.018135563392593784,0.3338285334047474,0
192,Post index partial leakage,partial leakage lambda 0.50,0.6550791600803145,0.12578933888674673,-0.5292898211935678,0.09227296770899776,-0.055065677822888875,0.30664435559638237,0
193,Post index partial leakage,partial leakage lambda 0.50,0.6319610750216769,-0.05719589235320306,-0.68915696737488,0.09220954259745844,-0.2379265958442216,0.12353481113781546,0
194,Post index partial leakage,partial leakage lambda 0.50,0.6583710283197779,0.19384008318311458,-0.4645309451366633,0.09325323392049768,0.011063744698939115,0.37661642166729004,0
195,Post index partial leakage,partial leakage lambda 0.50,0.6550707903361408,0.1496917324295195,-0.5053790579066213,0.10598767522479835,-0.05804411101108525,0.35742757587012425,0
196,Post index partial leakage,partial leakage lambda 0.50,0.6606895670786881,0.2106806746707258,-0.45000889240796227,0.0975791920103189,0.019425458330500772,0.40193589101095084,0
197,Post index partial leakage,partial leakage lambda 0.50,0.6592451659233535,0.25987673959083524,-0.39936842633251823,0.09997150818918231,0.06393258354003792,0.45582089564163253,0
198,Post index partial leakage,partial leakage lambda 0.50,0.6447711102923516,0.23690316366206152,-0.40786794663029,0.09806136512921725,0.04470288800879571,0.42910343931532735,0
199,Post index partial leakage,partial leakage lambda 0.50,0.6487888335199808,0.2988757707469774,-0.34991306277300344,0.08890797260544583,0.12461614444030358,0.47313539705365126,0
200,Post index partial leakage,partial leakage lambda 0.50,0.6626243730868249,0.29531394012869244,-0.3673104329581324,0.09103685024383087,0.11688171365078392,0.47374616660660096,0
1,Certificate role misclassification,misclassification 0 percent,0.6289588457764037,0.5591142470946144,-0.06984459868178927,0.10871780594756973,0.34602734743737773,0.7722011467518511,1
2,Certificate role misclassification,misclassification 0 percent,0.6336595707513929,0.5955330057958822,-0.0381265649555107,0.10774159797338335,0.3843594737680508,0.8067065378237136,1
3,Certificate role misclassification,misclassification 0 percent,0.6567106700542206,0.34313537289316176,-0.3135752971610588,0.11924205751434731,0.10942094016504103,0.5768498056212825,0
4,Certificate role misclassification,misclassification 0 percent,0.6364445490476309,0.6847934805909905,0.04834893154335962,0.11636966558194296,0.4567089360503823,0.9128780251315988,1
5,Certificate role misclassification,misclassification 0 percent,0.658258758455407,0.8064941853913473,0.14823542693594027,0.12884217643739362,0.5539635195740558,1.0590248512086389,1
6,Certificate role misclassification,misclassification 0 percent,0.6509818919092418,0.8216827791551018,0.17070088724585997,0.10404066287953724,0.6177630799112088,1.0256024783989948,1
7,Certificate role misclassification,misclassification 0 percent,0.6373267587824967,0.594274921908206,-0.043051836874290705,0.1074742039514125,0.3836254821634375,0.8049243616529744,1
8,Certificate role misclassification,misclassification 0 percent,0.6307126818094212,0.7100822309169076,0.07936954910748639,0.10539187302129184,0.5035141597951756,0.9166503020386396,1
9,Certificate role misclassification,misclassification 0 percent,0.6361476305777026,0.8425167468601235,0.20636911628242083,0.1181884093172423,0.6108674645983285,1.0741660291219184,1
10,Certificate role misclassification,misclassification 0 percent,0.6336449769495517,0.5637439046105743,-0.06990107233897735,0.10553126205692233,0.35690263097900654,0.7705851782421421,1
11,Certificate role misclassification,misclassification 0 percent,0.6368412881223036,0.6640807606725873,0.027239472550283694,0.1093688808436173,0.4497177542190973,0.8784437671260772,1
12,Certificate role misclassification,misclassification 0 percent,0.6454917710930785,0.7664902400539446,0.12099846896086608,0.12026485562126571,0.5307711230362638,1.0022093570716253,1
13,Certificate role misclassification,misclassification 0 percent,0.6587116904032768,0.855059066503881,0.19634737610060415,0.11424682509553542,0.6311352893166315,1.0789828436911304,1
14,Certificate role misclassification,misclassification 0 percent,0.653178473780677,0.7776973563765653,0.12451888259588839,0.11440807635974294,0.5534575267114692,1.0019371860416615,1
15,Certificate role misclassification,misclassification 0 percent,0.632948479624271,0.6529444498153707,0.019995970191099666,0.0981145418988351,0.4606399476936539,0.8452489519370875,1
16,Certificate role misclassification,misclassification 0 percent,0.6557154183027806,0.7145743254280573,0.05885890712527675,0.10371221820872978,0.5112983777389469,0.9178502731171677,1
17,Certificate role misclassification,misclassification 0 percent,0.6397619837863139,0.7439785776262346,0.10421659383992077,0.10446141391669331,0.5392342063495158,0.9487229489029535,1
18,Certificate role misclassification,misclassification 0 percent,0.6385614087986675,0.6942914036823749,0.055729994883707334,0.10903475383676381,0.4805832861623178,0.9079995212024319,1
19,Certificate role misclassification,misclassification 0 percent,0.6688261152553521,0.6427480683817929,-0.02607804687355919,0.11486583130756116,0.417611039018973,0.8678850977446128,1
20,Certificate role misclassification,misclassification 0 percent,0.6271438756371996,0.5340528182891521,-0.09309105734804757,0.10822096578544978,0.3219397253496705,0.7461659112286336,1
21,Certificate role misclassification,misclassification 0 percent,0.6439612207739094,0.7021133414547486,0.05815212068083919,0.10463121585903983,0.49703615837103055,0.9071905245384666,1
22,Certificate role misclassification,misclassification 0 percent,0.6461846219894363,0.6303412801978948,-0.015843341791541454,0.10351093278651058,0.42745985193633407,0.8332227084594556,1
23,Certificate role misclassification,misclassification 0 percent,0.6617211751303516,0.7006137949453928,0.03889261981504122,0.11859100705890173,0.46817542110994537,0.9330521687808402,1
24,Certificate role misclassification,misclassification 0 percent,0.6415462843244721,0.8164208604179172,0.17487457609344503,0.10982486141328505,0.6011641320478784,1.031677588787956,1
25,Certificate role misclassification,misclassification 0 percent,0.6851929491104303,0.6448038111649785,-0.040389137945451736,0.10870120514451119,0.4317494490817366,0.8578581732482204,1
26,Certificate role misclassification,misclassification 0 percent,0.674480394246394,0.6852275505903422,0.010747156343948183,0.12158503900056075,0.4469208741492432,0.9235342270314413,1
27,Certificate role misclassification,misclassification 0 percent,0.6261291308379464,0.5895139799446468,-0.036615150893299586,0.1143326444404375,0.3654219968413893,0.8136059630479043,1
28,Certificate role misclassification,misclassification 0 percent,0.6395090875626576,0.7975320710592604,0.15802298349660282,0.10988099246283176,0.5821653258321101,1.0128988162864105,1
29,Certificate role misclassification,misclassification 0 percent,0.6432874264022325,0.5224524002435365,-0.12083502615869601,0.1122387385091348,0.30246447276563226,0.7424403277214406,1
30,Certificate role misclassification,misclassification 0 percent,0.6467188589682823,0.5577043324068793,-0.08901452656140296,0.10370164235722912,0.35444911338671026,0.7609595514270484,1
31,Certificate role misclassification,misclassification 0 percent,0.6278217288673482,0.6098541199007612,-0.017967608966587,0.11438772159563333,0.3856541855733199,0.8340540542282026,1
32,Certificate role misclassification,misclassification 0 percent,0.6548899758553416,0.7708202913512996,0.115930315495958,0.11253679047496862,0.5502481820203611,0.9913924006822381,1
33,Certificate role misclassification,misclassification 0 percent,0.6523092855280876,0.6208217741351825,-0.031487511392905176,0.11421146074911168,0.3969673110669236,0.8446762372034413,1
34,Certificate role misclassification,misclassification 0 percent,0.6731704130171862,0.7359427495878308,0.06277233657064463,0.11196587410353882,0.5164896363448948,0.9553958628307668,1
35,Certificate role misclassification,misclassification 0 percent,0.6312035604528206,0.5472222255517027,-0.08398133490111781,0.10961284492129814,0.33238104950595837,0.7620634015974471,1
36,Certificate role misclassification,misclassification 0 percent,0.6392600639444109,0.5606568072303009,-0.07860325671411006,0.11834242690553794,0.32870565049544653,0.7926079639651552,1
37,Certificate role misclassification,misclassification 0 percent,0.6417042580706193,0.5579093945650413,-0.08379486350557797,0.10151516286052578,0.35893967535841076,0.7568791137716718,1
38,Certificate role misclassification,misclassification 0 percent,0.6331382048244878,0.6587264802517528,0.02558827542726505,0.11438392992429461,0.43453397760013546,0.8829189829033702,1
39,Certificate role misclassification,misclassification 0 percent,0.6434588041379363,0.8203214593318287,0.17686265519389233,0.11587813831853322,0.5932003082275036,1.0474426104361538,1
40,Certificate role misclassification,misclassification 0 percent,0.6339909025075753,0.7228877325186965,0.08889683001112125,0.11260808160447239,0.5021758925739307,0.9435995724634624,1
41,Certificate role misclassification,misclassification 0 percent,0.6549969877013292,0.5174510528391593,-0.13754593486216993,0.11549829537111493,0.29107439391177403,0.7438277117665445,1
42,Certificate role misclassification,misclassification 0 percent,0.646769307015484,0.6886108020985593,0.04184149508307533,0.11059516632733815,0.47184427609697654,0.905377328100142,1
43,Certificate role misclassification,misclassification 0 percent,0.6282640925496731,0.7231896891800075,0.0949255966303344,0.1115215235706948,0.5046075029814456,0.9417718753785693,1
44,Certificate role misclassification,misclassification 0 percent,0.6378312518063304,0.7035514796870251,0.06572022788069476,0.1180490986696132,0.4721752462945833,0.934927713079467,1
45,Certificate role misclassification,misclassification 0 percent,0.6299543108210622,0.6173825303372579,-0.012571780483804362,0.10913457591581362,0.4034787615422632,0.8312862991322525,1
46,Certificate role misclassification,misclassification 0 percent,0.6270150270398397,0.730406721503242,0.10339169446340235,0.10341780981640827,0.5277078142630818,0.9331056287434023,1
47,Certificate role misclassification,misclassification 0 percent,0.6036635729516729,0.6951085317817542,0.0914449588300813,0.09563273050476125,0.5076683799924222,0.8825486835710863,1
48,Certificate role misclassification,misclassification 0 percent,0.6482983033937829,0.6591474381047953,0.010849134711012343,0.10569044048977765,0.45199417474483106,0.8663007014647595,1
49,Certificate role misclassification,misclassification 0 percent,0.6239343735664535,0.6186980432884769,-0.005236330277976653,0.11628756618445558,0.390774413566944,0.8466216730100098,1
50,Certificate role misclassification,misclassification 0 percent,0.6345376425931029,0.5649055098623824,-0.06963213273072044,0.10856582730221895,0.3521164883500333,0.7776945313747315,1
51,Certificate role misclassification,misclassification 0 percent,0.6289714769205151,0.701308152993126,0.07233667607261085,0.09386612930329873,0.5173305395586605,0.8852857664275915,1
52,Certificate role misclassification,misclassification 0 percent,0.6281394339431394,0.465118062802741,-0.16302137114039844,0.11209588351844559,0.24541013110658763,0.6848259944988944,1
53,Certificate role misclassification,misclassification 0 percent,0.6485949247885173,0.75046437486448,0.10186945007596271,0.11603705788857166,0.5230317414028796,0.9778970083260805,1
54,Certificate role misclassification,misclassification 0 percent,0.6389408054393091,0.6644972622791026,0.025556456839793462,0.11300725292542388,0.4430030465452718,0.8859914780129333,1
55,Certificate role misclassification,misclassification 0 percent,0.6329478171222186,0.7647758707216137,0.1318280535993951,0.11104207753045235,0.5471333987619271,0.9824183426813002,1
56,Certificate role misclassification,misclassification 0 percent,0.6569318153546536,0.7323541641136396,0.07542234875898601,0.11176161005687829,0.5133014084021582,0.951406919825121,1
57,Certificate role misclassification,misclassification 0 percent,0.6250939439339271,0.6055272327278576,-0.019566711206069565,0.114157943904046,0.3817776626759274,0.8292768027797878,1
58,Certificate role misclassification,misclassification 0 percent,0.6370093116655406,0.7255562439379549,0.08854693227241428,0.10546796203742245,0.5188390383446069,0.932273449531303,1
59,Certificate role misclassification,misclassification 0 percent,0.6431293018413063,0.7936818365973048,0.1505525347559985,0.12273014695032017,0.5531307485746773,1.0342329246199324,1
60,Certificate role misclassification,misclassification 0 percent,0.6486052149522367,0.6666911061367098,0.018085891184473124,0.11354485511723204,0.444143190106935,0.8892390221664845,1
61,Certificate role misclassification,misclassification 0 percent,0.6480753699059828,0.6726088504682143,0.02453348056223148,0.12233966652852452,0.43282310407230623,0.9123945968641223,1
62,Certificate role misclassification,misclassification 0 percent,0.6302086086939708,0.6692900985756942,0.03908148988172344,0.12259620759529978,0.42900153168890665,0.9095786654624818,1
63,Certificate role misclassification,misclassification 0 percent,0.6397572542709288,0.615520079378129,-0.02423717489279975,0.11498585702816748,0.3901477996029208,0.8408923591533373,1
64,Certificate role misclassification,misclassification 0 percent,0.661183402560186,0.7590993371393763,0.09791593457919023,0.09955909724944464,0.5639635065304648,0.9542351677482878,1
65,Certificate role misclassification,misclassification 0 percent,0.6553306199540943,0.8411321376774477,0.1858015177233534,0.10794108704817705,0.6295676070630206,1.0526966682918746,1
66,Certificate role misclassification,misclassification 0 percent,0.648846565375536,0.5566097733455941,-0.09223679202994184,0.11325887785397958,0.3346223727517942,0.7785971739393941,1
67,Certificate role misclassification,misclassification 0 percent,0.6470413694128968,0.6893636215525545,0.04232225213965768,0.09873174305860755,0.4958494051576837,0.8828778379474252,1
68,Certificate role misclassification,misclassification 0 percent,0.6553013961053976,0.49282960839109036,-0.16247178771430726,0.1107175687605389,0.2758231736204341,0.7098360431617465,1
69,Certificate role misclassification,misclassification 0 percent,0.6520575669094855,0.5293601828487692,-0.12269738406071629,0.1081919769060183,0.3173039081129733,0.741416457584565,1
70,Certificate role misclassification,misclassification 0 percent,0.6508974160908446,0.8007110401984001,0.1498136241075555,0.11214171479248858,0.5809132792051225,1.0205088011916776,1
71,Certificate role misclassification,misclassification 0 percent,0.6434524323270453,0.5557440377325583,-0.08770839459448698,0.1071876797328568,0.345656185456159,0.7658318900089576,1
72,Certificate role misclassification,misclassification 0 percent,0.6299866531566661,0.7620349184093987,0.1320482652527326,0.10684331643135221,0.5526220182039484,0.9714478186148491,1
73,Certificate role misclassification,misclassification 0 percent,0.6356814407539273,0.47783821378861097,-0.15784322696531633,0.10517014026916327,0.27170473886105095,0.683971688716171,1
74,Certificate role misclassification,misclassification 0 percent,0.6395258584939618,0.5219776253614713,-0.11754823313249052,0.10374564754447968,0.31863615617429114,0.7253190945486514,1
75,Certificate role misclassification,misclassification 0 percent,0.6418516720623884,0.38842176093042213,-0.2534299111319662,0.11967436402568501,0.15386000744007952,0.6229835144207647,0
76,Certificate role misclassification,misclassification 0 percent,0.6334316966665119,0.7830656623834339,0.149633965716922,0.10816857818464977,0.5710552491415204,0.9950760756253474,1
77,Certificate role misclassification,misclassification 0 percent,0.6222070559409631,0.6121867074814017,-0.010020348459561457,0.11180567226451654,0.3930475898429493,0.8313258251198541,1
78,Certificate role misclassification,misclassification 0 percent,0.6397974346362368,0.6654809829316295,0.025683548295392655,0.09899945923168697,0.471442042837523,0.859519923025736,1
79,Certificate role misclassification,misclassification 0 percent,0.6489244629970568,0.5032886130576084,-0.14563584993944834,0.10008514159076659,0.3071217355397059,0.6994554905755109,1
80,Certificate role misclassification,misclassification 0 percent,0.6570065687813882,0.7245092987490492,0.06750272996766105,0.11093981734586505,0.5070672567511537,0.9419513407469448,1
81,Certificate role misclassification,misclassification 0 percent,0.6496629168437955,0.6694298412885633,0.019766924444767797,0.12643796322611875,0.42161143336537055,0.9172482492117561,1
82,Certificate role misclassification,misclassification 0 percent,0.6405740879872102,0.7811432012521788,0.14056911326496868,0.1121743001223073,0.5612815730124565,1.0010048294919012,1
83,Certificate role misclassification,misclassification 0 percent,0.6216629411681943,0.5928968140941844,-0.02876612707400994,0.10166831523378998,0.393626916235956,0.7921667119524127,1
84,Certificate role misclassification,misclassification 0 percent,0.6447224857192294,0.6275139844196754,-0.01720850129955398,0.10564781427174048,0.42044426844706406,0.8345837003922868,1
85,Certificate role misclassification,misclassification 0 percent,0.6459352175657314,0.7075421164221131,0.06160689885638171,0.1161040902706428,0.47997809949165315,0.935106133352573,1
86,Certificate role misclassification,misclassification 0 percent,0.6531356535735775,0.5875615053968098,-0.06557414817676765,0.11188446323193517,0.3682679574622169,0.8068550533314027,1
87,Certificate role misclassification,misclassification 0 percent,0.6430050814250914,0.6583461776578435,0.01534109623275215,0.10765672410381316,0.44733899841436975,0.8693533569013173,1
88,Certificate role misclassification,misclassification 0 percent,0.6458088604617752,0.774461031299165,0.12865217083738978,0.11821030826666268,0.5427688270965061,1.006153235501824,1
89,Certificate role misclassification,misclassification 0 percent,0.6422667621005782,0.7082579607304148,0.0659911986298366,0.10574492545603932,0.5009979068365777,0.9155180146242519,1
90,Certificate role misclassification,misclassification 0 percent,0.6501968237370849,0.5802764956335766,-0.06992032810350823,0.12818394368765731,0.3290359660057683,0.831517025261385,1
91,Certificate role misclassification,misclassification 0 percent,0.631057302640547,0.5667036173074796,-0.0643536853330674,0.1157612613074676,0.33981154514484313,0.7935956894701162,1
92,Certificate role misclassification,misclassification 0 percent,0.65464368646084,0.4878500564382616,-0.1667936300225784,0.11119390286173815,0.26991000682925487,0.7057901060472684,1
93,Certificate role misclassification,misclassification 0 percent,0.6537747442388647,0.6618655044474138,0.008090760208549042,0.09937386262463793,0.46709273370312343,0.8566382751917041,1
94,Certificate role misclassification,misclassification 0 percent,0.6196358482406287,0.45536504931748023,-0.16427079892314844,0.1039830990472753,0.2515581751848206,0.6591719234501399,1
95,Certificate role misclassification,misclassification 0 percent,0.6485899531408881,0.5613973351506033,-0.08719261799028477,0.1110830141082755,0.34367462749838334,0.7791200428028233,1
96,Certificate role misclassification,misclassification 0 percent,0.6657231043098343,0.7620540824122003,0.09633097810236602,0.10951117725273389,0.5474121749968419,0.9766959898275587,1
97,Certificate role misclassification,misclassification 0 percent,0.6409155181930976,0.8151484152747124,0.17423289708161482,0.10305526046428587,0.613160104764712,1.0171367257847126,1
98,Certificate role misclassification,misclassification 0 percent,0.6381434491985912,0.8816824149427058,0.2435389657441146,0.12340256968349193,0.6398133783630616,1.12355145152235,0
99,Certificate role misclassification,misclassification 0 percent,0.6475600507432797,0.8122379680255727,0.16467791728229297,0.1115497901225854,0.5936003793853053,1.03087555666584,1
100,Certificate role misclassification,misclassification 0 percent,0.65639619365723,0.7590643052785354,0.1026681116213054,0.11585768329763779,0.5319832460151653,0.9861453645419055,1
101,Certificate role misclassification,misclassification 0 percent,0.6404064420632006,0.7532206369754763,0.11281419491227562,0.10633695453203698,0.5448002060926838,0.9616410678582687,1
102,Certificate role misclassification,misclassification 0 percent,0.6480265840816892,0.6012863863798674,-0.046740197701821806,0.11496278722432789,0.3759593234201848,0.82661344933955,1
103,Certificate role misclassification,misclassification 0 percent,0.6608779589799046,0.8044099836338949,0.1435320246539903,0.10127779774793212,0.605905500047948,1.002914467219842,1
104,Certificate role misclassification,misclassification 0 percent,0.6402132337802561,0.5638014744786644,-0.07641175930159172,0.1025135602712324,0.36287489634704884,0.7647280526102799,1
105,Certificate role misclassification,misclassification 0 percent,0.635442425238051,0.5133625696965525,-0.12207985554149847,0.10910287128860459,0.2995209419708875,0.7272041974222174,1
106,Certificate role misclassification,misclassification 0 percent,0.6366688244940004,0.7207827136464879,0.08411388915248752,0.11462686687650787,0.4961140545685325,0.9454513727244434,1
107,Certificate role misclassification,misclassification 0 percent,0.6251870644764124,0.6994045492653584,0.07421748478894608,0.11111222888019492,0.48162458066017644,0.9171845178705404,1
108,Certificate role misclassification,misclassification 0 percent,0.6409331841398395,0.7553863553674164,0.11445317122757692,0.11276740818464491,0.5343622353255124,0.9764104754093204,1
109,Certificate role misclassification,misclassification 0 percent,0.6531268067793832,0.6803966294655001,0.027269822686116885,0.1206531193743415,0.4439165154917907,0.9168767434392094,1
110,Certificate role misclassification,misclassification 0 percent,0.6410567322861714,0.6233953935703701,-0.017661338715801334,0.1090032633253629,0.4097489974526588,0.8370417896880814,1
111,Certificate role misclassification,misclassification 0 percent,0.6249116805633831,0.6818360880932668,0.0569244075298837,0.10881057030783553,0.46856737028990914,0.8951048058966244,1
112,Certificate role misclassification,misclassification 0 percent,0.6560185542916916,0.6250097447151879,-0.03100880957650376,0.11174410775900348,0.40599129350754104,0.8440281959228347,1
113,Certificate role misclassification,misclassification 0 percent,0.647150253748464,0.6201327823898786,-0.027017471358585454,0.11677641438619996,0.39125101019292663,0.8490145545868305,1
114,Certificate role misclassification,misclassification 0 percent,0.6469694104187602,0.702832500576454,0.05586309015769375,0.11501438810141759,0.4774042998976755,0.9282607012552324,1
115,Certificate role misclassification,misclassification 0 percent,0.6603321758245932,0.8540452903857413,0.19371311456114804,0.10766131725178006,0.6430291085722524,1.0650614721992302,1
116,Certificate role misclassification,misclassification 0 percent,0.6367998781702439,0.5271750067286969,-0.10962487144154698,0.10510873669114328,0.32116188281405605,0.7331881306433377,1
117,Certificate role misclassification,misclassification 0 percent,0.6221995370866077,0.6702392040704213,0.04803966698381357,0.11089422083140173,0.45288653124087386,0.8875918768999687,1
118,Certificate role misclassification,misclassification 0 percent,0.6471043699657458,0.6930477846322175,0.04594341466647167,0.1170849075834666,0.46356136576862295,0.922534203495812,1
119,Certificate role misclassification,misclassification 0 percent,0.6441864328196876,0.71972426324485,0.07553783042516238,0.12011486390867473,0.4842991299838475,0.9551493965058524,1
120,Certificate role misclassification,misclassification 0 percent,0.6477079853873973,0.5581864591470029,-0.08952152624039433,0.11942216577531493,0.32411901422738565,0.7922539040666202,1
121,Certificate role misclassification,misclassification 0 percent,0.6325031939861083,0.8180175318395169,0.18551433785340854,0.1013755980447966,0.6193213596717155,1.0167137040073182,1
122,Certificate role misclassification,misclassification 0 percent,0.6449844007497223,0.443958712980053,-0.20102568776966928,0.12477358701756806,0.19940248242561961,0.6885149435344864,1
123,Certificate role misclassification,misclassification 0 percent,0.6272360789824739,0.7223746590480976,0.0951385800656237,0.10681268755983268,0.5130217914308255,0.9317275266653697,1
124,Certificate role misclassification,misclassification 0 percent,0.6448887897038801,0.6418636883111912,-0.003025101392688856,0.1250796882147759,0.3967074994102304,0.887019877212152,1
125,Certificate role misclassification,misclassification 0 percent,0.6559560631153878,0.7671918970073895,0.11123583389200176,0.1024165765279627,0.5664554070125827,0.9679283870021964,1
126,Certificate role misclassification,misclassification 0 percent,0.6491247843142973,0.7447641541949654,0.09563936988066812,0.10783450524109629,0.5334085239224167,0.9561197844675142,1
127,Certificate role misclassification,misclassification 0 percent,0.633188113226267,0.7762666810943167,0.14307856786804973,0.11586482673507174,0.5491716206935762,1.0033617414950573,1
128,Certificate role misclassification,misclassification 0 percent,0.6443022040122461,0.5276827535754892,-0.11661945043675692,0.10366054041699212,0.3245080943581847,0.7308574127927938,1
129,Certificate role misclassification,misclassification 0 percent,0.6339867263892096,0.7341348739382675,0.10014814754905788,0.10967181374526894,0.5191781189975404,0.9490916288789946,1
130,Certificate role misclassification,misclassification 0 percent,0.6655803726536295,0.7300703208022478,0.0644899481486183,0.10490055171258961,0.5244652394455721,0.9356754021589234,1
131,Certificate role misclassification,misclassification 0 percent,0.6525330813318988,0.6648272555576734,0.012294174225774612,0.09324277742727716,0.4820714118002102,0.8475830993151366,1
132,Certificate role misclassification,misclassification 0 percent,0.6373579502977486,0.7394758037822765,0.10211785348452795,0.108293425034347,0.5272206907149564,0.9517309168495967,1
133,Certificate role misclassification,misclassification 0 percent,0.6465953201023162,0.7249346689738688,0.07833934887155258,0.11442550547149598,0.5006606782497367,0.949208659698001,1
134,Certificate role misclassification,misclassification 0 percent,0.647682293193549,0.641695640653138,-0.005986652540410975,0.11140690323694338,0.423338110308729,0.860053170997547,1
135,Certificate role misclassification,misclassification 0 percent,0.6307971646211594,0.6169379754010752,-0.013859189220084223,0.11459546728663106,0.3923308595192783,0.8415450912828721,1
136,Certificate role misclassification,misclassification 0 percent,0.6269526852989306,0.43267714958142156,-0.194275535717509,0.10618699576115413,0.22455063788955948,0.6408036612732837,1
137,Certificate role misclassification,misclassification 0 percent,0.6264022816300444,0.5410262236851426,-0.08537605794490177,0.10300640581253834,0.3391336682925675,0.7429187790777178,1
138,Certificate role misclassification,misclassification 0 percent,0.6399169225966049,0.6353980675955785,-0.004518855001026445,0.11131777112342298,0.41721523619366946,0.8535808989974876,1
139,Certificate role misclassification,misclassification 0 percent,0.6365954852175056,0.5737854519898649,-0.06281003322764078,0.11296628544578587,0.3523715325161246,0.7951993714636052,1
140,Certificate role misclassification,misclassification 0 percent,0.6714516965802865,0.8039522547983998,0.13250055821811335,0.11483130334241531,0.5788829002472659,1.029021609349534,1
141,Certificate role misclassification,misclassification 0 percent,0.6577564911898963,0.7011647693539959,0.043408278164099534,0.099927308617311,0.5053072444640663,0.8970222942439254,1
142,Certificate role misclassification,misclassification 0 percent,0.658061918199763,0.5043594118463774,-0.15370250635338556,0.1153386914809318,0.27829557654375114,0.7304232471490038,1
143,Certificate role misclassification,misclassification 0 percent,0.6385947980549459,0.4658882931408666,-0.1727065049140793,0.1108433699995715,0.24863528794170645,0.6831412983400268,1
144,Certificate role misclassification,misclassification 0 percent,0.6323050541557663,0.8303265831788263,0.19802152902306003,0.10554822705890396,0.6234520581433746,1.037201108214278,1
145,Certificate role misclassification,misclassification 0 percent,0.6520119422671798,0.7364369755441807,0.0844250332770009,0.1250118616132739,0.4914137267821639,0.9814602243061976,1
146,Certificate role misclassification,misclassification 0 percent,0.6521581690687592,0.5817420381595397,-0.0704161309092195,0.11383171420282093,0.3586318783220107,0.8048521979970688,1
147,Certificate role misclassification,misclassification 0 percent,0.649108143410295,0.6285405198839712,-0.020567623526323797,0.12455485966286825,0.38441299494474945,0.8726680448231929,1
148,Certificate role misclassification,misclassification 0 percent,0.6430462413646584,0.9306753927158691,0.2876291513512107,0.10357980206579191,0.7276589806669169,1.1336918047648212,0
149,Certificate role misclassification,misclassification 0 percent,0.6508424793833513,0.8527538836880156,0.20191140430466437,0.10675277110635027,0.6435184523195692,1.061989315056462,1
150,Certificate role misclassification,misclassification 0 percent,0.647416942361122,0.5104764764451892,-0.13694046591593279,0.10938491158869312,0.2960820497313507,0.7248709031590277,1
151,Certificate role misclassification,misclassification 0 percent,0.6436190535738479,0.3512732456055716,-0.29234580796827625,0.1080508459299495,0.1394935875828706,0.5630529036282726,0
152,Certificate role misclassification,misclassification 0 percent,0.644360738504792,0.6028680048583079,-0.04149273364648409,0.12160765084994603,0.3645170091924137,0.8412190005242022,1
153,Certificate role misclassification,misclassification 0 percent,0.6325117752684375,0.6367090806309745,0.0041973053625370405,0.11032251284270077,0.42047695545928104,0.852941205802668,1
154,Certificate role misclassification,misclassification 0 percent,0.632348036759197,0.5784648176822164,-0.05388321907698068,0.10671014539692616,0.3693129327042411,0.7876167026601917,1
155,Certificate role misclassification,misclassification 0 percent,0.6515178429313588,0.5058256319322388,-0.14569221099912,0.10452223063772002,0.3009620598823076,0.7106892039821701,1
156,Certificate role misclassification,misclassification 0 percent,0.649163420110035,0.5909489401213598,-0.05821447998867524,0.10638179419836931,0.3824406234925559,0.7994572567501637,1
157,Certificate role misclassification,misclassification 0 percent,0.6356927416170474,0.574421242419007,-0.06127149919804031,0.11400779632706139,0.3509659616179667,0.7978765232200473,1
158,Certificate role misclassification,misclassification 0 percent,0.640017773658734,0.48833202099344153,-0.1516857526652925,0.12315341990237658,0.24695131798478345,0.7297127240020996,1
159,Certificate role misclassification,misclassification 0 percent,0.6440822311038862,0.7020900238036561,0.05800779269976997,0.11189733870447469,0.48277123994288573,0.9214088076644266,1
160,Certificate role misclassification,misclassification 0 percent,0.6487144570076291,0.8541749103537836,0.20546045334615448,0.11459541836712633,0.6295678903542159,1.0787819303533512,1
161,Certificate role misclassification,misclassification 0 percent,0.6297898558643062,0.5437743778153328,-0.08601547804897347,0.10403239772508069,0.3398708782741746,0.7476778773564909,1
162,Certificate role misclassification,misclassification 0 percent,0.6329820707645293,0.5105959425516062,-0.12238612821292305,0.10346526795593891,0.307804017357966,0.7133878677452465,1
163,Certificate role misclassification,misclassification 0 percent,0.6370777734130186,0.8248828224993618,0.1878050490863432,0.10933427334225267,0.6105876467485466,1.039177998250177,1
164,Certificate role misclassification,misclassification 0 percent,0.6293061533987625,0.78337555348694,0.1540694000881775,0.10120858389784347,0.5850067290471668,0.9817443779267132,1
165,Certificate role misclassification,misclassification 0 percent,0.6349058762430716,0.6107709038330507,-0.02413497241002094,0.11519837919279907,0.3849820806151645,0.8365597270509368,1
166,Certificate role misclassification,misclassification 0 percent,0.6394902130688717,0.6870545341264743,0.047564321057602665,0.10874036550686406,0.47392341773302077,0.9001856505199279,1
167,Certificate role misclassification,misclassification 0 percent,0.6322258869824882,0.7036950534106483,0.07146916642816015,0.1049471594040747,0.4979986209786619,0.9093914858426347,1
168,Certificate role misclassification,misclassification 0 percent,0.6582603969108647,0.6739255830298655,0.015665186119000807,0.10787379102753036,0.46249295261590595,0.885358213443825,1
169,Certificate role misclassification,misclassification 0 percent,0.6328196341997591,0.8207677419571406,0.18794810775738158,0.10801954458791561,0.6090494345648261,1.0324860493494552,1
170,Certificate role misclassification,misclassification 0 percent,0.6308253911877156,0.670802853134562,0.03997746194684637,0.1051780457392235,0.4646538834856839,0.8769518227834401,1
171,Certificate role misclassification,misclassification 0 percent,0.6330546650520951,0.5898722710310964,-0.04318239402099866,0.11066348276649043,0.37297184480877515,0.8067726972534177,1
172,Certificate role misclassification,misclassification 0 percent,0.636516119421774,0.49201051846072663,-0.14450560096104736,0.11009221629803186,0.2762297745165842,0.707791262404869,1
173,Certificate role misclassification,misclassification 0 percent,0.6467039867867164,0.7765484674914377,0.12984448070472132,0.1259189337334704,0.5297473573738357,1.0233495776090398,1
174,Certificate role misclassification,misclassification 0 percent,0.6635258604574399,0.7343444855324008,0.07081862507496095,0.11671020840693454,0.5055924770548091,0.9630964940099925,1
175,Certificate role misclassification,misclassification 0 percent,0.6583804270243281,0.7711674812484878,0.11278705422415969,0.11138397354133776,0.5528548931074657,0.9894800693895098,1
176,Certificate role misclassification,misclassification 0 percent,0.6471710456729921,0.5940162257936297,-0.053154819879362436,0.10175014961416672,0.3945859325498629,0.7934465190373965,1
177,Certificate role misclassification,misclassification 0 percent,0.6644894819059245,0.6585682094368974,-0.005921272469027072,0.10708016256360418,0.44869109081223324,0.8684453280615616,1
178,Certificate role misclassification,misclassification 0 percent,0.6366188521356072,0.786910635980315,0.15029178384470776,0.10401224924289502,0.5830466274642407,0.9907746444963892,1
179,Certificate role misclassification,misclassification 0 percent,0.649029026054077,0.6274713579546888,-0.021557668099388194,0.12093144747723462,0.39044572089930896,0.8644969950100686,1
180,Certificate role misclassification,misclassification 0 percent,0.6342897472399448,0.6053423522400868,-0.02894739499985799,0.12119890976930056,0.3677924890922577,0.8428922153879159,1
181,Certificate role misclassification,misclassification 0 percent,0.6482543449019771,0.705088747536001,0.05683440263402395,0.12028557980572166,0.4693290111167866,0.9408484839552155,1
182,Certificate role misclassification,misclassification 0 percent,0.6466681829002544,0.6652911799566128,0.018622997056358392,0.1104522239994018,0.4488048209177853,0.8817775389954403,1
183,Certificate role misclassification,misclassification 0 percent,0.6395842664064106,0.5762472045703463,-0.06333706183606436,0.10318610436214001,0.37400244002055183,0.7784919691201407,1
184,Certificate role misclassification,misclassification 0 percent,0.6365248763338109,0.845538871993091,0.20901399565928003,0.11068199057797432,0.6286021704602613,1.0624755735259206,1
185,Certificate role misclassification,misclassification 0 percent,0.645513330194019,0.8199195849383576,0.17440625474433857,0.11241081259301171,0.5995943922560547,1.0402447776206605,1
186,Certificate role misclassification,misclassification 0 percent,0.632179144884404,0.6126795065537579,-0.019499638330646052,0.09569570856985674,0.4251159177568387,0.8002430953506772,1
187,Certificate role misclassification,misclassification 0 percent,0.6375732804101057,0.8995104090984086,0.2619371286883029,0.11667471130476895,0.6708279749410615,1.1281928432557558,0
188,Certificate role misclassification,misclassification 0 percent,0.6401255740917086,0.6169473413562399,-0.023178232735468707,0.12504851825714924,0.37185224557222735,0.8620424371402524,1
189,Certificate role misclassification,misclassification 0 percent,0.6425253053835202,0.5869039801916293,-0.05562132519189089,0.11757942360177978,0.3564483099321409,0.8173596504511176,1
190,Certificate role misclassification,misclassification 0 percent,0.6378843140341454,0.6695654183458211,0.0316811043116757,0.11837641568383905,0.43754764360549653,0.9015831930861455,1
191,Certificate role misclassification,misclassification 0 percent,0.6295972261003987,0.7710530311118962,0.14145580501149746,0.10839149640173328,0.5586056981644989,0.9835003640592934,1
192,Certificate role misclassification,misclassification 0 percent,0.6449976730977048,0.7305717096226549,0.0855740365249501,0.107261150965199,0.5203398537308649,0.940803565514445,1
193,Certificate role misclassification,misclassification 0 percent,0.6463254546902681,0.711177350842395,0.06485189615212683,0.11040369532838858,0.49478610799875333,0.9275685936860366,1
194,Certificate role misclassification,misclassification 0 percent,0.6366376118246124,0.7869958128845077,0.15035820105989528,0.11486112226086571,0.5618680132532109,1.0121236125158044,1
195,Certificate role misclassification,misclassification 0 percent,0.6418297210493195,0.8268075275862848,0.18497780653696538,0.10838943063702261,0.6143642435377206,1.0392508116348491,1
196,Certificate role misclassification,misclassification 0 percent,0.6424453308323415,0.5954123540901081,-0.04703297674223339,0.10110935905630226,0.39723801033975564,0.7935866978404604,1
197,Certificate role misclassification,misclassification 0 percent,0.64287552700204,0.5725360026621813,-0.07033952433985868,0.11290234160105397,0.3512474131241155,0.7938245922002471,1
198,Certificate role misclassification,misclassification 0 percent,0.6360134293647699,0.7570028915862648,0.12098946222149487,0.11324228010597602,0.5350480225785518,0.9789577605939778,1
199,Certificate role misclassification,misclassification 0 percent,0.6393947523247295,0.7359497794709576,0.0965550271462281,0.11318964965215364,0.5140980661527366,0.9578014927891787,1
200,Certificate role misclassification,misclassification 0 percent,0.6509150457193036,0.7450398255401491,0.09412477982084555,0.110196515989925,0.5290546541998962,0.9610249968804021,1
1,Certificate role misclassification,misclassification 10 percent,0.6521359719855263,0.5406096098475036,-0.1115263621380227,0.09325324933668462,0.35783324114760173,0.7233859785474055,1
2,Certificate role misclassification,misclassification 10 percent,0.6309026638496926,0.6009265692401536,-0.029976094609538984,0.10062900942329782,0.40369371077048993,0.7981594277098174,1
3,Certificate role misclassification,misclassification 10 percent,0.6473200901000452,0.3607117100004898,-0.2866083800995554,0.11397389214635692,0.13732288139363025,0.5841005386073493,0
4,Certificate role misclassification,misclassification 10 percent,0.6093947620336201,0.4501033376092393,-0.15929142442438077,0.10031226420311119,0.2534912997711414,0.6467153754473373,1
5,Certificate role misclassification,misclassification 10 percent,0.6382888582636879,0.2909367469517337,-0.34735211131195415,0.0991496112540132,0.09660350889386785,0.4852699850095996,0
6,Certificate role misclassification,misclassification 10 percent,0.6358213691580435,0.5808472957363007,-0.054974073421742875,0.0953855512698468,0.39389161524740096,0.7678029762252003,1
7,Certificate role misclassification,misclassification 10 percent,0.6410055898473336,0.5910979030546277,-0.04990768679270585,0.10149074280059164,0.3921760471654681,0.7900197589437874,1
8,Certificate role misclassification,misclassification 10 percent,0.6595260525120231,0.40023719309492983,-0.2592888594170933,0.1096152123184348,0.18539137695079763,0.615083009239062,0
9,Certificate role misclassification,misclassification 10 percent,0.6415854193443637,0.5904721615028048,-0.05111325784155896,0.1096085005165773,0.37563950049031325,0.8053048225152963,1
10,Certificate role misclassification,misclassification 10 percent,0.6277902042652036,0.4432610663456004,-0.18452913791960318,0.09594604557896085,0.25520681701083714,0.6313153156803637,1
11,Certificate role misclassification,misclassification 10 percent,0.6491667771755332,0.4197411879178415,-0.2294255892576917,0.09332816300207881,0.236817988433767,0.602664387401916,0
12,Certificate role misclassification,misclassification 10 percent,0.6401104513733686,0.3409641839833521,-0.29914626739001654,0.10865027095619857,0.1280096529092029,0.5539187150575013,0
13,Certificate role misclassification,misclassification 10 percent,0.6442767473084273,0.5199735159766931,-0.12430323133173427,0.10635941561975891,0.3115090613619656,0.7284379705914206,1
14,Certificate role misclassification,misclassification 10 percent,0.6426317429458603,0.3898849068540242,-0.2527468360918361,0.10520573649905823,0.18368166331587008,0.5960881503921783,0
15,Certificate role misclassification,misclassification 10 percent,0.6738209683389078,0.5489038536152903,-0.12491711472361755,0.10401510395873143,0.3450342498561767,0.7527734573744038,1
16,Certificate role misclassification,misclassification 10 percent,0.6342695525515157,0.4379236858246935,-0.19634586672682225,0.11395164379216735,0.21457846399204547,0.6612689076573415,1
17,Certificate role misclassification,misclassification 10 percent,0.6484620572685778,0.5429581118327854,-0.10550394543579233,0.10096073287744588,0.34507507539299154,0.7408411482725793,1
18,Certificate role misclassification,misclassification 10 percent,0.6406206011521826,0.4150763530596206,-0.22554424809256196,0.11119172187305788,0.19714057818842715,0.6330121279308141,0
19,Certificate role misclassification,misclassification 10 percent,0.675957480586386,0.40636295253419413,-0.2695945280521919,0.10520780482675066,0.20015565507376284,0.6125702499946254,0
20,Certificate role misclassification,misclassification 10 percent,0.6726750014266786,0.5011731846254742,-0.17150181680120435,0.12190220470403952,0.26224486340555675,0.7401015058453917,1
21,Certificate role misclassification,misclassification 10 percent,0.639496503372209,0.5905983329153227,-0.04889817045688627,0.11019770421334694,0.37461083265716266,0.8065858331734828,1
22,Certificate role misclassification,misclassification 10 percent,0.6503073184445113,0.5404213636802865,-0.1098859547642248,0.10032409735478547,0.343786132864907,0.737056594495666,1
23,Certificate role misclassification,misclassification 10 percent,0.6545741548586057,0.3669673899508233,-0.2876067649077824,0.09795838598118109,0.17496895342770835,0.5589658264739382,0
24,Certificate role misclassification,misclassification 10 percent,0.6434140590367189,0.2684356717899223,-0.3749783872467966,0.09986037619725678,0.072709334443299,0.4641620091365456,0
25,Certificate role misclassification,misclassification 10 percent,0.6625337967708069,0.4661314853509536,-0.19640231141985331,0.10848847899770729,0.2534940665154473,0.67876890418646,1
26,Certificate role misclassification,misclassification 10 percent,0.642614014530232,0.18055884792948232,-0.46205516660074974,0.10430747349045658,-0.02388380011181257,0.3850014959707772,0
27,Certificate role misclassification,misclassification 10 percent,0.6425145296638048,0.46363868587541374,-0.1788758437883911,0.12215013807681051,0.22422441524486514,0.7030529565059623,1
28,Certificate role misclassification,misclassification 10 percent,0.6396737455586406,0.41554798058932524,-0.2241257649693154,0.10250706990610567,0.21463412357335812,0.6164618376052924,0
29,Certificate role misclassification,misclassification 10 percent,0.6352666836924804,0.7329401646095177,0.09767348091703731,0.10954852685327182,0.518225051977105,0.9476552772419304,1
30,Certificate role misclassification,misclassification 10 percent,0.6109018588301948,0.4206640783698607,-0.19023778046033407,0.10478488417661104,0.21528570538370306,0.6260424513560183,1
31,Certificate role misclassification,misclassification 10 percent,0.6436749689572152,0.5787666987408558,-0.06490827021635937,0.10597861507673335,0.37104861319045845,0.7864847842912532,1
32,Certificate role misclassification,misclassification 10 percent,0.6441131457805496,0.49761767937966106,-0.1464954664008885,0.10084177745659988,0.2999677955647253,0.6952675631945968,1
33,Certificate role misclassification,misclassification 10 percent,0.6325803574590453,0.34742215059460496,-0.2851582068644403,0.09775068609665633,0.15583080584515857,0.5390134953440513,0
34,Certificate role misclassification,misclassification 10 percent,0.631120993357707,0.797076824257445,0.16595583089973798,0.10981999386670316,0.5818296362787068,1.0123240122361832,1
35,Certificate role misclassification,misclassification 10 percent,0.645506392546842,0.5781489309539791,-0.06735746159286282,0.11350926130273808,0.3556707788006125,0.8006270831073458,1
36,Certificate role misclassification,misclassification 10 percent,0.6437920658384808,0.34047506992929544,-0.30331699590918537,0.09499431505065123,0.15428621243001903,0.5266639274285718,0
37,Certificate role misclassification,misclassification 10 percent,0.6366705615560446,0.4921683993171537,-0.1445021622388909,0.10322218652421736,0.2898529137296877,0.6944838849046198,1
38,Certificate role misclassification,misclassification 10 percent,0.6548624282978486,0.5797068118398834,-0.0751556164579652,0.09963696827949217,0.3844183540120787,0.7749952696676881,1
39,Certificate role misclassification,misclassification 10 percent,0.6469983698376011,0.4231783277827837,-0.22382004205481737,0.10554405323175747,0.21631198344853905,0.6300446721170283,0
40,Certificate role misclassification,misclassification 10 percent,0.6408048168719986,0.4572335380197457,-0.18357127885225294,0.10301977745078673,0.25531477421620374,0.6591523018232877,1
41,Certificate role misclassification,misclassification 10 percent,0.6576293679353371,0.49928204921104735,-0.15834731872428975,0.08932257381821672,0.3242098045273426,0.6743542938947521,1
42,Certificate role misclassification,misclassification 10 percent,0.6249909608110733,0.5584158458095856,-0.06657511500148772,0.10192358302056291,0.3586456230892823,0.7581860685298889,1
43,Certificate role misclassification,misclassification 10 percent,0.6537982024531819,0.46742870444692997,-0.1863694980062519,0.11972900967955928,0.2327598454749938,0.7020975634188662,1
44,Certificate role misclassification,misclassification 10 percent,0.6436964290705399,0.5663102224769382,-0.07738620659360174,0.09089054339903554,0.38816475741482853,0.7444556875390478,1
45,Certificate role misclassification,misclassification 10 percent,0.6350420345909402,0.5597325754174195,-0.07530945917352072,0.09728592631169472,0.36905215984649786,0.7504129909883411,1
46,Certificate role misclassification,misclassification 10 percent,0.6503765145185502,0.544282640293163,-0.10609387422538719,0.11689371905839606,0.31517095093870673,0.7733943296476192,1
47,Certificate role misclassification,misclassification 10 percent,0.6386605018797725,0.2771358292487995,-0.36152467263097304,0.09695458013598364,0.08710485218227154,0.4671668063153274,0
48,Certificate role misclassification,misclassification 10 percent,0.6451416883127764,0.5125950951189648,-0.13254659319381157,0.10495707194777744,0.30687923410132106,0.7183109561366086,1
49,Certificate role misclassification,misclassification 10 percent,0.6649844513040353,0.30604606332593864,-0.35893838797809663,0.09124621304652365,0.1272034857547523,0.484888640897125,0
50,Certificate role misclassification,misclassification 10 percent,0.6425990485297426,0.41800619719241194,-0.22459285133733065,0.10083546627023834,0.22036868330274478,0.6156437110820792,0
51,Certificate role misclassification,misclassification 10 percent,0.6373791221797369,0.36866786475397884,-0.2687112574257581,0.09463342646055652,0.18318634889128807,0.5541493806166696,0
52,Certificate role misclassification,misclassification 10 percent,0.6542278544181266,0.31875516134739984,-0.33547269307072675,0.10561707390571405,0.11174569649220031,0.5257646262025993,0
53,Certificate role misclassification,misclassification 10 percent,0.6263926198231468,0.5743769584861128,-0.05201566133703395,0.10050137426955671,0.37739426491778166,0.7713596520544439,1
54,Certificate role misclassification,misclassification 10 percent,0.6517445994738218,0.5636430582420451,-0.08810154123177671,0.11548409921166483,0.337294223787182,0.7899918926969082,1
55,Certificate role misclassification,misclassification 10 percent,0.6465798706660121,0.26396351795120404,-0.38261635271480804,0.1060010187846288,0.0562015211333316,0.4717255147690765,0
56,Certificate role misclassification,misclassification 10 percent,0.6481268663513291,0.44295549340253704,-0.20517137294879206,0.09646205087584735,0.25388987368587623,0.6320211131191978,0
57,Certificate role misclassification,misclassification 10 percent,0.6443171954643231,0.6784993950430493,0.03418219957872626,0.10957350399625687,0.4637353272103859,0.8932634628757128,1
58,Certificate role misclassification,misclassification 10 percent,0.6356146718857063,0.4199738065761199,-0.21564086530958643,0.09849918076463712,0.22691541227743112,0.6130322008748086,0
59,Certificate role misclassification,misclassification 10 percent,0.6537238051547294,0.42444553800162566,-0.22927826715310373,0.1120368539783542,0.20485330420405143,0.6440377717991999,0
60,Certificate role misclassification,misclassification 10 percent,0.6292339939619173,0.45445536907988676,-0.1747786248820305,0.09919927535999508,0.2600247893742964,0.6488859487854771,1
61,Certificate role misclassification,misclassification 10 percent,0.647591951705064,0.533307724398253,-0.11428422730681098,0.09942982798116037,0.3384252615551787,0.7281901872413273,1
62,Certificate role misclassification,misclassification 10 percent,0.620173422268613,0.3145054468495195,-0.3056679754190936,0.10904674379275375,0.10077382901572213,0.5282370646833168,0
63,Certificate role misclassification,misclassification 10 percent,0.6493101057987203,0.5951346134932171,-0.054175492305503226,0.10097654648911898,0.39722058237454383,0.7930486446118903,1
64,Certificate role misclassification,misclassification 10 percent,0.6604203916272168,0.5089274974902883,-0.15149289413692846,0.10704201194471397,0.2991251540786489,0.7187298409019277,1
65,Certificate role misclassification,misclassification 10 percent,0.6443017037332774,0.3990614614908338,-0.24524024224244362,0.09739885193598505,0.20815971169630312,0.5899632112853646,0
66,Certificate role misclassification,misclassification 10 percent,0.657442622095236,0.532694884620012,-0.12474773747522394,0.10940121045134046,0.3182685121353847,0.7471212571046393,1
67,Certificate role misclassification,misclassification 10 percent,0.6555079844994124,0.3865887579677144,-0.268919226531698,0.10197392272358964,0.1867198694294787,0.5864576465059501,0
68,Certificate role misclassification,misclassification 10 percent,0.6579379874835117,0.30197314893188354,-0.3559648385516282,0.09818588009492601,0.10952882394582855,0.49441747391793855,0
69,Certificate role misclassification,misclassification 10 percent,0.6644700333211061,0.6581637549777568,-0.006306278343349292,0.11231876488461358,0.4380189758039142,0.8783085341515995,1
70,Certificate role misclassification,misclassification 10 percent,0.6262175508235045,0.6472144943632633,0.020996943539758783,0.11851929975482213,0.4149166668438119,0.8795123218827147,1
71,Certificate role misclassification,misclassification 10 percent,0.6505249873348822,0.37688535694478575,-0.2736396303900964,0.10652978579231043,0.16808697679185733,0.5856837370977142,0
72,Certificate role misclassification,misclassification 10 percent,0.6371216340655041,0.4493751518917513,-0.18774648217375284,0.10571507834654788,0.24217359833251748,0.6565767054509851,1
73,Certificate role misclassification,misclassification 10 percent,0.6324740024864731,0.4801931922364372,-0.15228081025003593,0.10334957484304566,0.27762802554406774,0.6827583589288067,1
74,Certificate role misclassification,misclassification 10 percent,0.6415718157017717,0.43512402412118567,-0.20644779158058602,0.11247368115646769,0.214675609054509,0.6555724391878623,1
75,Certificate role misclassification,misclassification 10 percent,0.6417291657808585,0.3631129627749092,-0.2786162030059493,0.10237273259625466,0.16246240688625005,0.5637635186635683,0
76,Certificate role misclassification,misclassification 10 percent,0.638060029497556,0.4840314167579904,-0.15402861273956564,0.10758750303790839,0.27315991080368995,0.6949029227122908,1
77,Certificate role misclassification,misclassification 10 percent,0.6404809709274618,0.4915974009167559,-0.1488835700107059,0.11405090839707041,0.2680576204584979,0.7151371813750139,1
78,Certificate role misclassification,misclassification 10 percent,0.6533666128016021,0.5812784968392748,-0.07208811596232734,0.10665031478396844,0.3722438798626967,0.7903131138158529,1
79,Certificate role misclassification,misclassification 10 percent,0.6453394993258061,0.6790924712347138,0.03375297190890769,0.11072708041778447,0.46206739361585625,0.8961175488535714,1
80,Certificate role misclassification,misclassification 10 percent,0.6396336729081644,0.595030700893666,-0.044602972014498365,0.09686182159873365,0.4051815305601481,0.7848798712271841,1
81,Certificate role misclassification,misclassification 10 percent,0.6498390821560377,0.3391198874144175,-0.3107191947416202,0.10352333265349678,0.13621415541356383,0.5420256194152712,0
82,Certificate role misclassification,misclassification 10 percent,0.6501536645456266,0.5877267393595385,-0.06242692518608817,0.1065936574801375,0.37880317069846897,0.796650308020608,1
83,Certificate role misclassification,misclassification 10 percent,0.6460219057506462,0.5188252482641786,-0.12719665748646758,0.09641152167542394,0.3298586657803477,0.7077918307480096,1
84,Certificate role misclassification,misclassification 10 percent,0.6677677809998855,0.5140618032226159,-0.1537059777772697,0.11009981061004409,0.29826617442692943,0.7298574320183022,1
85,Certificate role misclassification,misclassification 10 percent,0.6175372357433041,0.4231285904572457,-0.1944086452860584,0.09068856583937066,0.24537900141207925,0.6008781795024122,0
86,Certificate role misclassification,misclassification 10 percent,0.6257324593705421,0.5995576239967135,-0.026174835373828587,0.10114233233904735,0.4013186526121807,0.7977965953812464,1
87,Certificate role misclassification,misclassification 10 percent,0.6228510870218328,0.38644107576160186,-0.23641001126023092,0.11237969341216672,0.16617687667375508,0.6067052748494486,0
88,Certificate role misclassification,misclassification 10 percent,0.6430576817098884,0.5148708027731299,-0.1281868789367585,0.11147482554574419,0.2963801447034713,0.7333614608427885,1
89,Certificate role misclassification,misclassification 10 percent,0.6442137168470699,0.6105093237253353,-0.033704393121734566,0.10555372836033967,0.4036240161390695,0.8173946313116011,1
90,Certificate role misclassification,misclassification 10 percent,0.6589138205621432,0.4197582829155845,-0.23915553764655872,0.10215993922498348,0.21952480203461686,0.6199917637965521,0
91,Certificate role misclassification,misclassification 10 percent,0.6262257985554806,0.4158339806885923,-0.21039181786688826,0.10923445721952939,0.20173444453831468,0.6299335168388699,1
92,Certificate role misclassification,misclassification 10 percent,0.662439593068324,0.4667176449424657,-0.1957219481258583,0.10644439350918167,0.2580866336644696,0.6753486562204618,1
93,Certificate role misclassification,misclassification 10 percent,0.6566133462062211,0.49378067317232305,-0.1628326730338981,0.09741304447598297,0.30285110599939646,0.6847102403452496,1
94,Certificate role misclassification,misclassification 10 percent,0.6405188525362415,0.5849784182061695,-0.05554043433007205,0.10040363145014666,0.388187300563882,0.7817695358484569,1
95,Certificate role misclassification,misclassification 10 percent,0.6109714394729874,0.4516841540853014,-0.159287285387686,0.09888136534694422,0.2578766780052907,0.6454916301653121,1
96,Certificate role misclassification,misclassification 10 percent,0.6337328613540607,0.5009102187256402,-0.13282264262842047,0.09765726382773518,0.30950198162327924,0.6923184558280012,1
97,Certificate role misclassification,misclassification 10 percent,0.6507025277669777,0.478766405864618,-0.17193612190235968,0.11860022337403207,0.24630996805151514,0.7112228436777208,1
98,Certificate role misclassification,misclassification 10 percent,0.6667546938129554,0.6087554052864096,-0.05799928852654579,0.10523432316114376,0.4024961318905678,0.8150146786822514,1
99,Certificate role misclassification,misclassification 10 percent,0.637563506021142,0.5470430519489424,-0.09052045407219955,0.11677411109607319,0.31816579420063895,0.7759203096972459,1
100,Certificate role misclassification,misclassification 10 percent,0.6287143631879938,0.5027150431361828,-0.12599932005181103,0.11093960392226376,0.2852734194485458,0.7201566668238197,1
101,Certificate role misclassification,misclassification 10 percent,0.6717784687631779,0.347074665769745,-0.32470380299343293,0.10937076480863116,0.13270796674482793,0.5614413647946621,0
102,Certificate role misclassification,misclassification 10 percent,0.6365838537588294,0.3968553601806499,-0.23972849357817955,0.09425032023399245,0.21212473252202468,0.5815859878392751,0
103,Certificate role misclassification,misclassification 10 percent,0.6446745785163395,0.24148451275382563,-0.4031900657625138,0.1067666090677523,0.03222195898103111,0.4507470665266201,0
104,Certificate role misclassification,misclassification 10 percent,0.6592967469260305,0.35088363978036613,-0.30841310714566433,0.09806923700018719,0.15866793525999925,0.543099344300733,0
105,Certificate role misclassification,misclassification 10 percent,0.6571992104643953,0.4786368916859497,-0.17856231877844564,0.11998941747207535,0.243457633440682,0.7138161499312174,1
106,Certificate role misclassification,misclassification 10 percent,0.6600465762723382,0.396098660154941,-0.2639479161173972,0.09255449507103851,0.21469184981570552,0.5775054704941764,0
107,Certificate role misclassification,misclassification 10 percent,0.6373666070340741,0.49796631838941124,-0.13940028864466286,0.11090836839001432,0.2805859163449832,0.7153467204338393,1
108,Certificate role misclassification,misclassification 10 percent,0.637235112374769,0.5801632399089643,-0.057071872465804696,0.09659911562331365,0.3908289732872696,0.7694975065306591,1
109,Certificate role misclassification,misclassification 10 percent,0.6488227868736755,0.4063777606993413,-0.24244502617433417,0.09891461820061791,0.21250510902613018,0.6002504123725524,0
110,Certificate role misclassification,misclassification 10 percent,0.6279959879919543,0.7419364713889282,0.11394048339697382,0.10815025523542901,0.5299619711274873,0.953910971650369,1
111,Certificate role misclassification,misclassification 10 percent,0.6206167524328923,0.3884741366549056,-0.23214261577798667,0.09991669537533937,0.19263741371924042,0.5843108595905708,0
112,Certificate role misclassification,misclassification 10 percent,0.6399675619189729,0.5922860266415172,-0.04768153527745567,0.10177112797971934,0.3928146158012673,0.7917574374817671,1
113,Certificate role misclassification,misclassification 10 percent,0.6380473857373041,0.5187150190052038,-0.11933236673210035,0.10413333541623644,0.31461368158938036,0.7228163564210273,1
114,Certificate role misclassification,misclassification 10 percent,0.6627745404283816,0.5743648357515972,-0.08840970467678433,0.10623092584523869,0.3661522210949294,0.7825774504082651,1
115,Certificate role misclassification,misclassification 10 percent,0.6315102060617153,0.5111450535513622,-0.12036515251035307,0.09130838078658995,0.3321806272096459,0.6901094798930785,1
116,Certificate role misclassification,misclassification 10 percent,0.650145683791779,0.5166601402832711,-0.13348554350850783,0.10316750238828346,0.31445183560223555,0.7188684449643067,1
117,Certificate role misclassification,misclassification 10 percent,0.6512897776616228,0.6977010431620999,0.04641126550047714,0.0938178752734081,0.51381800762622,0.8815840786979798,1
118,Certificate role misclassification,misclassification 10 percent,0.6415291288401642,0.4771102735677911,-0.1644188552723731,0.10350010282368852,0.2742500720333616,0.6799704751022206,1
119,Certificate role misclassification,misclassification 10 percent,0.644773603807607,0.41445637370437727,-0.2303172301032297,0.11162952945116647,0.195662495980091,0.6332502514286635,0
120,Certificate role misclassification,misclassification 10 percent,0.637977025673866,0.40765335827072263,-0.23032366740314342,0.1001021450784366,0.2114531539169869,0.6038535626244583,0
121,Certificate role misclassification,misclassification 10 percent,0.6363609280604386,0.38706574949397193,-0.2492951785664667,0.10597531791727915,0.1793541263761048,0.594777372611839,0
122,Certificate role misclassification,misclassification 10 percent,0.6282116750965755,0.4740832902197181,-0.15412838487685737,0.11167834233609295,0.255193739240976,0.6929728411984603,1
123,Certificate role misclassification,misclassification 10 percent,0.636519348185767,0.44078984355662815,-0.1957295046291389,0.1050292249669508,0.23493256262140458,0.6466471244918517,1
124,Certificate role misclassification,misclassification 10 percent,0.627349547384031,0.5136704878460898,-0.11367905953794122,0.11424354806537963,0.28975313363794575,0.7375878420542339,1
125,Certificate role misclassification,misclassification 10 percent,0.6272242066645288,0.46617015879004586,-0.16105404787448296,0.09315015527801644,0.28359585444513363,0.6487444631349581,1
126,Certificate role misclassification,misclassification 10 percent,0.6378778015026401,0.44504295997902055,-0.19283484152361952,0.10943168239509077,0.23055686248464263,0.6595290574733985,1
127,Certificate role misclassification,misclassification 10 percent,0.6478661830987527,0.2977517009886286,-0.3501144821101241,0.09710446456341507,0.10742695044433506,0.4880764515329221,0
128,Certificate role misclassification,misclassification 10 percent,0.6554913965996628,0.46762012170563166,-0.18787127489403116,0.10674015154195067,0.25840942468340833,0.676830818727855,1
129,Certificate role misclassification,misclassification 10 percent,0.6580457091425999,0.3622470714672035,-0.2957986376753964,0.10682291625129513,0.15287415561466502,0.571619987319742,0
130,Certificate role misclassification,misclassification 10 percent,0.645962970229856,0.3252297703297059,-0.32073319990015015,0.10748645139178181,0.11455632560181356,0.5359032150575982,0
131,Certificate role misclassification,misclassification 10 percent,0.6491721562727598,0.43897612118948826,-0.21019603508327156,0.09520716712702776,0.2523700736205139,0.6255821687584626,0
132,Certificate role misclassification,misclassification 10 percent,0.6535025517308746,0.42313319956736106,-0.2303693521635135,0.10803980280919355,0.2113751860613417,0.6348912130733804,0
133,Certificate role misclassification,misclassification 10 percent,0.6489808817062297,0.34532684434423294,-0.30365403736199675,0.09640846286096592,0.15636625713673974,0.5342874315517261,0
134,Certificate role misclassification,misclassification 10 percent,0.6543993022776716,0.4259099871948133,-0.2284893150828583,0.1077801826949502,0.21466082911271095,0.6371591452769156,0
135,Certificate role misclassification,misclassification 10 percent,0.6676577107925039,0.4780419804912169,-0.18961573030128703,0.11070730776119223,0.26105565727928015,0.6950283037031536,1
136,Certificate role misclassification,misclassification 10 percent,0.651733748524861,0.6338248097800617,-0.017908938744799263,0.09408986496760786,0.4494086744435503,0.8182409451165731,1
137,Certificate role misclassification,misclassification 10 percent,0.6577896004195963,0.4426053317638178,-0.21518426865577855,0.11531274378214033,0.2165923539508227,0.6686183095768128,1
138,Certificate role misclassification,misclassification 10 percent,0.6533528664483612,0.4567080045482514,-0.19664486190010982,0.10719433544781465,0.24660710707053468,0.6668089020259681,1
139,Certificate role misclassification,misclassification 10 percent,0.6405005532034443,0.45161438565235534,-0.188886167551089,0.10400017006799774,0.24777405231907979,0.6554547189856309,1
140,Certificate role misclassification,misclassification 10 percent,0.6233816022293589,0.4555762577645761,-0.1678053444647828,0.10097659216456249,0.2576621371220336,0.6534903784071187,1
141,Certificate role misclassification,misclassification 10 percent,0.6802217134979838,0.4061010762988073,-0.27412063719917645,0.09633503560495302,0.2172844065130994,0.5949177460845152,0
142,Certificate role misclassification,misclassification 10 percent,0.6479497902484551,0.46627573690854207,-0.18167405333991304,0.11059284913584273,0.2495137526022903,0.6830377212147938,1
143,Certificate role misclassification,misclassification 10 percent,0.6549520961735974,0.3097172259366662,-0.3452348702369312,0.1006880279158307,0.112368691221638,0.5070657606516944,0
144,Certificate role misclassification,misclassification 10 percent,0.6285922388088602,0.5602720344769283,-0.06832020433193187,0.10460272703856116,0.3552506894813484,0.7652933794725082,1
145,Certificate role misclassification,misclassification 10 percent,0.6585992730111502,0.529339973093761,-0.12925929991738916,0.11344454890202348,0.30698865724579505,0.751691288941727,1
146,Certificate role misclassification,misclassification 10 percent,0.6503898436851432,0.4225754511394751,-0.2278143925456681,0.10009968718421472,0.22638006425841425,0.6187708380205359,0
147,Certificate role misclassification,misclassification 10 percent,0.6457441019210639,0.4029482150586493,-0.2427958868624146,0.09313573178139371,0.22040218076711762,0.585494249350181,0
148,Certificate role misclassification,misclassification 10 percent,0.6740300191365373,0.6506858478400953,-0.02334417129644195,0.09942654007496986,0.4558098292931544,0.8455618663870362,1
149,Certificate role misclassification,misclassification 10 percent,0.6362832534795358,0.2501610891017073,-0.38612216437782854,0.11002452261472292,0.03451302477685039,0.46580915342656426,0
150,Certificate role misclassification,misclassification 10 percent,0.6438507371918066,0.40088075204820284,-0.2429699851436038,0.09607840205452305,0.21256708402133767,0.5891944200750681,0
151,Certificate role misclassification,misclassification 10 percent,0.6387690811812801,0.2934226462019086,-0.34534643497937145,0.11417039842554827,0.069648665287834,0.5171966271159832,0
152,Certificate role misclassification,misclassification 10 percent,0.6436432689739239,0.5167067368430479,-0.12693653213087597,0.10435181264856008,0.3121771840518701,0.7212362896342257,1
153,Certificate role misclassification,misclassification 10 percent,0.6583875963842344,0.6329666942352505,-0.025420902148983848,0.10380297733481207,0.4295128586590189,0.8364205298114822,1
154,Certificate role misclassification,misclassification 10 percent,0.6373056704296948,0.49785366485409294,-0.13945200557560183,0.09677034149670319,0.3081837955205547,0.6875235341876311,1
155,Certificate role misclassification,misclassification 10 percent,0.6369404361177514,0.5733413047469976,-0.06359913137075379,0.10234400043089016,0.37274706390245294,0.7739355455915423,1
156,Certificate role misclassification,misclassification 10 percent,0.657284640276142,0.5208806335002244,-0.13640400677591757,0.1040080336619904,0.3170248875227232,0.7247363794777256,1
157,Certificate role misclassification,misclassification 10 percent,0.6348598881470326,0.3718538756666532,-0.26300601248037947,0.09839584087816572,0.17899802754544838,0.564709723787858,0
158,Certificate role misclassification,misclassification 10 percent,0.6594496932459483,0.37199176771621734,-0.28745792552973093,0.10404751863890713,0.16805863118395936,0.5759249042484753,0
159,Certificate role misclassification,misclassification 10 percent,0.6273977914688442,0.6830484035011388,0.0556506120322946,0.10711135189027218,0.47311015379620536,0.8929866532060723,1
160,Certificate role misclassification,misclassification 10 percent,0.6512552681952184,0.39857084713983704,-0.25268442105538136,0.09524683923820816,0.21188704223294905,0.585254652046725,0
161,Certificate role misclassification,misclassification 10 percent,0.6273157382021576,0.4551691257110686,-0.17214661249108898,0.09825242756979606,0.26259436767426836,0.6477438837478688,1
162,Certificate role misclassification,misclassification 10 percent,0.6430474805513472,0.6566604255879643,0.013612945036617141,0.10792467633392384,0.4451280599734736,0.8681927912024551,1
163,Certificate role misclassification,misclassification 10 percent,0.6261557134624476,0.4284092693888594,-0.19774644407358816,0.09852494268986499,0.23530038171672404,0.6215181570609948,0
164,Certificate role misclassification,misclassification 10 percent,0.6333857460752106,0.3307129333646251,-0.3026728127105855,0.11784132292822026,0.09974394042531337,0.5616819263039368,0
165,Certificate role misclassification,misclassification 10 percent,0.64341728050182,0.5319170215383665,-0.1115002589634535,0.09094841495703188,0.353658128222584,0.710175914854149,1
166,Certificate role misclassification,misclassification 10 percent,0.6591648296151832,0.554728068791771,-0.10443676082341224,0.10277028397069422,0.35329831220921026,0.7561578253743316,1
167,Certificate role misclassification,misclassification 10 percent,0.6367611957497589,0.6369074412554575,0.00014624550569863892,0.10181118644872934,0.437357515815948,0.8364573666949671,1
168,Certificate role misclassification,misclassification 10 percent,0.6287381314770437,0.4836269950019677,-0.145111136475076,0.10544724059041638,0.27695040344475164,0.6903035865591838,1
169,Certificate role misclassification,misclassification 10 percent,0.6376814372189222,0.6678383924565984,0.030156955237676142,0.10104812193687787,0.46978407346031775,0.8658927114528789,1
170,Certificate role misclassification,misclassification 10 percent,0.6515732150064845,0.6501035157306894,-0.0014696992757951,0.12188916243887532,0.4112007573504938,0.889006274110885,1
171,Certificate role misclassification,misclassification 10 percent,0.6601520956316592,0.4399422463870673,-0.22020984924459192,0.10380293461557223,0.23648849454054574,0.6433959982335888,0
172,Certificate role misclassification,misclassification 10 percent,0.6215144640256011,0.44009734821240815,-0.18141711581319292,0.10683886070601427,0.23069318122862018,0.6495015151961961,1
173,Certificate role misclassification,misclassification 10 percent,0.6620556308428138,0.5193148987845895,-0.14274073205822435,0.1020004367279524,0.31939404279780276,0.7192357547713761,1
174,Certificate role misclassification,misclassification 10 percent,0.6421030661648395,0.43559538997549313,-0.20650767618934635,0.10430613921267161,0.23115535711865678,0.6400354228323295,0
175,Certificate role misclassification,misclassification 10 percent,0.6241248777651499,0.4130447125837944,-0.21108016518135553,0.11545630436904161,0.18675035602047282,0.6393390691471159,1
176,Certificate role misclassification,misclassification 10 percent,0.6603014666588676,0.5154685509446953,-0.14483291571417223,0.10080097410424922,0.31789864170036686,0.7130384601890238,1
177,Certificate role misclassification,misclassification 10 percent,0.6661664408021305,0.5569352109787112,-0.10923122982341926,0.09895056161992463,0.36299211020365896,0.7508783117537635,1
178,Certificate role misclassification,misclassification 10 percent,0.638552088005372,0.16097154608886927,-0.47758054191650273,0.10358214103166714,-0.04204945033319832,0.3639925425109368,0
179,Certificate role misclassification,misclassification 10 percent,0.6501076311777945,0.5896229369482534,-0.06048469422954106,0.1064115892734917,0.3810562219722097,0.7981896519242971,1
180,Certificate role misclassification,misclassification 10 percent,0.6576946255609114,0.6561853837069715,-0.0015092418539398578,0.1043907802483074,0.451579454420289,0.8607913129936541,1
181,Certificate role misclassification,misclassification 10 percent,0.6536465639320936,0.32643573532725834,-0.3272108286048353,0.11018910750992565,0.11046508460780408,0.5424063860467125,0
182,Certificate role misclassification,misclassification 10 percent,0.6545697663883542,0.4381050516115898,-0.21646471477676438,0.10759810547554537,0.22721276487952088,0.6489973383436587,0
183,Certificate role misclassification,misclassification 10 percent,0.6574398271391938,0.3806590106246347,-0.2767808165145591,0.10668778450513812,0.171550952994564,0.5897670682547054,0
184,Certificate role misclassification,misclassification 10 percent,0.6485307156782628,0.39888752400583527,-0.24964319167242754,0.10130358185535934,0.20033250356933097,0.5974425444423396,0
185,Certificate role misclassification,misclassification 10 percent,0.6546218620398037,0.42374461633143956,-0.2308772457083641,0.09965395457441319,0.22842286536558973,0.6190663672972894,0
186,Certificate role misclassification,misclassification 10 percent,0.6509962088080662,0.477024966205003,-0.17397124260306318,0.10080911081329035,0.2794391090109539,0.6746108233990521,1
187,Certificate role misclassification,misclassification 10 percent,0.6435331930614133,0.4213002792912993,-0.222232913770114,0.1057805099507842,0.2139704797877623,0.6286300787948363,0
188,Certificate role misclassification,misclassification 10 percent,0.639793709392763,0.5683689807059036,-0.07142472868685945,0.10245711052076494,0.3675530440852043,0.7691849173266029,1
189,Certificate role misclassification,misclassification 10 percent,0.643695986295059,0.48019817331171266,-0.1634978129833463,0.09830855904071781,0.28751339759190575,0.6728829490315196,1
190,Certificate role misclassification,misclassification 10 percent,0.6671696340033948,0.36662964777873747,-0.30053998622465733,0.1072541703701521,0.15641147385323936,0.5768478217042355,0
191,Certificate role misclassification,misclassification 10 percent,0.6449633372330864,0.49744930563369344,-0.14751403159939297,0.11899769455053172,0.26421382431465124,0.7306847869527356,1
192,Certificate role misclassification,misclassification 10 percent,0.6447143441068133,0.5054182859733176,-0.13929605813349566,0.10650106806431664,0.29667619256725697,0.7141603793793783,1
193,Certificate role misclassification,misclassification 10 percent,0.6759037810607944,0.6247727995009599,-0.05113098155983453,0.10699185646242415,0.41506876083460853,0.8344768381673112,1
194,Certificate role misclassification,misclassification 10 percent,0.6530118642319653,0.6754343613843607,0.022422497152395415,0.10496566956185653,0.46970164904312195,0.8811670737255995,1
195,Certificate role misclassification,misclassification 10 percent,0.6386912173142508,0.6355449071574657,-0.003146310156785126,0.11222967031611923,0.41557475333787197,0.8555150609770594,1
196,Certificate role misclassification,misclassification 10 percent,0.6417436231051118,0.4418430866150137,-0.1999005364900981,0.10366084339364942,0.23866783356346083,0.6450183396665665,1
197,Certificate role misclassification,misclassification 10 percent,0.618877590717155,0.37957575030761787,-0.23930184040953711,0.09511824149315097,0.19314399698104195,0.5660075036341938,0
198,Certificate role misclassification,misclassification 10 percent,0.6490102336417097,0.48833577495244707,-0.16067445868926267,0.1024803874637313,0.2874742155235337,0.6891973343813604,1
199,Certificate role misclassification,misclassification 10 percent,0.6663489893932762,0.4545219907505176,-0.21182699864275867,0.10267654244460307,0.25327596755909554,0.6557680139419396,0
200,Certificate role misclassification,misclassification 10 percent,0.6473867713597274,0.6089949783664663,-0.03839179299326112,0.11424364609815398,0.3850774320140845,0.8329125247188481,1
1,Certificate role misclassification,misclassification 20 percent,0.647973878525619,0.3098556306743182,-0.33811824785130085,0.09779346507416971,0.11818043912894557,0.5015308222196908,0
2,Certificate role misclassification,misclassification 20 percent,0.6293784755462275,0.26089215096500334,-0.36848632458122416,0.10267299500685961,0.05965308075155851,0.4621312211784482,0
3,Certificate role misclassification,misclassification 20 percent,0.6322867005500887,0.29638368101194135,-0.3359030195381474,0.10017505509923927,0.10004057301743238,0.4927267890064503,0
4,Certificate role misclassification,misclassification 20 percent,0.6360959183982315,0.1927313142338464,-0.44336460416438517,0.09970222205554538,-0.0026850409950225362,0.38814766946271534,0
5,Certificate role misclassification,misclassification 20 percent,0.6440763076862561,0.4363505390165624,-0.20772576866969372,0.0914658310406982,0.2570775101767939,0.6156235678563309,0
6,Certificate role misclassification,misclassification 20 percent,0.6433094213863172,0.5372210253533387,-0.10608839603297848,0.09336337490522949,0.35422881053908895,0.7202132401675885,1
7,Certificate role misclassification,misclassification 20 percent,0.6549831588229262,0.2833510766302249,-0.37163208219270133,0.08846642573994326,0.10995688217993613,0.45674527108051366,0
8,Certificate role misclassification,misclassification 20 percent,0.6659542185049769,0.2864586009078866,-0.37949561759709033,0.10216903019370054,0.08620730172823357,0.48670990008753967,0
9,Certificate role misclassification,misclassification 20 percent,0.6496525999166197,0.2379792550299734,-0.4116733448866463,0.09640396016638993,0.04902749310384916,0.4269310169560977,0
10,Certificate role misclassification,misclassification 20 percent,0.6438642208055805,0.18543854357467734,-0.4584256772309031,0.10962255405656714,-0.02942166237619423,0.4002987495255489,0
11,Certificate role misclassification,misclassification 20 percent,0.6346853311034063,0.197599851749257,-0.4370854793541493,0.10368414097431539,-0.005621064560401151,0.4008207680589152,0
12,Certificate role misclassification,misclassification 20 percent,0.6265682398116224,0.3685031971198002,-0.2580650426918222,0.08761503267099258,0.19677773308465474,0.5402286611549456,0
13,Certificate role misclassification,misclassification 20 percent,0.639999614816839,0.3336023961003819,-0.3063972187164571,0.09509705741868696,0.14721216355975544,0.5199926286410084,0
14,Certificate role misclassification,misclassification 20 percent,0.6653925950362944,0.33274798281572093,-0.3326446122205735,0.09174730254470814,0.15292326982809298,0.5125726958033489,0
15,Certificate role misclassification,misclassification 20 percent,0.6495812563827762,0.30554221119014496,-0.34403904519263123,0.09634209073432341,0.11671171335087108,0.4943727090294189,0
16,Certificate role misclassification,misclassification 20 percent,0.6348051234690063,0.24396332045934796,-0.3908418030096583,0.09711428284963872,0.05361932607405609,0.4343073148446398,0
17,Certificate role misclassification,misclassification 20 percent,0.6571989192672967,0.4102461788641157,-0.246952740403181,0.09717243578584579,0.21978820472385793,0.6007041530043734,0
18,Certificate role misclassification,misclassification 20 percent,0.6295936641950943,0.4543416156787885,-0.17525204851630583,0.09336651388024016,0.27134324847351776,0.6373399828840592,1
19,Certificate role misclassification,misclassification 20 percent,0.6324756241866997,0.30835454141697544,-0.32412108276972423,0.09352273800613815,0.12504997492494466,0.49165910790900624,0
20,Certificate role misclassification,misclassification 20 percent,0.6601327780227376,0.39249530474932476,-0.26763747327341286,0.10628492561480365,0.1841768505443096,0.6008137589543399,0
21,Certificate role misclassification,misclassification 20 percent,0.6598323993395595,0.3071698170715603,-0.3526625822679992,0.11193593538305183,0.08777538372077875,0.5265642504223419,0
22,Certificate role misclassification,misclassification 20 percent,0.6595764469997364,0.2842504476460451,-0.37532599935369126,0.0915679701749444,0.1047772261031541,0.46372366918893615,0
23,Certificate role misclassification,misclassification 20 percent,0.6539596928622586,0.2693825643407502,-0.38457712852150844,0.1033244504841816,0.06686664139175427,0.47189848728974615,0
24,Certificate role misclassification,misclassification 20 percent,0.6549062084253303,0.3764863804678645,-0.27841982795746584,0.11332689458229299,0.15436566708657024,0.5986070938491588,0
25,Certificate role misclassification,misclassification 20 percent,0.6385514519616511,0.28995842079402623,-0.34859303116762486,0.09579966050423565,0.10219108620572437,0.4777257553823281,0
26,Certificate role misclassification,misclassification 20 percent,0.6568910611826045,0.41524594430272677,-0.24164511687987777,0.10059393016281187,0.2180818411836155,0.612410047421838,0
27,Certificate role misclassification,misclassification 20 percent,0.6323739277905858,0.2485941022729347,-0.38377982551765105,0.10350047962032108,0.04573316221710541,0.451455042328764,0
28,Certificate role misclassification,misclassification 20 percent,0.6575672068052615,0.3997198501479169,-0.2578473566573446,0.09342088591537212,0.21661491375378752,0.5828247865420463,0
29,Certificate role misclassification,misclassification 20 percent,0.6439909331241329,0.43823659604308335,-0.20575433708104957,0.09798055897914243,0.2461947004439642,0.6302784916422025,0
30,Certificate role misclassification,misclassification 20 percent,0.6386627071684096,0.4530140484876524,-0.18564865868075714,0.09893450838250101,0.2591024120579505,0.6469256849173544,1
31,Certificate role misclassification,misclassification 20 percent,0.6235552144628174,0.5141831423963074,-0.10937207206651,0.110364861831353,0.2978680132068555,0.7304982715857592,1
32,Certificate role misclassification,misclassification 20 percent,0.623200053093338,0.3328554618196087,-0.29034459127372936,0.0956057609438519,0.14546817036965895,0.5202427532695584,0
33,Certificate role misclassification,misclassification 20 percent,0.6353060955724358,0.35337098649648363,-0.28193510907595215,0.08750609328864388,0.18185904365074163,0.5248829293422257,0
34,Certificate role misclassification,misclassification 20 percent,0.6352896335665731,0.2536714830674087,-0.38161815049916437,0.10324886537906049,0.05130370692445016,0.45603925921036725,0
35,Certificate role misclassification,misclassification 20 percent,0.6418353829628274,0.4655158357310329,-0.1763195472317945,0.09146420609382308,0.28624599178713966,0.6447856796749261,1
36,Certificate role misclassification,misclassification 20 percent,0.6582220526921169,0.2968875316684659,-0.361334521023651,0.10559094575577273,0.08992927798715133,0.5038457853497804,0
37,Certificate role misclassification,misclassification 20 percent,0.6246345395146119,0.36640810962050496,-0.25822642989410693,0.10340666949234217,0.1637310374155143,0.5690851818254956,0
38,Certificate role misclassification,misclassification 20 percent,0.6524729045623936,0.34141081980632443,-0.31106208475606917,0.11119773550557768,0.12346325821539217,0.5593583813972567,0
39,Certificate role misclassification,misclassification 20 percent,0.6482965748293243,0.32788801212683566,-0.3204085627024887,0.09229412605332486,0.14699152506231894,0.5087844991913524,0
40,Certificate role misclassification,misclassification 20 percent,0.6180138814327383,0.27375841624607017,-0.3442554651866681,0.09755705938772019,0.08254657984613858,0.4649702526460018,0
41,Certificate role misclassification,misclassification 20 percent,0.642146698585402,0.317839921262969,-0.32430677732243296,0.08967468456338745,0.1420775395187296,0.4936023030072084,0
42,Certificate role misclassification,misclassification 20 percent,0.6479388379531705,0.5165360095090826,-0.1314028284440879,0.09831522277640498,0.32383817286732886,0.7092338461508364,1
43,Certificate role misclassification,misclassification 20 percent,0.6466788041882708,0.39272672889490184,-0.253952075293369,0.09978733901804195,0.19714354441953963,0.5883099133702641,0
44,Certificate role misclassification,misclassification 20 percent,0.655299588172238,0.3819403953984464,-0.2733591927737916,0.09972918987252756,0.18647118324829237,0.5774096075486004,0
45,Certificate role misclassification,misclassification 20 percent,0.6334626765868825,0.1470910875827055,-0.486371589004177,0.10333745433628418,-0.05545032291641147,0.3496324980818225,0
46,Certificate role misclassification,misclassification 20 percent,0.6332683370418222,0.3133558550643201,-0.31991248197750205,0.09698764075337989,0.12326007918769555,0.5034516309409447,0
47,Certificate role misclassification,misclassification 20 percent,0.6526686343254849,0.5681906876297118,-0.08447794669577313,0.09122626891195859,0.38938720056227294,0.7469941746971507,1
48,Certificate role misclassification,misclassification 20 percent,0.6370462070948145,0.420394739287968,-0.21665146780684652,0.09556980967450046,0.2330779123259471,0.6077115662499889,0
49,Certificate role misclassification,misclassification 20 percent,0.6362782774809809,0.31210676678874144,-0.32417151069223943,0.09960418220781152,0.11688256966143087,0.507330963916052,0
50,Certificate role misclassification,misclassification 20 percent,0.6515271376215742,0.25326603779130796,-0.39826109983026625,0.0985669371734458,0.06007484093135418,0.44645723465126175,0
51,Certificate role misclassification,misclassification 20 percent,0.6422686433065318,0.4444264532471778,-0.197842190059354,0.09180616544662429,0.2644863689717942,0.6243665375225613,0
52,Certificate role misclassification,misclassification 20 percent,0.6592614073717299,0.3587787777140159,-0.300482629657714,0.10295178447157151,0.15699328014973574,0.560564275278296,0
53,Certificate role misclassification,misclassification 20 percent,0.6348153419525555,0.3395699036534361,-0.2952454382991194,0.09344718245194868,0.15641342604761668,0.5227263812592555,0
54,Certificate role misclassification,misclassification 20 percent,0.6534490554423017,0.3837612294487807,-0.269687825993521,0.10172539679182287,0.1843794517368079,0.5831430071607535,0
55,Certificate role misclassification,misclassification 20 percent,0.6352618180962887,0.20978624887592717,-0.4254755692203615,0.09569588032278077,0.022222323443276876,0.39735017430857744,0
56,Certificate role misclassification,misclassification 20 percent,0.6271793861342041,0.4102824494304811,-0.216896936703723,0.09700926286005264,0.2201442942247779,0.6004206046361843,0
57,Certificate role misclassification,misclassification 20 percent,0.6390043061473546,0.34299868119515964,-0.29600562495219496,0.09886643098786274,0.14922047645894868,0.5367768859313706,0
58,Certificate role misclassification,misclassification 20 percent,0.6661627489691252,0.33479824217932824,-0.33136450678979695,0.10481627229032779,0.12935834849028577,0.5402381358683708,0
59,Certificate role misclassification,misclassification 20 percent,0.6506944333695774,0.3165962491010507,-0.3340981842685267,0.10132253036723693,0.11800408958126635,0.5151884086208351,0
60,Certificate role misclassification,misclassification 20 percent,0.628398480005795,0.4043739163273822,-0.22402456367841284,0.09422122408072621,0.2197003171291588,0.5890475155256055,0
61,Certificate role misclassification,misclassification 20 percent,0.6702832385692511,0.5501844181105183,-0.12009882045873277,0.09349995883678128,0.366924498790427,0.7334443374306097,1
62,Certificate role misclassification,misclassification 20 percent,0.6333048138502874,0.46296090161824044,-0.17034391223204692,0.09758539328848269,0.2716935307728144,0.6542282724636665,1
63,Certificate role misclassification,misclassification 20 percent,0.6355961059041945,0.2675662189637708,-0.36802988694042366,0.09341135536647821,0.08447996244547351,0.4506524754820681,0
64,Certificate role misclassification,misclassification 20 percent,0.6571790270153934,0.3312308051747437,-0.32594822184064975,0.09514547588166895,0.14474567244667252,0.5177159379028149,0
65,Certificate role misclassification,misclassification 20 percent,0.6583055288300382,0.4412729003477195,-0.21703262848231875,0.09669824401398751,0.25174434208030394,0.630801458615135,0
66,Certificate role misclassification,misclassification 20 percent,0.6553180335202748,0.4289046036993736,-0.22641342982090124,0.09595892561522595,0.24082510949353075,0.6169840979052165,0
67,Certificate role misclassification,misclassification 20 percent,0.6525678796476005,0.41878833031385576,-0.23377954933374478,0.1076451310882283,0.2078038733809283,0.6297727872467832,0
68,Certificate role misclassification,misclassification 20 percent,0.6287531836656751,0.44648759582071895,-0.18226558784495617,0.08709794279231657,0.27577562794777843,0.6171995636936595,0
69,Certificate role misclassification,misclassification 20 percent,0.6441131589743668,0.3328571872616471,-0.31125597171271974,0.0913359112069362,0.15383880129605215,0.511875573227242,0
70,Certificate role misclassification,misclassification 20 percent,0.625697702874956,0.23872984413693804,-0.3869678587380179,0.09329858593932255,0.055864615695865844,0.4215950725780102,0
71,Certificate role misclassification,misclassification 20 percent,0.6421961149057552,0.20708830164039066,-0.4351078132653646,0.0901421942451513,0.030409600919894114,0.38376700236088723,0
72,Certificate role misclassification,misclassification 20 percent,0.6520942655107195,0.35290616492082627,-0.2991881005898932,0.09485271418246895,0.16699484512318713,0.5388174847184655,0
73,Certificate role misclassification,misclassification 20 percent,0.656012034252214,0.29427698555941456,-0.36173504869279943,0.0979450583581468,0.10230467117744682,0.48624929994138233,0
74,Certificate role misclassification,misclassification 20 percent,0.674512693244904,0.2978485928999631,-0.3766641003449409,0.0935565801104589,0.11447769588346368,0.4812194899164626,0
75,Certificate role misclassification,misclassification 20 percent,0.6390155203810378,0.4012676126379828,-0.23774790774305504,0.08984327815882966,0.22517478744667666,0.5773604378292889,0
76,Certificate role misclassification,misclassification 20 percent,0.647333187093764,0.16144483490942957,-0.4858883521843344,0.09602224021907818,-0.026758755919963656,0.3496484257388228,0
77,Certificate role misclassification,misclassification 20 percent,0.6342773091679924,0.3399014372028478,-0.2943758719651446,0.09910928400673218,0.14564724054965275,0.5341556338560429,0
78,Certificate role misclassification,misclassification 20 percent,0.6535671949003503,0.37545379135215934,-0.278113403548191,0.1173388434718117,0.14546965814740842,0.6054379245569103,0
79,Certificate role misclassification,misclassification 20 percent,0.6475235740073594,0.3955561022532178,-0.2519674717541416,0.09662167840577994,0.20617761257788914,0.5849345919285465,0
80,Certificate role misclassification,misclassification 20 percent,0.6451780306571147,0.4262458202138916,-0.21893221044322303,0.09557017129193242,0.23892828448170408,0.6135633559460791,0
81,Certificate role misclassification,misclassification 20 percent,0.6374395858542589,0.3734399688532528,-0.26399961700100605,0.09350999745300478,0.19016037384536344,0.5567195638611422,0
82,Certificate role misclassification,misclassification 20 percent,0.6349572228380725,0.3233785658167567,-0.3115786570213158,0.0978346171601377,0.13162271618288685,0.5151344154506265,0
83,Certificate role misclassification,misclassification 20 percent,0.6509364728382576,0.39433275493204506,-0.25660371790621256,0.10826991959122818,0.18212371253323784,0.6065417973308522,0
84,Certificate role misclassification,misclassification 20 percent,0.6594882451100791,0.2213227128748885,-0.4381655322351906,0.097665267515272,0.029898788544955368,0.41274663720482163,0
85,Certificate role misclassification,misclassification 20 percent,0.6180533911289992,0.26057300520778237,-0.3574803859212168,0.10037402950117638,0.06383990738547668,0.45730610303008806,0
86,Certificate role misclassification,misclassification 20 percent,0.6527770812492599,0.2893783892839439,-0.36339869196531605,0.09543454373005374,0.10232668357303856,0.47643009499484923,0
87,Certificate role misclassification,misclassification 20 percent,0.6260763301364282,0.2574078270497203,-0.36866850308670784,0.09715897118946963,0.06697624351835985,0.4478394105810808,0
88,Certificate role misclassification,misclassification 20 percent,0.6377405246508804,0.40637191818548,-0.23136860646540036,0.08860710799724915,0.23270198651087168,0.5800418498600883,0
89,Certificate role misclassification,misclassification 20 percent,0.639347515823012,0.36063467678396605,-0.2787128390390459,0.09098162473672587,0.18231069229998334,0.5389586612679488,0
90,Certificate role misclassification,misclassification 20 percent,0.6591260733622251,0.4879376062546013,-0.17118846710762375,0.0979806532432797,0.2958955258977731,0.6799796866114295,1
91,Certificate role misclassification,misclassification 20 percent,0.6445731153882919,0.4022727209698527,-0.24230039441843915,0.11476724682461421,0.17732891719360888,0.6272165247460966,0
92,Certificate role misclassification,misclassification 20 percent,0.6436794929536306,0.26455955416206783,-0.37911993879156275,0.09822383811245369,0.0720408314616586,0.45707827686247704,0
93,Certificate role misclassification,misclassification 20 percent,0.6457549619657849,0.42417890113847856,-0.2215760608273063,0.09828713599526155,0.23153611458776593,0.6168216876891912,0
94,Certificate role misclassification,misclassification 20 percent,0.6316297675361876,0.4477359456033734,-0.18389382193281423,0.09942922781210853,0.2528546590916407,0.642617232115106,1
95,Certificate role misclassification,misclassification 20 percent,0.6483046693141387,0.2552836792772466,-0.39302099003689206,0.10516867409878271,0.0491530780436325,0.4614142805108607,0
96,Certificate role misclassification,misclassification 20 percent,0.6450363403446195,0.29377053406040743,-0.3512658062842121,0.09698070613584545,0.10368835003415036,0.4838527180866645,0
97,Certificate role misclassification,misclassification 20 percent,0.6323285816806593,0.10911886853939513,-0.5232097131412642,0.09294448796477736,-0.0730523278715685,0.29129006495035875,0
98,Certificate role misclassification,misclassification 20 percent,0.6267774106070588,0.3489963370337657,-0.2777810735732931,0.09483751080248475,0.1631148158608956,0.5348778582066358,0
99,Certificate role misclassification,misclassification 20 percent,0.6454926226492705,0.2513041601020312,-0.3941884625472393,0.09257913086697316,0.06984906360276383,0.4327592566012986,0
100,Certificate role misclassification,misclassification 20 percent,0.6375641481678405,0.30543587053255133,-0.3321282776352891,0.09664013474482068,0.1160212064327028,0.49485053463239986,0
101,Certificate role misclassification,misclassification 20 percent,0.6390040627168986,0.533383992685197,-0.1056200700317016,0.09434337960069338,0.348470968667838,0.718297016702556,1
102,Certificate role misclassification,misclassification 20 percent,0.6376072849051293,0.34436065824782697,-0.29324662665730233,0.09986643244317961,0.14862245065919494,0.5400988658364589,0
103,Certificate role misclassification,misclassification 20 percent,0.6513073398229546,0.3727814387758725,-0.27852590104708214,0.10418785409362416,0.16857324475236915,0.5769896327993759,0
104,Certificate role misclassification,misclassification 20 percent,0.64493842145651,0.34733545337458566,-0.2976029680819244,0.09712840911711741,0.15696377150503554,0.5377071352441358,0
105,Certificate role misclassification,misclassification 20 percent,0.6454108475521504,0.48296306826024354,-0.16244777929190685,0.0951215274006665,0.2965248745549372,0.6694012619655498,1
106,Certificate role misclassification,misclassification 20 percent,0.6549893356030302,0.41007448438617383,-0.24491485121685636,0.10117933086810697,0.21176299588468417,0.6083859728876635,0
107,Certificate role misclassification,misclassification 20 percent,0.6206796332872191,0.3518562935465426,-0.2688233397406765,0.10045207830126776,0.15497022007605776,0.5487423670170274,0
108,Certificate role misclassification,misclassification 20 percent,0.6556249553897705,0.24436070313743252,-0.411264252252338,0.09121505825119877,0.06557918896508294,0.4231422173097821,0
109,Certificate role misclassification,misclassification 20 percent,0.6450419676534102,0.3503111577893471,-0.294730809864063,0.09705095958751925,0.1600912769978094,0.5405310385808848,0
110,Certificate role misclassification,misclassification 20 percent,0.6351123439834052,0.21946428558894884,-0.4156480583944564,0.09527604907484857,0.032723229402245646,0.40620534177565204,0
111,Certificate role misclassification,misclassification 20 percent,0.6442045423641297,0.3622462778296972,-0.2819582645344325,0.1013074804301539,0.16368361618659555,0.5608089394727989,0
112,Certificate role misclassification,misclassification 20 percent,0.6303203325703286,0.34399934770764,-0.2863209848626886,0.09555804075830679,0.1567055878213587,0.5312931075939213,0
113,Certificate role misclassification,misclassification 20 percent,0.6360296209251898,0.35460255118796913,-0.28142706973722065,0.10732981421419237,0.1442361153281521,0.5649689870477862,0
114,Certificate role misclassification,misclassification 20 percent,0.644576690191848,0.41757278877919984,-0.2270039014126482,0.10215983947519301,0.21733950340782154,0.6178060741505782,0
115,Certificate role misclassification,misclassification 20 percent,0.6574873406435492,0.5419963979300731,-0.11549094271347604,0.10122227092235955,0.3436007469222484,0.7403920489378979,1
116,Certificate role misclassification,misclassification 20 percent,0.6436675626909699,0.32267981693574144,-0.3209877457552285,0.10215548287835749,0.12245507049416077,0.5229045633773222,0
117,Certificate role misclassification,misclassification 20 percent,0.6290294009056281,0.25986506336415366,-0.36916433754147443,0.09672889108304035,0.07027643684139459,0.4494536898869127,0
118,Certificate role misclassification,misclassification 20 percent,0.6569324655209713,0.30049930470440644,-0.35643316081656484,0.0946099958737975,0.11506371279176336,0.4859348966170495,0
119,Certificate role misclassification,misclassification 20 percent,0.6406420065332478,0.31278213097622326,-0.3278598755570245,0.0987393727421345,0.11925296040163966,0.5063113015508068,0
120,Certificate role misclassification,misclassification 20 percent,0.6658156600619797,0.47754060239210055,-0.18827505766987912,0.09183715486857723,0.2975397788496892,0.6575414259345119,0
121,Certificate role misclassification,misclassification 20 percent,0.6427059231559709,0.45066505236176546,-0.1920408707942054,0.0953485710590005,0.26378185308612445,0.6375482516374065,0
122,Certificate role misclassification,misclassification 20 percent,0.6280078679793307,0.4916900296699734,-0.13631783830935734,0.0893671943526022,0.3165303287388731,0.6668497306010737,1
123,Certificate role misclassification,misclassification 20 percent,0.6364397652553265,0.2280537282277418,-0.4083860370275847,0.1030920107067454,0.025993387242520843,0.4301140692129628,0
124,Certificate role misclassification,misclassification 20 percent,0.6442657863185574,0.33709803453936316,-0.3071677517791942,0.09299130763182253,0.154835071580991,0.5193609974977353,0
125,Certificate role misclassification,misclassification 20 percent,0.6492879114930717,0.18992904668461236,-0.4593588648084594,0.10328567581350682,-0.012510877909861023,0.39236897127908577,0
126,Certificate role misclassification,misclassification 20 percent,0.6415176632830577,0.3451363329390721,-0.2963813303439856,0.1100285547188702,0.1294803656900865,0.5607923001880577,0
127,Certificate role misclassification,misclassification 20 percent,0.6339585971598306,0.3406737570560887,-0.2932848401037419,0.09064128413301817,0.1630168401553731,0.5183306739568043,0
128,Certificate role misclassification,misclassification 20 percent,0.6334620537790628,0.1643528746087665,-0.4691091791702964,0.10263670500820615,-0.03681506720731756,0.36552081642485057,0
129,Certificate role misclassification,misclassification 20 percent,0.6384332341828566,0.2895513883458673,-0.3488818458369893,0.10867943058174348,0.07653970440565008,0.5025630722860845,0
130,Certificate role misclassification,misclassification 20 percent,0.6649070542185525,0.3635249508146327,-0.30138210340391974,0.1013182145357922,0.16494125032447998,0.5621086513047855,0
131,Certificate role misclassification,misclassification 20 percent,0.6426814062697839,0.1636825505648273,-0.4789988557049566,0.09139503498288168,-0.01545171800162079,0.3428168191312754,0
132,Certificate role misclassification,misclassification 20 percent,0.6489060867824913,0.3976166551329351,-0.2512894316495562,0.10706737573794278,0.18776459868656725,0.6074687115793029,0
133,Certificate role misclassification,misclassification 20 percent,0.6625253474151297,0.4244224824793248,-0.2381028649358049,0.10192564191058667,0.2246482243345749,0.6241967406240747,0
134,Certificate role misclassification,misclassification 20 percent,0.650707518063092,0.2957078143822147,-0.3549997036808773,0.1027052116454999,0.09440559955703492,0.4970100292073945,0
135,Certificate role misclassification,misclassification 20 percent,0.6610681923819812,0.510015601566354,-0.15105259081562727,0.09476655242376954,0.3242731588157657,0.6957580443169422,1
136,Certificate role misclassification,misclassification 20 percent,0.6421298182409064,0.27125465162403545,-0.370875166616871,0.09383709575129577,0.08733394395149574,0.45517535929657515,0
137,Certificate role misclassification,misclassification 20 percent,0.6417345685087065,0.2377636654652342,-0.4039709030434723,0.0998061876337812,0.042143537703023065,0.43338379322744536,0
138,Certificate role misclassification,misclassification 20 percent,0.657185060405595,0.3462961544667018,-0.3108889059388932,0.09981791472773156,0.15065304160034795,0.5419392673330556,0
139,Certificate role misclassification,misclassification 20 percent,0.6469011723474719,0.29950677574394335,-0.34739439660352855,0.09511675145079553,0.11307794290038412,0.4859356085875026,0
140,Certificate role misclassification,misclassification 20 percent,0.648434412114273,0.3443643355990471,-0.3040700765152259,0.0988920980625483,0.15053582339645244,0.5381928478016418,0
141,Certificate role misclassification,misclassification 20 percent,0.6411432114065259,0.2960100726063933,-0.3451331388001326,0.10029053697413723,0.09944062013708432,0.49257952507570224,0
142,Certificate role misclassification,misclassification 20 percent,0.6375172663980175,0.3789934035862441,-0.2585238628117734,0.10060902038036851,0.18179972364072183,0.5761870835317664,0
143,Certificate role misclassification,misclassification 20 percent,0.65688261834676,0.3893624837751835,-0.2675201345715765,0.08791351549424661,0.21705199340646014,0.5616729741439068,0
144,Certificate role misclassification,misclassification 20 percent,0.6225880407434017,0.3816153329272766,-0.24097270781612506,0.09317901658280657,0.19898446042497575,0.5642462054295775,0
145,Certificate role misclassification,misclassification 20 percent,0.65711805442099,0.4330527828255033,-0.22406527159548673,0.10443592946059331,0.2283583610827404,0.6377472045682662,0
146,Certificate role misclassification,misclassification 20 percent,0.6306216131538033,0.1942235106260864,-0.4363981025277169,0.09542481506531128,0.007190873098076284,0.3812561481540965,0
147,Certificate role misclassification,misclassification 20 percent,0.661670723048153,0.2984114007980329,-0.3632593222501201,0.09681289361378932,0.10865812931500585,0.48816467228106,0
148,Certificate role misclassification,misclassification 20 percent,0.6254208879151649,0.39487191275433314,-0.23054897516083178,0.0991325211029177,0.20057217139261443,0.5891716541160519,0
149,Certificate role misclassification,misclassification 20 percent,0.6412190533249609,0.225011506921742,-0.4162075464032189,0.1007987238624328,0.027446008151373713,0.42257700569211026,0
150,Certificate role misclassification,misclassification 20 percent,0.639932983044763,0.24656934207549847,-0.3933636409692645,0.09640938672245933,0.0576069440994782,0.43553174005151873,0
151,Certificate role misclassification,misclassification 20 percent,0.6311139361750073,0.35582309688355346,-0.27529083929145387,0.09741353773056076,0.16489256293165439,0.5467536308354526,0
152,Certificate role misclassification,misclassification 20 percent,0.6608459613893343,0.2614661406238278,-0.3993798207655065,0.09543743190563277,0.07440877408878757,0.448523507158868,0
153,Certificate role misclassification,misclassification 20 percent,0.6430080181826295,0.42195673624293184,-0.2210512819396977,0.0901785112773469,0.2452068541393319,0.5987066183465317,0
154,Certificate role misclassification,misclassification 20 percent,0.6423758853360415,0.27681929899107577,-0.36555658634496574,0.09563752641396371,0.08936974721970689,0.4642688507624446,0
155,Certificate role misclassification,misclassification 20 percent,0.6460931665130679,0.25189813553271534,-0.3941950309803526,0.0975633651429279,0.06067393985257666,0.44312233121285405,0
156,Certificate role misclassification,misclassification 20 percent,0.6377994325416526,0.34249589711810857,-0.29530353542354404,0.09861388631396631,0.1492126799427346,0.5357791142934826,0
157,Certificate role misclassification,misclassification 20 percent,0.6450143905851459,0.3290508337277428,-0.31596355685740307,0.09029869656662157,0.15206538845716452,0.506036278998321,0
158,Certificate role misclassification,misclassification 20 percent,0.6435304095459538,0.2687870690687753,-0.37474334047717844,0.09839910991026105,0.07592481364466366,0.461649324492887,0
159,Certificate role misclassification,misclassification 20 percent,0.6435443568311677,0.22885419653361283,-0.4146901602975549,0.09182707985276871,0.04887312002218616,0.4088352730450395,0
160,Certificate role misclassification,misclassification 20 percent,0.6267136693723665,0.11212185264010863,-0.5145918167322578,0.09332777362800393,-0.07080058367077907,0.2950442889509963,0
161,Certificate role misclassification,misclassification 20 percent,0.6495025756881434,0.3616254220443501,-0.2878771536437933,0.10229381737316101,0.16112953999295454,0.5621213040957457,0
162,Certificate role misclassification,misclassification 20 percent,0.6308432640793266,0.37453059640532355,-0.256312667674003,0.11086130495234914,0.15724243869871923,0.5918187541119279,0
163,Certificate role misclassification,misclassification 20 percent,0.6520230025217113,0.40136607507067484,-0.25065692745103646,0.09007622539253904,0.22481667330129834,0.5779154768400514,0
164,Certificate role misclassification,misclassification 20 percent,0.628284386624312,0.24156351688448593,-0.386720869739826,0.09484291921924745,0.055671395214760944,0.4274556385542109,0
165,Certificate role misclassification,misclassification 20 percent,0.6280899129403456,0.4488856691317391,-0.17920424380860644,0.09058518748264707,0.27133870166575086,0.6264326365977273,0
166,Certificate role misclassification,misclassification 20 percent,0.6368970505735946,0.3687669077671652,-0.2681301428064294,0.09529552680526653,0.18198767522884282,0.5555461403054875,0
167,Certificate role misclassification,misclassification 20 percent,0.6463336658836716,0.2849449110080297,-0.36138875487564187,0.09519356819421809,0.09836551734736226,0.47152430466869716,0
168,Certificate role misclassification,misclassification 20 percent,0.6228055737766559,0.28828131049846323,-0.3345242632781927,0.09857779335661664,0.09506883551949463,0.4814937854774318,0
169,Certificate role misclassification,misclassification 20 percent,0.6483632850844653,0.24522149383406547,-0.40314179125039984,0.10922966071297599,0.03113135883663254,0.4593116288314984,0
170,Certificate role misclassification,misclassification 20 percent,0.6537465001636988,0.3567601090838835,-0.29698639107981534,0.09722230947671161,0.16620438250952876,0.5473158356582383,0
171,Certificate role misclassification,misclassification 20 percent,0.6468376300525212,0.3160013385129402,-0.33083629153958094,0.09248101004309077,0.13473855882848232,0.49726411819739813,0
172,Certificate role misclassification,misclassification 20 percent,0.642692445742603,0.41016306111262973,-0.23252938462997325,0.0931374621157966,0.2276136353656684,0.5927124868595911,0
173,Certificate role misclassification,misclassification 20 percent,0.6331810545891953,0.13701364643740366,-0.4961674081517916,0.10098835311369267,-0.060923525665433964,0.3349508185402413,0
174,Certificate role misclassification,misclassification 20 percent,0.6618846646520621,0.40590787745296864,-0.25597678719909345,0.09252067996214013,0.224567344727174,0.5872484101787633,0
175,Certificate role misclassification,misclassification 20 percent,0.6344559429118262,0.29930471915251594,-0.3351512237593102,0.09101698584054907,0.12091142690503978,0.47769801139999213,0
176,Certificate role misclassification,misclassification 20 percent,0.6420065589283218,0.3961162569992105,-0.24589030192911132,0.09768967053201721,0.20464450275645676,0.5875880112419642,0
177,Certificate role misclassification,misclassification 20 percent,0.6601567568334288,0.19643928471812555,-0.46371747211530323,0.09968095773553325,0.0010646075564803847,0.3918139618797707,0
178,Certificate role misclassification,misclassification 20 percent,0.6331350959102069,0.34725182387237685,-0.28588327203783004,0.09289382276860134,0.16517993124591823,0.5293237164988355,0
179,Certificate role misclassification,misclassification 20 percent,0.6255930791945614,0.19171871599997858,-0.43387436319458283,0.10134421963886554,-0.006915954492197868,0.390353386492155,0
180,Certificate role misclassification,misclassification 20 percent,0.6260735028812218,0.42463619943357683,-0.20143730344764493,0.09190292856089838,0.244506459454216,0.6047659394129377,0
181,Certificate role misclassification,misclassification 20 percent,0.6492026408830556,0.06500992169433108,-0.5841927191887245,0.09755556906592981,-0.12619899367489135,0.25621883706355353,0
182,Certificate role misclassification,misclassification 20 percent,0.6346109652683043,0.26311751463088895,-0.37149345063741535,0.10185252727728457,0.06348656116741119,0.4627484680943667,0
183,Certificate role misclassification,misclassification 20 percent,0.656298212845098,0.24543558401224028,-0.41086262883285773,0.09182217154695954,0.06546412778019958,0.425407040244281,0
184,Certificate role misclassification,misclassification 20 percent,0.6588158592203389,0.5271121936149349,-0.13170366560540403,0.1051237231229615,0.32106969629393034,0.7331546909359394,1
185,Certificate role misclassification,misclassification 20 percent,0.6255974209636946,0.3583793596174274,-0.26721806134626724,0.09145974385992234,0.1791182616519796,0.5376404575828752,0
186,Certificate role misclassification,misclassification 20 percent,0.6426744988516068,0.39630749315236435,-0.24636700569924241,0.09185423430630066,0.21627319391201508,0.5763417923927137,0
187,Certificate role misclassification,misclassification 20 percent,0.6686251257633891,0.44450990527942524,-0.22411522048396382,0.10061969764997473,0.24729529788547477,0.6417245126733757,0
188,Certificate role misclassification,misclassification 20 percent,0.6527184620320918,0.3120189273768782,-0.34069953465521363,0.09646532564708733,0.12294688910858703,0.5010909656451694,0
189,Certificate role misclassification,misclassification 20 percent,0.6553185627892023,0.4168390913226223,-0.23847947146658,0.09746164818245563,0.22581426088500928,0.6078639217602353,0
190,Certificate role misclassification,misclassification 20 percent,0.6499027167203836,0.45053567457579075,-0.19936704214459283,0.10821438471371826,0.23843548053690294,0.6626358686146785,1
191,Certificate role misclassification,misclassification 20 percent,0.6489671036406774,0.36030301327626124,-0.2886640903644162,0.08867870552350442,0.1864927504501926,0.53411327610233,0
192,Certificate role misclassification,misclassification 20 percent,0.6288346185395914,0.26772252078905,-0.3611120977505414,0.09126325139433175,0.08884654805615977,0.44659849352194025,0
193,Certificate role misclassification,misclassification 20 percent,0.6397524182814236,0.4121062282453359,-0.22764619003608771,0.09984825512865611,0.2164036481931699,0.6078088082975018,0
194,Certificate role misclassification,misclassification 20 percent,0.6340279206317839,0.2220648387732259,-0.411963081858558,0.10212734743211126,0.021895237806287826,0.42223443974016395,0
195,Certificate role misclassification,misclassification 20 percent,0.6330769303065072,0.44922119772529495,-0.1838557325812123,0.10019833941243159,0.25283245247692904,0.6456099429736608,1
196,Certificate role misclassification,misclassification 20 percent,0.6392008351755458,0.5577788808159255,-0.0814219543596203,0.09751470525792841,0.36665005851038585,0.7489077031214653,1
197,Certificate role misclassification,misclassification 20 percent,0.6452185417663782,0.46101146942123244,-0.18420707234514572,0.11201685251225889,0.24145843849720502,0.6805645003452598,1
198,Certificate role misclassification,misclassification 20 percent,0.6442921044106465,0.22675439593762772,-0.41753770847301885,0.10076864080107094,0.029247859967528683,0.42426093190772673,0
199,Certificate role misclassification,misclassification 20 percent,0.632851745816815,0.27978682655501,-0.353064919261805,0.10475409542836027,0.0744687995154239,0.48510485359459615,0
200,Certificate role misclassification,misclassification 20 percent,0.6372008052501492,0.27907677260151714,-0.3581240326486321,0.08896652676837766,0.10470238013549693,0.45345116506753735,0
1,Availability error,available at time zero,0.6496573983633556,0.7668770056949741,0.11721960733161851,0.1021779684859918,0.5666081874624301,0.967145823927518,1
2,Availability error,available at time zero,0.6397279588665034,0.6535686585395284,0.013840699673025036,0.12467517185624062,0.40920532170129675,0.89793199537776,1
3,Availability error,available at time zero,0.6681013124200743,0.7282485666527533,0.06014725423267897,0.10275086776668917,0.5268568658300425,0.929640267475464,1
4,Availability error,available at time zero,0.6481617188559551,0.7507074357854755,0.10254571692952041,0.10643014121779121,0.5421043589986048,0.9593105125723462,1
5,Availability error,available at time zero,0.6472817060115696,0.5470108331927767,-0.10027087281879299,0.11385458847891518,0.3238558397741029,0.7701658266114504,1
6,Availability error,available at time zero,0.654256187612584,0.6274240476047327,-0.02683214000785128,0.1173654429806461,0.39738777936266634,0.857460315846799,1
7,Availability error,available at time zero,0.6398617370611158,0.6400071752518292,0.00014543819071333175,0.11711467778123555,0.41046240680060747,0.8695519437030508,1
8,Availability error,available at time zero,0.638630494576034,0.8442563905871846,0.20562589601115056,0.1237532158197531,0.6017000875804686,1.0868126935939006,1
9,Availability error,available at time zero,0.6403158966578694,0.4341614885675266,-0.20615440809034274,0.10461371057427991,0.229118615841938,0.6392043612931153,0
10,Availability error,available at time zero,0.6180498030324296,0.7583011276406533,0.14025132460822365,0.10079592972051274,0.5607411053884483,0.9558611498928582,1
11,Availability error,available at time zero,0.6201087335187145,0.39730665646515606,-0.22280207705355848,0.1147199396450405,0.1724555747608767,0.6221577381694354,1
12,Availability error,available at time zero,0.6496942271391166,0.6064492757053461,-0.043244951433770495,0.11767576291229415,0.3758047803972496,0.8370937710134426,1
13,Availability error,available at time zero,0.6459453484138028,0.4523676365699219,-0.1935777118438809,0.10796466129412835,0.24075690043343034,0.6639783727064135,1
14,Availability error,available at time zero,0.6521499215391633,0.834408631626361,0.18225871008719774,0.11116798418215183,0.6165193826293435,1.0522978806233787,1
15,Availability error,available at time zero,0.6520567396935674,0.6342915890603829,-0.017765150633184512,0.12204884057017908,0.39507586154283186,0.8735073165779339,1
16,Availability error,available at time zero,0.653815034913543,0.6237578878619252,-0.030057147051617772,0.11297715915689013,0.4023226559144205,0.8451931198094299,1
17,Availability error,available at time zero,0.6414037944919995,0.6484581536194385,0.007054359127439014,0.10066661050196676,0.4511515970355836,0.8457647102032934,1
18,Availability error,available at time zero,0.6352596524833095,0.6325134507431095,-0.002746201740200016,0.12196971479601243,0.3934528097429251,0.8715740917432939,1
19,Availability error,available at time zero,0.6703668417676147,0.5838094814108663,-0.08655736035674844,0.1050310132832452,0.37794869537570575,0.7896702674460269,1
20,Availability error,available at time zero,0.6692908389059459,0.8291318065546396,0.1598409676486937,0.10778630319005533,0.6178706523021311,1.040392960807148,1
21,Availability error,available at time zero,0.6580261709022742,0.6063874357489021,-0.05163873515337214,0.09929860257752303,0.411762174696957,0.8010126968008472,1
22,Availability error,available at time zero,0.6454318637601627,0.693855235757739,0.04842337199757629,0.10955234581907591,0.47913263795235017,0.9085778335631278,1
23,Availability error,available at time zero,0.6531665922409345,0.6941448271510443,0.04097823491010977,0.11578982880471865,0.46719676269379573,0.9210928916082929,1
24,Availability error,available at time zero,0.6425998774202917,0.6730916907206734,0.030491813300381754,0.11262239268912741,0.45235180104998374,0.8938315803913631,1
25,Availability error,available at time zero,0.6313929548705632,0.6697482140310881,0.038355259160524846,0.10965532446087892,0.4548237780877654,0.8846726499744108,1
26,Availability error,available at time zero,0.6434803894328284,0.4863416528863973,-0.15713873654643107,0.11357351097990341,0.2637375713657866,0.708945734407008,1
27,Availability error,available at time zero,0.6380883843527599,0.643022943877532,0.004934559524772064,0.10921790222454252,0.42895585551742865,0.8570900322376354,1
28,Availability error,available at time zero,0.6472559691575036,0.6835541457758981,0.03629817661839452,0.11518358606433085,0.45779431708980967,0.9093139744619866,1
29,Availability error,available at time zero,0.646294747867477,0.7053330482987719,0.05903830043129488,0.10798634719303186,0.4936798078004294,0.9169862887971143,1
30,Availability error,available at time zero,0.6447276598803215,0.6344728314857505,-0.010254828394571036,0.1131421480433818,0.4127142213207222,0.8562314416507788,1
31,Availability error,available at time zero,0.6475944157483593,0.7097166544030882,0.06212223865472888,0.12528211825476093,0.4641637026237567,0.9552696061824196,1
32,Availability error,available at time zero,0.646696567555006,0.7059702548822122,0.05927368732720617,0.1100347542932071,0.4903021364675263,0.9216383732968981,1
33,Availability error,available at time zero,0.6423342462330484,0.7620332903252488,0.11969904409220045,0.10900595025042814,0.5483816278344097,0.9756849528160879,1
34,Availability error,available at time zero,0.6587833668676127,0.657777714768661,-0.0010056520989517592,0.12752992162641735,0.407819068380883,0.907736361156439,1
35,Availability error,available at time zero,0.6327951073503031,0.36552810538554165,-0.26726700196476144,0.11059789949181854,0.1487562223815773,0.582299988389506,0
36,Availability error,available at time zero,0.6254258686746369,0.574492003951896,-0.05093386472274086,0.10476311691416745,0.3691562948001278,0.7798277131036643,1
37,Availability error,available at time zero,0.6359022929376038,0.5658041139541726,-0.07009817898343118,0.10840898267087064,0.35332250791926617,0.7782857199890791,1
38,Availability error,available at time zero,0.6355985103643498,0.7705453405556097,0.13494683019125997,0.11259887902391169,0.5498515376687428,0.9912391434424767,1
39,Availability error,available at time zero,0.6506888767959562,0.6692985102785999,0.01860963348264366,0.09989783503948509,0.4734987536012091,0.8650982669559907,1
40,Availability error,available at time zero,0.6336478325276554,0.74719488010366,0.11354704757600453,0.11282055731041395,0.5260665877752486,0.9683231724320713,1
41,Availability error,available at time zero,0.662438399726112,0.7830518157845725,0.12061341605846054,0.11207440018112001,0.5633859914295773,1.0027176401395677,1
42,Availability error,available at time zero,0.6465379291808488,0.7036518098761645,0.057113880695315644,0.11562351135376604,0.47702972762278306,0.9302738921295459,1
43,Availability error,available at time zero,0.6485275449648685,0.7336981995877592,0.08517065462289064,0.11269846246710039,0.5128092131522424,0.954587186023276,1
44,Availability error,available at time zero,0.6498109219991064,0.6682760259299041,0.0184651039307977,0.10828066426896261,0.45604592396273735,0.8805061278970708,1
45,Availability error,available at time zero,0.6262058989076776,0.43173382277505074,-0.1944720761326269,0.11622076940576155,0.2039411147397581,0.6595265308103434,1
46,Availability error,available at time zero,0.6565897064070908,0.5095952406027039,-0.1469944658043869,0.10826978620088745,0.2973864596489645,0.7218040215564433,1
47,Availability error,available at time zero,0.6508137757332926,0.7703040771471421,0.11949030141384953,0.10131598554710224,0.5717247454748218,0.9688834088194624,1
48,Availability error,available at time zero,0.633756055099529,0.394410605954264,-0.239345449145265,0.11707197874318857,0.16494952761761442,0.6238716842909137,0
49,Availability error,available at time zero,0.6622896057314832,0.790189374506375,0.12789976877489184,0.12201652699567431,0.5510369815948535,1.0293417674178966,1
50,Availability error,available at time zero,0.6527179928762988,0.6206800790236106,-0.03203791385268828,0.10753884655868143,0.40990393976859496,0.8314562182786261,1
51,Availability error,available at time zero,0.6487949910205192,0.6310369825333937,-0.0177580084871255,0.11483625038192642,0.40595793178481787,0.8561160332819695,1
52,Availability error,available at time zero,0.6176801809517816,0.7212037142680208,0.1035235333162392,0.10587546464216285,0.5136878035693816,0.9287196249666599,1
53,Availability error,available at time zero,0.6437565866765774,0.6913003676936949,0.047543781017117426,0.11523675601159042,0.4654363259109776,0.9171644094764121,1
54,Availability error,available at time zero,0.6676420307088471,0.6176480237836016,-0.04999400692524547,0.1102558140911973,0.4015466281648549,0.8337494194023483,1
55,Availability error,available at time zero,0.6319513793949774,0.584951325831508,-0.04700005356346937,0.10614628655983936,0.3769046041742229,0.7929980474887931,1
56,Availability error,available at time zero,0.6312662593394069,0.6318781605050315,0.0006119011656245954,0.11150322378763193,0.4133318418812729,0.8504244791287902,1
57,Availability error,available at time zero,0.6246993888008039,0.605432108975011,-0.019267279825792905,0.10662224430866518,0.39645251013002725,0.8144117078199947,1
58,Availability error,available at time zero,0.6384890537816634,0.74012792279912,0.10163886901745656,0.1108561147481201,0.5228499378928047,0.9574059077054353,1
59,Availability error,available at time zero,0.6567545260532949,0.7449271457195722,0.08817261966627732,0.11659465956940306,0.5164016129635423,0.9734526784756021,1
60,Availability error,available at time zero,0.6356609635875675,0.6192553425362162,-0.01640562105135135,0.11440626642567185,0.3950190603418994,0.843491624730533,1
61,Availability error,available at time zero,0.6432054381531207,0.49139321808918496,-0.15181222006393574,0.1070819304425534,0.2815126344217803,0.7012738017565896,1
62,Availability error,available at time zero,0.6511735405901775,0.7209882682927634,0.0698147277025859,0.10161800986937494,0.5218169689487886,0.9201595676367382,1
63,Availability error,available at time zero,0.6383879547222912,0.6267974182891617,-0.011590536433129461,0.10991359372173659,0.41136677459455795,0.8422280619837654,1
64,Availability error,available at time zero,0.6399469494473189,0.778150156680357,0.13820320723303814,0.11041419814115257,0.561738328323698,0.9945619850370161,1
65,Availability error,available at time zero,0.61635239379066,0.604652708517157,-0.011699685273502958,0.1088496432868665,0.3913074076748987,0.8179980093594154,1
66,Availability error,available at time zero,0.6381739071354231,0.6771335389065324,0.03895963177110928,0.09660037955674652,0.4877967949753092,0.8664702828377555,1
67,Availability error,available at time zero,0.6277234436478765,0.6913118694911992,0.0635884258433227,0.10721798328975007,0.48116462224328904,0.9014591167391093,1
68,Availability error,available at time zero,0.6556231262419119,0.7246413785209048,0.06901825227899294,0.11822182349793575,0.49292660446495074,0.9563561525768589,1
69,Availability error,available at time zero,0.6280736136823383,0.6262099967772784,-0.0018636169050598728,0.11597082942004301,0.3989071711139941,0.8535128224405627,1
70,Availability error,available at time zero,0.6448456248839136,0.778419140663116,0.1335735157792024,0.10015328296933229,0.5821187060432247,0.9747195752830073,1
71,Availability error,available at time zero,0.6560733592258273,0.7877458976711684,0.1316725384453411,0.12353188255388615,0.5456234078655515,1.0298683874767853,1
72,Availability error,available at time zero,0.6422623144551828,0.6882681275766073,0.04600581312142449,0.11452814671964333,0.46379296000610637,0.9127432951471082,1
73,Availability error,available at time zero,0.6685383900531021,0.7283595826345175,0.05982119258141538,0.10459932110456015,0.5233449132695795,0.9333742519994555,1
74,Availability error,available at time zero,0.6413880800111911,0.594503783533826,-0.04688429647736503,0.11346374122031541,0.37211485074200784,0.8168927163256443,1
75,Availability error,available at time zero,0.6211782332052806,0.5964925464973571,-0.024685686707923593,0.11019376685060629,0.3805127634701687,0.8124723295245454,1
76,Availability error,available at time zero,0.6343556027471902,0.6100267200295455,-0.024328882717644662,0.1116351008863704,0.3912219222922595,0.8288315177668315,1
77,Availability error,available at time zero,0.6523235072428357,0.6673640155043461,0.015040508261510377,0.11495488198509586,0.4420524468135582,0.8926755841951339,1
78,Availability error,available at time zero,0.6623387296069775,0.6973061353530857,0.03496740574610824,0.11001514989026105,0.4816764415681741,0.9129358291379974,1
79,Availability error,available at time zero,0.6433740362462979,0.46277482481790466,-0.1805992114283932,0.10948827747266653,0.24817780097147826,0.6773718486643311,1
80,Availability error,available at time zero,0.627807691612258,0.5643106915931404,-0.06349700001911762,0.11518696750695928,0.3385442352795002,0.7900771479067805,1
81,Availability error,available at time zero,0.6447102430761792,0.6500687288913205,0.005358485815141312,0.11447655360685265,0.42569468382188935,0.8744427739607517,1
82,Availability error,available at time zero,0.6614406569035942,0.6223527564122208,-0.03908790049137345,0.10145707298848433,0.42349689335479146,0.8212086194696501,1
83,Availability error,available at time zero,0.6375715090853478,0.6926481637318285,0.055076654646480705,0.11367069739756855,0.4698535968325941,0.9154427306310629,1
84,Availability error,available at time zero,0.6434305056651659,0.6556600650968204,0.012229559431654491,0.0983987424948764,0.46279852980686265,0.8485216003867782,1
85,Availability error,available at time zero,0.6479719738373731,0.541563171317443,-0.10640880251993012,0.12308388586010408,0.3003187550316391,0.782807587603247,1
86,Availability error,available at time zero,0.6456070906143557,0.6848806846394773,0.03927359402512154,0.10346948855790367,0.48208048706598605,0.8876808822129685,1
87,Availability error,available at time zero,0.6528455500249857,0.4328748094786693,-0.21997074054631638,0.11527269275397038,0.20694033168088735,0.6588092872764513,1
88,Availability error,available at time zero,0.6343273433200218,0.5319878964581205,-0.10233944686190133,0.12023703646248816,0.2963233049916437,0.7676524879245973,1
89,Availability error,available at time zero,0.6530334963293155,0.717684027453596,0.06465053112428054,0.11134146908810404,0.49945474804091217,0.9359133068662799,1
90,Availability error,available at time zero,0.6507532912544061,0.6167536564952175,-0.033999634759188546,0.1034197491119619,0.41405094823577215,0.8194563647546629,1
91,Availability error,available at time zero,0.6283164444223573,0.4674713504963816,-0.16084509392597574,0.10553108416417316,0.26063042553460225,0.674312275458161,1
92,Availability error,available at time zero,0.6560809614675377,0.6079838780387666,-0.04809708342877106,0.11919129533666831,0.3743689391788968,0.8415988168986365,1
93,Availability error,available at time zero,0.6312914635367572,0.6842774642964702,0.05298600075971294,0.11579685034229198,0.4573156376255779,0.9112392909673624,1
94,Availability error,available at time zero,0.6569040432734863,0.6948931017423876,0.03798905846890133,0.1117706508016385,0.47582262617117616,0.913963577313599,1
95,Availability error,available at time zero,0.6430144244202993,0.5600913235984675,-0.08292310082183185,0.11600522711458212,0.33272107845388654,0.7874615687430484,1
96,Availability error,available at time zero,0.6654264574879016,0.7191038376460533,0.05367738015815171,0.10544669111288349,0.5124283230648017,0.925779352227305,1
97,Availability error,available at time zero,0.6595029182978197,0.8727570382624695,0.21325411996464982,0.11324478855369911,0.6507972526972192,1.0947168238277198,1
98,Availability error,available at time zero,0.6396829346833746,0.7032954208222736,0.06361248613889903,0.10206251023724355,0.5032529007572762,0.9033379408872709,1
99,Availability error,available at time zero,0.6423941323909826,0.8170207052821719,0.1746265728911892,0.0990470037772456,0.6228885778787705,1.0111528326855732,1
100,Availability error,available at time zero,0.6335585626033802,0.6679027347770856,0.034344172173705445,0.10394173409627878,0.46417693594837917,0.8716285336057921,1
101,Availability error,available at time zero,0.6727225925183931,0.677073727346877,0.004351134828483927,0.11237065882068108,0.4568272360583421,0.8973202186354119,1
102,Availability error,available at time zero,0.6437238381065123,0.6111159653929769,-0.03260787271353549,0.10799010833803328,0.3994553530504316,0.822776577735522,1
103,Availability error,available at time zero,0.6206298043076621,0.6735949663565985,0.05296516204893642,0.119368510744521,0.4396326852973374,0.9075572474158597,1
104,Availability error,available at time zero,0.6475190555694755,0.7375662295277532,0.09004717395827766,0.10393490218250498,0.5338538212500434,0.941278637805463,1
105,Availability error,available at time zero,0.6488764885422343,0.6843118697208365,0.03543538117860212,0.11272198377503072,0.46337678152177625,0.9052469579198967,1
106,Availability error,available at time zero,0.6296476085660654,0.6863622230305313,0.05671461446446591,0.11169150520020525,0.467446872838129,0.9052775732229336,1
107,Availability error,available at time zero,0.6442998427246203,0.8424327493190449,0.19813290659442462,0.09910913215503545,0.6481788502951754,1.0366866483429145,0
108,Availability error,available at time zero,0.6396846931017368,0.6475448750246237,0.007860181922886844,0.1092238535277633,0.43346612211020763,0.8616236279390397,1
109,Availability error,available at time zero,0.6493876600958213,0.6289386980331424,-0.020448962062678877,0.11151270534560358,0.41037379555575937,0.8475036005105254,1
110,Availability error,available at time zero,0.6313733221225284,0.6040486615635405,-0.027324660558987857,0.1131621189127728,0.3822509084945058,0.8258464146325752,1
111,Availability error,available at time zero,0.6729701588021061,0.51556456549884,-0.1574055933032661,0.11540388638398025,0.2893729481862387,0.7417561828114413,1
112,Availability error,available at time zero,0.6235631488267954,0.6975874663628479,0.07402431753605243,0.11749925432029829,0.4672889278950632,0.9278860048306325,1
113,Availability error,available at time zero,0.6523027169620444,0.7216218318404517,0.06931911487840725,0.108933139145907,0.508112879114474,0.9351307845664294,1
114,Availability error,available at time zero,0.6439561812003717,0.7018704261507345,0.05791424495036279,0.10195434242117354,0.5020399150052344,0.9017009372962346,1
115,Availability error,available at time zero,0.6197582966436628,0.7550066410285489,0.1352483443848861,0.10317956848367438,0.5527746868005471,0.9572385952565506,1
116,Availability error,available at time zero,0.6443641472459277,0.6069780231919374,-0.03738612405399033,0.11238085132918653,0.3867115545867318,0.827244491797143,1
117,Availability error,available at time zero,0.6415833081358044,0.802018997366946,0.1604356892311416,0.10904906667854629,0.5882828266769953,1.0157551680568968,1
118,Availability error,available at time zero,0.6352304310766077,0.8611389361153305,0.22590850503872284,0.10673074355789028,0.6519466787418656,1.0703311934887956,0
119,Availability error,available at time zero,0.6297560291042151,0.5433922388897433,-0.08636379021447183,0.10469803086830064,0.33818409838787405,0.7486003793916125,1
120,Availability error,available at time zero,0.6474479870263803,0.8471627480216701,0.19971476099528984,0.10719235302078924,0.6370657361009232,1.057259759942417,1
121,Availability error,available at time zero,0.6468908986754509,0.4304591478372336,-0.2164317508382173,0.114350194132485,0.206332767337563,0.6545855283369042,1
122,Availability error,available at time zero,0.6369325918874004,0.7966363418973054,0.159703750009905,0.11464756056080079,0.5719271231981358,1.021345560596475,1
123,Availability error,available at time zero,0.645478276385195,0.5616994870353081,-0.0837787893498868,0.11528342680871463,0.3357439704902275,0.7876550035803889,1
124,Availability error,available at time zero,0.639385653504102,0.5642411063261247,-0.07514454717797736,0.11321183910718208,0.34234590167604784,0.7861363109762015,1
125,Availability error,available at time zero,0.6403577766907118,0.5408222731491804,-0.0995355035415314,0.10975074253190127,0.3257108177866539,0.7559337285117069,1
126,Availability error,available at time zero,0.6294070803228202,0.5346085976512541,-0.0947984826715661,0.10450184875071485,0.329784974099853,0.7394322212026552,1
127,Availability error,available at time zero,0.6660974403783372,0.7112244143189622,0.04512697394062504,0.10658902985451187,0.502309915804119,0.9201389128338054,1
128,Availability error,available at time zero,0.6274670903599897,0.5624758559334891,-0.06499123442650057,0.10689207493498698,0.3529673890609146,0.7719843228060637,1
129,Availability error,available at time zero,0.6517521251286202,0.49063070157188554,-0.1611214235567347,0.12148388452666217,0.2525222878996277,0.7287391152441434,1
130,Availability error,available at time zero,0.6290080884218419,0.7018672841756589,0.07285919575381705,0.12492251325914519,0.4570191581877343,0.9467154101635835,1
131,Availability error,available at time zero,0.6376610699224606,0.7421049160695599,0.10444384614709923,0.11856056553088896,0.5097262076290174,0.9744836245101023,1
132,Availability error,available at time zero,0.6512163233250603,0.5910766129102648,-0.06013971041479549,0.12323003686805453,0.3495457406488779,0.8326074851716517,1
133,Availability error,available at time zero,0.6460742500804724,0.8821708437544776,0.23609659367400526,0.11904700066393252,0.6488387224531699,1.1155029650557853,0
134,Availability error,available at time zero,0.6605205638743148,0.7285511636167502,0.06803059974243542,0.12158978837313221,0.4902351784054111,0.9668671488280893,1
135,Availability error,available at time zero,0.6457553112467048,0.7076281813736853,0.061872870126980506,0.11103447555674897,0.49000060928245737,0.9252557534649133,1
136,Availability error,available at time zero,0.6199632208597099,0.5577803184222137,-0.062182902437496246,0.10507182754427691,0.3518395364354309,0.7637211004089963,1
137,Availability error,available at time zero,0.645840030523651,0.3883634225875359,-0.2574766079361151,0.12365041017309947,0.14600861864826098,0.6307182265268109,0
138,Availability error,available at time zero,0.6475969435454656,0.8698328256145926,0.22223588206912703,0.11580394943332908,0.6428570847252676,1.0968085665039176,1
139,Availability error,available at time zero,0.6690109697355388,0.6923897711689446,0.02337880143340587,0.1098745058159482,0.47703573976968616,0.9077438025682031,1
140,Availability error,available at time zero,0.6354717622880262,0.5317849505783777,-0.10368681170964844,0.10895283394452343,0.31823739604711176,0.7453325051096437,1
141,Availability error,available at time zero,0.6384277963895812,0.583305454733662,-0.05512234165591923,0.10646290161311178,0.37463816757196294,0.791972741895361,1
142,Availability error,available at time zero,0.6273657047672229,0.779237469873409,0.15187176510618616,0.11545975334773868,0.5529363533118412,1.0055385864349768,1
143,Availability error,available at time zero,0.6466323329400723,0.7215634397429085,0.07493110680283621,0.1072048948695114,0.5114418457986661,0.9316850336871508,1
144,Availability error,available at time zero,0.6351069204934572,0.7734574883973949,0.13835056790393774,0.10253944010708672,0.5724801857875049,0.9744347910072849,1
145,Availability error,available at time zero,0.6532950875869271,0.7402169693061442,0.08692188171921711,0.10127707785590462,0.5417138967085712,0.9387200419037173,1
146,Availability error,available at time zero,0.6415897123309874,0.7001223319938742,0.05853261966288681,0.10319281216952653,0.4978644201416022,0.9023802438461461,1
147,Availability error,available at time zero,0.6334046318904015,0.5167723621541773,-0.1166322697362242,0.09860156983265632,0.32351328528217094,0.7100314390261837,1
148,Availability error,available at time zero,0.6387046613998977,0.6339729035632322,-0.004731757836665462,0.11552867280877559,0.40753670485803206,0.8604091022684324,1
149,Availability error,available at time zero,0.6387687513297096,0.5787512995246028,-0.06001745180510676,0.10904143340819743,0.36503009004453585,0.7924725090046698,1
150,Availability error,available at time zero,0.633594100897576,0.6011693625772847,-0.032424738320291246,0.0993423922330893,0.40645827380042965,0.7958804513541398,1
151,Availability error,available at time zero,0.6645451833416651,0.9756877012870793,0.31114251794541414,0.10983449622412489,0.7604120886877945,1.190963313886364,0
152,Availability error,available at time zero,0.6657092496152524,0.8058390116194162,0.14012976200416383,0.10509349452354096,0.5998557623532759,1.0118222608855565,1
153,Availability error,available at time zero,0.6504574394084449,0.7178002912308293,0.06734285182238442,0.10732301247748068,0.5074471867749673,0.9281533956866914,1
154,Availability error,available at time zero,0.645227455502101,0.7616365474354028,0.11640909193330173,0.11056342360514305,0.5449322371693224,0.9783408577014832,1
155,Availability error,available at time zero,0.6352621556468092,0.6411822692348103,0.005920113588001041,0.11359512944971364,0.4185358155133715,0.863828722956249,1
156,Availability error,available at time zero,0.6437914543151486,0.48451744840794997,-0.15927400590719865,0.11512374770706414,0.25887490290210424,0.7101599939137957,1
157,Availability error,available at time zero,0.6394408890650436,0.7016523478893687,0.062211458824325105,0.11101307667169633,0.4840667176128439,0.9192379781658935,1
158,Availability error,available at time zero,0.6581100800310978,0.5631602304226415,-0.09494984960845632,0.10843943293285899,0.3506189418742379,0.7757015189710451,1
159,Availability error,available at time zero,0.635036276308983,0.5660370618267461,-0.06899921448223689,0.10182353135653924,0.36646294036792915,0.765611183285563,1
160,Availability error,available at time zero,0.6283675978780277,0.758717113884936,0.13034951600690836,0.10963915855790574,0.5438243631114408,0.9736098646584312,1
161,Availability error,available at time zero,0.647975207834588,0.7276909687327291,0.07971576089814114,0.11749307413417538,0.4974045434297454,0.9579773940357128,1
162,Availability error,available at time zero,0.6203015414194598,0.5564017973054742,-0.06389974411398558,0.1103087793490355,0.3401965897813647,0.7726070048295838,1
163,Availability error,available at time zero,0.63126910873384,0.663031403630839,0.031762294896999,0.10110623775563592,0.4648631776297926,0.8611996296318853,1
164,Availability error,available at time zero,0.6535380009393248,0.691419188423297,0.03788118748397218,0.11520102387390758,0.4656251816304381,0.9172131952161559,1
165,Availability error,available at time zero,0.6478617193569325,0.8054973225632189,0.15763560320628645,0.10983472769427216,0.5902212562824455,1.0207733888439923,1
166,Availability error,available at time zero,0.6320983271181518,0.6475498330790914,0.015451505960939582,0.10659906237129829,0.4386156708313468,0.8564839953268361,1
167,Availability error,available at time zero,0.6676718811603617,0.5720418185388678,-0.09563006262149387,0.11426144529556283,0.3480893857595647,0.7959942513181709,1
168,Availability error,available at time zero,0.6167920190875275,0.6158986729784641,-0.000893346109063331,0.1264284975688791,0.3680988177434611,0.8636985282134672,1
169,Availability error,available at time zero,0.6308080916461901,0.8650054947237353,0.23419740307754522,0.10770223195425711,0.6539091200933914,1.0761018693540794,0
170,Availability error,available at time zero,0.6334728830012522,0.6510963719980019,0.017623488996749703,0.12055769347809855,0.4148032927809287,0.8873894512150751,1
171,Availability error,available at time zero,0.6570937884120709,0.6436454265969375,-0.013448361815133425,0.11248936420545022,0.423166272754255,0.8641245804396199,1
172,Availability error,available at time zero,0.6083469914910162,0.5735533526803607,-0.03479363881065556,0.11045533448543024,0.3570608970889174,0.7900458082718039,1
173,Availability error,available at time zero,0.6403396126337496,0.6459689745119913,0.005629361878241701,0.1062071542388473,0.43780295220385057,0.854134996820132,1
174,Availability error,available at time zero,0.6401441190640231,0.5549501789402377,-0.08519394012378545,0.10959068067553661,0.3401524448161859,0.7697479130642895,1
175,Availability error,available at time zero,0.6375375360082578,0.6943427386186746,0.05680520261041677,0.10882060832484465,0.4810543463019791,0.9076311309353701,1
176,Availability error,available at time zero,0.63560177773518,0.6110897476751632,-0.024512030060016787,0.11600758170604211,0.38371488753132066,0.8384646078190058,1
177,Availability error,available at time zero,0.633070468399547,0.5653852276394358,-0.06768524076011118,0.10771942085074374,0.35425516277197805,0.7765152925068934,1
178,Availability error,available at time zero,0.6488833685546689,0.8266831680787554,0.17779979952408653,0.10722793048555078,0.6165164243270759,1.0368499118304348,1
179,Availability error,available at time zero,0.6305360712213767,0.5613297718186889,-0.06920629940268774,0.10111642948265813,0.363141570032679,0.7595179736046989,1
180,Availability error,available at time zero,0.6410034926489594,0.8109175423200067,0.16991404967104728,0.1123157735343392,0.5907786261927018,1.0310564584473116,1
181,Availability error,available at time zero,0.6586262344035305,0.6286084361828573,-0.030017798220673186,0.10661295220735523,0.4196470498564411,0.8375698225092736,1
182,Availability error,available at time zero,0.6299147489541389,0.6801327011135619,0.05021795215942304,0.10888126098401063,0.46672542958490115,0.8935399726422227,1
183,Availability error,available at time zero,0.641898679670941,0.6231674764039898,-0.018731203266951213,0.123429079058221,0.3812464814498767,0.865088471358103,1
184,Availability error,available at time zero,0.6545854567376783,0.7445175464732546,0.08993208973557631,0.10672083334468734,0.5353447131176674,0.9536903798288419,1
185,Availability error,available at time zero,0.6454347015005001,0.7014332931973989,0.0559985916968988,0.10164731813094512,0.5022045496607465,0.9006620367340513,1
186,Availability error,available at time zero,0.6351304690881754,0.6147456657942005,-0.02038480329397485,0.11627377190297618,0.3868490728643672,0.8426422587240339,1
187,Availability error,available at time zero,0.6432368231146364,0.4994544430396898,-0.1437823800749466,0.10741810565379781,0.28891495595824607,0.7099939301211335,1
188,Availability error,available at time zero,0.6318801644130856,0.6287250884003724,-0.0031550760127131428,0.1082593074200315,0.4165368458571107,0.8409133309436342,1
189,Availability error,available at time zero,0.6246674601698768,0.5465001122328783,-0.07816734793699853,0.10702771109196084,0.33672579849263506,0.7562744259731216,1
190,Availability error,available at time zero,0.6502438241194228,0.7261721752699637,0.07592835115054086,0.10768442011885097,0.5151107118370157,0.9372336387029117,1
191,Availability error,available at time zero,0.6460586296827716,0.5967080384292347,-0.04935059125353691,0.12331205629763427,0.35501640808587154,0.8383996687725979,1
192,Availability error,available at time zero,0.6688830407407345,0.791720827372845,0.12283778663211053,0.11133486287230408,0.573504496143129,1.009937158602561,1
193,Availability error,available at time zero,0.6343162440511833,0.6847328803589887,0.05041663630780546,0.10953427927419723,0.4700456929815622,0.8994200677364153,1
194,Availability error,available at time zero,0.6332109944597039,0.6561149220196706,0.02290392755996673,0.11479202871371823,0.4311225457407829,0.8811072982985583,1
195,Availability error,available at time zero,0.6536769215695587,0.6566621366047404,0.0029852150351816764,0.09818810165975406,0.46421345735162245,0.8491108158578583,1
196,Availability error,available at time zero,0.6255068026929983,0.7575475532985129,0.13204075060551457,0.11397248655751513,0.5341614796457832,0.9809336269512425,1
197,Availability error,available at time zero,0.6598423864882885,0.908212366612359,0.24836998012407052,0.11276163647973915,0.6871995591120703,1.1292251741126478,0
198,Availability error,available at time zero,0.6513896586364519,0.6960151557549007,0.044625497118448765,0.10878753019428503,0.48279159657410203,0.9092387149356993,1
199,Availability error,available at time zero,0.6379967921268956,0.7897841428319575,0.15178735070506189,0.10386790111292865,0.5862030566506173,0.9933652290132977,1
200,Availability error,available at time zero,0.6525000240202508,0.7752264539443633,0.12272642992411253,0.11000098994743106,0.5596245136473984,0.9908283942413282,1
1,Availability error,late availability lambda 0.50,0.6396431599358599,-0.32840667271043567,-0.9680498326462955,0.0850831449385195,-0.49516963678993386,-0.16164370863093747,0
2,Availability error,late availability lambda 0.50,0.6482033283293978,-0.2932530938196898,-0.9414564221490875,0.10139189153399883,-0.4919812012263275,-0.09452498641305207,0
3,Availability error,late availability lambda 0.50,0.6204648478481515,-0.2111255685531223,-0.8315904164012737,0.08190263648383353,-0.37165473606143606,-0.05059640104480859,0
4,Availability error,late availability lambda 0.50,0.6585495694902526,-0.01129599732042008,-0.6698455668106726,0.0865243795419199,-0.18088378122258308,0.15829178658174292,0
5,Availability error,late availability lambda 0.50,0.6462331104456841,-0.059812184151021984,-0.7060452945967061,0.09051767485911091,-0.23722682687487937,0.11760245857283538,0
6,Availability error,late availability lambda 0.50,0.6346125063839049,-0.22018000423674636,-0.8547925106206512,0.08757226446349449,-0.3918216425851956,-0.04853836588829716,0
7,Availability error,late availability lambda 0.50,0.6299653653955534,-0.13344057805267276,-0.7634059434482261,0.0882854794247451,-0.30648011772517314,0.03959896161982762,0
8,Availability error,late availability lambda 0.50,0.6460707753086989,-0.12888161722116068,-0.7749523925298596,0.08310899037629256,-0.2917752383586941,0.03401200391637274,0
9,Availability error,late availability lambda 0.50,0.6547876405281835,-0.19919397464918479,-0.8539816151773683,0.10240083144582668,-0.3998996042830051,0.0015116549846355132,0
10,Availability error,late availability lambda 0.50,0.6431048599333259,-0.24655952808564377,-0.8896643880189696,0.08724711151383087,-0.41756386665275225,-0.07555518951853527,0
11,Availability error,late availability lambda 0.50,0.6383515448089359,-0.1202062220402283,-0.7585577668491641,0.08356367124756078,-0.28399101768544743,0.043578573604990845,0
12,Availability error,late availability lambda 0.50,0.6269060938995575,-0.2628898226506731,-0.8897959165502307,0.08896476516938799,-0.4372607623826736,-0.08851888291867266,0
13,Availability error,late availability lambda 0.50,0.6374525984644742,-0.32873714751343275,-0.966189745977907,0.07777621710547905,-0.48117853304017166,-0.1762957619866938,0
14,Availability error,late availability lambda 0.50,0.6455195136065038,-0.36024204699564116,-1.005761560602145,0.0921482866007561,-0.5408526887331231,-0.1796314052581592,0
15,Availability error,late availability lambda 0.50,0.6296298189188116,-0.11296524170684862,-0.7425950606256603,0.08594885649116163,-0.2814250004295254,0.05549451701582818,0
16,Availability error,late availability lambda 0.50,0.6344539303644307,-0.061442962010126424,-0.6958968923745571,0.08375827479194974,-0.2256091806023479,0.10272325658209505,0
17,Availability error,late availability lambda 0.50,0.6422336397633459,-0.15065667984648246,-0.7928903196098284,0.0917556180783304,-0.33049769128001005,0.029184331587045115,0
18,Availability error,late availability lambda 0.50,0.6539202059024203,-0.006920417881783829,-0.6608406237842042,0.08420302385915736,-0.17195834464573223,0.15811750888216458,0
19,Availability error,late availability lambda 0.50,0.6350214856980362,-0.21612350123190582,-0.851144986929942,0.08848766013364766,-0.3895593150938552,-0.04268768736995643,0
20,Availability error,late availability lambda 0.50,0.6572236742338754,-0.17208841813977985,-0.8293120923736552,0.10092825108298223,-0.36990779026242504,0.025730953982865318,0
21,Availability error,late availability lambda 0.50,0.6469971940077793,-0.1673728812439362,-0.8143700752517156,0.0893829088005889,-0.34256338249309043,0.007817620005218018,0
22,Availability error,late availability lambda 0.50,0.6431704516952834,-0.22095088200225496,-0.8641213336975384,0.08496597275228951,-0.3874841885967424,-0.05441757540776754,0
23,Availability error,late availability lambda 0.50,0.6441054184936772,-0.1864810761934934,-0.8305864946871706,0.08530515639141262,-0.3536791827206621,-0.019282969666324673,0
24,Availability error,late availability lambda 0.50,0.6631752089316938,-0.14426566208816,-0.8074408710198537,0.09197393887179335,-0.32453458227687493,0.03600325810055496,0
25,Availability error,late availability lambda 0.50,0.6416725313043079,-0.007987050281181502,-0.6496595815854894,0.08651621282575608,-0.17755882741966342,0.16158472685730044,0
26,Availability error,late availability lambda 0.50,0.6421859550929038,-0.03984615279688797,-0.6820321078897917,0.082893841990853,-0.20231808309895985,0.12262577750518391,0
27,Availability error,late availability lambda 0.50,0.669119363527183,-0.19121818192508802,-0.860337545452271,0.08550034653569769,-0.3587988611350555,-0.02363750271512055,0
28,Availability error,late availability lambda 0.50,0.6465727736788388,-0.1922936702165813,-0.8388664438954201,0.0931927831085739,-0.3749515251093861,-0.00963581532377647,0
29,Availability error,late availability lambda 0.50,0.6332454728022678,-0.022910342027133823,-0.6561558148294017,0.08672122486648945,-0.19288394276545315,0.1470632587111855,0
30,Availability error,late availability lambda 0.50,0.643617202864319,-0.17244622581330282,-0.8160634286776218,0.08555584230156764,-0.3401356767243754,-0.004756774902230254,0
31,Availability error,late availability lambda 0.50,0.64449120659582,-0.21269760288831244,-0.8571888094841325,0.0861952359494361,-0.38164026534920714,-0.043754940427417705,0
32,Availability error,late availability lambda 0.50,0.6559392425909238,-0.19992556649977555,-0.8558648090906994,0.0932427767260004,-0.38268140888273633,-0.017169724116814777,0
33,Availability error,late availability lambda 0.50,0.62619965630085,-0.37558742527031375,-1.0017870815711638,0.08271689593003183,-0.5377125412931761,-0.21346230924745135,0
34,Availability error,late availability lambda 0.50,0.637484009779001,-0.13104495097229693,-0.768528960751298,0.07569905645177454,-0.27941510161777505,0.017325199673181163,0
35,Availability error,late availability lambda 0.50,0.6405211540182184,-0.17571796551592272,-0.8162391195341412,0.08111516794766209,-0.3347036946933404,-0.01673223633850504,0
36,Availability error,late availability lambda 0.50,0.6484541288995115,-0.12863265598464632,-0.7770867848841578,0.09399554720993519,-0.3128639285161193,0.05559861654682666,0
37,Availability error,late availability lambda 0.50,0.6384682940396256,-0.2569551425247983,-0.8954234365644238,0.0888379544415409,-0.43107753323021847,-0.08283275181937813,0
38,Availability error,late availability lambda 0.50,0.6633124279521393,-0.06351249586042315,-0.7268249238125625,0.08392416552923121,-0.22800386029771633,0.10097886857687002,0
39,Availability error,late availability lambda 0.50,0.6169944699492688,-0.134705990660282,-0.7517004606095508,0.08744212806661798,-0.30609256167085325,0.03668058035028926,0
40,Availability error,late availability lambda 0.50,0.652670955852188,-0.10570627855966994,-0.758377234411858,0.07963509833205583,-0.2617910712904994,0.05037851417115949,0
41,Availability error,late availability lambda 0.50,0.6582692127467316,-0.10100855998213491,-0.7592777727288664,0.09386671515483999,-0.2849873216856213,0.08297020172135146,0
42,Availability error,late availability lambda 0.50,0.6541031282250059,-0.07943542535443926,-0.7335385535794452,0.10176422135895104,-0.2788932992179833,0.12002244850910476,0
43,Availability error,late availability lambda 0.50,0.6603184875228287,-0.3090870580933642,-0.969405545616193,0.10269514533370615,-0.5103695429474282,-0.10780457323930012,0
44,Availability error,late availability lambda 0.50,0.6689037231199384,-0.05625435297646168,-0.7251580760964,0.11166933256565635,-0.27512624480514813,0.16261753885222474,0
45,Availability error,late availability lambda 0.50,0.6556470028185558,-0.22927698199586805,-0.8849239848144239,0.08815548232683677,-0.4020617273564681,-0.05649223663526798,0
46,Availability error,late availability lambda 0.50,0.6389636379346929,-0.2315419970247283,-0.8705056349594212,0.08569120445763326,-0.39949675776168947,-0.06358723628776711,0
47,Availability error,late availability lambda 0.50,0.64928703340838,-0.20880689473355263,-0.8580939281419326,0.08144566977414167,-0.36844040749087026,-0.04917338197623497,0
48,Availability error,late availability lambda 0.50,0.6351096879526483,-0.06653752770252716,-0.7016472156551755,0.08615410051876654,-0.2353995647193096,0.10232450931425527,0
49,Availability error,late availability lambda 0.50,0.6229000652908084,-0.08422787852491982,-0.7071279438157283,0.07996246180073076,-0.2409543036543521,0.07249854660451245,0
50,Availability error,late availability lambda 0.50,0.6400067496123277,-0.11381195269493845,-0.7538187023072662,0.07922440611151824,-0.2690917886735142,0.041467883283637305,0
51,Availability error,late availability lambda 0.50,0.6654827122899001,-0.05339720940974219,-0.7188799216996423,0.0858848271055304,-0.22173147053658177,0.1149370517170974,0
52,Availability error,late availability lambda 0.50,0.6244651504836569,-0.16335793902908785,-0.7878230895127447,0.08851706319404484,-0.33685138288941574,0.010135504831240039,0
53,Availability error,late availability lambda 0.50,0.6539589766474764,-0.18778119345374883,-0.8417401701012253,0.0861831941054178,-0.35670025390036775,-0.01886213300712994,0
54,Availability error,late availability lambda 0.50,0.6559797970979045,-0.18084637972514092,-0.8368261768230455,0.09291248923835717,-0.36295485863232096,0.0012620991820391225,0
55,Availability error,late availability lambda 0.50,0.6357879076641554,-0.18844248246544076,-0.8242303901295962,0.08948261224877425,-0.36382840247303827,-0.01305656245784323,0
56,Availability error,late availability lambda 0.50,0.6458170924406256,-0.13090379934056992,-0.7767208917811955,0.08016142532395516,-0.28802019297552206,0.02621259429438219,0
57,Availability error,late availability lambda 0.50,0.6440840540795431,-0.25861677406668315,-0.9027008281462262,0.07439501540361007,-0.4044310042577589,-0.11280254387560743,0
58,Availability error,late availability lambda 0.50,0.6314811178608033,-0.10409397868511744,-0.7355750965459207,0.08461185307451151,-0.26993321071116,0.06174525334092512,0
59,Availability error,late availability lambda 0.50,0.6427041347740954,-0.11792280231003281,-0.7606269370841282,0.08801238558616258,-0.29042707805891144,0.054581473438845826,0
60,Availability error,late availability lambda 0.50,0.6582275430611582,-0.17420400022561067,-0.8324315432867688,0.09882891173010683,-0.3679086672166201,0.019500666765398716,0
61,Availability error,late availability lambda 0.50,0.6609168997125465,-0.07403598294826637,-0.7349528826608129,0.07943743607655751,-0.2297333576583191,0.08166139176178634,0
62,Availability error,late availability lambda 0.50,0.6143304803269632,-0.04561842433355179,-0.659948904660515,0.09254060016509673,-0.22699800065714137,0.1357611519900378,0
63,Availability error,late availability lambda 0.50,0.6497166807747168,-0.16184377420842072,-0.8115604549831374,0.09478149257593224,-0.3476154996572479,0.023927951240406475,0
64,Availability error,late availability lambda 0.50,0.6457802762412072,-0.1712197379953616,-0.8170000142365688,0.09169923297212568,-0.35095023462072794,0.008510758630004722,0
65,Availability error,late availability lambda 0.50,0.635667693517936,-0.15710923443406652,-0.7927769279520025,0.09599318070209288,-0.34525586861016855,0.031037399742035537,0
66,Availability error,late availability lambda 0.50,0.6514799431092486,-0.14830682899493827,-0.7997867721041869,0.09710685105229043,-0.3386362570574275,0.04202259906755096,0
67,Availability error,late availability lambda 0.50,0.664260931961469,-0.15907515698279148,-0.8233360889442605,0.0837948417998241,-0.3233130469104467,0.005162732944863746,0
68,Availability error,late availability lambda 0.50,0.6562999985397168,-0.07481082922711695,-0.7311108277668337,0.08334007122885417,-0.23815736883567112,0.08853571038143722,0
69,Availability error,late availability lambda 0.50,0.6549059314996251,-0.1820461370349257,-0.8369520685345507,0.08793113480523526,-0.3543911612531868,-0.009701112816664581,0
70,Availability error,late availability lambda 0.50,0.6404845917557004,-0.29321610741649595,-0.9337006991721963,0.09924192789125569,-0.4877302860833571,-0.09870192874963482,0
71,Availability error,late availability lambda 0.50,0.6394708840079676,-0.18965750231995324,-0.8291283863279209,0.07827927869647631,-0.3430848885650468,-0.03623011607485965,0
72,Availability error,late availability lambda 0.50,0.6619769881242613,-0.12179148175232751,-0.7837684698765888,0.08715143786460947,-0.292608299966962,0.04902533646230703,0
73,Availability error,late availability lambda 0.50,0.6462137055765994,-0.08398541579118843,-0.7301991213677879,0.08134814415723088,-0.24342777833936094,0.07545694675698408,0
74,Availability error,late availability lambda 0.50,0.6461477664207638,-0.18708953930269576,-0.8332373057234596,0.08012045269420782,-0.3441256265833431,-0.030053452022048427,0
75,Availability error,late availability lambda 0.50,0.6573250870147943,-0.057677594833505014,-0.7150026818482993,0.09220028180916555,-0.2383901471794695,0.12303495751245946,0
76,Availability error,late availability lambda 0.50,0.6597431214695313,-0.21561902429426213,-0.8753621457637935,0.09582284727596213,-0.4034318049551479,-0.02780624363337636,0
77,Availability error,late availability lambda 0.50,0.6524834739368094,-0.2643302182622971,-0.9168136921991065,0.08301567438879282,-0.427040940064331,-0.10161949646026316,0
78,Availability error,late availability lambda 0.50,0.6373152524474778,-0.18422273240299283,-0.8215379848504706,0.08457467160423274,-0.34998908874728896,-0.018456376058696683,0
79,Availability error,late availability lambda 0.50,0.659295764590957,-0.1389739317185741,-0.798269696309531,0.10036835199754199,-0.3356959016337564,0.057748038196608176,0
80,Availability error,late availability lambda 0.50,0.6559082263354257,-0.16079000243622374,-0.8166982287716494,0.08922543862671314,-0.3356718621445815,0.014091857272134023,0
81,Availability error,late availability lambda 0.50,0.6368213464184607,-0.09537222032478566,-0.7321935667432463,0.09295295443257422,-0.2775600110126311,0.0868155703630598,0
82,Availability error,late availability lambda 0.50,0.6125461557102134,-0.4027411479940227,-1.0152873037042363,0.08999301864497188,-0.5791274645381677,-0.22635483144987784,0
83,Availability error,late availability lambda 0.50,0.6498199371382709,-0.14111220994995988,-0.7909321470882308,0.09212276508503373,-0.321672829516626,0.03944840961670623,0
84,Availability error,late availability lambda 0.50,0.6411865135902128,-0.11418807274874344,-0.7553745863389563,0.09025477205802664,-0.29108742598247567,0.06271128048498877,0
85,Availability error,late availability lambda 0.50,0.6579304626911097,-0.12623767620080523,-0.7841681388919148,0.09146688565154884,-0.30551277207784094,0.05303741967623049,0
86,Availability error,late availability lambda 0.50,0.6475504263175356,-0.19474626890780147,-0.842296695225337,0.08768305930493676,-0.3666050651454775,-0.02288747267012542,0
87,Availability error,late availability lambda 0.50,0.6580027419859948,-0.07885812311852432,-0.7368608651045192,0.08628233850258697,-0.2479715065835948,0.09025526034654614,0
88,Availability error,late availability lambda 0.50,0.6460021505659271,-0.1012915738423838,-0.7472937244083109,0.08415948376519615,-0.2662441620221683,0.06366101433740065,0
89,Availability error,late availability lambda 0.50,0.6252829002043735,-0.1502234558014466,-0.7755063560058201,0.08107192693809949,-0.30912443260012157,0.008677520997228377,0
90,Availability error,late availability lambda 0.50,0.6526405234615806,-0.1049571400522552,-0.7575976635138358,0.10067588291454856,-0.3022818705647704,0.09236759046025997,0
91,Availability error,late availability lambda 0.50,0.6144877442807887,-0.12230951400554682,-0.7367972582863355,0.09001674414834927,-0.2987423325363114,0.05412330452521774,0
92,Availability error,late availability lambda 0.50,0.6425118116363887,-0.177692568323354,-0.8202043799597427,0.07797360703955211,-0.3305208381208762,-0.024864298525831857,0
93,Availability error,late availability lambda 0.50,0.6314387413535701,-0.2603709063203756,-0.8918096476739457,0.08742495166015442,-0.4317238115742782,-0.08901800106647292,0
94,Availability error,late availability lambda 0.50,0.6461198340751911,-0.02234479872917294,-0.6684646328043641,0.08202895030912814,-0.18312154133506411,0.13843194387671823,0
95,Availability error,late availability lambda 0.50,0.6406238244353437,-0.14561134784213525,-0.786235172277479,0.0824505862855172,-0.30721449696174896,0.015991801277478457,0
96,Availability error,late availability lambda 0.50,0.6496902503549502,-0.27860675329210755,-0.9282970036470577,0.09083207938305832,-0.4566376288829018,-0.10057587770131324,0
97,Availability error,late availability lambda 0.50,0.6713727474160323,-0.10719122981116558,-0.7785639772271978,0.08886479144106241,-0.2813662210356479,0.06698376141331674,0
98,Availability error,late availability lambda 0.50,0.6409606226165022,-0.20525490841802968,-0.8462155310345318,0.08575346364349717,-0.37333169715928416,-0.03717811967677523,0
99,Availability error,late availability lambda 0.50,0.6597152834704423,-0.20359326519186688,-0.8633085486623091,0.09434087082278876,-0.38850137200453283,-0.0186851583792009,0
100,Availability error,late availability lambda 0.50,0.644457729836076,-0.31882801856558585,-0.9632857484016618,0.09311403965692214,-0.5013315362931532,-0.13632450083801845,0
101,Availability error,late availability lambda 0.50,0.6523571106095165,-0.22592543827193562,-0.8782825488814521,0.08663280553369374,-0.3957257371179753,-0.05612513942589589,0
102,Availability error,late availability lambda 0.50,0.6404292845630483,-0.22740053763088613,-0.8678298221939345,0.08960792521804856,-0.40303207105826133,-0.051769004203510965,0
103,Availability error,late availability lambda 0.50,0.6358721854446925,-0.12426217151265423,-0.7601343569573467,0.09224123486130792,-0.30505499184081775,0.05653064881550929,0
104,Availability error,late availability lambda 0.50,0.645305751291756,-0.17111629906139594,-0.816422050353152,0.08993771916846381,-0.347394228631585,0.005161630508793119,0
105,Availability error,late availability lambda 0.50,0.6392995873662816,-0.1756396772286861,-0.8149392645949677,0.09174914701633739,-0.3554680053807074,0.004188650923335202,0
106,Availability error,late availability lambda 0.50,0.6377999587989409,-0.11555896942925409,-0.753358928228195,0.07947695803212575,-0.27133380717222055,0.04021586831371238,0
107,Availability error,late availability lambda 0.50,0.6628808954844745,-0.24639166606188417,-0.9092725615463586,0.10597881946371067,-0.45411015221075707,-0.03867317991301128,0
108,Availability error,late availability lambda 0.50,0.661186051454747,-0.21438063646593206,-0.875566687920679,0.09485979208943775,-0.40030582896123,-0.02845544397063407,0
109,Availability error,late availability lambda 0.50,0.6365745326047975,0.0022242631750977243,-0.6343502694296997,0.09757416990641322,-0.1890211098414722,0.19346963619166763,0
110,Availability error,late availability lambda 0.50,0.6542125775957259,-0.2921417267241716,-0.9463543043198975,0.09254587574287579,-0.47353164318020813,-0.11075181026813505,0
111,Availability error,late availability lambda 0.50,0.6427431609864052,-0.3812029056638896,-1.0239460666502946,0.08929818437518039,-0.5562273470392431,-0.20617846428853603,0
112,Availability error,late availability lambda 0.50,0.6503000781164382,-0.08225277704497197,-0.7325528551614102,0.09078517612701081,-0.2601917222539132,0.09568616816396922,0
113,Availability error,late availability lambda 0.50,0.645754033245083,-0.09297773676503235,-0.7387317700101153,0.08636119027927834,-0.2622456697124179,0.07629019618235319,0
114,Availability error,late availability lambda 0.50,0.6525083941308687,-0.18869265086547168,-0.8412010449963404,0.09074767978390369,-0.36655810324192295,-0.010827198489020445,0
115,Availability error,late availability lambda 0.50,0.6415277061492176,-0.22271563290909516,-0.8642433390583127,0.08856132837013037,-0.3962958365145507,-0.04913542930363965,0
116,Availability error,late availability lambda 0.50,0.6332567885132797,-0.23201725816686708,-0.8652740466801467,0.0810617664190367,-0.390898320348179,-0.07313619598555515,0
117,Availability error,late availability lambda 0.50,0.6267883285911391,-0.03403187307402716,-0.6608202016651662,0.08511395657868125,-0.2008552279682424,0.13279148182018807,0
118,Availability error,late availability lambda 0.50,0.6557934267283918,-0.03011527074923108,-0.6859086974776228,0.09607955030878397,-0.21843118935444766,0.15820064785598548,0
119,Availability error,late availability lambda 0.50,0.6460989057709103,-0.1426152216004343,-0.7887141273713446,0.08883044621646242,-0.3167228961847006,0.03149245298383205,0
120,Availability error,late availability lambda 0.50,0.6372874245740702,-0.3036010682438265,-0.9408884928178967,0.08882296353668793,-0.47769407677573483,-0.12950805971191814,0
121,Availability error,late availability lambda 0.50,0.635006689312995,-0.2032158164101495,-0.8382225057231445,0.08116310425385961,-0.3622955007477143,-0.044136132072584655,0
122,Availability error,late availability lambda 0.50,0.6463120061004446,-0.07572833118700927,-0.7220403372874539,0.08475589371088928,-0.24184988286035225,0.0903932204863337,0
123,Availability error,late availability lambda 0.50,0.6367739591033306,-0.2405753001512316,-0.8773492592545622,0.08766596279927297,-0.4124005872378066,-0.06875001306465658,0
124,Availability error,late availability lambda 0.50,0.6408971363179494,-0.12596512961834658,-0.766862265936296,0.08502346724014323,-0.29261112540902734,0.04068086617233416,0
125,Availability error,late availability lambda 0.50,0.634226368339417,-0.30926317913337814,-0.9434895474727951,0.08787132272031002,-0.4814909716651858,-0.1370353866015705,0
126,Availability error,late availability lambda 0.50,0.631979885975239,-0.2915354608017891,-0.9235153467770281,0.08368412599580294,-0.45555634775356285,-0.12751457385001536,0
127,Availability error,late availability lambda 0.50,0.6509976612543558,-0.3031449922613985,-0.9541426535157542,0.09653407198517025,-0.4923517733523322,-0.11393821117046482,0
128,Availability error,late availability lambda 0.50,0.6306563924466669,-0.0829462064458414,-0.7136025988925083,0.09268526586831012,-0.26460932754772926,0.09871691465604644,0
129,Availability error,late availability lambda 0.50,0.6516133658580026,-0.08654077872028137,-0.738154144578284,0.09223361430455891,-0.26731866275721683,0.09423710531665408,0
130,Availability error,late availability lambda 0.50,0.636955277974707,-0.18844176622971498,-0.825397044204422,0.08957599833063984,-0.36401072295776904,-0.012872809501660892,0
131,Availability error,late availability lambda 0.50,0.6412558588220241,-0.1470980908769987,-0.7883539496990228,0.0931293711092827,-0.3296316582511928,0.03543547649719536,0
132,Availability error,late availability lambda 0.50,0.6851128923777858,-0.06776990707269309,-0.752882799450479,0.09559688430197476,-0.2551398003045636,0.11959998615917744,0
133,Availability error,late availability lambda 0.50,0.6435744358833686,-0.22179272225884109,-0.8653671581422097,0.08323875040869978,-0.38494067305989266,-0.05864477145778951,0
134,Availability error,late availability lambda 0.50,0.6453419170013177,-0.12442332187112097,-0.7697652388724386,0.08351530888935157,-0.28811332729425004,0.039266683552008116,0
135,Availability error,late availability lambda 0.50,0.6202680514029256,-0.26309880502076083,-0.8833668564236865,0.09325441446954724,-0.4458774573810734,-0.08032015266044823,0
136,Availability error,late availability lambda 0.50,0.6693512142558072,-0.1814149750948114,-0.8507661893506187,0.09143661979102301,-0.3606307498852165,-0.0021992003044062902,0
137,Availability error,late availability lambda 0.50,0.624225133920044,-0.27665389539288054,-0.9008790293129245,0.09484542977805693,-0.46255093775787215,-0.09075685302788897,0
138,Availability error,late availability lambda 0.50,0.672206220797617,-0.0982544698224461,-0.7704606906200632,0.09406672320730454,-0.282625247308763,0.0861163076638708,0
139,Availability error,late availability lambda 0.50,0.6533974579342884,-0.1821039659106502,-0.8355014238449385,0.08994260736459936,-0.3583914763452649,-0.005816455476035459,0
140,Availability error,late availability lambda 0.50,0.6486591951210148,-0.17774897875779994,-0.8264081738788147,0.09979715323268057,-0.37335139909385384,0.01785344157825397,0
141,Availability error,late availability lambda 0.50,0.6453471493001387,-0.16579703399483983,-0.8111441832949785,0.08233452501311908,-0.32717270302055323,-0.004421364969126429,0
142,Availability error,late availability lambda 0.50,0.637111347014573,-0.15360726667170638,-0.7907186136862794,0.09148001603499326,-0.33290809810029315,0.025693564756880394,0
143,Availability error,late availability lambda 0.50,0.6601791413764112,-0.039272143032927934,-0.6994512844093391,0.10022456807006222,-0.23571229645024988,0.15716801038439404,0
144,Availability error,late availability lambda 0.50,0.6229113277640383,-0.1371307743004427,-0.7600421020644811,0.09517995402609294,-0.3236834841915849,0.04942193559069946,0
145,Availability error,late availability lambda 0.50,0.6374217158701381,-0.2629656815960952,-0.9003873974662333,0.08806441647779804,-0.4355719378925793,-0.09035942529961102,0
146,Availability error,late availability lambda 0.50,0.6433512739332958,-0.09874761193346392,-0.7420988858667598,0.10388187671478152,-0.3023560902944357,0.10486086642750787,0
147,Availability error,late availability lambda 0.50,0.6443555993871617,-0.191790546519677,-0.8361461459068387,0.09046192210893671,-0.36909591385319296,-0.014485179186161046,0
148,Availability error,late availability lambda 0.50,0.6428054788372536,-0.10023454985635556,-0.7430400286936092,0.08587510927731702,-0.26854976403989694,0.0680806643271858,0
149,Availability error,late availability lambda 0.50,0.6625584813421549,-0.13539253328472522,-0.7979510146268801,0.09188682459991361,-0.3154907095005559,0.04470564293110546,0
150,Availability error,late availability lambda 0.50,0.6477288815358511,-0.18189197296763965,-0.8296208545034907,0.07966810151318522,-0.3380414519334827,-0.025742494001796623,0
151,Availability error,late availability lambda 0.50,0.638901340772537,-0.297220051213528,-0.936121391986065,0.08933691081696567,-0.47232039641478074,-0.12211970601227531,0
152,Availability error,late availability lambda 0.50,0.655332490796121,-0.17855942772199798,-0.833891918518119,0.09828829172486915,-0.3712044795027415,0.014085624058745555,0
153,Availability error,late availability lambda 0.50,0.6526857086801405,-0.2995038591465852,-0.9521895678267258,0.07741958120794988,-0.451246238314167,-0.14776147997900346,0
154,Availability error,late availability lambda 0.50,0.6150205807946341,-0.14381871165876697,-0.7588392924534011,0.08763845516657992,-0.31559008378526365,0.02795266046772968,0
155,Availability error,late availability lambda 0.50,0.6536669133433901,-0.25037964311949,-0.9040465564628801,0.08276232182783087,-0.41259379390203854,-0.08816549233694151,0
156,Availability error,late availability lambda 0.50,0.640211823977347,-0.29598395017286677,-0.9361957741502138,0.08406276255892514,-0.4607469647883601,-0.1312209355573735,0
157,Availability error,late availability lambda 0.50,0.6429001636484699,-0.17608583319118892,-0.8189859968396589,0.09435427980671295,-0.36102022161234626,0.008848555229968441,0
158,Availability error,late availability lambda 0.50,0.6479270344878048,-0.21733614315922975,-0.8652631776470345,0.08027941521233739,-0.37468379697541104,-0.05998848934304846,0
159,Availability error,late availability lambda 0.50,0.6675268675897484,-0.2545432464840832,-0.9220701140738317,0.07963970328100156,-0.4106370649148463,-0.09844942805332016,0
160,Availability error,late availability lambda 0.50,0.645417716247586,-0.08526451298123648,-0.7306822292288225,0.08764045746434458,-0.25703980961135187,0.08651078364887889,0
161,Availability error,late availability lambda 0.50,0.6368552934501864,-0.14709334500480215,-0.7839486384549885,0.10113234927215996,-0.34531274957823566,0.051126059568631366,0
162,Availability error,late availability lambda 0.50,0.6388852029964621,-0.16218706247086004,-0.8010722654673221,0.09388114497833477,-0.3461941066283962,0.02181998168667612,0
163,Availability error,late availability lambda 0.50,0.6228628904178937,-0.03274834403419972,-0.6556112344520933,0.07499670361052875,-0.17974188311083605,0.11424519504243663,0
164,Availability error,late availability lambda 0.50,0.6541781573413602,-0.14220930162333686,-0.7963874589646971,0.09364615178062813,-0.32575575911336796,0.04133715586669426,0
165,Availability error,late availability lambda 0.50,0.6628109748604802,-0.17498737254768792,-0.8377983474081682,0.09921041782857964,-0.36943979149170403,0.01946504639632818,0
166,Availability error,late availability lambda 0.50,0.6256522962403004,-0.22737270240029567,-0.853024998640596,0.09042244019454165,-0.4046006851815973,-0.05014471961899403,0
167,Availability error,late availability lambda 0.50,0.6553052632536398,-0.21414193726021377,-0.8694472005138536,0.08344764606431493,-0.377699323546271,-0.05058455097415651,0
168,Availability error,late availability lambda 0.50,0.6322485404380346,-0.2515242077062265,-0.8837727481442611,0.08680436978691279,-0.4216607724885756,-0.08138764292387746,0
169,Availability error,late availability lambda 0.50,0.6412939186170684,-0.16375608498245695,-0.8050500035995254,0.09311021424126195,-0.34625210489533037,0.01873993493041648,0
170,Availability error,late availability lambda 0.50,0.6550285747624462,-0.1220287666466939,-0.7770573414091402,0.08763501763154902,-0.29379340120453,0.04973586791114218,0
171,Availability error,late availability lambda 0.50,0.6580083294379158,-0.14421042666123363,-0.8022187560991494,0.09362316711781854,-0.327711834212158,0.03929098088969071,0
172,Availability error,late availability lambda 0.50,0.6422836808998266,-0.31239069200691183,-0.9546743729067384,0.09605996343246552,-0.5006682203345443,-0.12411316367927941,0
173,Availability error,late availability lambda 0.50,0.6294555857344692,-0.18400029623593134,-0.8134558819704005,0.09141885849771601,-0.3631812588914547,-0.004819333580407953,0
174,Availability error,late availability lambda 0.50,0.6275460646851976,-0.212114259616917,-0.8396603243021146,0.09076037685256268,-0.39000459824793987,-0.034223920985894135,0
175,Availability error,late availability lambda 0.50,0.6682383247510687,-0.3088715291026357,-0.9771098538537044,0.08737539152395657,-0.48012729648959057,-0.13761576171568085,0
176,Availability error,late availability lambda 0.50,0.6552452448939312,-0.12162244017263234,-0.7768676850665636,0.090209315907742,-0.29843269935180666,0.055187819006542,0
177,Availability error,late availability lambda 0.50,0.622844687256336,-0.0889185771877529,-0.7117632644440889,0.08365180015645005,-0.252876105494395,0.0750389511188892,0
178,Availability error,late availability lambda 0.50,0.6465743136868395,-0.06770976237695066,-0.7142840760637902,0.08508476928007341,-0.23447591016589453,0.09905638541199323,0
179,Availability error,late availability lambda 0.50,0.6309051992334582,-0.20387216139568873,-0.834777360629147,0.09142932163389748,-0.3830736317981278,-0.024670690993249672,0
180,Availability error,late availability lambda 0.50,0.6313171311925088,-0.24965162765968807,-0.8809687588521968,0.08412745410530087,-0.41454143770607776,-0.08476181761329837,0
181,Availability error,late availability lambda 0.50,0.6349517470262837,-0.22265237742566282,-0.8576041244519464,0.08197941610960442,-0.38333203300048746,-0.06197272185083816,0
182,Availability error,late availability lambda 0.50,0.62359962040401,-0.2917533525536464,-0.9153529729576564,0.08885467446752245,-0.4659085145099904,-0.1175981905973024,0
183,Availability error,late availability lambda 0.50,0.6500173939324773,-0.14425108823800373,-0.794268482170481,0.08307179270591589,-0.3070718019415989,0.018569625465591405,0
184,Availability error,late availability lambda 0.50,0.6375631589288533,-0.21548796207158896,-0.8530511210004422,0.07653649992399024,-0.3654995019226098,-0.0654764222205681,0
185,Availability error,late availability lambda 0.50,0.649546815313705,-0.23948134962504283,-0.8890281649387478,0.0982541027355776,-0.4320593909867749,-0.04690330826331074,0
186,Availability error,late availability lambda 0.50,0.6560077269408463,-0.35363222141584993,-1.0096399483566962,0.0865982355588684,-0.523364763111232,-0.18389967972046786,0
187,Availability error,late availability lambda 0.50,0.6346001672233037,-0.17888349061592002,-0.8134836578392237,0.09534284621641367,-0.36575546920009083,0.007988487968250774,0
188,Availability error,late availability lambda 0.50,0.6455793815517903,-0.27932962899828057,-0.9249090105500708,0.08577865739044406,-0.4474557974835509,-0.11120346051301022,0
189,Availability error,late availability lambda 0.50,0.638380737261985,-0.2247801481972012,-0.8631608854591861,0.09608307282766089,-0.41310297093941656,-0.03645732545498587,0
190,Availability error,late availability lambda 0.50,0.6291628878527173,-0.057597690869995014,-0.6867605787227123,0.0821654998372609,-0.21864207055102636,0.10344668881103634,0
191,Availability error,late availability lambda 0.50,0.6402715332139344,-0.24212649436836564,-0.8823980275823,0.0898813289668531,-0.4182938991433977,-0.06595908959333358,0
192,Availability error,late availability lambda 0.50,0.6525140638564687,-0.25824475142422965,-0.9107588152806984,0.08207326470965651,-0.41910835025515636,-0.0973811525933029,0
193,Availability error,late availability lambda 0.50,0.6585595285450185,-0.2627347290042333,-0.9212942575492518,0.08178265174975465,-0.4230287264337524,-0.10244073157471417,0
194,Availability error,late availability lambda 0.50,0.6492973464848046,-0.2528663430866278,-0.9021636895714324,0.10866212606534256,-0.46584411017469923,-0.039888575998556386,0
195,Availability error,late availability lambda 0.50,0.6417590519874501,-0.13648644650632588,-0.778245498493776,0.09199538362162002,-0.3167973984047011,0.04382450539204935,0
196,Availability error,late availability lambda 0.50,0.6459220329892016,-0.17167580176209038,-0.817597834751292,0.08786779609530723,-0.34389668210889257,0.0005450785847117834,0
197,Availability error,late availability lambda 0.50,0.6442238399245463,-0.13640173438771017,-0.7806255743122565,0.08023699435685172,-0.29366624332713953,0.0208627745517192,0
198,Availability error,late availability lambda 0.50,0.6369797204985903,-0.1940208873550835,-0.8310006078536738,0.0855514702734795,-0.3617017690911033,-0.02634000561906369,0
199,Availability error,late availability lambda 0.50,0.6299675182205905,-0.17173128924551823,-0.8016988074661087,0.08504209422459226,-0.338413793925719,-0.005048784565317405,0
200,Availability error,late availability lambda 0.50,0.6237325560427605,-0.1836180064484816,-0.807350562491242,0.09043712817492279,-0.36087477767133025,-0.00636123522563295,0
1,Availability error,late availability lambda 1.00,0.6424257564911894,-0.4260310552159236,-1.068456811707113,0.08876948076594204,-0.60001923751717,-0.2520428729146772,0
2,Availability error,late availability lambda 1.00,0.6639098064483192,-0.2850501282458786,-0.9489599346941978,0.09303857973118719,-0.4674057445190055,-0.10269451197275173,0
3,Availability error,late availability lambda 1.00,0.6472907179965275,-0.577093032601113,-1.2243837505976405,0.07921601415035869,-0.732356420335816,-0.42182964486640995,0
4,Availability error,late availability lambda 1.00,0.6591169801722173,-0.4781557644508401,-1.1372727446230575,0.0714369010020837,-0.6181720904149242,-0.3381394384867561,0
5,Availability error,late availability lambda 1.00,0.6390253560431052,-0.47408663857016087,-1.113111994613266,0.07280295957091461,-0.6167804393291535,-0.33139283781116824,0
6,Availability error,late availability lambda 1.00,0.6323387080767398,-0.5450653165405474,-1.177404024617287,0.07629581534385198,-0.6946051146144973,-0.39552551846659745,0
7,Availability error,late availability lambda 1.00,0.6491306678742793,-0.5541090930243623,-1.2032397608986416,0.0893968200724023,-0.7293268603662708,-0.37889132568245376,0
8,Availability error,late availability lambda 1.00,0.6297681545299182,-0.2848913670676299,-0.9146595215975482,0.08495600757025858,-0.4514051419053367,-0.11837759222992311,0
9,Availability error,late availability lambda 1.00,0.637648396954034,-0.49949956945845525,-1.1371479664124893,0.07863030362924527,-0.6536149645717759,-0.3453841743451345,0
10,Availability error,late availability lambda 1.00,0.6492647567552265,-0.5292732522686373,-1.178538009023864,0.07431277351898487,-0.6749262883658477,-0.38362021617142694,0
11,Availability error,late availability lambda 1.00,0.6281334718823436,-0.275198865765361,-0.9033323376477046,0.07739794602767423,-0.42689883997960254,-0.12349889155111951,0
12,Availability error,late availability lambda 1.00,0.6505950812498792,-0.3989665737266123,-1.0495616549764915,0.08530527698519534,-0.5661649166175952,-0.23176823083562945,0
13,Availability error,late availability lambda 1.00,0.6334610923065682,-0.45719561331584047,-1.0906567056224086,0.08331783924034275,-0.6204985782269122,-0.2938926484047687,0
14,Availability error,late availability lambda 1.00,0.6454655582655311,-0.48557339337084626,-1.1310389516363775,0.08462009043104839,-0.6514287706157011,-0.31971801612599143,0
15,Availability error,late availability lambda 1.00,0.6516446843151502,-0.4135998518449311,-1.0652445361600813,0.09240369417838605,-0.5947110924345678,-0.23248861125529444,0
16,Availability error,late availability lambda 1.00,0.6355449545295814,-0.45898464998182004,-1.0945296045114015,0.08246151051074878,-0.6206092105828876,-0.2973600893807524,0
17,Availability error,late availability lambda 1.00,0.6211189612444822,-0.5609843968361078,-1.18210335808059,0.08864886939100755,-0.7347361808424826,-0.387232612829733,0
18,Availability error,late availability lambda 1.00,0.6524329146657609,-0.31839527369414933,-0.9708281883599102,0.08127657071543778,-0.4776973522964074,-0.15909319509189127,0
19,Availability error,late availability lambda 1.00,0.6436296066883676,-0.5005723723234388,-1.1442019790118063,0.07940170145890188,-0.6561997071828864,-0.3449450374639911,0
20,Availability error,late availability lambda 1.00,0.6168919706449842,-0.4537970092356277,-1.0706889798806118,0.07459101747591732,-0.5999954034884256,-0.3075986149828298,0
21,Availability error,late availability lambda 1.00,0.6346083588664135,-0.4098771163603325,-1.044485475226746,0.08123709657999938,-0.5691018256571313,-0.25065240706353376,0
22,Availability error,late availability lambda 1.00,0.6525403722285635,-0.4097124198649855,-1.062252792093549,0.08382515768044776,-0.5740097289186632,-0.2454151108113079,0
23,Availability error,late availability lambda 1.00,0.6610076393980256,-0.4073045048558641,-1.0683121442538899,0.07832166582165476,-0.5608149698663074,-0.2537940398454208,0
24,Availability error,late availability lambda 1.00,0.6280139754456073,-0.4127440170088923,-1.0407579924544996,0.0844693343601702,-0.5783039123548259,-0.2471841216629587,0
25,Availability error,late availability lambda 1.00,0.619558399671503,-0.486960456030017,-1.10651885570152,0.07507671855502696,-0.6341108243978698,-0.33981008766216414,0
26,Availability error,late availability lambda 1.00,0.6225124358640833,-0.4218587467334253,-1.0443711825975086,0.07764971102131954,-0.5740521803352117,-0.269665313131639,0
27,Availability error,late availability lambda 1.00,0.6567767422109165,-0.42697065223518416,-1.0837473944461007,0.08302260486260979,-0.5896949577658993,-0.264246346704469,0
28,Availability error,late availability lambda 1.00,0.6544377208385064,-0.5433872091093669,-1.1978249299478732,0.08571340387720675,-0.7113854807086921,-0.37538893751004165,0
29,Availability error,late availability lambda 1.00,0.6419046681518471,-0.4216136148894345,-1.0635182830412817,0.07461513088742944,-0.5678592714287962,-0.2753679583500728,0
30,Availability error,late availability lambda 1.00,0.6545365193267085,-0.5327193511971301,-1.1872558705238387,0.08907223435161063,-0.707300930526287,-0.35813777186797324,0
31,Availability error,late availability lambda 1.00,0.6371391163996997,-0.5154949789389435,-1.1526340953386431,0.08336008734089785,-0.6788807501271032,-0.3521092077507837,0
32,Availability error,late availability lambda 1.00,0.6390830808244201,-0.5584884508951026,-1.1975715317195226,0.07086274203885942,-0.6973794252912671,-0.4195974764989381,0
33,Availability error,late availability lambda 1.00,0.6232379831623659,-0.4408914529938964,-1.0641294361562623,0.06935018732787165,-0.5768178201565248,-0.304965085831268,0
34,Availability error,late availability lambda 1.00,0.6411613307843825,-0.38498680406447705,-1.0261481348488597,0.08700789403713795,-0.5555222763772674,-0.21445133175168668,0
35,Availability error,late availability lambda 1.00,0.6279969331275153,-0.3380117702035852,-0.9660087033311004,0.07334645095541761,-0.4817708140762037,-0.19425272633096669,0
36,Availability error,late availability lambda 1.00,0.6407922617422691,-0.22477435606678411,-0.8655666178090532,0.0775907923356671,-0.37685230904469164,-0.0726964030888766,0
37,Availability error,late availability lambda 1.00,0.6535856706554385,-0.46555268692686036,-1.1191383575822988,0.08563019580210932,-0.6333878706989946,-0.2977175031547261,0
38,Availability error,late availability lambda 1.00,0.6421273529031243,-0.4471588809070363,-1.0892862338101605,0.08337399893559952,-0.6105719188208114,-0.2837458429932612,0
39,Availability error,late availability lambda 1.00,0.6420911650338108,-0.3560349334473443,-0.9981260984811551,0.09138341435554351,-0.5351464255842096,-0.17692344131047905,0
40,Availability error,late availability lambda 1.00,0.6408693594151982,-0.37558020504731265,-1.016449564462511,0.08278118428613437,-0.537831326248136,-0.2133290838464893,0
41,Availability error,late availability lambda 1.00,0.6613214961228879,-0.4426901204738346,-1.1040116165967224,0.09303282369721035,-0.6250344549203669,-0.2603457860273023,0
42,Availability error,late availability lambda 1.00,0.6464272937836357,-0.41405941072095515,-1.060486704504591,0.07340129583130092,-0.5579259505503049,-0.2701928708916054,0
43,Availability error,late availability lambda 1.00,0.6428766324459821,-0.5184132467741236,-1.1612898792201056,0.08439460448542001,-0.6838266715655468,-0.3529998219827004,0
44,Availability error,late availability lambda 1.00,0.6271642248263086,-0.41840383974849105,-1.0455680645747996,0.07064457251719777,-0.5568672018821987,-0.2799404776147834,0
45,Availability error,late availability lambda 1.00,0.6152134307629636,-0.5676286704716659,-1.1828421012346295,0.06739098088095097,-0.6997149929983297,-0.435542347945002,0
46,Availability error,late availability lambda 1.00,0.6523994860246288,-0.49880096518495054,-1.1512004512095793,0.08377883190261347,-0.6630074757140729,-0.33459445465582816,0
47,Availability error,late availability lambda 1.00,0.6169153439071807,-0.30393568328582865,-0.9208510271930094,0.0782411771240797,-0.45728839044902486,-0.15058297612263244,0
48,Availability error,late availability lambda 1.00,0.6470094639239913,-0.39867342077395035,-1.0456828846979416,0.07900525378801623,-0.5535237181984621,-0.24382312334943854,0
49,Availability error,late availability lambda 1.00,0.6606774103984202,-0.42326316864662566,-1.0839405790450458,0.07652931201190337,-0.5732606201899563,-0.27326571710329506,0
50,Availability error,late availability lambda 1.00,0.6564133850601435,-0.6038711271654581,-1.2602845122256014,0.07929129908611722,-0.7592820733742478,-0.44846018095666834,0
51,Availability error,late availability lambda 1.00,0.6455018364044044,-0.3702555679493957,-1.0157574043538,0.07578462573168393,-0.5187934343834961,-0.22171770151529518,0
52,Availability error,late availability lambda 1.00,0.6559989162756591,-0.4863634274096904,-1.1423623436853494,0.08575443899371372,-0.6544421278373693,-0.3182847269820115,0
53,Availability error,late availability lambda 1.00,0.6466794862902652,-0.5586673023113975,-1.2053467886016627,0.08570243375078783,-0.7266440724629416,-0.3906905321598534,0
54,Availability error,late availability lambda 1.00,0.6400421502724085,-0.41492540864669725,-1.0549675589191057,0.0841128000644449,-0.5797864967730093,-0.25006432052038524,0
55,Availability error,late availability lambda 1.00,0.6262658316364225,-0.3810409237223022,-1.0073067553587247,0.07674007787862291,-0.5314514763644032,-0.2306303710802013,0
56,Availability error,late availability lambda 1.00,0.6333474761273176,-0.5064926820436642,-1.1398401581709816,0.07898032871800963,-0.6612941263309631,-0.3516912377563653,0
57,Availability error,late availability lambda 1.00,0.647846571885741,-0.41848818867945403,-1.0663347605651952,0.08466732790401217,-0.5844361513713179,-0.2525402259875902,0
58,Availability error,late availability lambda 1.00,0.6618394210267825,-0.4521984050578945,-1.114037826084677,0.07079659784468414,-0.5909597368334754,-0.31343707328231357,0
59,Availability error,late availability lambda 1.00,0.6356323494605085,-0.48763408305346234,-1.123266432513971,0.07960681149001218,-0.6436634335738862,-0.33160473253303846,0
60,Availability error,late availability lambda 1.00,0.6252819169131283,-0.39236096217965377,-1.017642879092782,0.08176955311987541,-0.5526292862946096,-0.23209263806469796,0
61,Availability error,late availability lambda 1.00,0.6554580680644436,-0.35534025997353325,-1.0107983280379769,0.0762790087317264,-0.504847117087717,-0.2058334028593495,0
62,Availability error,late availability lambda 1.00,0.6477213918627531,-0.5747115880125536,-1.2224329798753066,0.08126977314135823,-0.7340003433696157,-0.4154228326554915,0
63,Availability error,late availability lambda 1.00,0.6406464486067199,-0.4716910393634392,-1.112337487970159,0.07465187422474946,-0.6180087128439482,-0.32537336588293025,0
64,Availability error,late availability lambda 1.00,0.644948253897543,-0.5031628314058496,-1.1481110853033925,0.07873520871545393,-0.6574838404881393,-0.34884182232355987,0
65,Availability error,late availability lambda 1.00,0.6404253935009775,-0.4773440532282618,-1.1177694467292394,0.07736440429514314,-0.6289782856467423,-0.3257098208097812,0
66,Availability error,late availability lambda 1.00,0.6550813059276845,-0.28573867176336865,-0.9408199776910532,0.07978717185871326,-0.4421215286064466,-0.12935581492029066,0
67,Availability error,late availability lambda 1.00,0.6387690678392016,-0.4370607607105456,-1.0758298285497472,0.08129789734713984,-0.5964046395109397,-0.27771688191015154,0
68,Availability error,late availability lambda 1.00,0.6378336335424345,-0.39506805008311663,-1.0329016836255511,0.07743666278980571,-0.5468439091511358,-0.24329219101509744,0
69,Availability error,late availability lambda 1.00,0.6432418294847115,-0.42907544645700985,-1.0723172759417214,0.07677577141888725,-0.5795559584380289,-0.2785949344759908,0
70,Availability error,late availability lambda 1.00,0.6690925587272976,-0.4686041187892924,-1.13769667751659,0.08208042564139889,-0.6294817530464343,-0.30772648453215057,0
71,Availability error,late availability lambda 1.00,0.6414791430587015,-0.5667633603390538,-1.2082425033977553,0.06834079725824599,-0.700711322965216,-0.4328153977128917,0
72,Availability error,late availability lambda 1.00,0.6594962791922261,-0.44820100177734173,-1.1076972809695678,0.09042386524420144,-0.6254317776559766,-0.2709702258987069,0
73,Availability error,late availability lambda 1.00,0.6339468781417046,-0.6771617412694393,-1.3111086194111439,0.08281964145276231,-0.8394882385168534,-0.5148352440220252,0
74,Availability error,late availability lambda 1.00,0.6275731558505553,-0.3754468464912817,-1.003020002341837,0.070865271589159,-0.5143427788060333,-0.23655091417653004,0
75,Availability error,late availability lambda 1.00,0.6591323335001279,-0.6199966865209612,-1.279129020021089,0.08156120618323277,-0.7798566506400975,-0.46013672240182496,0
76,Availability error,late availability lambda 1.00,0.641291219221073,-0.5035564883070668,-1.1448477075281398,0.0900062001755468,-0.6799686406511385,-0.3271443359629951,0
77,Availability error,late availability lambda 1.00,0.6482204406014813,-0.45947870816022635,-1.1076991487617076,0.09148086586767584,-0.638781205260871,-0.2801762110595817,0
78,Availability error,late availability lambda 1.00,0.654356653855273,-0.4346268914982589,-1.088983545353532,0.0785117794698768,-0.5885099792592174,-0.28074380373730035,0
79,Availability error,late availability lambda 1.00,0.6581563880908075,-0.4875191683372288,-1.1456755564280363,0.08504125350212123,-0.6542000252013864,-0.3208383114730712,0
80,Availability error,late availability lambda 1.00,0.6618516837238824,-0.523182898597751,-1.1850345823216335,0.07113073185957601,-0.66259913304252,-0.38376666415298205,0
81,Availability error,late availability lambda 1.00,0.6488068816173403,-0.4376308317542089,-1.0864377133715493,0.07006385395013687,-0.5749559854964772,-0.30030567801194064,0
82,Availability error,late availability lambda 1.00,0.6551138720662031,-0.43471684051326887,-1.089830712579472,0.07521426680985989,-0.5821368034605943,-0.28729687756594346,0
83,Availability error,late availability lambda 1.00,0.6347004230326176,-0.4559709789699321,-1.0906714020025499,0.0852562591414622,-0.623073246887198,-0.2888687110526662,0
84,Availability error,late availability lambda 1.00,0.6331554717655495,-0.5107948816452175,-1.1439503534107671,0.08125003576042213,-0.6700449517356448,-0.3515448115547901,0
85,Availability error,late availability lambda 1.00,0.6355416182149357,-0.4660917226892989,-1.1016333409042347,0.08129969087689501,-0.6254391168080131,-0.30674432857058465,0
86,Availability error,late availability lambda 1.00,0.6439192487443601,-0.4097235918185991,-1.0536428405629592,0.07377040369801699,-0.5543135830667124,-0.26513360057048574,0
87,Availability error,late availability lambda 1.00,0.6312857370844313,-0.534724024616424,-1.1660097617008551,0.09421921723676722,-0.7193936904004877,-0.35005435883236025,0
88,Availability error,late availability lambda 1.00,0.6221006422345408,-0.4971025515934675,-1.1192031938280083,0.0755347089469464,-0.6451505811294824,-0.3490545220574526,0
89,Availability error,late availability lambda 1.00,0.6377200669955423,-0.5009085819831027,-1.138628648978645,0.08180040545194527,-0.6612373766689155,-0.34057978729729,0
90,Availability error,late availability lambda 1.00,0.6491045642766687,-0.44030309373663845,-1.0894076580133072,0.08500076368875527,-0.6069045905665987,-0.27370159690667817,0
91,Availability error,late availability lambda 1.00,0.6784157002233021,-0.33915212964049835,-1.0175678298638005,0.07967030566047878,-0.49530592873503676,-0.18299833054595993,0
92,Availability error,late availability lambda 1.00,0.6245890008224404,-0.3933098794234536,-1.017898880245894,0.07974035526076086,-0.5496009757345448,-0.2370187831123623,0
93,Availability error,late availability lambda 1.00,0.6623101893571179,-0.5188682368318266,-1.1811784261889446,0.07875759941012722,-0.6732331316756759,-0.36450334198797724,0
94,Availability error,late availability lambda 1.00,0.6588227160612335,-0.46462781528677377,-1.1234505313480074,0.07677087358083344,-0.6150987275052073,-0.3141569030683402,0
95,Availability error,late availability lambda 1.00,0.6460320449953216,-0.34378219982516195,-0.9898142448204836,0.08162775427935011,-0.5037725982126882,-0.18379180143763574,0
96,Availability error,late availability lambda 1.00,0.6529916498709216,-0.4848714510053485,-1.13786310087627,0.07854665011187312,-0.6388228852246198,-0.3309200167860772,0
97,Availability error,late availability lambda 1.00,0.6258620156650572,-0.6279482683069844,-1.2538102839720415,0.07872335691920275,-0.7822460478686217,-0.473650488745347,0
98,Availability error,late availability lambda 1.00,0.6501567611192346,-0.4525766579206877,-1.1027334190399223,0.08136968665774015,-0.6120612437698584,-0.293092072071517,0
99,Availability error,late availability lambda 1.00,0.6637705589687045,-0.46960224571929254,-1.1333728046879972,0.08545277059274273,-0.6370896760810683,-0.30211481535751683,0
100,Availability error,late availability lambda 1.00,0.6589232258480471,-0.33848799758138237,-0.9974112234294294,0.08337630031219308,-0.5019055461932808,-0.17507044896948395,0
101,Availability error,late availability lambda 1.00,0.659043565503148,-0.3608165473004987,-1.0198601128036469,0.08362431116933085,-0.5247201971923872,-0.19691289740861026,0
102,Availability error,late availability lambda 1.00,0.6652768480838377,-0.48786924548022187,-1.1531460935640596,0.09702803602136051,-0.6780441960820884,-0.2976942948783553,0
103,Availability error,late availability lambda 1.00,0.633372370387313,-0.5192042409433137,-1.1525766113306268,0.08252515359076804,-0.6809535419812192,-0.3574549399054084,0
104,Availability error,late availability lambda 1.00,0.6511021839359118,-0.4923414973090957,-1.1434436812450075,0.07704075513541479,-0.6433413773745087,-0.3413416172436827,0
105,Availability error,late availability lambda 1.00,0.6282020924016493,-0.530351485610925,-1.1585535780125742,0.07405550562520481,-0.6755002766363265,-0.3852026945855236,0
106,Availability error,late availability lambda 1.00,0.6728205421127876,-0.4234252180326242,-1.0962457601454119,0.08325572031494888,-0.586606429849924,-0.2602440062153244,0
107,Availability error,late availability lambda 1.00,0.6559557172979144,-0.5310853201706982,-1.1870410374686124,0.0820698771061329,-0.6919422792987187,-0.37022836104267776,0
108,Availability error,late availability lambda 1.00,0.6293628771321321,-0.47551842360115176,-1.1048813007332838,0.0889401035893312,-0.6498410266362409,-0.30119582056606264,0
109,Availability error,late availability lambda 1.00,0.6312798730911153,-0.5572956292546093,-1.1885755023457247,0.08054294733580092,-0.7151598060327791,-0.3994314524764395,0
110,Availability error,late availability lambda 1.00,0.6320349367588993,-0.44636675358054195,-1.0784016903394413,0.09447995373773055,-0.6315474629064939,-0.2611860442545901,0
111,Availability error,late availability lambda 1.00,0.6397235698731343,-0.3888967909873155,-1.0286203608604498,0.07304426041388107,-0.5320635413985224,-0.24573004057610862,0
112,Availability error,late availability lambda 1.00,0.6200146123260537,-0.5250933215167948,-1.1451079338428485,0.08427986578006785,-0.6902818584457278,-0.3599047845878618,0
113,Availability error,late availability lambda 1.00,0.6484473265313745,-0.6062713078049893,-1.2547186343363639,0.07878887470529067,-0.760697502227359,-0.45184511338261957,0
114,Availability error,late availability lambda 1.00,0.6470227039468789,-0.5113154443023491,-1.158338148249228,0.08625122605344537,-0.680367847367102,-0.3422630412375962,0
115,Availability error,late availability lambda 1.00,0.654897939121338,-0.47471839126782134,-1.1296163303891593,0.0729719503247707,-0.6177434139043719,-0.33169336863127075,0
116,Availability error,late availability lambda 1.00,0.6438071947561965,-0.45794048104558766,-1.1017476758017841,0.08047442274721113,-0.6156703496301215,-0.30021061246105385,0
117,Availability error,late availability lambda 1.00,0.6497297956430705,-0.5355196889730373,-1.185249484616108,0.07737260660896726,-0.687169997926613,-0.3838693800194614,0
118,Availability error,late availability lambda 1.00,0.6723417625554304,-0.42460080219477525,-1.0969425647502056,0.07731861305532019,-0.5761452837832028,-0.27305632060634766,0
119,Availability error,late availability lambda 1.00,0.6564699631547459,-0.49749783044891294,-1.153967793603659,0.08718224105890642,-0.6683750229243695,-0.32662063797345636,0
120,Availability error,late availability lambda 1.00,0.6502230860655195,-0.45677933447216673,-1.1070024205376863,0.07926488392111755,-0.6121385069575571,-0.30142016198677635,0
121,Availability error,late availability lambda 1.00,0.6474587564431622,-0.38115181107049523,-1.0286105675136574,0.06683788009243127,-0.5121540560516605,-0.2501495660893299,0
122,Availability error,late availability lambda 1.00,0.6366910790613162,-0.34060657185657883,-0.977297650917895,0.08292217467517532,-0.5031340342199224,-0.17807910949323522,0
123,Availability error,late availability lambda 1.00,0.6445478586748209,-0.46462006742869844,-1.1091679261035194,0.0788902641132248,-0.6192449850906191,-0.3099951497667778,0
124,Availability error,late availability lambda 1.00,0.6405957976191344,-0.38934735989559105,-1.0299431575147255,0.08289787655086849,-0.5518271979352933,-0.22686752185588882,0
125,Availability error,late availability lambda 1.00,0.6394481054854008,-0.5424657965648505,-1.1819139020502512,0.08342496731005639,-0.705978732492561,-0.37895286063713995,0
126,Availability error,late availability lambda 1.00,0.6687245782557537,-0.46987220065893825,-1.138596778914692,0.08950365204048044,-0.6452993586582799,-0.2944450426595966,0
127,Availability error,late availability lambda 1.00,0.643595898555365,-0.5336477309474892,-1.177243629502854,0.07487876054826843,-0.6804101016220954,-0.38688536027288306,0
128,Availability error,late availability lambda 1.00,0.6571650089207923,-0.5044307077151505,-1.1615957166359427,0.0885462805582407,-0.6779814176093023,-0.33087999782099875,0
129,Availability error,late availability lambda 1.00,0.6373326924541353,-0.6256642060899692,-1.2629968985441045,0.07459209057471648,-0.7718647036164135,-0.47946370856352494,0
130,Availability error,late availability lambda 1.00,0.6416086898943016,-0.621025922315506,-1.2626346122098075,0.07113219340854915,-0.7604450213962624,-0.4816068232347497,0
131,Availability error,late availability lambda 1.00,0.6496970997516068,-0.5080937134146584,-1.1577908131662653,0.07142724279633038,-0.6480911092954659,-0.36809631753385086,0
132,Availability error,late availability lambda 1.00,0.6299996835700615,-0.48176080175283914,-1.1117604853229006,0.08479539110391292,-0.6479597683165085,-0.3155618351891698,0
133,Availability error,late availability lambda 1.00,0.6385466994594136,-0.3522165829119441,-0.9907632823713577,0.07945047256322006,-0.5079395091358554,-0.19649365668803276,0
134,Availability error,late availability lambda 1.00,0.6537773007287219,-0.38215350355919314,-1.035930804287915,0.07449485299875545,-0.5281634154367538,-0.23614359168163246,0
135,Availability error,late availability lambda 1.00,0.6563732104733493,-0.4881191527819806,-1.1444923632553299,0.07607350780235742,-0.6372232280746011,-0.33901507748936005,0
136,Availability error,late availability lambda 1.00,0.6651241452427121,-0.3734923442314629,-1.038616489474175,0.08775321020430107,-0.5454886362318929,-0.20149605223103279,0
137,Availability error,late availability lambda 1.00,0.6356709859394405,-0.34685379443409525,-0.9825247803735357,0.07631508202032461,-0.49643135519393145,-0.19727623367425903,0
138,Availability error,late availability lambda 1.00,0.6609108794750492,-0.3685498866103354,-1.0294607660853847,0.08006931172136489,-0.5254857375842106,-0.2116140356364602,0
139,Availability error,late availability lambda 1.00,0.6572293000691674,-0.34456706520402336,-1.0017963652731907,0.0836501986615817,-0.5085214545807235,-0.18061267582732324,0
140,Availability error,late availability lambda 1.00,0.6512545178983383,-0.3502960707495046,-1.0015505886478429,0.07370924980796986,-0.4947662003731255,-0.20582594112588365,0
141,Availability error,late availability lambda 1.00,0.6505554174090422,-0.4205169428088972,-1.0710723602179395,0.07134893123045696,-0.5603608480205928,-0.2806730375972015,0
142,Availability error,late availability lambda 1.00,0.6374137583371412,-0.43108886032157673,-1.0685026186587179,0.077820982826348,-0.5836179866612188,-0.2785597339819347,0
143,Availability error,late availability lambda 1.00,0.6341821278647861,-0.5290509102672047,-1.1632330381319909,0.076132930127044,-0.678271453316211,-0.3798303672181985,0
144,Availability error,late availability lambda 1.00,0.6504399751470484,-0.48371181781345474,-1.1341517929605032,0.07857272313006398,-0.6377143551483802,-0.3297092804785293,0
145,Availability error,late availability lambda 1.00,0.6372284729030288,-0.17565722346848067,-0.8128856963715094,0.07180768194914304,-0.31640028008880106,-0.034914166848160316,0
146,Availability error,late availability lambda 1.00,0.6490493473011634,-0.4771655872886671,-1.1262149345898305,0.08134864833889781,-0.6366089380329067,-0.3177222365444274,0
147,Availability error,late availability lambda 1.00,0.6458235301150721,-0.4630720336423227,-1.1088955637573947,0.07944571491738364,-0.6187856348803946,-0.30735843240425076,0
148,Availability error,late availability lambda 1.00,0.6396387919091108,-0.4313428596193604,-1.0709816515284711,0.08170485290118089,-0.591484371305675,-0.27120134793304584,0
149,Availability error,late availability lambda 1.00,0.6310155563036384,-0.6355141556226122,-1.2665297119262506,0.07826428378825624,-0.7889121518475943,-0.4821161593976299,0
150,Availability error,late availability lambda 1.00,0.6392789970724884,-0.38711154007896215,-1.0263905371514506,0.07200937381818814,-0.5282499127626109,-0.24597316739531339,0
151,Availability error,late availability lambda 1.00,0.647234542871673,-0.4364459552884662,-1.0836804981601391,0.0729972628365865,-0.5795205904481757,-0.29337132012875666,0
152,Availability error,late availability lambda 1.00,0.6513938312715968,-0.45241524080955065,-1.1038090720811473,0.09639276187794527,-0.6413450540903234,-0.2634854275287779,0
153,Availability error,late availability lambda 1.00,0.64626896538972,-0.5194378747483686,-1.1657068401380886,0.09034246516917055,-0.6965091064799428,-0.3423666430167943,0
154,Availability error,late availability lambda 1.00,0.6376719848669475,-0.6671566060733776,-1.3048285909403252,0.08010671538968137,-0.824165768237153,-0.5101474439096021,0
155,Availability error,late availability lambda 1.00,0.6776350197776875,-0.46939233583437356,-1.1470273556120612,0.07931770197070608,-0.6248550316969574,-0.3139296399717897,0
156,Availability error,late availability lambda 1.00,0.6639269501319053,-0.5321322086788273,-1.1960591588107325,0.08594655516798845,-0.7005874568080847,-0.3636769605495699,0
157,Availability error,late availability lambda 1.00,0.6275114869969155,-0.4832700431565737,-1.1107815301534891,0.07500451598395302,-0.6302788944851216,-0.3362611918280257,0
158,Availability error,late availability lambda 1.00,0.6286222085459259,-0.37137537990168257,-0.9999975884476084,0.08321972849625282,-0.5344860477543381,-0.20826471204902702,0
159,Availability error,late availability lambda 1.00,0.6199563064726938,-0.47042306918877375,-1.0903793756614677,0.07813093964809961,-0.6235597108990489,-0.3172864274784985,0
160,Availability error,late availability lambda 1.00,0.6423054991459292,-0.33830773706164824,-0.9806132362075775,0.08288445175904878,-0.5007612625093838,-0.17585421161391263,0
161,Availability error,late availability lambda 1.00,0.6374937390262214,-0.39585889647731226,-1.0333526355035336,0.0827064278849534,-0.5579634951318209,-0.2337542978228036,0
162,Availability error,late availability lambda 1.00,0.6398887901505352,-0.5075499433176718,-1.147438733468207,0.0790901440630473,-0.6625666256812445,-0.3525332609540991,0
163,Availability error,late availability lambda 1.00,0.6396348186538028,-0.5381955441218936,-1.1778303627756963,0.07673545936805105,-0.6885970444832736,-0.3877940437605136,0
164,Availability error,late availability lambda 1.00,0.6373112325363858,-0.41343918346711217,-1.050750416003498,0.07473393215770485,-0.5599176904962136,-0.2669606764380107,0
165,Availability error,late availability lambda 1.00,0.62913182695055,-0.46218627136850826,-1.0913180983190582,0.08039367606516572,-0.619757876456233,-0.3046146662807835,0
166,Availability error,late availability lambda 1.00,0.6406322860929664,-0.4624607042360491,-1.1030929903290154,0.07124552380339191,-0.6021019308906973,-0.32281947758140095,0
167,Availability error,late availability lambda 1.00,0.6204556952962268,-0.5084092458765209,-1.1288649411727478,0.08434811672374101,-0.6737315546550533,-0.34308693709798854,0
168,Availability error,late availability lambda 1.00,0.636569155207295,-0.3969816581607355,-1.0335508133680305,0.0715847135235996,-0.5372876966669907,-0.25667561965448027,0
169,Availability error,late availability lambda 1.00,0.6447503074721043,-0.5357744891267217,-1.180524796598826,0.078231573751003,-0.6891083736786875,-0.3824406045747558,0
170,Availability error,late availability lambda 1.00,0.6333578085282913,-0.5212151826051026,-1.154572991133394,0.07625616859589701,-0.6706772730530607,-0.37175309215714447,0
171,Availability error,late availability lambda 1.00,0.6525212527071735,-0.568202768664416,-1.2207240213715895,0.09514093075158718,-0.7546789929375268,-0.38172654439130516,0
172,Availability error,late availability lambda 1.00,0.6381323555722637,-0.39281777737983054,-1.0309501329520943,0.08106700856320737,-0.5517091141637169,-0.2339264405959441,0
173,Availability error,late availability lambda 1.00,0.6428767296880031,-0.5033074823079401,-1.1461842119959433,0.07860551925208067,-0.6573743000420182,-0.34924066457386194,0
174,Availability error,late availability lambda 1.00,0.6429311036047457,-0.2972280640155295,-0.9401591676202752,0.08525315225564464,-0.464324242436593,-0.13013188559446598,0
175,Availability error,late availability lambda 1.00,0.6532057415285775,-0.27719536978869946,-0.930401111317277,0.07498136086617627,-0.42415883708640495,-0.13023190249099398,0
176,Availability error,late availability lambda 1.00,0.649276852857788,-0.6951069843207781,-1.3443838371785661,0.0683129362471743,-0.8290003393652398,-0.5612136292763165,0
177,Availability error,late availability lambda 1.00,0.6209712898190688,-0.4359835216020838,-1.0569548114211527,0.07962161305520736,-0.5920418831902903,-0.27992516001387735,0
178,Availability error,late availability lambda 1.00,0.6361315667562799,-0.4571056686545212,-1.093237235410801,0.07947587776808895,-0.6128783890799755,-0.30133294822906687,0
179,Availability error,late availability lambda 1.00,0.658286942018908,-0.5687757023601417,-1.2270626443790498,0.07670660998513992,-0.719120657931016,-0.4184307467892675,0
180,Availability error,late availability lambda 1.00,0.6588626168151759,-0.3834082986770684,-1.0422709154922443,0.08326558801481924,-0.5466088511861141,-0.22020774616802266,0
181,Availability error,late availability lambda 1.00,0.6468652332048032,-0.5044454455200896,-1.1513106787248928,0.08229109247388701,-0.6657359867689081,-0.3431549042712711,0
182,Availability error,late availability lambda 1.00,0.6528378445457079,-0.3639053575383918,-1.0167432020840996,0.0823700111268581,-0.5253505793470337,-0.20246013572974994,0
183,Availability error,late availability lambda 1.00,0.6481550817106215,-0.3701256360636948,-1.0182807177743163,0.07484546076759195,-0.516822739168175,-0.22342853295921458,0
184,Availability error,late availability lambda 1.00,0.6419556729391881,-0.5355386390862353,-1.1774943120254235,0.08154197721743123,-0.6953609144324006,-0.3757163637400701,0
185,Availability error,late availability lambda 1.00,0.6455464098912389,-0.5143792341728881,-1.159925644064127,0.07668642211982027,-0.6646846215277358,-0.3640738468180404,0
186,Availability error,late availability lambda 1.00,0.6500520982524629,-0.6009422243134094,-1.2509943225658722,0.08546622320597384,-0.7684560217971181,-0.4334284268297006,0
187,Availability error,late availability lambda 1.00,0.621859258891311,-0.3648229401189727,-0.9866821990102836,0.07445850071755156,-0.5107616015253738,-0.21888427871257166,0
188,Availability error,late availability lambda 1.00,0.6354179709333404,-0.3545736382830656,-0.989991609216406,0.0785732177901783,-0.5085771451518151,-0.20057013141431612,0
189,Availability error,late availability lambda 1.00,0.6439417783082564,-0.5722013555588186,-1.216143133867075,0.07449738000911868,-0.7182162203766912,-0.42618649074094594,0
190,Availability error,late availability lambda 1.00,0.6184189610583519,-0.5933432759184224,-1.2117622369767744,0.08202687808702973,-0.7541159569690007,-0.4325705948678441,0
191,Availability error,late availability lambda 1.00,0.640878843569041,-0.4676764861330826,-1.1085553297021236,0.07740287528725551,-0.6193861216961034,-0.3159668505700618,0
192,Availability error,late availability lambda 1.00,0.6274391593549754,-0.5099583537010439,-1.1373975130560194,0.0810702348168053,-0.6688560139419824,-0.35106069346010554,0
193,Availability error,late availability lambda 1.00,0.6404875929656305,-0.527563226958497,-1.1680508199241275,0.07952501725479647,-0.6834322607778981,-0.3716941931390959,0
194,Availability error,late availability lambda 1.00,0.6462777071125693,-0.4993943751494888,-1.145672082262058,0.08721450973456964,-0.6703348142292453,-0.32845393606973233,0
195,Availability error,late availability lambda 1.00,0.6461133018585452,-0.3240426162759178,-0.970155918134463,0.07144454973048797,-0.46407393374767425,-0.18401129880416137,0
196,Availability error,late availability lambda 1.00,0.6358329827929333,-0.5203286429520912,-1.1561616257450247,0.06857057288177713,-0.6547269658003745,-0.38593032010380807,0
197,Availability error,late availability lambda 1.00,0.6341174796532975,-0.6366022638197958,-1.2707197434730932,0.07716925553089529,-0.7878540046603506,-0.48535052297924103,0
198,Availability error,late availability lambda 1.00,0.6269477708334172,-0.5643575366179557,-1.191305307451373,0.07636796960751888,-0.7140387570486928,-0.41467631618721873,0
199,Availability error,late availability lambda 1.00,0.6555109416786845,-0.3562971234576977,-1.0118080651363823,0.07652376748282776,-0.5062837077240401,-0.2063105391913553,0
200,Availability error,late availability lambda 1.00,0.6456756328046047,-0.4126949358181728,-1.0583705686227776,0.07536484668077176,-0.5604100353124855,-0.26497983632386013,0
1,Positivity stress,ordinary overlap,0.6557116045803937,0.7082224147532766,0.05251081017288295,0.11267328330493205,0.4873827794756098,0.9290620500309434,1
2,Positivity stress,ordinary overlap,0.6604059599337484,0.7554028699386297,0.09499691000488131,0.11171133425938674,0.5364486547902316,0.9743570850870278,1
3,Positivity stress,ordinary overlap,0.6442362467356596,0.5107361080152436,-0.133500138720416,0.12538556130960735,0.2649804078484132,0.756491808182074,1
4,Positivity stress,ordinary overlap,0.6600479280608492,0.6818334949153553,0.021785566854506055,0.11036354667264323,0.4655209434369746,0.898146046393736,1
5,Positivity stress,ordinary overlap,0.6306803539635287,0.6866545208816148,0.0559741669180861,0.11546179381251134,0.4603494050090926,0.912959636754137,1
6,Positivity stress,ordinary overlap,0.6218837705528281,0.6839834450140938,0.06209967446126574,0.10409815846942708,0.47995105441401675,0.8880158356141709,1
7,Positivity stress,ordinary overlap,0.6425271040996692,0.6843769531735292,0.041849849073860024,0.10763030113313393,0.4734215629525867,0.8953323433944718,1
8,Positivity stress,ordinary overlap,0.6368353840410911,0.6071025882298351,-0.029732795811255985,0.11779184258788737,0.3762305767575759,0.8379745997020943,1
9,Positivity stress,ordinary overlap,0.6555352018841364,0.657810759001342,0.0022755571172056177,0.10673826899845121,0.4486037517643776,0.8670177662383064,1
10,Positivity stress,ordinary overlap,0.6381312409224232,0.6546132468948506,0.016482005972427327,0.11436366837384448,0.43046045688211537,0.8787660369075858,1
11,Positivity stress,ordinary overlap,0.640626608481689,0.6111015680790655,-0.029525040402623492,0.1105319765073315,0.3944588941246957,0.8277442420334352,1
12,Positivity stress,ordinary overlap,0.6476596899101551,0.8967576241930731,0.24909793428291804,0.10865817421213016,0.683787602737298,1.1097276456488483,0
13,Positivity stress,ordinary overlap,0.6295346706246249,0.6174147783137215,-0.01211989231090338,0.10483479904349301,0.4119385721884752,0.8228909844389678,1
14,Positivity stress,ordinary overlap,0.6233736462123808,0.6950217465912785,0.07164810037889768,0.11223219741896089,0.4750466396501151,0.9149968535324418,1
15,Positivity stress,ordinary overlap,0.6257527707689233,0.7437171261072922,0.11796435533836891,0.1193914662512013,0.5097098522549377,0.9777243999596468,1
16,Positivity stress,ordinary overlap,0.6491783436143701,0.5320881852694475,-0.11709015834492265,0.11445652566707716,0.30775339496197623,0.7564229755769187,1
17,Positivity stress,ordinary overlap,0.6317848410307702,0.7777577668447492,0.14597292581397903,0.1113059790670381,0.5595980478733545,0.9959174858161438,1
18,Positivity stress,ordinary overlap,0.6412697770493975,0.5739446636877702,-0.06732511336162728,0.10962576350845557,0.3590781672111973,0.788811160164343,1
19,Positivity stress,ordinary overlap,0.6588326982676105,0.49456482585230194,-0.16426787241530855,0.10588128750916254,0.28703750233434333,0.7020921493702605,1
20,Positivity stress,ordinary overlap,0.6353932298162728,0.7590766094568779,0.12368337964060516,0.12031784114196108,0.5232536408186342,0.9948995780951216,1
21,Positivity stress,ordinary overlap,0.6390164064066322,0.6465487751974628,0.007532368790830635,0.10702134345959252,0.43678694201666146,0.8563106083782641,1
22,Positivity stress,ordinary overlap,0.6480731439657537,0.4057408162026666,-0.24233232776308705,0.10524272350363391,0.19946507813554415,0.6120165542697891,0
23,Positivity stress,ordinary overlap,0.6467033401002973,0.610227178478966,-0.03647616162133127,0.10616965989909756,0.4021346450767348,0.8183197118811972,1
24,Positivity stress,ordinary overlap,0.6462713131610722,0.738412469051603,0.09214115589053073,0.10844185413621595,0.5258664349446197,0.9509585031585862,1
25,Positivity stress,ordinary overlap,0.6450435936819692,0.7605266105300303,0.11548301684806117,0.10973435575974823,0.5454472732409238,0.9756059478191369,1
26,Positivity stress,ordinary overlap,0.6310261456227306,0.6240572862918595,-0.006968859330871102,0.10835335864229105,0.4116847033529691,0.8364298692307499,1
27,Positivity stress,ordinary overlap,0.6608595228277203,0.6434096242360642,-0.017449898591656132,0.1126511679023331,0.42261333514749133,0.864205913324637,1
28,Positivity stress,ordinary overlap,0.6425640534397021,0.6438017358494471,0.001237682409744978,0.10311880669081272,0.44168887473545415,0.8459145969634401,1
29,Positivity stress,ordinary overlap,0.6275563487184529,0.9404153113210987,0.3128589626026458,0.1102131010555814,0.7243976332521591,1.1564329893900382,0
30,Positivity stress,ordinary overlap,0.6331138773555085,0.7424701086689268,0.10935623131341832,0.12466829983043626,0.4981202410012717,0.9868199763365819,1
31,Positivity stress,ordinary overlap,0.6397137382090359,0.7069847371826227,0.06727099897358679,0.09627961656480287,0.5182766887156091,0.8956927856496363,1
32,Positivity stress,ordinary overlap,0.6613740527513001,0.5037282687193805,-0.15764578403191964,0.11642009789367824,0.2755448768477711,0.7319116605909899,1
33,Positivity stress,ordinary overlap,0.634701259582979,0.48764623000886326,-0.1470550295741157,0.11662099045826427,0.2590690887106653,0.7162233713070612,1
34,Positivity stress,ordinary overlap,0.6261494079034825,0.48063887684358525,-0.14551053105989725,0.10055448485831298,0.2835520865212918,0.6777256671658787,1
35,Positivity stress,ordinary overlap,0.6333454040676131,0.9411758140578373,0.30783040999022426,0.1140196065514372,0.7176973852170204,1.1646542428986542,0
36,Positivity stress,ordinary overlap,0.6139534619707288,0.7061306884642826,0.09217722649355387,0.09751176313719742,0.5150076327153756,0.8972537442131896,1
37,Positivity stress,ordinary overlap,0.6446679114570627,0.8190582166312343,0.17439030517417164,0.11249403945124735,0.5985698993067896,1.039546533955679,1
38,Positivity stress,ordinary overlap,0.6394936869289432,0.7059108100802222,0.06641712315127901,0.12534168003796162,0.4602411172058174,0.9515805029546269,1
39,Positivity stress,ordinary overlap,0.6414580340195818,0.44666651595987594,-0.19479151805970585,0.09818253786753388,0.25422874173950955,0.6391042901802424,0
40,Positivity stress,ordinary overlap,0.6567530353374615,0.7124036439975946,0.05565060866013305,0.11219311289021974,0.4925051427327639,0.9323021452624253,1
41,Positivity stress,ordinary overlap,0.6051902790730113,0.615976276532241,0.010785997459229701,0.10879628021138353,0.40273556731792926,0.8292169857465527,1
42,Positivity stress,ordinary overlap,0.6448932912208187,0.6579093817329691,0.013016090512150358,0.1077527287096848,0.4467140334619869,0.8691047300039513,1
43,Positivity stress,ordinary overlap,0.6380417684191906,0.5879300635235968,-0.0501117048955938,0.11082019265635766,0.37072248591713575,0.8051376411300578,1
44,Positivity stress,ordinary overlap,0.6555249450677246,0.7526517188174282,0.09712677374970358,0.1144483495100856,0.5283329537776604,0.976970483857196,1
45,Positivity stress,ordinary overlap,0.6415230229346619,0.823271187659673,0.1817481647250111,0.11319360776736224,0.601411716435643,1.045130658883703,1
46,Positivity stress,ordinary overlap,0.6150587851782517,0.6003374832573801,-0.014721301920871621,0.11129394424387529,0.3822013525393846,0.8184736139753757,1
47,Positivity stress,ordinary overlap,0.6132280745665836,0.45325075392518477,-0.1599773206413988,0.11433213803994707,0.2291597633668885,0.6773417444834811,1
48,Positivity stress,ordinary overlap,0.6355153932795274,0.4950175878598965,-0.14049780541963092,0.1101981408443646,0.2790292318049419,0.7110059439148512,1
49,Positivity stress,ordinary overlap,0.6378805913285733,0.6723912933474703,0.034510702018896944,0.11856465728192044,0.44000456507490626,0.9047780216200343,1
50,Positivity stress,ordinary overlap,0.63503826448135,0.287447676112801,-0.34759058836854906,0.10518993879741667,0.08127539606986431,0.4936199561557376,0
51,Positivity stress,ordinary overlap,0.6395078051835767,0.7843918319748725,0.14488402679129575,0.10492518711225506,0.5787384652348526,0.9900451987148924,1
52,Positivity stress,ordinary overlap,0.6332348405862935,0.6041545319199209,-0.02908030866637268,0.11289571625352801,0.38287892806300594,0.8254301357768358,1
53,Positivity stress,ordinary overlap,0.6336732154169087,0.6410768327396308,0.0074036173227221,0.10751308407458825,0.43035118795343785,0.8518024775258237,1
54,Positivity stress,ordinary overlap,0.6475296548904141,0.5967661047760996,-0.05076355011431455,0.11253534007253614,0.3761968382339288,0.8173353713182704,1
55,Positivity stress,ordinary overlap,0.6355227871953207,0.5637679512487638,-0.07175483594655696,0.10887050810749291,0.3503817553580777,0.7771541471394499,1
56,Positivity stress,ordinary overlap,0.6582117831354392,0.8412660437836481,0.18305426064820896,0.10259482342980492,0.6401801898612305,1.0423518977060657,1
57,Positivity stress,ordinary overlap,0.6421309332786695,0.6206122883133045,-0.02151864496536504,0.10955232814451296,0.4058897251500591,0.83533485147655,1
58,Positivity stress,ordinary overlap,0.6439545390420228,0.5086966385532196,-0.13525790048880326,0.11852643133806508,0.276384833130612,0.7410084439758271,1
59,Positivity stress,ordinary overlap,0.6484881756251683,0.6280991520461772,-0.020389023578991083,0.10992199846236032,0.41265203505995096,0.8435462690324034,1
60,Positivity stress,ordinary overlap,0.64383335987095,0.7282715463681627,0.08443818649721269,0.09851492193054454,0.5351822993842954,0.92136079335203,1
61,Positivity stress,ordinary overlap,0.6281656648780719,0.6374480533829006,0.009282388504828654,0.11317716774439332,0.4156208046038896,0.8592753021619115,1
62,Positivity stress,ordinary overlap,0.6558748612535154,0.6947344956683593,0.03885963441484397,0.11609895340376852,0.467180546996973,0.9222884443397457,1
63,Positivity stress,ordinary overlap,0.6701906095405552,0.7809656830866872,0.11077507354613203,0.11506629914982568,0.5554357367530289,1.0064956294203455,1
64,Positivity stress,ordinary overlap,0.6143713444965565,0.4053433652456959,-0.20902797925086058,0.10195432614816893,0.2055128859952848,0.605173844496107,0
65,Positivity stress,ordinary overlap,0.6307417278113331,0.6355385288662269,0.004796801054893773,0.10813317176757331,0.4235975122017832,0.8474795455306705,1
66,Positivity stress,ordinary overlap,0.621751608124971,0.658297742528331,0.036546134403359964,0.10493413831472781,0.4526268314314644,0.8639686536251975,1
67,Positivity stress,ordinary overlap,0.6446785746377881,0.4301451520142008,-0.21453342262358732,0.12418192303242832,0.18674858287064128,0.6735417211577603,1
68,Positivity stress,ordinary overlap,0.628376558714882,0.5471268531699006,-0.08124970554498134,0.12793439854141914,0.29637543202871913,0.7978782743110822,1
69,Positivity stress,ordinary overlap,0.6212677025646577,0.7612544753065145,0.13998677274185678,0.11353004302349097,0.5387355909804722,0.9837733596325567,1
70,Positivity stress,ordinary overlap,0.6607507860583511,0.72906996457551,0.06831917851715885,0.11071625055360008,0.5120661134904538,0.9460738156605661,1
71,Positivity stress,ordinary overlap,0.6694861897016103,0.698393228924788,0.02890703922317761,0.10965593281184252,0.48346760061357663,0.9133188572359993,1
72,Positivity stress,ordinary overlap,0.652312980111327,0.729391573107105,0.07707859299577802,0.13340888209316068,0.4679101642045101,0.9908729820097,1
73,Positivity stress,ordinary overlap,0.6479736600704237,0.5527330875497977,-0.09524057252062601,0.11604451700140157,0.3252858342270506,0.7801803408725447,1
74,Positivity stress,ordinary overlap,0.6416855494630398,0.6410469153428208,-0.0006386341202190282,0.11327599471953148,0.4190259656925391,0.8630678649931025,1
75,Positivity stress,ordinary overlap,0.617841846775684,0.5979202046011755,-0.019921642174508536,0.10625955557817705,0.38965147566794844,0.8061889335344025,1
76,Positivity stress,ordinary overlap,0.6441206662269892,0.5660728446446457,-0.07804782158234347,0.10292840325286898,0.3643331742690225,0.7678125150202688,1
77,Positivity stress,ordinary overlap,0.6414389951679859,0.6560810277019667,0.014642032533980887,0.11543003733996877,0.42983815451562796,0.8823239008883055,1
78,Positivity stress,ordinary overlap,0.6572157303149073,0.8399732456151829,0.18275751530027562,0.11287929640347051,0.6187298246643808,1.0612166665659852,1
79,Positivity stress,ordinary overlap,0.6469792519644666,0.5101321032081305,-0.13684714875633608,0.10257216512199818,0.30909065956901405,0.711173546847247,1
80,Positivity stress,ordinary overlap,0.638950036302424,0.6804686931628255,0.04151865686040157,0.11739079614805964,0.45038273271262863,0.9105546536130225,1
81,Positivity stress,ordinary overlap,0.648048966315391,0.5349742907994318,-0.11307467551595918,0.12168630280622203,0.29646913729923663,0.773479444299627,1
82,Positivity stress,ordinary overlap,0.6504125044819645,0.7196211140533925,0.06920860957142794,0.10751145402591318,0.5088986641626027,0.9303435639441823,1
83,Positivity stress,ordinary overlap,0.6469838928862838,0.5959148234257906,-0.051069069460493166,0.10862515414523345,0.3830095213011331,0.8088201255504481,1
84,Positivity stress,ordinary overlap,0.6440627214753903,0.6570939685631263,0.013031247087735953,0.11932497372232599,0.4232170200673674,0.8909709170588852,1
85,Positivity stress,ordinary overlap,0.6576943990832563,0.6842355638052935,0.026541164722037158,0.12114342314222486,0.44679445444653276,0.9216766731640542,1
86,Positivity stress,ordinary overlap,0.6263293475966288,0.581344530558088,-0.04498481703854085,0.11980518774157341,0.3465263625846041,0.8161626985315719,1
87,Positivity stress,ordinary overlap,0.63043406794408,0.7351256954202692,0.10469162747618921,0.10751619579640886,0.5243939516593078,0.9458574391812306,1
88,Positivity stress,ordinary overlap,0.6521972679963028,0.9488135557043404,0.2966162877080376,0.1206877784836537,0.7122655098763793,1.1853616015323016,0
89,Positivity stress,ordinary overlap,0.6218572750224994,0.5881114364494259,-0.03374583857307356,0.11921983729159168,0.3544405553579062,0.8217823175409456,1
90,Positivity stress,ordinary overlap,0.6364870139726342,0.7416778216206121,0.10519080764797795,0.11588271538328838,0.514547699469367,0.9688079437718573,1
91,Positivity stress,ordinary overlap,0.6016024461475801,0.5178434430827934,-0.08375900306478667,0.11677978012252625,0.288955074042642,0.7467318121229448,1
92,Positivity stress,ordinary overlap,0.6565236321794609,0.69980801213543,0.04328437995596912,0.12114915166864133,0.46235567486489293,0.937260349405967,1
93,Positivity stress,ordinary overlap,0.6233005932161345,0.653489958059859,0.030189364843724475,0.10782721329895054,0.44214861999391597,0.864831296125802,1
94,Positivity stress,ordinary overlap,0.6273304621597556,0.6544468100556534,0.027116347895897785,0.10615517960074845,0.44638265803818644,0.8625109620731204,1
95,Positivity stress,ordinary overlap,0.6500181577979472,0.7983380913628174,0.14831993356487017,0.11240625022287465,0.5780218409259831,1.0186543417996516,1
96,Positivity stress,ordinary overlap,0.6213687128515888,0.7477889453857176,0.12642023253412882,0.11153879170998168,0.5291729136341535,0.9664049771372817,1
97,Positivity stress,ordinary overlap,0.6364865553184968,0.6478151851382491,0.011328629819752245,0.11758950859838464,0.4173397482854152,0.878290621991083,1
98,Positivity stress,ordinary overlap,0.6284145126160876,0.48413382982614506,-0.14428068278994255,0.11366888003593048,0.2613428249557213,0.7069248346965689,1
99,Positivity stress,ordinary overlap,0.6377799833881116,0.8712589323836576,0.233478948995546,0.10279883257266469,0.6697732205412348,1.0727446442260804,0
100,Positivity stress,ordinary overlap,0.6490610944795582,0.9271445956951971,0.27808350121563896,0.12133403325497427,0.6893298905154476,1.1649593008749468,0
101,Positivity stress,ordinary overlap,0.6309800835796243,0.5366427482728233,-0.094337335306801,0.11496488088454905,0.3113115817391072,0.7619739148065394,1
102,Positivity stress,ordinary overlap,0.6561655488174016,0.7502705699428599,0.09410502112545827,0.1061276425914483,0.5422603904636212,0.9582807494220986,1
103,Positivity stress,ordinary overlap,0.6312194320758348,0.6537365386478273,0.022517106571992573,0.1061199406933376,0.4457414548888856,0.861731622406769,1
104,Positivity stress,ordinary overlap,0.6465629658419881,0.5873846698486362,-0.05917829599335189,0.10714139935915974,0.37738752710468315,0.7973818125925893,1
105,Positivity stress,ordinary overlap,0.6434562611276408,0.536494974346164,-0.10696128678147676,0.11900635012750259,0.30324252809625896,0.769747420596069,1
106,Positivity stress,ordinary overlap,0.6229979276179177,0.6460824490126179,0.023084521394700186,0.11476879573138733,0.4211356093790988,0.871029288646137,1
107,Positivity stress,ordinary overlap,0.6571441566908414,0.4220650160033414,-0.23507914068749997,0.10413052125997625,0.21796919433378795,0.6261608376728949,0
108,Positivity stress,ordinary overlap,0.6171310618528468,0.7627199234066964,0.14558886155384954,0.10489066998318605,0.5571342102396517,0.968305636573741,1
109,Positivity stress,ordinary overlap,0.6484930600087018,0.736484713286812,0.0879916532781102,0.10222960244909207,0.5361146924865915,0.9368547340870325,1
110,Positivity stress,ordinary overlap,0.6321764383354551,0.6166200714967114,-0.01555636683874373,0.11253327720276157,0.3960548481792987,0.8371852948141241,1
111,Positivity stress,ordinary overlap,0.6430970105059747,0.6647159801095239,0.021618969603549254,0.10623470395836278,0.4564959603511329,0.8729359998679149,1
112,Positivity stress,ordinary overlap,0.632458353032283,0.7496737488096911,0.11721539577740803,0.11640488172983084,0.5215201806192227,0.9778273170001595,1
113,Positivity stress,ordinary overlap,0.6392508706709689,0.5494936184819725,-0.08975725218899633,0.10906556761793168,0.33572510595082644,0.7632621310131187,1
114,Positivity stress,ordinary overlap,0.6709356169450701,0.6132805292688752,-0.05765508767619487,0.12727020825060778,0.363830921097684,0.8627301374400664,1
115,Positivity stress,ordinary overlap,0.6470442512335248,0.5495675041452277,-0.09747674708829712,0.10690561961289326,0.34003248970395694,0.7591025185864985,1
116,Positivity stress,ordinary overlap,0.6429292586258363,0.475991505838448,-0.16693775278738826,0.12574354024128706,0.2295341669655254,0.7224488447113706,1
117,Positivity stress,ordinary overlap,0.6595362770191232,0.6641084763674566,0.004572199348333417,0.1094145646329025,0.4496559296869677,0.8785610230479455,1
118,Positivity stress,ordinary overlap,0.6406274529627671,0.8124733320855082,0.17184587912274107,0.12096128205048307,0.5753892192665614,1.0495574449044551,1
119,Positivity stress,ordinary overlap,0.6350685631147137,0.5521268599684398,-0.08294170314627392,0.11792399033797574,0.32099583890600736,0.7832578810308722,1
120,Positivity stress,ordinary overlap,0.6516309938257803,0.8708692875527498,0.21923829372696957,0.10623567996629436,0.6626473548188129,1.0790912202866867,0
121,Positivity stress,ordinary overlap,0.6232149237558889,0.5829239742364895,-0.04029094951939949,0.11758130076105044,0.3524646247448306,0.8133833237281483,1
122,Positivity stress,ordinary overlap,0.6397391277361019,0.7185511810738295,0.07881205333772767,0.11654785407499685,0.4901173870868357,0.9469849750608234,1
123,Positivity stress,ordinary overlap,0.6379404539918453,0.581737018652024,-0.056203435339821306,0.10747003878498307,0.3710957426334572,0.7923782946705908,1
124,Positivity stress,ordinary overlap,0.6300478129325264,0.6370363650809714,0.00698855214844496,0.10326374971509934,0.4346394156393767,0.8394333145225661,1
125,Positivity stress,ordinary overlap,0.6390312834513215,0.4723484125592514,-0.16668287089207012,0.11851573329120271,0.24005757530849411,0.7046392498100087,1
126,Positivity stress,ordinary overlap,0.6416699967552401,0.5989157415320148,-0.04275425522322529,0.11192784296114368,0.37953716932817316,0.8182943137358564,1
127,Positivity stress,ordinary overlap,0.647385919893773,0.4494078133774904,-0.19797810651628261,0.10077649620144244,0.2518858808226633,0.6469297459323176,0
128,Positivity stress,ordinary overlap,0.6578357520793198,0.5611471865296647,-0.0966885655496551,0.10806848549909026,0.3493329549514478,0.7729614181078815,1
129,Positivity stress,ordinary overlap,0.6618479866753738,0.7647554485082322,0.10290746183285837,0.11149796566735579,0.5462194358002148,0.9832914612162496,1
130,Positivity stress,ordinary overlap,0.643254085021181,0.7099783637076013,0.06672427868642028,0.12804867695129935,0.45900295688305454,0.960953770532148,1
131,Positivity stress,ordinary overlap,0.6222526025219453,0.5921595749480532,-0.030093027573892095,0.10805090864379101,0.3803797940062228,0.8039393558898835,1
132,Positivity stress,ordinary overlap,0.6538067083418603,0.5932162796754653,-0.06059042866639497,0.09266734937120795,0.41158827490789773,0.7748442844430329,1
133,Positivity stress,ordinary overlap,0.6411306997501265,0.5860078800843602,-0.055122819665766265,0.11744301616711568,0.3558195683968135,0.8161961917719069,1
134,Positivity stress,ordinary overlap,0.6531714826749175,0.7738936215180949,0.1207221388431774,0.10508653764326242,0.5679240077373006,0.9798632352988893,1
135,Positivity stress,ordinary overlap,0.631317775905125,0.7308591778907286,0.09954140198560368,0.12133278991690444,0.49304690965359593,0.9686714461278614,1
136,Positivity stress,ordinary overlap,0.6149371186997069,0.45443363354904476,-0.16050348515066215,0.10702265249039507,0.24466923466787044,0.664198032430219,1
137,Positivity stress,ordinary overlap,0.645482750937927,0.6956966624419448,0.05021391150401788,0.11224542385554497,0.47569563168507667,0.915697693198813,1
138,Positivity stress,ordinary overlap,0.6335897365130211,0.6744409570661586,0.0408512205531375,0.10946925754802565,0.4598812122720283,0.8890007018602889,1
139,Positivity stress,ordinary overlap,0.6173151542876365,0.6432318605261268,0.025916706238490295,0.11131994883258857,0.42504476081425324,0.8614189602380004,1
140,Positivity stress,ordinary overlap,0.6467499095665309,0.5774082612531423,-0.06934164831338863,0.11301585915234315,0.35589717731454973,0.7989193451917348,1
141,Positivity stress,ordinary overlap,0.6454788197231127,0.6064245165590448,-0.03905430316406788,0.10872147656600137,0.3933304224896822,0.8195186106284075,1
142,Positivity stress,ordinary overlap,0.6443458065757328,0.7765281654200785,0.1321823588443457,0.1097747314878574,0.5613696917038781,0.991686639136279,1
143,Positivity stress,ordinary overlap,0.6427262802318059,0.3782536983688335,-0.2644725818629724,0.11881093979642753,0.14538425636783556,0.6111231403698314,0
144,Positivity stress,ordinary overlap,0.6164732805303804,0.6514723100400371,0.03499902950965672,0.10860327972407187,0.43860988178085625,0.864334738299218,1
145,Positivity stress,ordinary overlap,0.6366952288815465,0.7500375353926928,0.1133423065111463,0.1056891141609642,0.542886871637203,0.9571881991481827,1
146,Positivity stress,ordinary overlap,0.6519200946357513,0.7456649746488274,0.09374488001307613,0.10907959650893859,0.5318689654913078,0.959460983806347,1
147,Positivity stress,ordinary overlap,0.6620564524003189,0.8513799798603695,0.18932352746005066,0.10497073992708177,0.6456373296032892,1.0571226301174497,1
148,Positivity stress,ordinary overlap,0.652452477197908,0.7057166401777881,0.053264162979880125,0.1124755514022713,0.48526455942933633,0.9261687209262399,1
149,Positivity stress,ordinary overlap,0.6253649743198166,0.7151484916904897,0.08978351737067303,0.09769299623041089,0.5236702190788843,0.906626764302095,1
150,Positivity stress,ordinary overlap,0.6381279110778187,0.45108438961212693,-0.1870435214656918,0.10842170982945379,0.2385778383463975,0.6635909408778564,1
151,Positivity stress,ordinary overlap,0.6314194677247508,0.5867067142895506,-0.0447127534352002,0.10417917327533203,0.3825155346698998,0.7908978939092013,1
152,Positivity stress,ordinary overlap,0.6343288412901624,0.5344682540816273,-0.09986058720853508,0.10897081466418651,0.32088545733982177,0.7480510508234329,1
153,Positivity stress,ordinary overlap,0.6514832371585495,0.6779689601463724,0.026485722987822924,0.10866077405570744,0.4649938429971858,0.890944077295559,1
154,Positivity stress,ordinary overlap,0.6560599723441709,0.5589063979861323,-0.09715357435803862,0.10580952765811477,0.3515197237762273,0.7662930721960373,1
155,Positivity stress,ordinary overlap,0.6565237406095784,0.48797315488975157,-0.16855058571982684,0.11082134481447033,0.27076331905338974,0.7051829907261133,1
156,Positivity stress,ordinary overlap,0.6542197888040113,0.8700799738590469,0.21586018505503557,0.11132539398719213,0.6518822016441503,1.0882777460739435,1
157,Positivity stress,ordinary overlap,0.6367882676487041,0.6155636930373234,-0.02122457461138072,0.11321389649818966,0.3936644559008716,0.8374629301737752,1
158,Positivity stress,ordinary overlap,0.640911584121021,0.7597326083153586,0.1188210241943376,0.11490334500686783,0.5345220521018976,0.9849431645288196,1
159,Positivity stress,ordinary overlap,0.6513810801528735,0.5972140345767691,-0.05416704557610441,0.11353326100634005,0.37468884300434263,0.8197392261491956,1
160,Positivity stress,ordinary overlap,0.6510678031366167,0.7089586623232652,0.05789085918664849,0.10058563603916082,0.51181081568651,0.9061065089600204,1
161,Positivity stress,ordinary overlap,0.649034950969702,0.6870278158100068,0.03799286484030484,0.11235718396148726,0.4668077352454918,0.9072478963745219,1
162,Positivity stress,ordinary overlap,0.6472965807490143,0.6203149626836963,-0.026981618065317958,0.11045109250336524,0.40383082137710047,0.8367991039902922,1
163,Positivity stress,ordinary overlap,0.6646107778537165,0.9488697380776226,0.2842589602239062,0.11956539019760724,0.7145215732903125,1.1832179028649328,0
164,Positivity stress,ordinary overlap,0.6555708339775675,0.6985756510449468,0.04300481706737924,0.11275651775352563,0.47757287624803657,0.919578425841857,1
165,Positivity stress,ordinary overlap,0.6431379534043625,0.5852285038350185,-0.057909449569344074,0.11048197726735512,0.36868382839100244,0.8017731792790345,1
166,Positivity stress,ordinary overlap,0.6562459451211352,0.7007659254368157,0.044519980315680496,0.11284306073271297,0.4795935264006983,0.9219383244729331,1
167,Positivity stress,ordinary overlap,0.6500065307879096,0.7935444512676761,0.14353792047976655,0.11678152090085468,0.564652670302001,1.0224362322333513,1
168,Positivity stress,ordinary overlap,0.6499840120264785,0.5881871126489908,-0.06179689937748767,0.10997509117981938,0.3726359339365448,0.8037382913614368,1
169,Positivity stress,ordinary overlap,0.6431428374977677,0.7040101721072187,0.06086733460945104,0.12319438873400174,0.46254917018857533,0.9454711740258621,1
170,Positivity stress,ordinary overlap,0.6666582109575956,0.6910218090650487,0.024363598107453144,0.12088065013584472,0.45409573479879306,0.9279478833313044,1
171,Positivity stress,ordinary overlap,0.6470666434307587,0.5910368255917183,-0.056029817839040374,0.1144401872116687,0.3667340586568477,0.8153395925265889,1
172,Positivity stress,ordinary overlap,0.6496157748243656,0.8275614475781244,0.17794567275375883,0.10269167100248454,0.6262857724132548,1.0288371227429942,1
173,Positivity stress,ordinary overlap,0.6287815616449687,0.7943915316444433,0.16560996999947464,0.1162783807546278,0.5664859053653728,1.0222971579235138,1
174,Positivity stress,ordinary overlap,0.6487094007222524,0.5351483418097186,-0.11356105891253376,0.11144388575008389,0.31671832573955416,0.753578357879883,1
175,Positivity stress,ordinary overlap,0.6360460875791336,0.6825852975322219,0.046539209953088245,0.10527781289391505,0.4762407842601484,0.8889298108042953,1
176,Positivity stress,ordinary overlap,0.6479423442936473,0.7449975192233191,0.09705517492967186,0.10871981311149309,0.5319066855247927,0.9580883529218456,1
177,Positivity stress,ordinary overlap,0.6125822841747791,0.6830791592734626,0.07049687509868352,0.09849901638877348,0.49002108715146664,0.8761372313954586,1
178,Positivity stress,ordinary overlap,0.6465900224150049,0.6973425844398579,0.05075256202485301,0.11850690566393347,0.46506904933854826,0.9296161195411674,1
179,Positivity stress,ordinary overlap,0.6577255639923963,0.614296854393117,-0.04342870959927936,0.11799121279139523,0.38303407732198236,0.8455596314642516,1
180,Positivity stress,ordinary overlap,0.6287549019893229,0.48477618964907787,-0.14397871234024506,0.10499210202998316,0.27899166967031086,0.6905607096278449,1
181,Positivity stress,ordinary overlap,0.63681435173976,0.9530552686991177,0.31624091695935774,0.10172590257825259,0.7536724996457427,1.1524380377524928,0
182,Positivity stress,ordinary overlap,0.6304113041649064,0.529817049025174,-0.10059425513973241,0.11540109274068239,0.30363090725343655,0.7560031907969115,1
183,Positivity stress,ordinary overlap,0.6273041067315562,0.6117269476540332,-0.015577159077522995,0.09543681918774113,0.4246707820460606,0.7987831132620058,1
184,Positivity stress,ordinary overlap,0.6506291976835508,0.6667018367013701,0.0160726390178193,0.11308688977159813,0.44505153274903775,0.8883521406537024,1
185,Positivity stress,ordinary overlap,0.6688994239472241,0.7905853623753232,0.12168593842809905,0.11006043693180813,0.5748669059889793,1.006303818761667,1
186,Positivity stress,ordinary overlap,0.6326427240018733,0.5908617286958741,-0.04178099530599921,0.10821151550181937,0.3787671583123081,0.80295629907944,1
187,Positivity stress,ordinary overlap,0.632197711655569,0.5163888232661189,-0.11580888838945014,0.11374273734748541,0.2934530580650475,0.7393245884671903,1
188,Positivity stress,ordinary overlap,0.6445238675065079,0.7370046357507994,0.09248076824429152,0.12207398257521157,0.4977396299033848,0.9762696415982142,1
189,Positivity stress,ordinary overlap,0.6324116068076746,0.6766260968365364,0.0442144900288618,0.11426440965334048,0.45266785391598907,0.9005843397570837,1
190,Positivity stress,ordinary overlap,0.6383724212471364,0.5746294275094178,-0.06374299373771863,0.1183966400827316,0.3425720129472639,0.8066868420715717,1
191,Positivity stress,ordinary overlap,0.6368749156419077,0.6530797214476324,0.016204805805724698,0.09984281199494983,0.4573878099375307,0.8487716329577341,1
192,Positivity stress,ordinary overlap,0.6469000453807947,0.535753535911673,-0.11114650946912175,0.10989471450947057,0.32035989547311067,0.7511471763502353,1
193,Positivity stress,ordinary overlap,0.6464813660936704,0.5932888940275622,-0.05319247206610811,0.1007082647549327,0.39590069510789416,0.7906770929472303,1
194,Positivity stress,ordinary overlap,0.6434974763052421,0.7351760836458293,0.09167860734058719,0.11078254688079678,0.5180422917594676,0.952309875532191,1
195,Positivity stress,ordinary overlap,0.6389535833492405,0.6047632516325268,-0.03419033171671371,0.11353972836563066,0.3822253840358907,0.8273011192291628,1
196,Positivity stress,ordinary overlap,0.6274683779149607,0.5857000134889211,-0.041768364426039595,0.10208893580981317,0.3856056993016873,0.7857943276761549,1
197,Positivity stress,ordinary overlap,0.6162778807122071,0.500701539649117,-0.11557634106309012,0.10638535950185087,0.29218623502548935,0.7092168442727447,1
198,Positivity stress,ordinary overlap,0.6555368056395506,0.6055829652302784,-0.0499538404092722,0.11489791525819379,0.3803830513242186,0.8307828791363383,1
199,Positivity stress,ordinary overlap,0.6351734560773579,0.7703204460731689,0.13514698999581098,0.1237093575627559,0.5278501052501673,1.0127907868961703,1
200,Positivity stress,ordinary overlap,0.6518623658739272,0.7393923077494521,0.08752994187552487,0.10818205689548271,0.527355476234306,0.9514291392645982,1
1,Positivity stress,strong positivity stress,0.6363794581931185,0.7201458245686783,0.08376636637555979,0.13162586218775416,0.4621591346806801,0.9781325144566764,1
2,Positivity stress,strong positivity stress,0.6372319450279657,0.8909369411211197,0.253704996093154,0.13507549696661897,0.6261889670665465,1.155684915175693,1
3,Positivity stress,strong positivity stress,0.6415478229128799,0.7393813903229867,0.09783356741010674,0.13703618395397155,0.47079046977320244,1.007972310872771,1
4,Positivity stress,strong positivity stress,0.6341801461787647,0.8221318321583169,0.18795168597955214,0.12697013226981502,0.5732703729094795,1.0709932914071543,1
5,Positivity stress,strong positivity stress,0.6412492971227759,0.6504970962988225,0.009247799176046567,0.13653740836442013,0.382883775904559,0.9181104166930859,1
6,Positivity stress,strong positivity stress,0.6529113526849648,0.7379195343195267,0.08500818163456192,0.12473432197768272,0.4934402632432686,0.9823988053957848,1
7,Positivity stress,strong positivity stress,0.639984081686275,0.5934254082587636,-0.04655867342751141,0.13682678907581555,0.32524490167016507,0.861605914847362,1
8,Positivity stress,strong positivity stress,0.6641179003016416,0.7481783344276475,0.08406043412600583,0.12496608444652245,0.5032448089124635,0.9931118599428315,1
9,Positivity stress,strong positivity stress,0.6413229402245624,0.6720496818049415,0.030726741580379135,0.15084716310441695,0.3763892421202843,0.9677101214895987,1
10,Positivity stress,strong positivity stress,0.668958438358916,0.7376627895236771,0.06870435116476115,0.1302933422019856,0.48228783880778536,0.9930377402395689,1
11,Positivity stress,strong positivity stress,0.6646714138052384,0.8236199698025297,0.1589485559972913,0.14686441154812185,0.5357657231682109,1.1114742164368485,1
12,Positivity stress,strong positivity stress,0.6528755100964614,0.6744780249866058,0.02160251489014442,0.14090368722739005,0.39830679802092134,0.9506492519522902,1
13,Positivity stress,strong positivity stress,0.663599843177854,0.7135181563616101,0.04991831318375606,0.16213071190528602,0.3957419610272495,1.0312943516959707,1
14,Positivity stress,strong positivity stress,0.6509695136039837,0.36716708701255585,-0.28380242659142785,0.12926985535290256,0.11379817052086683,0.6205360035042449,0
15,Positivity stress,strong positivity stress,0.643606328637036,0.5380425002947655,-0.10556382834227052,0.13416836774703464,0.27507249951057766,0.8010125010789534,1
16,Positivity stress,strong positivity stress,0.6480249856941089,0.6378240375927036,-0.010200948101405372,0.13609907437348764,0.37106985182066776,0.9045782233647394,1
17,Positivity stress,strong positivity stress,0.6462386781885773,0.7693060007642417,0.12306732257566444,0.1443988195495428,0.4862843144471378,1.0523276870813456,1
18,Positivity stress,strong positivity stress,0.6429282093974144,0.9350631489240239,0.2921349395266095,0.14908133927725134,0.6428637239406112,1.2272625739074365,1
19,Positivity stress,strong positivity stress,0.6332411065560805,0.5581604473644316,-0.07508065919164886,0.12943162406385458,0.3044744641992766,0.8118464305295866,1
20,Positivity stress,strong positivity stress,0.6470029488566518,0.5305807987176726,-0.11642215013897916,0.1358865770277704,0.2642431077432426,0.7969184896921027,1
21,Positivity stress,strong positivity stress,0.6450519077031008,0.6453643244681225,0.0003124167650216947,0.14336803629918768,0.3643629733217147,0.9263656756145304,1
22,Positivity stress,strong positivity stress,0.6517217638518242,0.6933160304709644,0.04159426661914012,0.15842672482890546,0.38279964980630965,1.003832411135619,1
23,Positivity stress,strong positivity stress,0.6511925891221639,0.6119665831321407,-0.03922600599002324,0.15720553037924223,0.30384374358882593,0.9200894226754555,1
24,Positivity stress,strong positivity stress,0.6366621301915182,0.9257737915122768,0.2891116613207586,0.14264973122913976,0.6461803183031629,1.2053672647213907,0
25,Positivity stress,strong positivity stress,0.6385040110347086,0.5936228364272983,-0.04488117460741026,0.14062685320915524,0.317994204137354,0.8692514687172426,1
26,Positivity stress,strong positivity stress,0.6434920484212443,0.5570301507206493,-0.08646189770059498,0.12738057442431253,0.3073642248489968,0.8066960765923019,1
27,Positivity stress,strong positivity stress,0.6510065302295066,0.6142334534142306,-0.036773076815275973,0.14078759009013442,0.33828977683756717,0.890177129990894,1
28,Positivity stress,strong positivity stress,0.6476444379445119,0.7433453068689316,0.09570086892441976,0.1434316963542053,0.46221918201468926,1.024471431723174,1
29,Positivity stress,strong positivity stress,0.6323009394387125,0.43626318544543796,-0.1960377539932745,0.13075134478643166,0.17999054966403188,0.692535821226844,1
30,Positivity stress,strong positivity stress,0.6407987911032973,0.9391634439299376,0.29836465282664026,0.14995643279817744,0.6452488356455097,1.2330780522143654,0
31,Positivity stress,strong positivity stress,0.6462464979731026,0.7106411131262196,0.06439461515311695,0.14695044946489444,0.4226182321750265,0.9986639940774127,1
32,Positivity stress,strong positivity stress,0.6377307587394072,0.770764128892671,0.13303337015326377,0.11950336385596777,0.5365375357349742,1.0049907220503678,1
33,Positivity stress,strong positivity stress,0.6320483025364173,0.6826676857717952,0.050619383235377846,0.15018841181088852,0.3882983986224537,0.9770369729211366,1
34,Positivity stress,strong positivity stress,0.6257727377708421,0.48833462148054463,-0.13743811629029745,0.13943227952921425,0.2150473536032847,0.7616218893578046,1
35,Positivity stress,strong positivity stress,0.6459754301814976,0.7388806468767137,0.09290521669521612,0.1370207547278656,0.47031996761009714,1.0074413261433304,1
36,Positivity stress,strong positivity stress,0.636674291400548,0.440974618473349,-0.19569967292719898,0.14030400756996356,0.16597876363622044,0.7159704733104776,1
37,Positivity stress,strong positivity stress,0.6664218548919463,0.7614613850856506,0.09503953019370437,0.13439681251058833,0.49804363256489753,1.0248791376064037,1
38,Positivity stress,strong positivity stress,0.6477164539951062,0.3448379542622255,-0.3028784997328807,0.1152941155940725,0.11886148769784341,0.5708144208266076,0
39,Positivity stress,strong positivity stress,0.6636623049955747,0.6161021082219788,-0.04756019677359591,0.14380372500123179,0.33424680721956446,0.897957409224393,1
40,Positivity stress,strong positivity stress,0.6487981300723675,0.5462254880789433,-0.1025726419934242,0.13460044707714913,0.282408611807731,0.8100423643501556,1
41,Positivity stress,strong positivity stress,0.6373867516148114,0.6617958067354587,0.024409055120647283,0.14102642632027435,0.385384011147721,0.9382076023231964,1
42,Positivity stress,strong positivity stress,0.6385870815385742,0.613901902594915,-0.02468517894365929,0.13144578228669423,0.35626816931299427,0.8715356358768356,1
43,Positivity stress,strong positivity stress,0.6140345842621863,0.6000459935998939,-0.01398859066229241,0.1290048630507177,0.34719646202048715,0.8528955251793006,1
44,Positivity stress,strong positivity stress,0.6546853066237622,0.7448037331381813,0.09011842651441904,0.13338719245807748,0.4833648359203494,1.006242630356013,1
45,Positivity stress,strong positivity stress,0.6321167258642215,0.8070539713926889,0.17493724552846734,0.13874597637983255,0.535111857688217,1.0789960850971607,1
46,Positivity stress,strong positivity stress,0.6449957889794928,0.7742273221874951,0.1292315332080023,0.13425327714051496,0.5110908989920858,1.0373637453829043,1
47,Positivity stress,strong positivity stress,0.6522002602374087,0.7219454516238839,0.06974519138647517,0.13636494202336086,0.4546701652580966,0.9892207379896711,1
48,Positivity stress,strong positivity stress,0.6568964203838077,0.6034914577012266,-0.0534049626825811,0.12959594777585653,0.3494834000605478,0.8574995153419054,1
49,Positivity stress,strong positivity stress,0.6377306168326969,0.7943585025947107,0.1566278857620138,0.1273769006055749,0.544699777407784,1.0440172277816375,1
50,Positivity stress,strong positivity stress,0.653769077297588,0.7299328644628966,0.07616378716530858,0.13815422378658157,0.4591505858411968,1.0007151430845964,1
51,Positivity stress,strong positivity stress,0.6472369501150069,0.4775848514352196,-0.1696520986797873,0.14079421107644735,0.20162819772538282,0.7535415051450565,1
52,Positivity stress,strong positivity stress,0.6442691448404827,0.6271036533239943,-0.017165491516488385,0.12423382519610701,0.3836053559396246,0.870601950708364,1
53,Positivity stress,strong positivity stress,0.6705244546618049,0.92237046759245,0.2518460129306451,0.14390197643959535,0.6403225937708431,1.204418341414057,1
54,Positivity stress,strong positivity stress,0.6589256040307033,0.7546196254503346,0.09569402141963124,0.12950394996291623,0.5007918835230187,1.0084473673776504,1
55,Positivity stress,strong positivity stress,0.6119957694448035,0.5313081172922032,-0.08068765215260032,0.12920300216295064,0.2780702330528199,0.7845460015315864,1
56,Positivity stress,strong positivity stress,0.6366209225038584,0.7352380862332283,0.0986171637293699,0.12362823032352797,0.49292675479911346,0.9775494176673432,1
57,Positivity stress,strong positivity stress,0.6639786517359406,0.5969219232257548,-0.06705672851018585,0.14635256707386296,0.31007089176098335,0.8837729546905262,1
58,Positivity stress,strong positivity stress,0.6431138322733364,0.6220791486203056,-0.02103468365303085,0.13364596859447028,0.3601330501751438,0.8840252470654673,1
59,Positivity stress,strong positivity stress,0.6299847382459609,0.718136063793458,0.08815132554749705,0.11597664725472158,0.49082183517420364,0.9454502924127123,1
60,Positivity stress,strong positivity stress,0.6555571336596284,0.7284895728706998,0.0729324392110714,0.1564005781839145,0.4219444396302274,1.0350347061111722,1
61,Positivity stress,strong positivity stress,0.6518416977575706,0.3995939828789566,-0.252247714878614,0.12989270985816018,0.14500427155696266,0.6541836942009505,1
62,Positivity stress,strong positivity stress,0.6223407957630057,0.6017986236577394,-0.02054217210526632,0.1542332025534898,0.2995015466528994,0.9040957006625794,1
63,Positivity stress,strong positivity stress,0.6308681113826047,0.6174964761078993,-0.013371635274705418,0.14042442747945086,0.34226459824817557,0.892728353967623,1
64,Positivity stress,strong positivity stress,0.6518599432065806,0.6752392266546476,0.023379283448067056,0.13898193766134945,0.4028346288384027,0.9476438244708926,1
65,Positivity stress,strong positivity stress,0.654650072288223,0.7545421747655957,0.09989210247737268,0.15871675936449517,0.4434573264111852,1.0656270231200062,1
66,Positivity stress,strong positivity stress,0.6187270253233892,0.729292761786544,0.11056573646315482,0.13402850564792976,0.4665968907166017,0.9919886328564863,1
67,Positivity stress,strong positivity stress,0.6495859674392644,1.0334944641290125,0.383908496689748,0.1465581541677033,0.746240481960314,1.3207484462977108,0
68,Positivity stress,strong positivity stress,0.6221991911089408,0.5800864778355769,-0.042112713273363966,0.12431942833224534,0.336420398304376,0.8237525573667778,1
69,Positivity stress,strong positivity stress,0.6408700053162196,0.7353209920759495,0.09445098675972985,0.12762499184173703,0.4851760080661449,0.985465976085754,1
70,Positivity stress,strong positivity stress,0.6529116448839482,0.7344996931250365,0.08158804824108834,0.17144365139911377,0.3984701363827735,1.0705292498672994,1
71,Positivity stress,strong positivity stress,0.6275033311160211,0.6173519775985682,-0.010151353517452888,0.1339414801948813,0.3548266764166008,0.8798772787805356,1
72,Positivity stress,strong positivity stress,0.6379755344102932,0.6207355214844503,-0.017240012925842874,0.12132256134295162,0.38294330125226517,0.8585277417166355,1
73,Positivity stress,strong positivity stress,0.6399418242459383,0.738699324028818,0.09875749978287973,0.14824848875743007,0.44813228606425504,1.0292663619933808,1
74,Positivity stress,strong positivity stress,0.6507424683020304,0.8936901708124453,0.24294770251041486,0.12647815955915412,0.6457929780765033,1.1415873635483873,1
75,Positivity stress,strong positivity stress,0.6438714939809765,0.6632899607033028,0.019418466722326277,0.13912972269931018,0.3905957042126549,0.9359842171939508,1
76,Positivity stress,strong positivity stress,0.6404945292511479,0.823467705227079,0.1829731759759311,0.14061115484443856,0.5478698417319794,1.0990655687221786,1
77,Positivity stress,strong positivity stress,0.6383343169860509,0.36936120853257887,-0.26897310845347205,0.11887036207966177,0.1363752988564418,0.6023471182087159,0
78,Positivity stress,strong positivity stress,0.6448031037661203,0.6865524668566415,0.04174936309052124,0.14724912281658423,0.3979441861361364,0.9751607475771467,1
79,Positivity stress,strong positivity stress,0.6578473305239332,0.7438456360611528,0.08599830553721965,0.13897877290120084,0.4714472411747992,1.0162440309475065,1
80,Positivity stress,strong positivity stress,0.6198838819279953,0.8848527249408884,0.26496884301289314,0.13874304524253986,0.6129163562655102,1.1567890936162666,1
81,Positivity stress,strong positivity stress,0.6605145221764406,0.7646312051923979,0.10411668301595733,0.14578928380017855,0.47888420894404793,1.050378201440748,1
82,Positivity stress,strong positivity stress,0.6614179815305342,0.5852291745795075,-0.0761888069510267,0.12144997777745342,0.3471872181356988,0.8232711310233163,1
83,Positivity stress,strong positivity stress,0.6582682996598997,0.5898003584596051,-0.06846794120029465,0.15538510277194229,0.2852455570265982,0.894355159892612,1
84,Positivity stress,strong positivity stress,0.6481462289480028,0.8709412278446662,0.22279499889666343,0.14400914521340608,0.5886833032263903,1.1531991524629421,1
85,Positivity stress,strong positivity stress,0.6407560895915849,0.45171770333087513,-0.1890383862607098,0.14459383535951406,0.1683137860262276,0.7351216206355227,1
86,Positivity stress,strong positivity stress,0.6401491447188239,0.5546146502940363,-0.08553449442478755,0.12897033305216446,0.301832797511794,0.8073965030762786,1
87,Positivity stress,strong positivity stress,0.635210110977371,0.5800563516956877,-0.05515375928168331,0.11753612233911806,0.3496855519110163,0.8104271514803592,1
88,Positivity stress,strong positivity stress,0.6597346354194616,0.8004126609447223,0.14067802552526065,0.13407132500962668,0.5376328639258541,1.0631924579635905,1
89,Positivity stress,strong positivity stress,0.6272402827929742,0.5921909408979925,-0.035049341894981656,0.11223312734721427,0.3722140112974526,0.8121678704985325,1
90,Positivity stress,strong positivity stress,0.6350858479006739,0.6311900370125337,-0.003895810888140172,0.1246071500213251,0.38696002297073656,0.8754200510543308,1
91,Positivity stress,strong positivity stress,0.6303845706087023,0.5046434521579783,-0.125741118450724,0.12638965232941127,0.2569197335923323,0.7523671707236244,1
92,Positivity stress,strong positivity stress,0.6310901108816198,0.5652662167909833,-0.06582389409063649,0.13885640643162747,0.29310766018499346,0.8374247733969732,1
93,Positivity stress,strong positivity stress,0.6405933438923592,0.48841508976607884,-0.1521782541262804,0.13153786919038746,0.23060086615291941,0.7462293133792383,1
94,Positivity stress,strong positivity stress,0.6704872881058309,0.6155711878778112,-0.05491610022801974,0.1341869844032481,0.35256469844744487,0.8785776773081775,1
95,Positivity stress,strong positivity stress,0.6653089038629195,0.748649802778499,0.0833408989155795,0.15707933629101842,0.44077430364810294,1.0565253019088952,1
96,Positivity stress,strong positivity stress,0.6432914896219831,0.4974535565201198,-0.14583793310186333,0.1345870855547499,0.23366286883281,0.7612442442074296,1
97,Positivity stress,strong positivity stress,0.6491964286419742,0.8785628014502749,0.22936637280830063,0.13646549674545727,0.6110904278291787,1.146035175071371,1
98,Positivity stress,strong positivity stress,0.6435802724263289,0.6330791630442989,-0.010501109382029972,0.1389788693857053,0.3606805790483165,0.9054777470402813,1
99,Positivity stress,strong positivity stress,0.6416878037575336,0.8113283130429063,0.16964050928537266,0.12770579191309067,0.5610249608932486,1.061631665192564,1
100,Positivity stress,strong positivity stress,0.6550197395091161,0.5722154531887611,-0.08280428632035497,0.14410340267147573,0.2897727839526687,0.8546581224248535,1
101,Positivity stress,strong positivity stress,0.6318030599326884,0.7793596247753407,0.14755656484265234,0.1320621600400898,0.5205177910967647,1.0382014584539168,1
102,Positivity stress,strong positivity stress,0.64242254031538,1.021620075674279,0.379197535358899,0.13796720082897446,0.751204362049489,1.292035789299069,0
103,Positivity stress,strong positivity stress,0.6466930586295064,0.6312014882351914,-0.015491570394315035,0.14713403406924094,0.34281878145947914,0.9195841950109036,1
104,Positivity stress,strong positivity stress,0.6302684609591768,0.5024731959663673,-0.12779526499280947,0.16000262825766007,0.1888680445813536,0.8160783473513811,1
105,Positivity stress,strong positivity stress,0.6430096123343346,0.6747573643743922,0.03174775204005753,0.15797896312800586,0.36511859664350066,0.9843961321052836,1
106,Positivity stress,strong positivity stress,0.6757085507622118,0.6100096387577633,-0.06569891200444855,0.13688844828649588,0.34170828011623133,0.8783109973992952,1
107,Positivity stress,strong positivity stress,0.6384968561043359,0.8255087967341367,0.18701194062980075,0.11352258857822052,0.6030045231208245,1.0480130703474488,1
108,Positivity stress,strong positivity stress,0.6488458259642934,0.6470851679744499,-0.0017606579898434838,0.12526099082554928,0.40157362595637336,0.8925967099925265,1
109,Positivity stress,strong positivity stress,0.6422768207064786,0.753061990409045,0.11078516970256636,0.1328388503367888,0.49269784374893894,1.013426137069151,1
110,Positivity stress,strong positivity stress,0.657108154428928,0.7951540542807031,0.13804589985177507,0.14721268501328028,0.5066171916546738,1.0836909169067324,1
111,Positivity stress,strong positivity stress,0.6454192829438804,0.6509803428403117,0.005561059896431297,0.13617313621014188,0.38408099586843364,0.9178796898121897,1
112,Positivity stress,strong positivity stress,0.650638795120134,0.6335482010293575,-0.017090594090776512,0.13008315961702027,0.37858520817999775,0.8885111938787172,1
113,Positivity stress,strong positivity stress,0.6450398145489873,0.7757341935637786,0.1306943790147913,0.13708831437957034,0.5070410973798207,1.0444272897477365,1
114,Positivity stress,strong positivity stress,0.6727396405640654,0.7760321338589891,0.10329249329492363,0.14352682688641452,0.4947195531616166,1.0573447145563615,1
115,Positivity stress,strong positivity stress,0.6223014068836727,0.7656315812607287,0.14333017437705597,0.12555819054793124,0.5195375277867835,1.011725634734674,1
116,Positivity stress,strong positivity stress,0.6427812447342782,0.5392580532610489,-0.1035231914732293,0.1250464761104509,0.2941669600845652,0.7843491464375326,1
117,Positivity stress,strong positivity stress,0.6376099700718171,0.7397313756588159,0.10212140558699878,0.1260129236891055,0.4927460452281691,0.9867167060894626,1
118,Positivity stress,strong positivity stress,0.6465592106335214,0.679528734391766,0.03296952375824458,0.1142535680319998,0.4555917410490464,0.9034657277344855,1
119,Positivity stress,strong positivity stress,0.639927878518687,0.7775853888760642,0.13765751035737717,0.13184395568606735,0.5191712357313722,1.0359995420207562,1
120,Positivity stress,strong positivity stress,0.6459891758240953,0.6077722710904006,-0.03821690473369477,0.14537685713475262,0.32283363110628543,0.8927109110745157,1
121,Positivity stress,strong positivity stress,0.6512707524037303,0.8433035244999674,0.19203277209623704,0.14674189199161605,0.5556894161963999,1.1309176328035349,1
122,Positivity stress,strong positivity stress,0.6452884518661011,0.426744854644273,-0.2185435972218281,0.14010403327758064,0.15214094942021494,0.701348759868331,1
123,Positivity stress,strong positivity stress,0.6402510748760705,0.5070951275474767,-0.13315594732859382,0.15737151109822162,0.19864696579496227,0.815543289299991,1
124,Positivity stress,strong positivity stress,0.6415617076578952,0.7174633096549963,0.07590160199710105,0.1394671912766149,0.4441076147528311,0.9908190045571614,1
125,Positivity stress,strong positivity stress,0.6373515028431644,0.7661692068138402,0.1288177039706757,0.1588684962242616,0.4547869542142874,1.0775514594133928,1
126,Positivity stress,strong positivity stress,0.629877152026547,0.5898411497277769,-0.040036002298770135,0.14269820847248396,0.31015266112170836,0.8695296383338454,1
127,Positivity stress,strong positivity stress,0.6325135114679061,0.6078104904504749,-0.02470302101743127,0.14106742741859835,0.3313183327100221,0.8843026481909276,1
128,Positivity stress,strong positivity stress,0.6535703666640801,0.9743571906577999,0.3207868239937198,0.12679996357187626,0.7258292620569224,1.2228851192586774,0
129,Positivity stress,strong positivity stress,0.6382229602121938,0.7579198950973557,0.11969693488516187,0.14667485557194668,0.47043717817634023,1.0454026120183713,1
130,Positivity stress,strong positivity stress,0.6424885390892814,0.5417168824393318,-0.10077165664994958,0.12738065617967026,0.2920507963271781,0.7913829685514855,1
131,Positivity stress,strong positivity stress,0.6468707756406211,0.40190892701342634,-0.24496184862719478,0.12984841267847846,0.14740603816360853,0.6564118158632442,1
132,Positivity stress,strong positivity stress,0.6394575911600074,0.5568467244507859,-0.08261086670922158,0.13900455766240224,0.28439779143247745,0.8292956574690943,1
133,Positivity stress,strong positivity stress,0.6519711094080068,0.42800872021608555,-0.2239623891919213,0.14602972999727754,0.1417904494214216,0.7142269910107495,1
134,Positivity stress,strong positivity stress,0.6371638054418012,0.447543520322508,-0.18962028511929319,0.1458770475701026,0.1616245070851069,0.7334625335599091,1
135,Positivity stress,strong positivity stress,0.6395384870945745,0.6129057491749383,-0.026632737919636162,0.17609118676747137,0.26776702311069445,0.9580444752391822,1
136,Positivity stress,strong positivity stress,0.6484351230643326,0.5350879776173318,-0.11334714544700075,0.12553060553345186,0.28904799077176624,0.7811279644628975,1
137,Positivity stress,strong positivity stress,0.643877193005541,0.8265947513433229,0.18271755833778192,0.12955295604365202,0.572670957497765,1.0805185451888808,1
138,Positivity stress,strong positivity stress,0.6485052875383434,0.499805521738838,-0.14869976579950533,0.1520805736366848,0.20172759741093577,0.7978834460667403,1
139,Positivity stress,strong positivity stress,0.6683487636999034,0.7458580260081592,0.07750926230825583,0.14679303057064338,0.4581436860896982,1.0335723659266203,1
140,Positivity stress,strong positivity stress,0.6528999124982682,0.59938232929444,-0.053517583203828156,0.14732851803924438,0.31061843393752103,0.888146224651359,1
141,Positivity stress,strong positivity stress,0.6474642082619532,0.7091804261759213,0.061716217913968086,0.12140661398452911,0.4712234627662442,0.9471373895855983,1
142,Positivity stress,strong positivity stress,0.6328723919587103,0.5941286913309928,-0.03874370062771748,0.13738172823791356,0.3248605039846822,0.8633968786773034,1
143,Positivity stress,strong positivity stress,0.6483633504308258,0.6922344303586353,0.043871079927809475,0.1223467199716903,0.4524348592141223,0.9320340015031483,1
144,Positivity stress,strong positivity stress,0.6402562596587362,0.6183505155165785,-0.021905744142157735,0.14063281993124296,0.34271018845134227,0.8939908425818147,1
145,Positivity stress,strong positivity stress,0.6186189697679934,0.8337731524254681,0.21515418265747477,0.1279684475020994,0.5829549953213533,1.084591309529583,1
146,Positivity stress,strong positivity stress,0.624617628133292,0.5924043826440735,-0.032213245489218556,0.14681094778757828,0.30465492498042007,0.8801538403077269,1
147,Positivity stress,strong positivity stress,0.649390287175316,0.7414938043326759,0.09210351715735987,0.13471340713335617,0.4774555263512978,1.0055320823140539,1
148,Positivity stress,strong positivity stress,0.625469612183079,0.7773724444464098,0.1519028322633309,0.1379251236023699,0.5070392021857648,1.0477056867070549,1
149,Positivity stress,strong positivity stress,0.65295267636699,0.5898506603090594,-0.06310201605793053,0.12709341497146612,0.34074756696498587,0.838953753653133,1
150,Positivity stress,strong positivity stress,0.6428442153358349,0.41129435798330405,-0.23154985735253086,0.12940992169778803,0.15765091145563953,0.6649378045109686,1
151,Positivity stress,strong positivity stress,0.6395926787390162,1.0622822168836576,0.4226895381446415,0.13500368917533423,0.7976749861000025,1.3268894476673128,0
152,Positivity stress,strong positivity stress,0.627559232005798,0.4837466126844588,-0.1438126193213392,0.13097521570500348,0.22703518990265198,0.7404580354662655,1
153,Positivity stress,strong positivity stress,0.6350066705617626,0.9143871218396424,0.2793804512778798,0.13762296711363578,0.6446461062969163,1.1841281373823684,0
154,Positivity stress,strong positivity stress,0.6306434170341472,0.7688148849358376,0.13817146790169044,0.12199799959982376,0.529698805720183,1.0079309641514922,1
155,Positivity stress,strong positivity stress,0.6592577599846628,0.9330689891596601,0.27381122917499723,0.13212542546732478,0.6741031552437036,1.1920348230756166,0
156,Positivity stress,strong positivity stress,0.6235008074082776,0.46226899194549176,-0.16123181546278587,0.14377494247789452,0.18047010468881852,0.744067879202165,1
157,Positivity stress,strong positivity stress,0.6368833364349571,0.7260870561727959,0.0892037197378388,0.12344609727344881,0.48413270551683624,0.9680414068287555,1
158,Positivity stress,strong positivity stress,0.6715954444058992,0.6951643542978085,0.023568909891909295,0.1530018610820979,0.3952807065768967,0.9950480020187205,1
159,Positivity stress,strong positivity stress,0.645597708476592,0.4779499826240063,-0.16764772585258575,0.13078716296554896,0.22160714321153036,0.7342928220364822,1
160,Positivity stress,strong positivity stress,0.6305706865661608,0.8169935804500768,0.18642289388391597,0.13705263804533477,0.5483704098812205,1.085616751018933,1
161,Positivity stress,strong positivity stress,0.6524200246891589,0.7110563242897651,0.05863629960060612,0.13556669315734352,0.44534560570137177,0.9767670428781583,1
162,Positivity stress,strong positivity stress,0.6588513312432336,0.39515241645651056,-0.263698914786723,0.1615534896971712,0.07850757665005498,0.7117972562629662,1
163,Positivity stress,strong positivity stress,0.6481612883429448,0.782642401967831,0.13448111362488613,0.14313373779223335,0.5021002758950537,1.0631845280406083,1
164,Positivity stress,strong positivity stress,0.6421421921111894,0.8291864448371733,0.1870442527259839,0.1545408959976513,0.5262862886817767,1.1320866009925699,1
165,Positivity stress,strong positivity stress,0.6394028492079253,0.5449377431679742,-0.09446510603995117,0.1229128207543595,0.3040286144894295,0.7858468718465188,1
166,Positivity stress,strong positivity stress,0.6630712230861385,0.4788854979012338,-0.18418572518490473,0.13853325588093518,0.20736031637460084,0.7504106794278668,1
167,Positivity stress,strong positivity stress,0.6530945409778531,0.9283524683106451,0.275257927332792,0.14527670015005065,0.6436101360165458,1.2130948006047444,1
168,Positivity stress,strong positivity stress,0.6381255202007701,0.8362412295829289,0.19811570938215883,0.12265108575761363,0.5958451014980062,1.0766373576678516,1
169,Positivity stress,strong positivity stress,0.6331572055472744,0.5495766272517826,-0.08358057829549181,0.1475475766030419,0.26038337710982046,0.8387698773937446,1
170,Positivity stress,strong positivity stress,0.6406950503135436,0.6318292380869441,-0.008865812226599434,0.13164481644026862,0.3738053978640176,0.8898530783098706,1
171,Positivity stress,strong positivity stress,0.6460399063751916,0.6526074481150488,0.006567541739857186,0.12161110419768659,0.4142496838875831,0.8909652123425145,1
172,Positivity stress,strong positivity stress,0.6371400129879485,0.751831775778574,0.11469176279062543,0.13491246281771244,0.4874033486558576,1.0162602029012904,1
173,Positivity stress,strong positivity stress,0.6375332562048949,0.5120677635998697,-0.12546549260502515,0.12093836172326111,0.2750285746222779,0.7491069525774615,1
174,Positivity stress,strong positivity stress,0.6414042645834817,0.6784059099020168,0.037001645318535115,0.11470887158201419,0.45357652160126893,0.9032352982027646,1
175,Positivity stress,strong positivity stress,0.6413086584558975,0.7212091326113315,0.079900474155434,0.1372286149192353,0.4522410473696303,0.9901772178530326,1
176,Positivity stress,strong positivity stress,0.6390778073176747,0.5659926733934169,-0.07308513392425786,0.14040196092997703,0.29080482997066187,0.8411805168161719,1
177,Positivity stress,strong positivity stress,0.6569383731498475,0.6008674939073834,-0.05607087924246412,0.13975349892859615,0.3269506360073349,0.8747843518074319,1
178,Positivity stress,strong positivity stress,0.62954064499977,0.6949204995266326,0.06537985452686257,0.13043788037996668,0.43926225398189794,0.9505787450713672,1
179,Positivity stress,strong positivity stress,0.6385917824932749,0.7913073696539614,0.15271558716068656,0.14593726257937759,0.5052703349983814,1.0773444043095415,1
180,Positivity stress,strong positivity stress,0.6362745968470073,0.6489345331206069,0.012659936273599626,0.14423227438101083,0.36623927533382566,0.9316297909073881,1
181,Positivity stress,strong positivity stress,0.6429807303279726,0.5095393804581905,-0.13344134986978218,0.13015954022477905,0.25442668161762355,0.7646520792987574,1
182,Positivity stress,strong positivity stress,0.651977947989773,0.6764945872306772,0.024516639240904192,0.1449799728533964,0.39233384043802033,0.9606553340233341,1
183,Positivity stress,strong positivity stress,0.6550415259545961,0.3307481612161439,-0.32429336473845216,0.12184200462963253,0.09193783214206416,0.5695584902902237,0
184,Positivity stress,strong positivity stress,0.6303861058868747,0.6430202504563605,0.01263414456948575,0.13560615777320595,0.3772321812208768,0.9088083196918442,1
185,Positivity stress,strong positivity stress,0.6681322270013921,0.5926958179956775,-0.07543640900571458,0.14270702559252577,0.312990047834327,0.872401588157028,1
186,Positivity stress,strong positivity stress,0.6229157222994899,0.6709367506678462,0.04802102836835631,0.12398651925699343,0.42792317292413906,0.9139503284115533,1
187,Positivity stress,strong positivity stress,0.6512336836135545,0.5558306798735424,-0.0954030037400121,0.13499533673596067,0.29123981987105946,0.8204215398760253,1
188,Positivity stress,strong positivity stress,0.6385608521371893,0.614242410320746,-0.02431844181644327,0.14204999267193344,0.33582442468375645,0.8926603959577355,1
189,Positivity stress,strong positivity stress,0.6461519219352093,0.7134717292772319,0.06731980734202259,0.14430948150240727,0.43062514553251363,0.9963183130219502,1
190,Positivity stress,strong positivity stress,0.6165130944765188,0.7165716616083349,0.10005856713181605,0.12513905913002618,0.47129910571348355,0.9618442175031862,1
191,Positivity stress,strong positivity stress,0.6288541178294349,0.8255990717657836,0.19674495393634872,0.12616669361483338,0.5783123522807102,1.0728857912508571,1
192,Positivity stress,strong positivity stress,0.6525883983556628,0.6155038455912594,-0.03708455276440348,0.12350697769795822,0.37343016930326123,0.8575775218792575,1
193,Positivity stress,strong positivity stress,0.6282524599983331,0.5614275649880932,-0.06682489501023992,0.12411662853420521,0.318158973061051,0.8046961569151354,1
194,Positivity stress,strong positivity stress,0.6459212829246628,0.6639713507692987,0.01805006784463592,0.12583523472409877,0.4173342907100651,0.9106084108285323,1
195,Positivity stress,strong positivity stress,0.6467263216740212,0.5998068760831151,-0.046919445590906106,0.15339246106657875,0.29915765239262077,0.9004560997736095,1
196,Positivity stress,strong positivity stress,0.6413204888414468,0.4168344227493239,-0.22448606609212285,0.12678258865895728,0.16834054897776765,0.6653282965208802,1
197,Positivity stress,strong positivity stress,0.638044581705566,0.5583504681304706,-0.07969411357509537,0.1259371477714123,0.31151365849850254,0.8051872777624387,1
198,Positivity stress,strong positivity stress,0.648534866256515,0.6708407031101137,0.02230583685359866,0.1316933533613942,0.412721730521781,0.9289596756984464,1
199,Positivity stress,strong positivity stress,0.6099245580414114,0.6533539649895515,0.043429406948140015,0.13341444552952364,0.39186165175168514,0.9148462782274178,1
200,Positivity stress,strong positivity stress,0.6367260756462855,0.7453376413158971,0.10861156566961161,0.1430597389257176,0.46494055302149057,1.0257347296103037,1
